# MANUALLY MANAGED - admitted WIP retail data census, including unclassified gaps.
# Seed/audit tooling writes build/retail-seed only; review and edit this file by hand.
# Each address is qualified by image because GAME.EXE and OPEN.EXE are separate overlays.
# Defined rows plus unclassified gaps account for every byte of every loaded payload.
image	va	file_offset	size	kind	confidence	name	datatype	provenance	note
PSX.EXE	0x80010000	0x800	0x14	data	reviewed	overlay_path_GAME	const char[20]	manual:psx_semantic_bootstrap_paths	literal cdrom:GAME.EXE;1 followed by three padding zeroes
PSX.EXE	0x80010014	0x814	0x14	data	reviewed	overlay_path_OPEN	const char[20]	manual:psx_semantic_bootstrap_paths	literal cdrom:OPEN.EXE;1 followed by three padding zeroes
PSX.EXE	0x800101b4	0x9b4	0x10	unclassified	coverage-gap			payload-complement	may contain missed code, tables, constants, padding, or writable data
PSX.EXE	0x80010224	0xa24	0x8	pointer-table	reviewed	overlay_path_table	const char *[2]	manual:psx_semantic_bootstrap_paths	two pointers in load order: OPEN then GAME
PSX.EXE	0x8001022c	0xa2c	0x4	data	exact-linked-symbol	_stacksize		LIBSN/SNDEF	XDEF value 0x00008000
PSX.EXE	0x80010230	0xa30	0x4	bss	exact-linked-section	SNMAIN_sbss		LIBSN/SNMAIN	startup zeroes exact four-byte sbss section
PSX.EXE	0x80010234	0xa34	0x4	defined	ghidra-defined		undefined4	Ghidra-12.0.4/ghidra_psx_ldr-2026.07.08	machine-assisted WIP datum
PSX.EXE	0x80010238	0xa38	0x5c8	unclassified	coverage-gap			payload-complement	may contain missed code, tables, constants, padding, or writable data
GAME.EXE	0x80012000	0x800	0x2c	pointer-table	direct-references	player_combat_stat_effect_jump_table	code pointer[11]	game_semantic_player_stats.tsv	eleven compiler-emitted case targets for equipped item IDs 0x2a through 0x34
GAME.EXE	0x8001202c	0x82c	0x4	unclassified	coverage-gap			payload-complement	may contain missed code, tables, constants, padding, or writable data
GAME.EXE	0x80012030	0x830	0x18	pointer-table	direct-references	player_equipment_slot_jump_table	code pointer[6]	game_semantic_player_stats.tsv	six compiler-emitted case targets for the armor/accessory slot selector
GAME.EXE	0x80012048	0x848	0x84	pointer-table	direct-references	player_item_use_jump_table	code pointer[33]	game_semantic_player_interactions.tsv	thirty-three compiler-emitted case targets for item IDs 0x2a through 0x4a
GAME.EXE	0x800120cc	0x8cc	0x4	unclassified	coverage-gap			payload-complement	may contain missed code, tables, constants, padding, or writable data
GAME.EXE	0x800120d0	0x8d0	0xa8	pointer-table	direct-references	player_item_object_type_jump_table	code pointer[42]	game_semantic_player_interactions.tsv	forty-two compiler-emitted case targets for map-object type values 0x51 through 0x7a inside player item use
GAME.EXE	0x80012178	0x978	0xb	string	byte-pattern		ascii	investigation:string-census	escaped text: COM\\MIX.TIM
GAME.EXE	0x80012183	0x983	0x1	unclassified	coverage-gap			payload-complement	may contain missed code, tables, constants, padding, or writable data
GAME.EXE	0x80012184	0x984	0xb	string	byte-pattern		ascii	investigation:string-census	escaped text: COM\\COM.DAT
GAME.EXE	0x8001218f	0x98f	0x1	unclassified	coverage-gap			payload-complement	may contain missed code, tables, constants, padding, or writable data
GAME.EXE	0x80012190	0x990	0x9	string	byte-pattern		ascii	game_semantic_map_resources.tsv	escaped text: CHR0.MIM; literal inside the resources TU RODATA claim; complete nine-byte copy includes the trailing NUL before patching its variant digit
GAME.EXE	0x80012199	0x999	0x3	unclassified	coverage-gap			payload-complement	may contain missed code, tables, constants, padding, or writable data
GAME.EXE	0x8001219c	0x99c	0x8	string	byte-pattern		ascii	investigation:string-census	escaped text: MIXA.DAT
GAME.EXE	0x800121a4	0x9a4	0x4	unclassified	coverage-gap			payload-complement	may contain missed code, tables, constants, padding, or writable data
GAME.EXE	0x800121a8	0x9a8	0x8	string	byte-pattern		ascii	investigation:string-census	escaped text: MIXB.DAT
GAME.EXE	0x800121b0	0x9b0	0x4	unclassified	coverage-gap			payload-complement	may contain missed code, tables, constants, padding, or writable data
GAME.EXE	0x800121b4	0x9b4	0x4	pointer	ghidra-defined		pointer	Ghidra-12.0.4/ghidra_psx_ldr-2026.07.08	machine-assisted WIP datum
GAME.EXE	0x800121b8	0x9b8	0x4	pointer	ghidra-defined		pointer	Ghidra-12.0.4/ghidra_psx_ldr-2026.07.08	machine-assisted WIP datum
GAME.EXE	0x800121bc	0x9bc	0x4	pointer	ghidra-defined		pointer	Ghidra-12.0.4/ghidra_psx_ldr-2026.07.08	machine-assisted WIP datum
GAME.EXE	0x800121c0	0x9c0	0x4	pointer	ghidra-defined		pointer	Ghidra-12.0.4/ghidra_psx_ldr-2026.07.08	machine-assisted WIP datum
GAME.EXE	0x800121c4	0x9c4	0x4	pointer	ghidra-defined		pointer	Ghidra-12.0.4/ghidra_psx_ldr-2026.07.08	machine-assisted WIP datum
GAME.EXE	0x800121c8	0x9c8	0x4	pointer	ghidra-defined		pointer	Ghidra-12.0.4/ghidra_psx_ldr-2026.07.08	machine-assisted WIP datum
GAME.EXE	0x800121cc	0x9cc	0x4	pointer	ghidra-defined		pointer	Ghidra-12.0.4/ghidra_psx_ldr-2026.07.08	machine-assisted WIP datum
GAME.EXE	0x800121d0	0x9d0	0x4	pointer	ghidra-defined		pointer	Ghidra-12.0.4/ghidra_psx_ldr-2026.07.08	machine-assisted WIP datum
GAME.EXE	0x800121d4	0x9d4	0x4	pointer	ghidra-defined		pointer	Ghidra-12.0.4/ghidra_psx_ldr-2026.07.08	machine-assisted WIP datum
GAME.EXE	0x800121d8	0x9d8	0x4	pointer	ghidra-defined		pointer	Ghidra-12.0.4/ghidra_psx_ldr-2026.07.08	machine-assisted WIP datum
GAME.EXE	0x800121dc	0x9dc	0x4	pointer	ghidra-defined		pointer	Ghidra-12.0.4/ghidra_psx_ldr-2026.07.08	machine-assisted WIP datum
GAME.EXE	0x800121e0	0x9e0	0x4	pointer	ghidra-defined		pointer	Ghidra-12.0.4/ghidra_psx_ldr-2026.07.08	machine-assisted WIP datum
GAME.EXE	0x800121e4	0x9e4	0x4	pointer	ghidra-defined		pointer	Ghidra-12.0.4/ghidra_psx_ldr-2026.07.08	machine-assisted WIP datum
GAME.EXE	0x800121e8	0x9e8	0x4	pointer	ghidra-defined		pointer	Ghidra-12.0.4/ghidra_psx_ldr-2026.07.08	machine-assisted WIP datum
GAME.EXE	0x800121ec	0x9ec	0x4	pointer	ghidra-defined		pointer	Ghidra-12.0.4/ghidra_psx_ldr-2026.07.08	machine-assisted WIP datum
GAME.EXE	0x800121f0	0x9f0	0x4	pointer	ghidra-defined		pointer	Ghidra-12.0.4/ghidra_psx_ldr-2026.07.08	machine-assisted WIP datum
GAME.EXE	0x800121f4	0x9f4	0x4	pointer	ghidra-defined		pointer	Ghidra-12.0.4/ghidra_psx_ldr-2026.07.08	machine-assisted WIP datum
GAME.EXE	0x800121f8	0x9f8	0x4	pointer	ghidra-defined		pointer	Ghidra-12.0.4/ghidra_psx_ldr-2026.07.08	machine-assisted WIP datum
GAME.EXE	0x800121fc	0x9fc	0x4	pointer	ghidra-defined		pointer	Ghidra-12.0.4/ghidra_psx_ldr-2026.07.08	machine-assisted WIP datum
GAME.EXE	0x80012200	0xa00	0x4	pointer	ghidra-defined		pointer	Ghidra-12.0.4/ghidra_psx_ldr-2026.07.08	machine-assisted WIP datum
GAME.EXE	0x80012204	0xa04	0x4	pointer	ghidra-defined		pointer	Ghidra-12.0.4/ghidra_psx_ldr-2026.07.08	machine-assisted WIP datum
GAME.EXE	0x80012208	0xa08	0x4	pointer	ghidra-defined		pointer	Ghidra-12.0.4/ghidra_psx_ldr-2026.07.08	machine-assisted WIP datum
GAME.EXE	0x8001220c	0xa0c	0x4	pointer	ghidra-defined		pointer	Ghidra-12.0.4/ghidra_psx_ldr-2026.07.08	machine-assisted WIP datum
GAME.EXE	0x80012210	0xa10	0x4	pointer	ghidra-defined		pointer	Ghidra-12.0.4/ghidra_psx_ldr-2026.07.08	machine-assisted WIP datum
GAME.EXE	0x80012214	0xa14	0x4	pointer	ghidra-defined		pointer	Ghidra-12.0.4/ghidra_psx_ldr-2026.07.08	machine-assisted WIP datum
GAME.EXE	0x80012218	0xa18	0x4	pointer	ghidra-defined		pointer	Ghidra-12.0.4/ghidra_psx_ldr-2026.07.08	machine-assisted WIP datum
GAME.EXE	0x8001221c	0xa1c	0x4	pointer	ghidra-defined		pointer	Ghidra-12.0.4/ghidra_psx_ldr-2026.07.08	machine-assisted WIP datum
GAME.EXE	0x80012220	0xa20	0x4	pointer	ghidra-defined		pointer	Ghidra-12.0.4/ghidra_psx_ldr-2026.07.08	machine-assisted WIP datum
GAME.EXE	0x80012224	0xa24	0x4	pointer	ghidra-defined		pointer	Ghidra-12.0.4/ghidra_psx_ldr-2026.07.08	machine-assisted WIP datum
GAME.EXE	0x80012228	0xa28	0x4	unclassified	coverage-gap			payload-complement	may contain missed code, tables, constants, padding, or writable data
GAME.EXE	0x8001222c	0xa2c	0x4	pointer	ghidra-defined		pointer	Ghidra-12.0.4/ghidra_psx_ldr-2026.07.08	machine-assisted WIP datum
GAME.EXE	0x80012230	0xa30	0x4	pointer	ghidra-defined		pointer	Ghidra-12.0.4/ghidra_psx_ldr-2026.07.08	machine-assisted WIP datum
GAME.EXE	0x80012234	0xa34	0x4	pointer	ghidra-defined		pointer	Ghidra-12.0.4/ghidra_psx_ldr-2026.07.08	machine-assisted WIP datum
GAME.EXE	0x80012238	0xa38	0x4	pointer	ghidra-defined		pointer	Ghidra-12.0.4/ghidra_psx_ldr-2026.07.08	machine-assisted WIP datum
GAME.EXE	0x8001223c	0xa3c	0x4	pointer	ghidra-defined		pointer	Ghidra-12.0.4/ghidra_psx_ldr-2026.07.08	machine-assisted WIP datum
GAME.EXE	0x80012240	0xa40	0x4	pointer	ghidra-defined		pointer	Ghidra-12.0.4/ghidra_psx_ldr-2026.07.08	machine-assisted WIP datum
GAME.EXE	0x80012244	0xa44	0x4	pointer	ghidra-defined		pointer	Ghidra-12.0.4/ghidra_psx_ldr-2026.07.08	machine-assisted WIP datum
GAME.EXE	0x80012248	0xa48	0x4	pointer	ghidra-defined		pointer	Ghidra-12.0.4/ghidra_psx_ldr-2026.07.08	machine-assisted WIP datum
GAME.EXE	0x8001224c	0xa4c	0x4	pointer	ghidra-defined		pointer	Ghidra-12.0.4/ghidra_psx_ldr-2026.07.08	machine-assisted WIP datum
GAME.EXE	0x80012250	0xa50	0x4	pointer	ghidra-defined		pointer	Ghidra-12.0.4/ghidra_psx_ldr-2026.07.08	machine-assisted WIP datum
GAME.EXE	0x80012254	0xa54	0x4	pointer	ghidra-defined		pointer	Ghidra-12.0.4/ghidra_psx_ldr-2026.07.08	machine-assisted WIP datum
GAME.EXE	0x80012258	0xa58	0x4	pointer	ghidra-defined		pointer	Ghidra-12.0.4/ghidra_psx_ldr-2026.07.08	machine-assisted WIP datum
GAME.EXE	0x8001225c	0xa5c	0x4	pointer	ghidra-defined		pointer	Ghidra-12.0.4/ghidra_psx_ldr-2026.07.08	machine-assisted WIP datum
GAME.EXE	0x80012260	0xa60	0x4	pointer	ghidra-defined		pointer	Ghidra-12.0.4/ghidra_psx_ldr-2026.07.08	machine-assisted WIP datum
GAME.EXE	0x80012264	0xa64	0x4	pointer	ghidra-defined		pointer	Ghidra-12.0.4/ghidra_psx_ldr-2026.07.08	machine-assisted WIP datum
GAME.EXE	0x80012268	0xa68	0x4	pointer	ghidra-defined		pointer	Ghidra-12.0.4/ghidra_psx_ldr-2026.07.08	machine-assisted WIP datum
GAME.EXE	0x8001226c	0xa6c	0x4	pointer	ghidra-defined		pointer	Ghidra-12.0.4/ghidra_psx_ldr-2026.07.08	machine-assisted WIP datum
GAME.EXE	0x80012270	0xa70	0x4	pointer	ghidra-defined		pointer	Ghidra-12.0.4/ghidra_psx_ldr-2026.07.08	machine-assisted WIP datum
GAME.EXE	0x80012274	0xa74	0x4	pointer	ghidra-defined		pointer	Ghidra-12.0.4/ghidra_psx_ldr-2026.07.08	machine-assisted WIP datum
GAME.EXE	0x80012278	0xa78	0x4	pointer	ghidra-defined		pointer	Ghidra-12.0.4/ghidra_psx_ldr-2026.07.08	machine-assisted WIP datum
GAME.EXE	0x8001227c	0xa7c	0x4	pointer	ghidra-defined		pointer	Ghidra-12.0.4/ghidra_psx_ldr-2026.07.08	machine-assisted WIP datum
GAME.EXE	0x80012280	0xa80	0x4	pointer	ghidra-defined		pointer	Ghidra-12.0.4/ghidra_psx_ldr-2026.07.08	machine-assisted WIP datum
GAME.EXE	0x80012284	0xa84	0x4	pointer	ghidra-defined		pointer	Ghidra-12.0.4/ghidra_psx_ldr-2026.07.08	machine-assisted WIP datum
GAME.EXE	0x80012288	0xa88	0x4	pointer	ghidra-defined		pointer	Ghidra-12.0.4/ghidra_psx_ldr-2026.07.08	machine-assisted WIP datum
GAME.EXE	0x8001228c	0xa8c	0x4	pointer	ghidra-defined		pointer	Ghidra-12.0.4/ghidra_psx_ldr-2026.07.08	machine-assisted WIP datum
GAME.EXE	0x80012290	0xa90	0x4	pointer	ghidra-defined		pointer	Ghidra-12.0.4/ghidra_psx_ldr-2026.07.08	machine-assisted WIP datum
GAME.EXE	0x80012294	0xa94	0x4	pointer	ghidra-defined		pointer	Ghidra-12.0.4/ghidra_psx_ldr-2026.07.08	machine-assisted WIP datum
GAME.EXE	0x80012298	0xa98	0x4	pointer	ghidra-defined		pointer	Ghidra-12.0.4/ghidra_psx_ldr-2026.07.08	machine-assisted WIP datum
GAME.EXE	0x8001229c	0xa9c	0x4	pointer	ghidra-defined		pointer	Ghidra-12.0.4/ghidra_psx_ldr-2026.07.08	machine-assisted WIP datum
GAME.EXE	0x800122a0	0xaa0	0x14	string	byte-pattern		ascii	investigation:string-census	escaped text: \\KF\\ITEM0\\I000.TMD;1
GAME.EXE	0x800122b4	0xab4	0x1	defined	ghidra-defined		undefined1	Ghidra-12.0.4/ghidra_psx_ldr-2026.07.08	machine-assisted WIP datum
GAME.EXE	0x800122b5	0xab5	0x3	unclassified	coverage-gap			payload-complement	may contain missed code, tables, constants, padding, or writable data
GAME.EXE	0x800122b8	0xab8	0xc	string	byte-pattern		ascii	investigation:string-census	escaped text: COM\\STAT.DAT
GAME.EXE	0x800122c4	0xac4	0x4	defined	ghidra-defined		undefined4	Ghidra-12.0.4/ghidra_psx_ldr-2026.07.08	machine-assisted WIP datum
GAME.EXE	0x800122c8	0xac8	0x4	pointer	ghidra-defined		pointer	Ghidra-12.0.4/ghidra_psx_ldr-2026.07.08	machine-assisted WIP datum
GAME.EXE	0x800122cc	0xacc	0x4	pointer	ghidra-defined		pointer	Ghidra-12.0.4/ghidra_psx_ldr-2026.07.08	machine-assisted WIP datum
GAME.EXE	0x800122d0	0xad0	0x4	pointer	ghidra-defined		pointer	Ghidra-12.0.4/ghidra_psx_ldr-2026.07.08	machine-assisted WIP datum
GAME.EXE	0x800122d4	0xad4	0x4	pointer	ghidra-defined		pointer	Ghidra-12.0.4/ghidra_psx_ldr-2026.07.08	machine-assisted WIP datum
GAME.EXE	0x800122d8	0xad8	0x4	pointer	ghidra-defined		pointer	Ghidra-12.0.4/ghidra_psx_ldr-2026.07.08	machine-assisted WIP datum
GAME.EXE	0x800122dc	0xadc	0x4	pointer	ghidra-defined		pointer	Ghidra-12.0.4/ghidra_psx_ldr-2026.07.08	machine-assisted WIP datum
GAME.EXE	0x800122e0	0xae0	0x4	pointer	ghidra-defined		pointer	Ghidra-12.0.4/ghidra_psx_ldr-2026.07.08	machine-assisted WIP datum
GAME.EXE	0x800122e4	0xae4	0x8	string	byte-pattern		ascii	investigation:string-census	escaped text: MAP\\M00.
GAME.EXE	0x800122ec	0xaec	0x4	defined	ghidra-defined		undefined4	Ghidra-12.0.4/ghidra_psx_ldr-2026.07.08	machine-assisted WIP datum
GAME.EXE	0x800122f0	0xaf0	0x4	pointer	ghidra-defined		pointer	Ghidra-12.0.4/ghidra_psx_ldr-2026.07.08	machine-assisted WIP datum
GAME.EXE	0x800122f4	0xaf4	0x4	pointer	ghidra-defined		pointer	Ghidra-12.0.4/ghidra_psx_ldr-2026.07.08	machine-assisted WIP datum
GAME.EXE	0x800122f8	0xaf8	0x4	pointer	ghidra-defined		pointer	Ghidra-12.0.4/ghidra_psx_ldr-2026.07.08	machine-assisted WIP datum
GAME.EXE	0x800122fc	0xafc	0x4	pointer	ghidra-defined		pointer	Ghidra-12.0.4/ghidra_psx_ldr-2026.07.08	machine-assisted WIP datum
GAME.EXE	0x80012300	0xb00	0x4	pointer	ghidra-defined		pointer	Ghidra-12.0.4/ghidra_psx_ldr-2026.07.08	machine-assisted WIP datum
GAME.EXE	0x80012304	0xb04	0x4	pointer	ghidra-defined		pointer	Ghidra-12.0.4/ghidra_psx_ldr-2026.07.08	machine-assisted WIP datum
GAME.EXE	0x80012308	0xb08	0x4	pointer	ghidra-defined		pointer	Ghidra-12.0.4/ghidra_psx_ldr-2026.07.08	machine-assisted WIP datum
GAME.EXE	0x8001230c	0xb0c	0x4	pointer	ghidra-defined		pointer	Ghidra-12.0.4/ghidra_psx_ldr-2026.07.08	machine-assisted WIP datum
GAME.EXE	0x80012310	0xb10	0x4	pointer	ghidra-defined		pointer	Ghidra-12.0.4/ghidra_psx_ldr-2026.07.08	machine-assisted WIP datum
GAME.EXE	0x80012314	0xb14	0x4	pointer	ghidra-defined		pointer	Ghidra-12.0.4/ghidra_psx_ldr-2026.07.08	machine-assisted WIP datum
GAME.EXE	0x80012318	0xb18	0x4	pointer	ghidra-defined		pointer	Ghidra-12.0.4/ghidra_psx_ldr-2026.07.08	machine-assisted WIP datum
GAME.EXE	0x8001231c	0xb1c	0x4	pointer	ghidra-defined		pointer	Ghidra-12.0.4/ghidra_psx_ldr-2026.07.08	machine-assisted WIP datum
GAME.EXE	0x80012320	0xb20	0x4	pointer	ghidra-defined		pointer	Ghidra-12.0.4/ghidra_psx_ldr-2026.07.08	machine-assisted WIP datum
GAME.EXE	0x80012324	0xb24	0x4	pointer	ghidra-defined		pointer	Ghidra-12.0.4/ghidra_psx_ldr-2026.07.08	machine-assisted WIP datum
GAME.EXE	0x80012328	0xb28	0x4	pointer	ghidra-defined		pointer	Ghidra-12.0.4/ghidra_psx_ldr-2026.07.08	machine-assisted WIP datum
GAME.EXE	0x8001232c	0xb2c	0x4	pointer	ghidra-defined		pointer	Ghidra-12.0.4/ghidra_psx_ldr-2026.07.08	machine-assisted WIP datum
GAME.EXE	0x80012330	0xb30	0x4	pointer	ghidra-defined		pointer	Ghidra-12.0.4/ghidra_psx_ldr-2026.07.08	machine-assisted WIP datum
GAME.EXE	0x80012334	0xb34	0x4	pointer	ghidra-defined		pointer	Ghidra-12.0.4/ghidra_psx_ldr-2026.07.08	machine-assisted WIP datum
GAME.EXE	0x80012338	0xb38	0x4	pointer	ghidra-defined		pointer	Ghidra-12.0.4/ghidra_psx_ldr-2026.07.08	machine-assisted WIP datum
GAME.EXE	0x8001233c	0xb3c	0x4	pointer	ghidra-defined		pointer	Ghidra-12.0.4/ghidra_psx_ldr-2026.07.08	machine-assisted WIP datum
GAME.EXE	0x80012340	0xb40	0x4	pointer	ghidra-defined		pointer	Ghidra-12.0.4/ghidra_psx_ldr-2026.07.08	machine-assisted WIP datum
GAME.EXE	0x80012344	0xb44	0x4	pointer	ghidra-defined		pointer	Ghidra-12.0.4/ghidra_psx_ldr-2026.07.08	machine-assisted WIP datum
GAME.EXE	0x80012348	0xb48	0x4	pointer	ghidra-defined		pointer	Ghidra-12.0.4/ghidra_psx_ldr-2026.07.08	machine-assisted WIP datum
GAME.EXE	0x8001234c	0xb4c	0x4	pointer	ghidra-defined		pointer	Ghidra-12.0.4/ghidra_psx_ldr-2026.07.08	machine-assisted WIP datum
GAME.EXE	0x80012350	0xb50	0x9	string	byte-pattern		ascii	investigation:string-census	escaped text: TIM\\M000.
GAME.EXE	0x80012359	0xb59	0x1	defined	ghidra-defined		undefined1	Ghidra-12.0.4/ghidra_psx_ldr-2026.07.08	machine-assisted WIP datum
GAME.EXE	0x8001235a	0xb5a	0x2	unclassified	coverage-gap			payload-complement	may contain missed code, tables, constants, padding, or writable data
GAME.EXE	0x8001235c	0xb5c	0x4	pointer	ghidra-defined		pointer	Ghidra-12.0.4/ghidra_psx_ldr-2026.07.08	machine-assisted WIP datum
GAME.EXE	0x80012360	0xb60	0x4	pointer	ghidra-defined		pointer	Ghidra-12.0.4/ghidra_psx_ldr-2026.07.08	machine-assisted WIP datum
GAME.EXE	0x80012364	0xb64	0x4	pointer	ghidra-defined		pointer	Ghidra-12.0.4/ghidra_psx_ldr-2026.07.08	machine-assisted WIP datum
GAME.EXE	0x80012368	0xb68	0x4	pointer	ghidra-defined		pointer	Ghidra-12.0.4/ghidra_psx_ldr-2026.07.08	machine-assisted WIP datum
GAME.EXE	0x8001236c	0xb6c	0x4	pointer	ghidra-defined		pointer	Ghidra-12.0.4/ghidra_psx_ldr-2026.07.08	machine-assisted WIP datum
GAME.EXE	0x80012370	0xb70	0x4	pointer	ghidra-defined		pointer	Ghidra-12.0.4/ghidra_psx_ldr-2026.07.08	machine-assisted WIP datum
GAME.EXE	0x80012374	0xb74	0x4	pointer	ghidra-defined		pointer	Ghidra-12.0.4/ghidra_psx_ldr-2026.07.08	machine-assisted WIP datum
GAME.EXE	0x80012378	0xb78	0x4	pointer	ghidra-defined		pointer	Ghidra-12.0.4/ghidra_psx_ldr-2026.07.08	machine-assisted WIP datum
GAME.EXE	0x8001237c	0xb7c	0x4	pointer	ghidra-defined		pointer	Ghidra-12.0.4/ghidra_psx_ldr-2026.07.08	machine-assisted WIP datum
GAME.EXE	0x80012380	0xb80	0x4	pointer	ghidra-defined		pointer	Ghidra-12.0.4/ghidra_psx_ldr-2026.07.08	machine-assisted WIP datum
GAME.EXE	0x80012384	0xb84	0x4	pointer	ghidra-defined		pointer	Ghidra-12.0.4/ghidra_psx_ldr-2026.07.08	machine-assisted WIP datum
GAME.EXE	0x80012388	0xb88	0x4	pointer	ghidra-defined		pointer	Ghidra-12.0.4/ghidra_psx_ldr-2026.07.08	machine-assisted WIP datum
GAME.EXE	0x8001238c	0xb8c	0x4	pointer	ghidra-defined		pointer	Ghidra-12.0.4/ghidra_psx_ldr-2026.07.08	machine-assisted WIP datum
GAME.EXE	0x80012390	0xb90	0x4	pointer	ghidra-defined		pointer	Ghidra-12.0.4/ghidra_psx_ldr-2026.07.08	machine-assisted WIP datum
GAME.EXE	0x80012394	0xb94	0x4	pointer	ghidra-defined		pointer	Ghidra-12.0.4/ghidra_psx_ldr-2026.07.08	machine-assisted WIP datum
GAME.EXE	0x80012398	0xb98	0x4	pointer	ghidra-defined		pointer	Ghidra-12.0.4/ghidra_psx_ldr-2026.07.08	machine-assisted WIP datum
GAME.EXE	0x8001239c	0xb9c	0x4	pointer	ghidra-defined		pointer	Ghidra-12.0.4/ghidra_psx_ldr-2026.07.08	machine-assisted WIP datum
GAME.EXE	0x800123a0	0xba0	0x4	pointer	ghidra-defined		pointer	Ghidra-12.0.4/ghidra_psx_ldr-2026.07.08	machine-assisted WIP datum
GAME.EXE	0x800123a4	0xba4	0x4	pointer	ghidra-defined		pointer	Ghidra-12.0.4/ghidra_psx_ldr-2026.07.08	machine-assisted WIP datum
GAME.EXE	0x800123a8	0xba8	0x4	pointer	ghidra-defined		pointer	Ghidra-12.0.4/ghidra_psx_ldr-2026.07.08	machine-assisted WIP datum
GAME.EXE	0x800123ac	0xbac	0x4	pointer	ghidra-defined		pointer	Ghidra-12.0.4/ghidra_psx_ldr-2026.07.08	machine-assisted WIP datum
GAME.EXE	0x800123b0	0xbb0	0x4	pointer	ghidra-defined		pointer	Ghidra-12.0.4/ghidra_psx_ldr-2026.07.08	machine-assisted WIP datum
GAME.EXE	0x800123b4	0xbb4	0x4	pointer	ghidra-defined		pointer	Ghidra-12.0.4/ghidra_psx_ldr-2026.07.08	machine-assisted WIP datum
GAME.EXE	0x800123b8	0xbb8	0x4	pointer	ghidra-defined		pointer	Ghidra-12.0.4/ghidra_psx_ldr-2026.07.08	machine-assisted WIP datum
GAME.EXE	0x800123bc	0xbbc	0x4	pointer	ghidra-defined		pointer	Ghidra-12.0.4/ghidra_psx_ldr-2026.07.08	machine-assisted WIP datum
GAME.EXE	0x800123c0	0xbc0	0x4	pointer	ghidra-defined		pointer	Ghidra-12.0.4/ghidra_psx_ldr-2026.07.08	machine-assisted WIP datum
GAME.EXE	0x800123c4	0xbc4	0x4	pointer	ghidra-defined		pointer	Ghidra-12.0.4/ghidra_psx_ldr-2026.07.08	machine-assisted WIP datum
GAME.EXE	0x800123c8	0xbc8	0x4	unclassified	coverage-gap			payload-complement	may contain missed code, tables, constants, padding, or writable data
GAME.EXE	0x800123cc	0xbcc	0x4	pointer	ghidra-defined		pointer	Ghidra-12.0.4/ghidra_psx_ldr-2026.07.08	machine-assisted WIP datum
GAME.EXE	0x800123d0	0xbd0	0x4	pointer	ghidra-defined		pointer	Ghidra-12.0.4/ghidra_psx_ldr-2026.07.08	machine-assisted WIP datum
GAME.EXE	0x800123d4	0xbd4	0x4	pointer	ghidra-defined		pointer	Ghidra-12.0.4/ghidra_psx_ldr-2026.07.08	machine-assisted WIP datum
GAME.EXE	0x800123d8	0xbd8	0x4	pointer	ghidra-defined		pointer	Ghidra-12.0.4/ghidra_psx_ldr-2026.07.08	machine-assisted WIP datum
GAME.EXE	0x800123dc	0xbdc	0x4	pointer	ghidra-defined		pointer	Ghidra-12.0.4/ghidra_psx_ldr-2026.07.08	machine-assisted WIP datum
GAME.EXE	0x800123e0	0xbe0	0x4	pointer	ghidra-defined		pointer	Ghidra-12.0.4/ghidra_psx_ldr-2026.07.08	machine-assisted WIP datum
GAME.EXE	0x800123e4	0xbe4	0x4	pointer	ghidra-defined		pointer	Ghidra-12.0.4/ghidra_psx_ldr-2026.07.08	machine-assisted WIP datum
GAME.EXE	0x800123e8	0xbe8	0x4	pointer	ghidra-defined		pointer	Ghidra-12.0.4/ghidra_psx_ldr-2026.07.08	machine-assisted WIP datum
GAME.EXE	0x800123ec	0xbec	0x4	pointer	ghidra-defined		pointer	Ghidra-12.0.4/ghidra_psx_ldr-2026.07.08	machine-assisted WIP datum
GAME.EXE	0x800123f0	0xbf0	0x4	pointer	ghidra-defined		pointer	Ghidra-12.0.4/ghidra_psx_ldr-2026.07.08	machine-assisted WIP datum
GAME.EXE	0x800123f4	0xbf4	0x4	pointer	ghidra-defined		pointer	Ghidra-12.0.4/ghidra_psx_ldr-2026.07.08	machine-assisted WIP datum
GAME.EXE	0x800123f8	0xbf8	0x4	pointer	ghidra-defined		pointer	Ghidra-12.0.4/ghidra_psx_ldr-2026.07.08	machine-assisted WIP datum
GAME.EXE	0x800123fc	0xbfc	0x4	pointer	ghidra-defined		pointer	Ghidra-12.0.4/ghidra_psx_ldr-2026.07.08	machine-assisted WIP datum
GAME.EXE	0x80012400	0xc00	0x4	pointer	ghidra-defined		pointer	Ghidra-12.0.4/ghidra_psx_ldr-2026.07.08	machine-assisted WIP datum
GAME.EXE	0x80012404	0xc04	0x4	pointer	ghidra-defined		pointer	Ghidra-12.0.4/ghidra_psx_ldr-2026.07.08	machine-assisted WIP datum
GAME.EXE	0x80012408	0xc08	0x4	pointer	ghidra-defined		pointer	Ghidra-12.0.4/ghidra_psx_ldr-2026.07.08	machine-assisted WIP datum
GAME.EXE	0x8001240c	0xc0c	0x4	pointer	ghidra-defined		pointer	Ghidra-12.0.4/ghidra_psx_ldr-2026.07.08	machine-assisted WIP datum
GAME.EXE	0x80012410	0xc10	0x4	pointer	ghidra-defined		pointer	Ghidra-12.0.4/ghidra_psx_ldr-2026.07.08	machine-assisted WIP datum
GAME.EXE	0x80012414	0xc14	0x4	pointer	ghidra-defined		pointer	Ghidra-12.0.4/ghidra_psx_ldr-2026.07.08	machine-assisted WIP datum
GAME.EXE	0x80012418	0xc18	0x4	pointer	ghidra-defined		pointer	Ghidra-12.0.4/ghidra_psx_ldr-2026.07.08	machine-assisted WIP datum
GAME.EXE	0x8001241c	0xc1c	0x4	pointer	ghidra-defined		pointer	Ghidra-12.0.4/ghidra_psx_ldr-2026.07.08	machine-assisted WIP datum
GAME.EXE	0x80012420	0xc20	0x34	string	byte-pattern	save_title_text	shift_jis	investigation:string-census	escaped text: 　　　　　　＜＜　　ＫＩＮＧ’Ｓ　ＦＩＥＬＤ　　＞＞; copied into the PlayStation memory-card header
GAME.EXE	0x80012454	0xc54	0x4	unclassified	coverage-gap			payload-complement	may contain missed code, tables, constants, padding, or writable data
GAME.EXE	0x80012458	0xc58	0xc	string	byte-pattern	save_icon_frame_1_path	ascii	investigation:string-census	escaped text: TIM\\ICO1.TIM
GAME.EXE	0x80012464	0xc64	0x4	unclassified	coverage-gap			payload-complement	may contain missed code, tables, constants, padding, or writable data
GAME.EXE	0x80012468	0xc68	0xc	string	byte-pattern	save_icon_frame_2_path	ascii	investigation:string-census	escaped text: TIM\\ICO2.TIM
GAME.EXE	0x80012474	0xc74	0x4	unclassified	coverage-gap			payload-complement	may contain missed code, tables, constants, padding, or writable data
GAME.EXE	0x80012478	0xc78	0xc	string	byte-pattern	save_icon_frame_3_path	ascii	investigation:string-census	escaped text: TIM\\ICO3.TIM
GAME.EXE	0x80012484	0xc84	0x8	unclassified	coverage-gap			payload-complement	may contain missed code, tables, constants, padding, or writable data
GAME.EXE	0x8001248c	0xc8c	0x4	pointer	ghidra-defined		pointer	Ghidra-12.0.4/ghidra_psx_ldr-2026.07.08	machine-assisted WIP datum
GAME.EXE	0x80012490	0xc90	0x4	pointer	ghidra-defined		pointer	Ghidra-12.0.4/ghidra_psx_ldr-2026.07.08	machine-assisted WIP datum
GAME.EXE	0x80012494	0xc94	0x4	pointer	ghidra-defined		pointer	Ghidra-12.0.4/ghidra_psx_ldr-2026.07.08	machine-assisted WIP datum
GAME.EXE	0x80012498	0xc98	0x4	pointer	ghidra-defined		pointer	Ghidra-12.0.4/ghidra_psx_ldr-2026.07.08	machine-assisted WIP datum
GAME.EXE	0x8001249c	0xc9c	0x4	pointer	ghidra-defined		pointer	Ghidra-12.0.4/ghidra_psx_ldr-2026.07.08	machine-assisted WIP datum
GAME.EXE	0x800124a0	0xca0	0x4	pointer	ghidra-defined		pointer	Ghidra-12.0.4/ghidra_psx_ldr-2026.07.08	machine-assisted WIP datum
GAME.EXE	0x800124a4	0xca4	0x4	pointer	ghidra-defined		pointer	Ghidra-12.0.4/ghidra_psx_ldr-2026.07.08	machine-assisted WIP datum
GAME.EXE	0x800124a8	0xca8	0x4	pointer	ghidra-defined		pointer	Ghidra-12.0.4/ghidra_psx_ldr-2026.07.08	machine-assisted WIP datum
GAME.EXE	0x800124ac	0xcac	0x4	pointer	ghidra-defined		pointer	Ghidra-12.0.4/ghidra_psx_ldr-2026.07.08	machine-assisted WIP datum
GAME.EXE	0x800124b0	0xcb0	0x4	pointer	ghidra-defined		pointer	Ghidra-12.0.4/ghidra_psx_ldr-2026.07.08	machine-assisted WIP datum
GAME.EXE	0x800124b4	0xcb4	0x4	pointer	ghidra-defined		pointer	Ghidra-12.0.4/ghidra_psx_ldr-2026.07.08	machine-assisted WIP datum
GAME.EXE	0x800124b8	0xcb8	0x4	pointer	ghidra-defined		pointer	Ghidra-12.0.4/ghidra_psx_ldr-2026.07.08	machine-assisted WIP datum
GAME.EXE	0x800124bc	0xcbc	0x4	pointer	ghidra-defined		pointer	Ghidra-12.0.4/ghidra_psx_ldr-2026.07.08	machine-assisted WIP datum
GAME.EXE	0x800124c0	0xcc0	0x4	pointer	ghidra-defined		pointer	Ghidra-12.0.4/ghidra_psx_ldr-2026.07.08	machine-assisted WIP datum
GAME.EXE	0x800124c4	0xcc4	0x4	pointer	ghidra-defined		pointer	Ghidra-12.0.4/ghidra_psx_ldr-2026.07.08	machine-assisted WIP datum
GAME.EXE	0x800124c8	0xcc8	0x9	string	byte-pattern	memory_card_message_path_template	ascii	investigation:string-census	escaped text: TIM\\M000.; decimal message ID overwrites the three zeroes
GAME.EXE	0x800124d1	0xcd1	0x1	defined	ghidra-defined		undefined1	Ghidra-12.0.4/ghidra_psx_ldr-2026.07.08	machine-assisted WIP datum
GAME.EXE	0x800124d2	0xcd2	0x2	unclassified	coverage-gap			payload-complement	may contain missed code, tables, constants, padding, or writable data
GAME.EXE	0x800124d4	0xcd4	0x4	pointer	ghidra-defined		pointer	Ghidra-12.0.4/ghidra_psx_ldr-2026.07.08	machine-assisted WIP datum
GAME.EXE	0x800124d8	0xcd8	0x4	pointer	ghidra-defined		pointer	Ghidra-12.0.4/ghidra_psx_ldr-2026.07.08	machine-assisted WIP datum
GAME.EXE	0x800124dc	0xcdc	0x4	pointer	ghidra-defined		pointer	Ghidra-12.0.4/ghidra_psx_ldr-2026.07.08	machine-assisted WIP datum
GAME.EXE	0x800124e0	0xce0	0x4	pointer	ghidra-defined		pointer	Ghidra-12.0.4/ghidra_psx_ldr-2026.07.08	machine-assisted WIP datum
GAME.EXE	0x800124e4	0xce4	0x4	pointer	ghidra-defined		pointer	Ghidra-12.0.4/ghidra_psx_ldr-2026.07.08	machine-assisted WIP datum
GAME.EXE	0x800124e8	0xce8	0x4	pointer	ghidra-defined		pointer	Ghidra-12.0.4/ghidra_psx_ldr-2026.07.08	machine-assisted WIP datum
GAME.EXE	0x800124ec	0xcec	0x4	pointer	ghidra-defined		pointer	Ghidra-12.0.4/ghidra_psx_ldr-2026.07.08	machine-assisted WIP datum
GAME.EXE	0x800124f0	0xcf0	0x4	pointer	ghidra-defined		pointer	Ghidra-12.0.4/ghidra_psx_ldr-2026.07.08	machine-assisted WIP datum
GAME.EXE	0x800124f4	0xcf4	0x4	pointer	ghidra-defined		pointer	Ghidra-12.0.4/ghidra_psx_ldr-2026.07.08	machine-assisted WIP datum
GAME.EXE	0x800124f8	0xcf8	0x4	pointer	ghidra-defined		pointer	Ghidra-12.0.4/ghidra_psx_ldr-2026.07.08	machine-assisted WIP datum
GAME.EXE	0x800124fc	0xcfc	0x4	pointer	ghidra-defined		pointer	Ghidra-12.0.4/ghidra_psx_ldr-2026.07.08	machine-assisted WIP datum
GAME.EXE	0x80012500	0xd00	0x4	pointer	ghidra-defined		pointer	Ghidra-12.0.4/ghidra_psx_ldr-2026.07.08	machine-assisted WIP datum
GAME.EXE	0x80012504	0xd04	0x4	pointer	ghidra-defined		pointer	Ghidra-12.0.4/ghidra_psx_ldr-2026.07.08	machine-assisted WIP datum
GAME.EXE	0x80012508	0xd08	0x4	pointer	ghidra-defined		pointer	Ghidra-12.0.4/ghidra_psx_ldr-2026.07.08	machine-assisted WIP datum
GAME.EXE	0x8001250c	0xd0c	0x4	pointer	ghidra-defined		pointer	Ghidra-12.0.4/ghidra_psx_ldr-2026.07.08	machine-assisted WIP datum
GAME.EXE	0x80012510	0xd10	0x4	pointer	ghidra-defined		pointer	Ghidra-12.0.4/ghidra_psx_ldr-2026.07.08	machine-assisted WIP datum
GAME.EXE	0x80012514	0xd14	0x4	pointer	ghidra-defined		pointer	Ghidra-12.0.4/ghidra_psx_ldr-2026.07.08	machine-assisted WIP datum
GAME.EXE	0x80012518	0xd18	0x4	pointer	ghidra-defined		pointer	Ghidra-12.0.4/ghidra_psx_ldr-2026.07.08	machine-assisted WIP datum
GAME.EXE	0x8001251c	0xd1c	0x4	pointer	ghidra-defined		pointer	Ghidra-12.0.4/ghidra_psx_ldr-2026.07.08	machine-assisted WIP datum
GAME.EXE	0x80012520	0xd20	0x4	pointer	ghidra-defined		pointer	Ghidra-12.0.4/ghidra_psx_ldr-2026.07.08	machine-assisted WIP datum
GAME.EXE	0x80012524	0xd24	0x4	pointer	ghidra-defined		pointer	Ghidra-12.0.4/ghidra_psx_ldr-2026.07.08	machine-assisted WIP datum
GAME.EXE	0x80012528	0xd28	0x4	pointer	ghidra-defined		pointer	Ghidra-12.0.4/ghidra_psx_ldr-2026.07.08	machine-assisted WIP datum
GAME.EXE	0x8001252c	0xd2c	0x4	pointer	ghidra-defined		pointer	Ghidra-12.0.4/ghidra_psx_ldr-2026.07.08	machine-assisted WIP datum
GAME.EXE	0x80012530	0xd30	0x4	pointer	ghidra-defined		pointer	Ghidra-12.0.4/ghidra_psx_ldr-2026.07.08	machine-assisted WIP datum
GAME.EXE	0x80012534	0xd34	0x4	pointer	ghidra-defined		pointer	Ghidra-12.0.4/ghidra_psx_ldr-2026.07.08	machine-assisted WIP datum
GAME.EXE	0x80012538	0xd38	0x4	pointer	ghidra-defined		pointer	Ghidra-12.0.4/ghidra_psx_ldr-2026.07.08	machine-assisted WIP datum
GAME.EXE	0x8001253c	0xd3c	0x4	pointer	ghidra-defined		pointer	Ghidra-12.0.4/ghidra_psx_ldr-2026.07.08	machine-assisted WIP datum
GAME.EXE	0x80012540	0xd40	0x4	pointer	ghidra-defined		pointer	Ghidra-12.0.4/ghidra_psx_ldr-2026.07.08	machine-assisted WIP datum
GAME.EXE	0x80012544	0xd44	0x4	pointer	ghidra-defined		pointer	Ghidra-12.0.4/ghidra_psx_ldr-2026.07.08	machine-assisted WIP datum
GAME.EXE	0x80012548	0xd48	0x4	pointer	ghidra-defined		pointer	Ghidra-12.0.4/ghidra_psx_ldr-2026.07.08	machine-assisted WIP datum
GAME.EXE	0x8001254c	0xd4c	0x4	pointer	ghidra-defined		pointer	Ghidra-12.0.4/ghidra_psx_ldr-2026.07.08	machine-assisted WIP datum
GAME.EXE	0x80012550	0xd50	0x4	pointer	ghidra-defined		pointer	Ghidra-12.0.4/ghidra_psx_ldr-2026.07.08	machine-assisted WIP datum
GAME.EXE	0x80012554	0xd54	0x4	pointer	ghidra-defined		pointer	Ghidra-12.0.4/ghidra_psx_ldr-2026.07.08	machine-assisted WIP datum
GAME.EXE	0x80012558	0xd58	0x4	pointer	ghidra-defined		pointer	Ghidra-12.0.4/ghidra_psx_ldr-2026.07.08	machine-assisted WIP datum
GAME.EXE	0x8001255c	0xd5c	0x4	pointer	ghidra-defined		pointer	Ghidra-12.0.4/ghidra_psx_ldr-2026.07.08	machine-assisted WIP datum
GAME.EXE	0x80012560	0xd60	0x4	pointer	ghidra-defined		pointer	Ghidra-12.0.4/ghidra_psx_ldr-2026.07.08	machine-assisted WIP datum
GAME.EXE	0x80012564	0xd64	0x4	pointer	ghidra-defined		pointer	Ghidra-12.0.4/ghidra_psx_ldr-2026.07.08	machine-assisted WIP datum
GAME.EXE	0x80012568	0xd68	0x4	pointer	ghidra-defined		pointer	Ghidra-12.0.4/ghidra_psx_ldr-2026.07.08	machine-assisted WIP datum
GAME.EXE	0x8001256c	0xd6c	0x4	pointer	ghidra-defined		pointer	Ghidra-12.0.4/ghidra_psx_ldr-2026.07.08	machine-assisted WIP datum
GAME.EXE	0x80012570	0xd70	0x4	pointer	ghidra-defined		pointer	Ghidra-12.0.4/ghidra_psx_ldr-2026.07.08	machine-assisted WIP datum
GAME.EXE	0x80012574	0xd74	0x4	pointer	ghidra-defined		pointer	Ghidra-12.0.4/ghidra_psx_ldr-2026.07.08	machine-assisted WIP datum
GAME.EXE	0x80012578	0xd78	0x4	pointer	ghidra-defined		pointer	Ghidra-12.0.4/ghidra_psx_ldr-2026.07.08	machine-assisted WIP datum
GAME.EXE	0x8001257c	0xd7c	0x4	pointer	ghidra-defined		pointer	Ghidra-12.0.4/ghidra_psx_ldr-2026.07.08	machine-assisted WIP datum
GAME.EXE	0x80012580	0xd80	0x4	pointer	ghidra-defined		pointer	Ghidra-12.0.4/ghidra_psx_ldr-2026.07.08	machine-assisted WIP datum
GAME.EXE	0x80012584	0xd84	0x4	pointer	ghidra-defined		pointer	Ghidra-12.0.4/ghidra_psx_ldr-2026.07.08	machine-assisted WIP datum
GAME.EXE	0x80012588	0xd88	0x4	pointer	ghidra-defined		pointer	Ghidra-12.0.4/ghidra_psx_ldr-2026.07.08	machine-assisted WIP datum
GAME.EXE	0x8001258c	0xd8c	0x4	pointer	ghidra-defined		pointer	Ghidra-12.0.4/ghidra_psx_ldr-2026.07.08	machine-assisted WIP datum
GAME.EXE	0x80012590	0xd90	0x4	pointer	ghidra-defined		pointer	Ghidra-12.0.4/ghidra_psx_ldr-2026.07.08	machine-assisted WIP datum
GAME.EXE	0x80012594	0xd94	0x4	pointer	ghidra-defined		pointer	Ghidra-12.0.4/ghidra_psx_ldr-2026.07.08	machine-assisted WIP datum
GAME.EXE	0x80012598	0xd98	0x4	pointer	ghidra-defined		pointer	Ghidra-12.0.4/ghidra_psx_ldr-2026.07.08	machine-assisted WIP datum
GAME.EXE	0x8001259c	0xd9c	0x4	pointer	ghidra-defined		pointer	Ghidra-12.0.4/ghidra_psx_ldr-2026.07.08	machine-assisted WIP datum
GAME.EXE	0x800125a0	0xda0	0x4	pointer	ghidra-defined		pointer	Ghidra-12.0.4/ghidra_psx_ldr-2026.07.08	machine-assisted WIP datum
GAME.EXE	0x800125a4	0xda4	0x4	pointer	ghidra-defined		pointer	Ghidra-12.0.4/ghidra_psx_ldr-2026.07.08	machine-assisted WIP datum
GAME.EXE	0x800125a8	0xda8	0x4	pointer	ghidra-defined		pointer	Ghidra-12.0.4/ghidra_psx_ldr-2026.07.08	machine-assisted WIP datum
GAME.EXE	0x800125ac	0xdac	0x4	pointer	ghidra-defined		pointer	Ghidra-12.0.4/ghidra_psx_ldr-2026.07.08	machine-assisted WIP datum
GAME.EXE	0x800125b0	0xdb0	0x4	pointer	ghidra-defined		pointer	Ghidra-12.0.4/ghidra_psx_ldr-2026.07.08	machine-assisted WIP datum
GAME.EXE	0x800125b4	0xdb4	0x4	pointer	ghidra-defined		pointer	Ghidra-12.0.4/ghidra_psx_ldr-2026.07.08	machine-assisted WIP datum
GAME.EXE	0x800125b8	0xdb8	0x4	pointer	ghidra-defined		pointer	Ghidra-12.0.4/ghidra_psx_ldr-2026.07.08	machine-assisted WIP datum
GAME.EXE	0x800125bc	0xdbc	0x4	pointer	ghidra-defined		pointer	Ghidra-12.0.4/ghidra_psx_ldr-2026.07.08	machine-assisted WIP datum
GAME.EXE	0x800125c0	0xdc0	0x4	pointer	ghidra-defined		pointer	Ghidra-12.0.4/ghidra_psx_ldr-2026.07.08	machine-assisted WIP datum
GAME.EXE	0x800125c4	0xdc4	0x4	pointer	ghidra-defined		pointer	Ghidra-12.0.4/ghidra_psx_ldr-2026.07.08	machine-assisted WIP datum
GAME.EXE	0x800125c8	0xdc8	0x4	pointer	ghidra-defined		pointer	Ghidra-12.0.4/ghidra_psx_ldr-2026.07.08	machine-assisted WIP datum
GAME.EXE	0x800125cc	0xdcc	0x4	pointer	ghidra-defined		pointer	Ghidra-12.0.4/ghidra_psx_ldr-2026.07.08	machine-assisted WIP datum
GAME.EXE	0x800125d0	0xdd0	0x4	pointer	ghidra-defined		pointer	Ghidra-12.0.4/ghidra_psx_ldr-2026.07.08	machine-assisted WIP datum
GAME.EXE	0x800125d4	0xdd4	0x4	pointer	ghidra-defined		pointer	Ghidra-12.0.4/ghidra_psx_ldr-2026.07.08	machine-assisted WIP datum
GAME.EXE	0x800125d8	0xdd8	0x4	pointer	ghidra-defined		pointer	Ghidra-12.0.4/ghidra_psx_ldr-2026.07.08	machine-assisted WIP datum
GAME.EXE	0x800125dc	0xddc	0x4	pointer	ghidra-defined		pointer	Ghidra-12.0.4/ghidra_psx_ldr-2026.07.08	machine-assisted WIP datum
GAME.EXE	0x800125e0	0xde0	0x4	pointer	ghidra-defined		pointer	Ghidra-12.0.4/ghidra_psx_ldr-2026.07.08	machine-assisted WIP datum
GAME.EXE	0x800125e4	0xde4	0x4	pointer	ghidra-defined		pointer	Ghidra-12.0.4/ghidra_psx_ldr-2026.07.08	machine-assisted WIP datum
GAME.EXE	0x800125e8	0xde8	0x4	pointer	ghidra-defined		pointer	Ghidra-12.0.4/ghidra_psx_ldr-2026.07.08	machine-assisted WIP datum
GAME.EXE	0x800125ec	0xdec	0x4	pointer	ghidra-defined		pointer	Ghidra-12.0.4/ghidra_psx_ldr-2026.07.08	machine-assisted WIP datum
GAME.EXE	0x800125f0	0xdf0	0x4	pointer	ghidra-defined		pointer	Ghidra-12.0.4/ghidra_psx_ldr-2026.07.08	machine-assisted WIP datum
GAME.EXE	0x800125f4	0xdf4	0x4	pointer	ghidra-defined		pointer	Ghidra-12.0.4/ghidra_psx_ldr-2026.07.08	machine-assisted WIP datum
GAME.EXE	0x800125f8	0xdf8	0x4	pointer	ghidra-defined		pointer	Ghidra-12.0.4/ghidra_psx_ldr-2026.07.08	machine-assisted WIP datum
GAME.EXE	0x800125fc	0xdfc	0x4	pointer	ghidra-defined		pointer	Ghidra-12.0.4/ghidra_psx_ldr-2026.07.08	machine-assisted WIP datum
GAME.EXE	0x80012600	0xe00	0x4	pointer	ghidra-defined		pointer	Ghidra-12.0.4/ghidra_psx_ldr-2026.07.08	machine-assisted WIP datum
GAME.EXE	0x80012604	0xe04	0x4	pointer	ghidra-defined		pointer	Ghidra-12.0.4/ghidra_psx_ldr-2026.07.08	machine-assisted WIP datum
GAME.EXE	0x80012608	0xe08	0x4	pointer	ghidra-defined		pointer	Ghidra-12.0.4/ghidra_psx_ldr-2026.07.08	machine-assisted WIP datum
GAME.EXE	0x8001260c	0xe0c	0x4	pointer	ghidra-defined		pointer	Ghidra-12.0.4/ghidra_psx_ldr-2026.07.08	machine-assisted WIP datum
GAME.EXE	0x80012610	0xe10	0x4	pointer	ghidra-defined		pointer	Ghidra-12.0.4/ghidra_psx_ldr-2026.07.08	machine-assisted WIP datum
GAME.EXE	0x80012614	0xe14	0x4	pointer	ghidra-defined		pointer	Ghidra-12.0.4/ghidra_psx_ldr-2026.07.08	machine-assisted WIP datum
GAME.EXE	0x80012618	0xe18	0x4	pointer	ghidra-defined		pointer	Ghidra-12.0.4/ghidra_psx_ldr-2026.07.08	machine-assisted WIP datum
GAME.EXE	0x8001261c	0xe1c	0x4	pointer	ghidra-defined		pointer	Ghidra-12.0.4/ghidra_psx_ldr-2026.07.08	machine-assisted WIP datum
GAME.EXE	0x80012620	0xe20	0x4	pointer	ghidra-defined		pointer	Ghidra-12.0.4/ghidra_psx_ldr-2026.07.08	machine-assisted WIP datum
GAME.EXE	0x80012624	0xe24	0x4	pointer	ghidra-defined		pointer	Ghidra-12.0.4/ghidra_psx_ldr-2026.07.08	machine-assisted WIP datum
GAME.EXE	0x80012628	0xe28	0x4	pointer	ghidra-defined		pointer	Ghidra-12.0.4/ghidra_psx_ldr-2026.07.08	machine-assisted WIP datum
GAME.EXE	0x8001262c	0xe2c	0x4	pointer	ghidra-defined		pointer	Ghidra-12.0.4/ghidra_psx_ldr-2026.07.08	machine-assisted WIP datum
GAME.EXE	0x80012630	0xe30	0x4	pointer	ghidra-defined		pointer	Ghidra-12.0.4/ghidra_psx_ldr-2026.07.08	machine-assisted WIP datum
GAME.EXE	0x80012634	0xe34	0x4	pointer	ghidra-defined		pointer	Ghidra-12.0.4/ghidra_psx_ldr-2026.07.08	machine-assisted WIP datum
GAME.EXE	0x80012638	0xe38	0x4	pointer	ghidra-defined		pointer	Ghidra-12.0.4/ghidra_psx_ldr-2026.07.08	machine-assisted WIP datum
GAME.EXE	0x8001263c	0xe3c	0x4	pointer	ghidra-defined		pointer	Ghidra-12.0.4/ghidra_psx_ldr-2026.07.08	machine-assisted WIP datum
GAME.EXE	0x80012640	0xe40	0x4	pointer	ghidra-defined		pointer	Ghidra-12.0.4/ghidra_psx_ldr-2026.07.08	machine-assisted WIP datum
GAME.EXE	0x80012644	0xe44	0x4	pointer	ghidra-defined		pointer	Ghidra-12.0.4/ghidra_psx_ldr-2026.07.08	machine-assisted WIP datum
GAME.EXE	0x80012648	0xe48	0x4	pointer	ghidra-defined		pointer	Ghidra-12.0.4/ghidra_psx_ldr-2026.07.08	machine-assisted WIP datum
GAME.EXE	0x8001264c	0xe4c	0x4	pointer	ghidra-defined		pointer	Ghidra-12.0.4/ghidra_psx_ldr-2026.07.08	machine-assisted WIP datum
GAME.EXE	0x80012650	0xe50	0x4	pointer	ghidra-defined		pointer	Ghidra-12.0.4/ghidra_psx_ldr-2026.07.08	machine-assisted WIP datum
GAME.EXE	0x80012654	0xe54	0x4	pointer	ghidra-defined		pointer	Ghidra-12.0.4/ghidra_psx_ldr-2026.07.08	machine-assisted WIP datum
GAME.EXE	0x80012658	0xe58	0x4	pointer	ghidra-defined		pointer	Ghidra-12.0.4/ghidra_psx_ldr-2026.07.08	machine-assisted WIP datum
GAME.EXE	0x8001265c	0xe5c	0x4	pointer	ghidra-defined		pointer	Ghidra-12.0.4/ghidra_psx_ldr-2026.07.08	machine-assisted WIP datum
GAME.EXE	0x80012660	0xe60	0x4	pointer	ghidra-defined		pointer	Ghidra-12.0.4/ghidra_psx_ldr-2026.07.08	machine-assisted WIP datum
GAME.EXE	0x80012664	0xe64	0x4	pointer	ghidra-defined		pointer	Ghidra-12.0.4/ghidra_psx_ldr-2026.07.08	machine-assisted WIP datum
GAME.EXE	0x80012668	0xe68	0x4	pointer	ghidra-defined		pointer	Ghidra-12.0.4/ghidra_psx_ldr-2026.07.08	machine-assisted WIP datum
GAME.EXE	0x8001266c	0xe6c	0x4	pointer	ghidra-defined		pointer	Ghidra-12.0.4/ghidra_psx_ldr-2026.07.08	machine-assisted WIP datum
GAME.EXE	0x80012670	0xe70	0x4	pointer	ghidra-defined		pointer	Ghidra-12.0.4/ghidra_psx_ldr-2026.07.08	machine-assisted WIP datum
GAME.EXE	0x80012674	0xe74	0x4	pointer	ghidra-defined		pointer	Ghidra-12.0.4/ghidra_psx_ldr-2026.07.08	machine-assisted WIP datum
GAME.EXE	0x80012678	0xe78	0x4	pointer	ghidra-defined		pointer	Ghidra-12.0.4/ghidra_psx_ldr-2026.07.08	machine-assisted WIP datum
GAME.EXE	0x8001267c	0xe7c	0x4	pointer	ghidra-defined		pointer	Ghidra-12.0.4/ghidra_psx_ldr-2026.07.08	machine-assisted WIP datum
GAME.EXE	0x80012680	0xe80	0x4	pointer	ghidra-defined		pointer	Ghidra-12.0.4/ghidra_psx_ldr-2026.07.08	machine-assisted WIP datum
GAME.EXE	0x80012684	0xe84	0x4	pointer	ghidra-defined		pointer	Ghidra-12.0.4/ghidra_psx_ldr-2026.07.08	machine-assisted WIP datum
GAME.EXE	0x80012688	0xe88	0x4	pointer	ghidra-defined		pointer	Ghidra-12.0.4/ghidra_psx_ldr-2026.07.08	machine-assisted WIP datum
GAME.EXE	0x8001268c	0xe8c	0x4	pointer	ghidra-defined		pointer	Ghidra-12.0.4/ghidra_psx_ldr-2026.07.08	machine-assisted WIP datum
GAME.EXE	0x80012690	0xe90	0x4	pointer	ghidra-defined		pointer	Ghidra-12.0.4/ghidra_psx_ldr-2026.07.08	machine-assisted WIP datum
GAME.EXE	0x80012694	0xe94	0x4	pointer	ghidra-defined		pointer	Ghidra-12.0.4/ghidra_psx_ldr-2026.07.08	machine-assisted WIP datum
GAME.EXE	0x80012698	0xe98	0x4	pointer	ghidra-defined		pointer	Ghidra-12.0.4/ghidra_psx_ldr-2026.07.08	machine-assisted WIP datum
GAME.EXE	0x8001269c	0xe9c	0x4	pointer	ghidra-defined		pointer	Ghidra-12.0.4/ghidra_psx_ldr-2026.07.08	machine-assisted WIP datum
GAME.EXE	0x800126a0	0xea0	0x4	pointer	ghidra-defined		pointer	Ghidra-12.0.4/ghidra_psx_ldr-2026.07.08	machine-assisted WIP datum
GAME.EXE	0x800126a4	0xea4	0x4	pointer	ghidra-defined		pointer	Ghidra-12.0.4/ghidra_psx_ldr-2026.07.08	machine-assisted WIP datum
GAME.EXE	0x800126a8	0xea8	0x4	pointer	ghidra-defined		pointer	Ghidra-12.0.4/ghidra_psx_ldr-2026.07.08	machine-assisted WIP datum
GAME.EXE	0x800126ac	0xeac	0x4	pointer	ghidra-defined		pointer	Ghidra-12.0.4/ghidra_psx_ldr-2026.07.08	machine-assisted WIP datum
GAME.EXE	0x800126b0	0xeb0	0x4	pointer	ghidra-defined		pointer	Ghidra-12.0.4/ghidra_psx_ldr-2026.07.08	machine-assisted WIP datum
GAME.EXE	0x800126b4	0xeb4	0x4	pointer	ghidra-defined		pointer	Ghidra-12.0.4/ghidra_psx_ldr-2026.07.08	machine-assisted WIP datum
GAME.EXE	0x800126b8	0xeb8	0x4	pointer	ghidra-defined		pointer	Ghidra-12.0.4/ghidra_psx_ldr-2026.07.08	machine-assisted WIP datum
GAME.EXE	0x800126bc	0xebc	0x4	pointer	ghidra-defined		pointer	Ghidra-12.0.4/ghidra_psx_ldr-2026.07.08	machine-assisted WIP datum
GAME.EXE	0x800126c0	0xec0	0x4	pointer	ghidra-defined		pointer	Ghidra-12.0.4/ghidra_psx_ldr-2026.07.08	machine-assisted WIP datum
GAME.EXE	0x800126c4	0xec4	0x4	pointer	ghidra-defined		pointer	Ghidra-12.0.4/ghidra_psx_ldr-2026.07.08	machine-assisted WIP datum
GAME.EXE	0x800126c8	0xec8	0x4	pointer	ghidra-defined		pointer	Ghidra-12.0.4/ghidra_psx_ldr-2026.07.08	machine-assisted WIP datum
GAME.EXE	0x800126cc	0xecc	0x4	pointer	ghidra-defined		pointer	Ghidra-12.0.4/ghidra_psx_ldr-2026.07.08	machine-assisted WIP datum
GAME.EXE	0x800126d0	0xed0	0x4	pointer	ghidra-defined		pointer	Ghidra-12.0.4/ghidra_psx_ldr-2026.07.08	machine-assisted WIP datum
GAME.EXE	0x800126d4	0xed4	0x4	pointer	ghidra-defined		pointer	Ghidra-12.0.4/ghidra_psx_ldr-2026.07.08	machine-assisted WIP datum
GAME.EXE	0x800126d8	0xed8	0x4	pointer	ghidra-defined		pointer	Ghidra-12.0.4/ghidra_psx_ldr-2026.07.08	machine-assisted WIP datum
GAME.EXE	0x800126dc	0xedc	0x4	pointer	ghidra-defined		pointer	Ghidra-12.0.4/ghidra_psx_ldr-2026.07.08	machine-assisted WIP datum
GAME.EXE	0x800126e0	0xee0	0x4	pointer	ghidra-defined		pointer	Ghidra-12.0.4/ghidra_psx_ldr-2026.07.08	machine-assisted WIP datum
GAME.EXE	0x800126e4	0xee4	0x4	pointer	ghidra-defined		pointer	Ghidra-12.0.4/ghidra_psx_ldr-2026.07.08	machine-assisted WIP datum
GAME.EXE	0x800126e8	0xee8	0x4	pointer	ghidra-defined		pointer	Ghidra-12.0.4/ghidra_psx_ldr-2026.07.08	machine-assisted WIP datum
GAME.EXE	0x800126ec	0xeec	0x4	pointer	ghidra-defined		pointer	Ghidra-12.0.4/ghidra_psx_ldr-2026.07.08	machine-assisted WIP datum
GAME.EXE	0x800126f0	0xef0	0x4	pointer	ghidra-defined		pointer	Ghidra-12.0.4/ghidra_psx_ldr-2026.07.08	machine-assisted WIP datum
GAME.EXE	0x800126f4	0xef4	0x4	pointer	ghidra-defined		pointer	Ghidra-12.0.4/ghidra_psx_ldr-2026.07.08	machine-assisted WIP datum
GAME.EXE	0x800126f8	0xef8	0x4	pointer	ghidra-defined		pointer	Ghidra-12.0.4/ghidra_psx_ldr-2026.07.08	machine-assisted WIP datum
GAME.EXE	0x800126fc	0xefc	0x4	pointer	ghidra-defined		pointer	Ghidra-12.0.4/ghidra_psx_ldr-2026.07.08	machine-assisted WIP datum
GAME.EXE	0x80012700	0xf00	0x4	pointer	ghidra-defined		pointer	Ghidra-12.0.4/ghidra_psx_ldr-2026.07.08	machine-assisted WIP datum
GAME.EXE	0x80012704	0xf04	0x4	pointer	ghidra-defined		pointer	Ghidra-12.0.4/ghidra_psx_ldr-2026.07.08	machine-assisted WIP datum
GAME.EXE	0x80012708	0xf08	0x4	pointer	ghidra-defined		pointer	Ghidra-12.0.4/ghidra_psx_ldr-2026.07.08	machine-assisted WIP datum
GAME.EXE	0x8001270c	0xf0c	0x4	pointer	ghidra-defined		pointer	Ghidra-12.0.4/ghidra_psx_ldr-2026.07.08	machine-assisted WIP datum
GAME.EXE	0x80012710	0xf10	0x4	pointer	ghidra-defined		pointer	Ghidra-12.0.4/ghidra_psx_ldr-2026.07.08	machine-assisted WIP datum
GAME.EXE	0x80012714	0xf14	0x4	pointer	ghidra-defined		pointer	Ghidra-12.0.4/ghidra_psx_ldr-2026.07.08	machine-assisted WIP datum
GAME.EXE	0x80012718	0xf18	0x4	pointer	ghidra-defined		pointer	Ghidra-12.0.4/ghidra_psx_ldr-2026.07.08	machine-assisted WIP datum
GAME.EXE	0x8001271c	0xf1c	0x4	pointer	ghidra-defined		pointer	Ghidra-12.0.4/ghidra_psx_ldr-2026.07.08	machine-assisted WIP datum
GAME.EXE	0x80012720	0xf20	0x4	pointer	ghidra-defined		pointer	Ghidra-12.0.4/ghidra_psx_ldr-2026.07.08	machine-assisted WIP datum
GAME.EXE	0x80012724	0xf24	0x4	pointer	ghidra-defined		pointer	Ghidra-12.0.4/ghidra_psx_ldr-2026.07.08	machine-assisted WIP datum
GAME.EXE	0x80012728	0xf28	0x4	pointer	ghidra-defined		pointer	Ghidra-12.0.4/ghidra_psx_ldr-2026.07.08	machine-assisted WIP datum
GAME.EXE	0x8001272c	0xf2c	0x4	pointer	ghidra-defined		pointer	Ghidra-12.0.4/ghidra_psx_ldr-2026.07.08	machine-assisted WIP datum
GAME.EXE	0x80012730	0xf30	0x4	pointer	ghidra-defined		pointer	Ghidra-12.0.4/ghidra_psx_ldr-2026.07.08	machine-assisted WIP datum
GAME.EXE	0x80012734	0xf34	0x4	pointer	ghidra-defined		pointer	Ghidra-12.0.4/ghidra_psx_ldr-2026.07.08	machine-assisted WIP datum
GAME.EXE	0x80012738	0xf38	0x4	pointer	ghidra-defined		pointer	Ghidra-12.0.4/ghidra_psx_ldr-2026.07.08	machine-assisted WIP datum
GAME.EXE	0x8001273c	0xf3c	0x4	pointer	ghidra-defined		pointer	Ghidra-12.0.4/ghidra_psx_ldr-2026.07.08	machine-assisted WIP datum
GAME.EXE	0x80012740	0xf40	0x4	pointer	ghidra-defined		pointer	Ghidra-12.0.4/ghidra_psx_ldr-2026.07.08	machine-assisted WIP datum
GAME.EXE	0x80012744	0xf44	0x4	pointer	ghidra-defined		pointer	Ghidra-12.0.4/ghidra_psx_ldr-2026.07.08	machine-assisted WIP datum
GAME.EXE	0x80012748	0xf48	0x4	pointer	ghidra-defined		pointer	Ghidra-12.0.4/ghidra_psx_ldr-2026.07.08	machine-assisted WIP datum
GAME.EXE	0x8001274c	0xf4c	0x4	pointer	ghidra-defined		pointer	Ghidra-12.0.4/ghidra_psx_ldr-2026.07.08	machine-assisted WIP datum
GAME.EXE	0x80012750	0xf50	0x4	pointer	ghidra-defined		pointer	Ghidra-12.0.4/ghidra_psx_ldr-2026.07.08	machine-assisted WIP datum
GAME.EXE	0x80012754	0xf54	0x4	pointer	ghidra-defined		pointer	Ghidra-12.0.4/ghidra_psx_ldr-2026.07.08	machine-assisted WIP datum
GAME.EXE	0x80012758	0xf58	0x4	pointer	ghidra-defined		pointer	Ghidra-12.0.4/ghidra_psx_ldr-2026.07.08	machine-assisted WIP datum
GAME.EXE	0x8001275c	0xf5c	0x4	pointer	ghidra-defined		pointer	Ghidra-12.0.4/ghidra_psx_ldr-2026.07.08	machine-assisted WIP datum
GAME.EXE	0x80012760	0xf60	0x4	pointer	ghidra-defined		pointer	Ghidra-12.0.4/ghidra_psx_ldr-2026.07.08	machine-assisted WIP datum
GAME.EXE	0x80012764	0xf64	0x4	pointer	ghidra-defined		pointer	Ghidra-12.0.4/ghidra_psx_ldr-2026.07.08	machine-assisted WIP datum
GAME.EXE	0x80012768	0xf68	0x4	pointer	ghidra-defined		pointer	Ghidra-12.0.4/ghidra_psx_ldr-2026.07.08	machine-assisted WIP datum
GAME.EXE	0x8001276c	0xf6c	0x4	pointer	ghidra-defined		pointer	Ghidra-12.0.4/ghidra_psx_ldr-2026.07.08	machine-assisted WIP datum
GAME.EXE	0x80012770	0xf70	0x4	pointer	ghidra-defined		pointer	Ghidra-12.0.4/ghidra_psx_ldr-2026.07.08	machine-assisted WIP datum
GAME.EXE	0x80012774	0xf74	0x4	pointer	ghidra-defined		pointer	Ghidra-12.0.4/ghidra_psx_ldr-2026.07.08	machine-assisted WIP datum
GAME.EXE	0x80012778	0xf78	0x4	pointer	ghidra-defined		pointer	Ghidra-12.0.4/ghidra_psx_ldr-2026.07.08	machine-assisted WIP datum
GAME.EXE	0x8001277c	0xf7c	0x4	pointer	ghidra-defined		pointer	Ghidra-12.0.4/ghidra_psx_ldr-2026.07.08	machine-assisted WIP datum
GAME.EXE	0x80012780	0xf80	0x4	pointer	ghidra-defined		pointer	Ghidra-12.0.4/ghidra_psx_ldr-2026.07.08	machine-assisted WIP datum
GAME.EXE	0x80012784	0xf84	0x4	pointer	ghidra-defined		pointer	Ghidra-12.0.4/ghidra_psx_ldr-2026.07.08	machine-assisted WIP datum
GAME.EXE	0x80012788	0xf88	0x4	pointer	ghidra-defined		pointer	Ghidra-12.0.4/ghidra_psx_ldr-2026.07.08	machine-assisted WIP datum
GAME.EXE	0x8001278c	0xf8c	0x4	pointer	ghidra-defined		pointer	Ghidra-12.0.4/ghidra_psx_ldr-2026.07.08	machine-assisted WIP datum
GAME.EXE	0x80012790	0xf90	0x4	pointer	ghidra-defined		pointer	Ghidra-12.0.4/ghidra_psx_ldr-2026.07.08	machine-assisted WIP datum
GAME.EXE	0x80012794	0xf94	0x4	pointer	ghidra-defined		pointer	Ghidra-12.0.4/ghidra_psx_ldr-2026.07.08	machine-assisted WIP datum
GAME.EXE	0x80012798	0xf98	0x4	pointer	ghidra-defined		pointer	Ghidra-12.0.4/ghidra_psx_ldr-2026.07.08	machine-assisted WIP datum
GAME.EXE	0x8001279c	0xf9c	0x4	pointer	ghidra-defined		pointer	Ghidra-12.0.4/ghidra_psx_ldr-2026.07.08	machine-assisted WIP datum
GAME.EXE	0x800127a0	0xfa0	0x4	pointer	ghidra-defined		pointer	Ghidra-12.0.4/ghidra_psx_ldr-2026.07.08	machine-assisted WIP datum
GAME.EXE	0x800127a4	0xfa4	0x4	pointer	ghidra-defined		pointer	Ghidra-12.0.4/ghidra_psx_ldr-2026.07.08	machine-assisted WIP datum
GAME.EXE	0x800127a8	0xfa8	0x4	pointer	ghidra-defined		pointer	Ghidra-12.0.4/ghidra_psx_ldr-2026.07.08	machine-assisted WIP datum
GAME.EXE	0x800127ac	0xfac	0x4	pointer	ghidra-defined		pointer	Ghidra-12.0.4/ghidra_psx_ldr-2026.07.08	machine-assisted WIP datum
GAME.EXE	0x800127b0	0xfb0	0x4	pointer	ghidra-defined		pointer	Ghidra-12.0.4/ghidra_psx_ldr-2026.07.08	machine-assisted WIP datum
GAME.EXE	0x800127b4	0xfb4	0x4	pointer	ghidra-defined		pointer	Ghidra-12.0.4/ghidra_psx_ldr-2026.07.08	machine-assisted WIP datum
GAME.EXE	0x800127b8	0xfb8	0x4	pointer	ghidra-defined		pointer	Ghidra-12.0.4/ghidra_psx_ldr-2026.07.08	machine-assisted WIP datum
GAME.EXE	0x800127bc	0xfbc	0x4	pointer	ghidra-defined		pointer	Ghidra-12.0.4/ghidra_psx_ldr-2026.07.08	machine-assisted WIP datum
GAME.EXE	0x800127c0	0xfc0	0x4	pointer	ghidra-defined		pointer	Ghidra-12.0.4/ghidra_psx_ldr-2026.07.08	machine-assisted WIP datum
GAME.EXE	0x800127c4	0xfc4	0x4	pointer	ghidra-defined		pointer	Ghidra-12.0.4/ghidra_psx_ldr-2026.07.08	machine-assisted WIP datum
GAME.EXE	0x800127c8	0xfc8	0x4	pointer	ghidra-defined		pointer	Ghidra-12.0.4/ghidra_psx_ldr-2026.07.08	machine-assisted WIP datum
GAME.EXE	0x800127cc	0xfcc	0x4	pointer	ghidra-defined		pointer	Ghidra-12.0.4/ghidra_psx_ldr-2026.07.08	machine-assisted WIP datum
GAME.EXE	0x800127d0	0xfd0	0x4	pointer	ghidra-defined		pointer	Ghidra-12.0.4/ghidra_psx_ldr-2026.07.08	machine-assisted WIP datum
GAME.EXE	0x800127d4	0xfd4	0x4	pointer	ghidra-defined		pointer	Ghidra-12.0.4/ghidra_psx_ldr-2026.07.08	machine-assisted WIP datum
GAME.EXE	0x800127d8	0xfd8	0x4	pointer	ghidra-defined		pointer	Ghidra-12.0.4/ghidra_psx_ldr-2026.07.08	machine-assisted WIP datum
GAME.EXE	0x800127dc	0xfdc	0x4	pointer	ghidra-defined		pointer	Ghidra-12.0.4/ghidra_psx_ldr-2026.07.08	machine-assisted WIP datum
GAME.EXE	0x800127e0	0xfe0	0x4	pointer	ghidra-defined		pointer	Ghidra-12.0.4/ghidra_psx_ldr-2026.07.08	machine-assisted WIP datum
GAME.EXE	0x800127e4	0xfe4	0x4	pointer	ghidra-defined		pointer	Ghidra-12.0.4/ghidra_psx_ldr-2026.07.08	machine-assisted WIP datum
GAME.EXE	0x800127e8	0xfe8	0x4	pointer	ghidra-defined		pointer	Ghidra-12.0.4/ghidra_psx_ldr-2026.07.08	machine-assisted WIP datum
GAME.EXE	0x800127ec	0xfec	0x4	pointer	ghidra-defined		pointer	Ghidra-12.0.4/ghidra_psx_ldr-2026.07.08	machine-assisted WIP datum
GAME.EXE	0x800127f0	0xff0	0x4	pointer	ghidra-defined		pointer	Ghidra-12.0.4/ghidra_psx_ldr-2026.07.08	machine-assisted WIP datum
GAME.EXE	0x800127f4	0xff4	0x4	pointer	ghidra-defined		pointer	Ghidra-12.0.4/ghidra_psx_ldr-2026.07.08	machine-assisted WIP datum
GAME.EXE	0x800127f8	0xff8	0x4	pointer	ghidra-defined		pointer	Ghidra-12.0.4/ghidra_psx_ldr-2026.07.08	machine-assisted WIP datum
GAME.EXE	0x800127fc	0xffc	0x4	pointer	ghidra-defined		pointer	Ghidra-12.0.4/ghidra_psx_ldr-2026.07.08	machine-assisted WIP datum
GAME.EXE	0x80012800	0x1000	0x4	pointer	ghidra-defined		pointer	Ghidra-12.0.4/ghidra_psx_ldr-2026.07.08	machine-assisted WIP datum
GAME.EXE	0x80012804	0x1004	0x4	pointer	ghidra-defined		pointer	Ghidra-12.0.4/ghidra_psx_ldr-2026.07.08	machine-assisted WIP datum
GAME.EXE	0x80012808	0x1008	0x4	pointer	ghidra-defined		pointer	Ghidra-12.0.4/ghidra_psx_ldr-2026.07.08	machine-assisted WIP datum
GAME.EXE	0x8001280c	0x100c	0x4	pointer	ghidra-defined		pointer	Ghidra-12.0.4/ghidra_psx_ldr-2026.07.08	machine-assisted WIP datum
GAME.EXE	0x80012810	0x1010	0x4	pointer	ghidra-defined		pointer	Ghidra-12.0.4/ghidra_psx_ldr-2026.07.08	machine-assisted WIP datum
GAME.EXE	0x80012814	0x1014	0x4	pointer	ghidra-defined		pointer	Ghidra-12.0.4/ghidra_psx_ldr-2026.07.08	machine-assisted WIP datum
GAME.EXE	0x80012818	0x1018	0x4	pointer	ghidra-defined		pointer	Ghidra-12.0.4/ghidra_psx_ldr-2026.07.08	machine-assisted WIP datum
GAME.EXE	0x8001281c	0x101c	0x4	pointer	ghidra-defined		pointer	Ghidra-12.0.4/ghidra_psx_ldr-2026.07.08	machine-assisted WIP datum
GAME.EXE	0x80012820	0x1020	0x4	pointer	ghidra-defined		pointer	Ghidra-12.0.4/ghidra_psx_ldr-2026.07.08	machine-assisted WIP datum
GAME.EXE	0x80012824	0x1024	0x4	pointer	ghidra-defined		pointer	Ghidra-12.0.4/ghidra_psx_ldr-2026.07.08	machine-assisted WIP datum
GAME.EXE	0x80012828	0x1028	0x4	pointer	ghidra-defined		pointer	Ghidra-12.0.4/ghidra_psx_ldr-2026.07.08	machine-assisted WIP datum
GAME.EXE	0x8001282c	0x102c	0x4	pointer	ghidra-defined		pointer	Ghidra-12.0.4/ghidra_psx_ldr-2026.07.08	machine-assisted WIP datum
GAME.EXE	0x80012830	0x1030	0x4	pointer	ghidra-defined		pointer	Ghidra-12.0.4/ghidra_psx_ldr-2026.07.08	machine-assisted WIP datum
GAME.EXE	0x80012834	0x1034	0x4	pointer	ghidra-defined		pointer	Ghidra-12.0.4/ghidra_psx_ldr-2026.07.08	machine-assisted WIP datum
GAME.EXE	0x80012838	0x1038	0x4	pointer	ghidra-defined		pointer	Ghidra-12.0.4/ghidra_psx_ldr-2026.07.08	machine-assisted WIP datum
GAME.EXE	0x8001283c	0x103c	0x4	pointer	ghidra-defined		pointer	Ghidra-12.0.4/ghidra_psx_ldr-2026.07.08	machine-assisted WIP datum
GAME.EXE	0x80012840	0x1040	0x4	pointer	ghidra-defined		pointer	Ghidra-12.0.4/ghidra_psx_ldr-2026.07.08	machine-assisted WIP datum
GAME.EXE	0x80012844	0x1044	0x4	pointer	ghidra-defined		pointer	Ghidra-12.0.4/ghidra_psx_ldr-2026.07.08	machine-assisted WIP datum
GAME.EXE	0x80012848	0x1048	0x4	pointer	ghidra-defined		pointer	Ghidra-12.0.4/ghidra_psx_ldr-2026.07.08	machine-assisted WIP datum
GAME.EXE	0x8001284c	0x104c	0x4	pointer	ghidra-defined		pointer	Ghidra-12.0.4/ghidra_psx_ldr-2026.07.08	machine-assisted WIP datum
GAME.EXE	0x80012850	0x1050	0x4	pointer	ghidra-defined		pointer	Ghidra-12.0.4/ghidra_psx_ldr-2026.07.08	machine-assisted WIP datum
GAME.EXE	0x80012854	0x1054	0x4	pointer	ghidra-defined		pointer	Ghidra-12.0.4/ghidra_psx_ldr-2026.07.08	machine-assisted WIP datum
GAME.EXE	0x80012858	0x1058	0x4	pointer	ghidra-defined		pointer	Ghidra-12.0.4/ghidra_psx_ldr-2026.07.08	machine-assisted WIP datum
GAME.EXE	0x8001285c	0x105c	0x4	pointer	ghidra-defined		pointer	Ghidra-12.0.4/ghidra_psx_ldr-2026.07.08	machine-assisted WIP datum
GAME.EXE	0x80012860	0x1060	0x4	pointer	ghidra-defined		pointer	Ghidra-12.0.4/ghidra_psx_ldr-2026.07.08	machine-assisted WIP datum
GAME.EXE	0x80012864	0x1064	0x4	pointer	ghidra-defined		pointer	Ghidra-12.0.4/ghidra_psx_ldr-2026.07.08	machine-assisted WIP datum
GAME.EXE	0x80012868	0x1068	0x4	pointer	ghidra-defined		pointer	Ghidra-12.0.4/ghidra_psx_ldr-2026.07.08	machine-assisted WIP datum
GAME.EXE	0x8001286c	0x106c	0x4	pointer	ghidra-defined		pointer	Ghidra-12.0.4/ghidra_psx_ldr-2026.07.08	machine-assisted WIP datum
GAME.EXE	0x80012870	0x1070	0x4	pointer	ghidra-defined		pointer	Ghidra-12.0.4/ghidra_psx_ldr-2026.07.08	machine-assisted WIP datum
GAME.EXE	0x80012874	0x1074	0x4	pointer	ghidra-defined		pointer	Ghidra-12.0.4/ghidra_psx_ldr-2026.07.08	machine-assisted WIP datum
GAME.EXE	0x80012878	0x1078	0x4	pointer	ghidra-defined		pointer	Ghidra-12.0.4/ghidra_psx_ldr-2026.07.08	machine-assisted WIP datum
GAME.EXE	0x8001287c	0x107c	0x4	pointer	ghidra-defined		pointer	Ghidra-12.0.4/ghidra_psx_ldr-2026.07.08	machine-assisted WIP datum
GAME.EXE	0x80012880	0x1080	0x4	pointer	ghidra-defined		pointer	Ghidra-12.0.4/ghidra_psx_ldr-2026.07.08	machine-assisted WIP datum
GAME.EXE	0x80012884	0x1084	0x4	pointer	ghidra-defined		pointer	Ghidra-12.0.4/ghidra_psx_ldr-2026.07.08	machine-assisted WIP datum
GAME.EXE	0x80012888	0x1088	0x18c	pointer-table	direct-references	map_object_action_jump_table	code pointer[99]	game_semantic_map_runtime.tsv	99 compiler-emitted case targets indexed by the map-object action byte; actions 0 through 98 share a default tail
GAME.EXE	0x80012a14	0x1214	0x17	string	byte-pattern		ascii	investigation:string-census	escaped text: VAB headder open failed
GAME.EXE	0x80012a2b	0x122b	0x5	unclassified	coverage-gap			payload-complement	may contain missed code, tables, constants, padding, or writable data
GAME.EXE	0x80012a30	0x1230	0x14	string	byte-pattern		ascii	investigation:string-census	escaped text: VAB body open failed
GAME.EXE	0x80012a44	0x1244	0x4	unclassified	coverage-gap			payload-complement	may contain missed code, tables, constants, padding, or writable data
GAME.EXE	0x80012a48	0x1248	0xb	string	byte-pattern	audio_sequence_path_template	ascii	investigation:string-census;game_semantic_audio_control.tsv	mutable stack template: B0\\SND0.SEQ; byte one selects map bank and byte six selects sequence
GAME.EXE	0x80012a53	0x1253	0x1	unclassified	coverage-gap			payload-complement	may contain missed code, tables, constants, padding, or writable data
GAME.EXE	0x80012a54	0x1254	0x13	string	byte-pattern		ascii	investigation:string-census	escaped text: TALK\\C17\\T55171.TIM
GAME.EXE	0x80012a67	0x1267	0x1	unclassified	coverage-gap			payload-complement	may contain missed code, tables, constants, padding, or writable data
GAME.EXE	0x80012a68	0x1268	0x13	string	byte-pattern		ascii	investigation:string-census	escaped text: TALK\\C17\\T55172.TIM
GAME.EXE	0x80012a7b	0x127b	0x1	unclassified	coverage-gap			payload-complement	may contain missed code, tables, constants, padding, or writable data
GAME.EXE	0x80012a7c	0x127c	0x4	pointer	ghidra-defined		pointer	Ghidra-12.0.4/ghidra_psx_ldr-2026.07.08	machine-assisted WIP datum
GAME.EXE	0x80012a80	0x1280	0x4	pointer	ghidra-defined		pointer	Ghidra-12.0.4/ghidra_psx_ldr-2026.07.08	machine-assisted WIP datum
GAME.EXE	0x80012a84	0x1284	0x4	pointer	ghidra-defined		pointer	Ghidra-12.0.4/ghidra_psx_ldr-2026.07.08	machine-assisted WIP datum
GAME.EXE	0x80012a88	0x1288	0x4	pointer	ghidra-defined		pointer	Ghidra-12.0.4/ghidra_psx_ldr-2026.07.08	machine-assisted WIP datum
GAME.EXE	0x80012a8c	0x128c	0x4	pointer	ghidra-defined		pointer	Ghidra-12.0.4/ghidra_psx_ldr-2026.07.08	machine-assisted WIP datum
GAME.EXE	0x80012a90	0x1290	0x4	pointer	ghidra-defined		pointer	Ghidra-12.0.4/ghidra_psx_ldr-2026.07.08	machine-assisted WIP datum
GAME.EXE	0x80012a94	0x1294	0x4	pointer	ghidra-defined		pointer	Ghidra-12.0.4/ghidra_psx_ldr-2026.07.08	machine-assisted WIP datum
GAME.EXE	0x80012a98	0x1298	0x4	pointer	ghidra-defined		pointer	Ghidra-12.0.4/ghidra_psx_ldr-2026.07.08	machine-assisted WIP datum
GAME.EXE	0x80012a9c	0x129c	0x4	pointer	ghidra-defined		pointer	Ghidra-12.0.4/ghidra_psx_ldr-2026.07.08	machine-assisted WIP datum
GAME.EXE	0x80012aa0	0x12a0	0x4	pointer	ghidra-defined		pointer	Ghidra-12.0.4/ghidra_psx_ldr-2026.07.08	machine-assisted WIP datum
GAME.EXE	0x80012aa4	0x12a4	0x4	pointer	ghidra-defined		pointer	Ghidra-12.0.4/ghidra_psx_ldr-2026.07.08	machine-assisted WIP datum
GAME.EXE	0x80012aa8	0x12a8	0x4	pointer	ghidra-defined		pointer	Ghidra-12.0.4/ghidra_psx_ldr-2026.07.08	machine-assisted WIP datum
GAME.EXE	0x80012aac	0x12ac	0x4	pointer	ghidra-defined		pointer	Ghidra-12.0.4/ghidra_psx_ldr-2026.07.08	machine-assisted WIP datum
GAME.EXE	0x80012ab0	0x12b0	0x4	pointer	ghidra-defined		pointer	Ghidra-12.0.4/ghidra_psx_ldr-2026.07.08	machine-assisted WIP datum
GAME.EXE	0x80012ab4	0x12b4	0x4	pointer	ghidra-defined		pointer	Ghidra-12.0.4/ghidra_psx_ldr-2026.07.08	machine-assisted WIP datum
GAME.EXE	0x80012ab8	0x12b8	0x4	pointer	ghidra-defined		pointer	Ghidra-12.0.4/ghidra_psx_ldr-2026.07.08	machine-assisted WIP datum
GAME.EXE	0x80012abc	0x12bc	0x4	pointer	ghidra-defined		pointer	Ghidra-12.0.4/ghidra_psx_ldr-2026.07.08	machine-assisted WIP datum
GAME.EXE	0x80012ac0	0x12c0	0x4	pointer	ghidra-defined		pointer	Ghidra-12.0.4/ghidra_psx_ldr-2026.07.08	machine-assisted WIP datum
GAME.EXE	0x80012ac4	0x12c4	0x4	pointer	ghidra-defined		pointer	Ghidra-12.0.4/ghidra_psx_ldr-2026.07.08	machine-assisted WIP datum
GAME.EXE	0x80012ac8	0x12c8	0x4	pointer	ghidra-defined		pointer	Ghidra-12.0.4/ghidra_psx_ldr-2026.07.08	machine-assisted WIP datum
GAME.EXE	0x80012acc	0x12cc	0x4	pointer	ghidra-defined		pointer	Ghidra-12.0.4/ghidra_psx_ldr-2026.07.08	machine-assisted WIP datum
GAME.EXE	0x80012ad0	0x12d0	0x4	pointer	ghidra-defined		pointer	Ghidra-12.0.4/ghidra_psx_ldr-2026.07.08	machine-assisted WIP datum
GAME.EXE	0x80012ad4	0x12d4	0x4	pointer	ghidra-defined		pointer	Ghidra-12.0.4/ghidra_psx_ldr-2026.07.08	machine-assisted WIP datum
GAME.EXE	0x80012ad8	0x12d8	0x4	pointer	ghidra-defined		pointer	Ghidra-12.0.4/ghidra_psx_ldr-2026.07.08	machine-assisted WIP datum
GAME.EXE	0x80012adc	0x12dc	0x4	pointer	ghidra-defined		pointer	Ghidra-12.0.4/ghidra_psx_ldr-2026.07.08	machine-assisted WIP datum
GAME.EXE	0x80012ae0	0x12e0	0x4	pointer	ghidra-defined		pointer	Ghidra-12.0.4/ghidra_psx_ldr-2026.07.08	machine-assisted WIP datum
GAME.EXE	0x80012ae4	0x12e4	0x4	pointer	ghidra-defined		pointer	Ghidra-12.0.4/ghidra_psx_ldr-2026.07.08	machine-assisted WIP datum
GAME.EXE	0x80012ae8	0x12e8	0x4	pointer	ghidra-defined		pointer	Ghidra-12.0.4/ghidra_psx_ldr-2026.07.08	machine-assisted WIP datum
GAME.EXE	0x80012aec	0x12ec	0x4	pointer	ghidra-defined		pointer	Ghidra-12.0.4/ghidra_psx_ldr-2026.07.08	machine-assisted WIP datum
GAME.EXE	0x80012af0	0x12f0	0x4	pointer	ghidra-defined		pointer	Ghidra-12.0.4/ghidra_psx_ldr-2026.07.08	machine-assisted WIP datum
GAME.EXE	0x80012af4	0x12f4	0x4	pointer	ghidra-defined		pointer	Ghidra-12.0.4/ghidra_psx_ldr-2026.07.08	machine-assisted WIP datum
GAME.EXE	0x80012af8	0x12f8	0x4	pointer	ghidra-defined		pointer	Ghidra-12.0.4/ghidra_psx_ldr-2026.07.08	machine-assisted WIP datum
GAME.EXE	0x80012afc	0x12fc	0x4	pointer	ghidra-defined		pointer	Ghidra-12.0.4/ghidra_psx_ldr-2026.07.08	machine-assisted WIP datum
GAME.EXE	0x80012b00	0x1300	0x4	pointer	ghidra-defined		pointer	Ghidra-12.0.4/ghidra_psx_ldr-2026.07.08	machine-assisted WIP datum
GAME.EXE	0x80012b04	0x1304	0x4	pointer	ghidra-defined		pointer	Ghidra-12.0.4/ghidra_psx_ldr-2026.07.08	machine-assisted WIP datum
GAME.EXE	0x80012b08	0x1308	0x4	pointer	ghidra-defined		pointer	Ghidra-12.0.4/ghidra_psx_ldr-2026.07.08	machine-assisted WIP datum
GAME.EXE	0x80012b0c	0x130c	0x4	pointer	ghidra-defined		pointer	Ghidra-12.0.4/ghidra_psx_ldr-2026.07.08	machine-assisted WIP datum
GAME.EXE	0x80012b10	0x1310	0x4	pointer	ghidra-defined		pointer	Ghidra-12.0.4/ghidra_psx_ldr-2026.07.08	machine-assisted WIP datum
GAME.EXE	0x80012b14	0x1314	0x4	pointer	ghidra-defined		pointer	Ghidra-12.0.4/ghidra_psx_ldr-2026.07.08	machine-assisted WIP datum
GAME.EXE	0x80012b18	0x1318	0x4	pointer	ghidra-defined		pointer	Ghidra-12.0.4/ghidra_psx_ldr-2026.07.08	machine-assisted WIP datum
GAME.EXE	0x80012b1c	0x131c	0x4	pointer	ghidra-defined		pointer	Ghidra-12.0.4/ghidra_psx_ldr-2026.07.08	machine-assisted WIP datum
GAME.EXE	0x80012b20	0x1320	0x4	pointer	ghidra-defined		pointer	Ghidra-12.0.4/ghidra_psx_ldr-2026.07.08	machine-assisted WIP datum
GAME.EXE	0x80012b24	0x1324	0x4	pointer	ghidra-defined		pointer	Ghidra-12.0.4/ghidra_psx_ldr-2026.07.08	machine-assisted WIP datum
GAME.EXE	0x80012b28	0x1328	0x4	pointer	ghidra-defined		pointer	Ghidra-12.0.4/ghidra_psx_ldr-2026.07.08	machine-assisted WIP datum
GAME.EXE	0x80012b2c	0x132c	0x4	pointer	ghidra-defined		pointer	Ghidra-12.0.4/ghidra_psx_ldr-2026.07.08	machine-assisted WIP datum
GAME.EXE	0x80012b30	0x1330	0x4	pointer	ghidra-defined		pointer	Ghidra-12.0.4/ghidra_psx_ldr-2026.07.08	machine-assisted WIP datum
GAME.EXE	0x80012b34	0x1334	0x4	pointer	ghidra-defined		pointer	Ghidra-12.0.4/ghidra_psx_ldr-2026.07.08	machine-assisted WIP datum
GAME.EXE	0x80012b38	0x1338	0x4	pointer	ghidra-defined		pointer	Ghidra-12.0.4/ghidra_psx_ldr-2026.07.08	machine-assisted WIP datum
GAME.EXE	0x80012b3c	0x133c	0x4	pointer	ghidra-defined		pointer	Ghidra-12.0.4/ghidra_psx_ldr-2026.07.08	machine-assisted WIP datum
GAME.EXE	0x80012b40	0x1340	0x4	pointer	ghidra-defined		pointer	Ghidra-12.0.4/ghidra_psx_ldr-2026.07.08	machine-assisted WIP datum
GAME.EXE	0x80012b44	0x1344	0x4	pointer	ghidra-defined		pointer	Ghidra-12.0.4/ghidra_psx_ldr-2026.07.08	machine-assisted WIP datum
GAME.EXE	0x80012b48	0x1348	0x4	pointer	ghidra-defined		pointer	Ghidra-12.0.4/ghidra_psx_ldr-2026.07.08	machine-assisted WIP datum
GAME.EXE	0x80012b4c	0x134c	0x4	pointer	ghidra-defined		pointer	Ghidra-12.0.4/ghidra_psx_ldr-2026.07.08	machine-assisted WIP datum
GAME.EXE	0x80012b50	0x1350	0x4	pointer	ghidra-defined		pointer	Ghidra-12.0.4/ghidra_psx_ldr-2026.07.08	machine-assisted WIP datum
GAME.EXE	0x80012b54	0x1354	0x4	pointer	ghidra-defined		pointer	Ghidra-12.0.4/ghidra_psx_ldr-2026.07.08	machine-assisted WIP datum
GAME.EXE	0x80012b58	0x1358	0x4	pointer	ghidra-defined		pointer	Ghidra-12.0.4/ghidra_psx_ldr-2026.07.08	machine-assisted WIP datum
GAME.EXE	0x80012b5c	0x135c	0x4	pointer	ghidra-defined		pointer	Ghidra-12.0.4/ghidra_psx_ldr-2026.07.08	machine-assisted WIP datum
GAME.EXE	0x80012b60	0x1360	0x4	pointer	ghidra-defined		pointer	Ghidra-12.0.4/ghidra_psx_ldr-2026.07.08	machine-assisted WIP datum
GAME.EXE	0x80012b64	0x1364	0x4	pointer	ghidra-defined		pointer	Ghidra-12.0.4/ghidra_psx_ldr-2026.07.08	machine-assisted WIP datum
GAME.EXE	0x80012b68	0x1368	0x4	pointer	ghidra-defined		pointer	Ghidra-12.0.4/ghidra_psx_ldr-2026.07.08	machine-assisted WIP datum
GAME.EXE	0x80012b6c	0x136c	0x4	pointer	ghidra-defined		pointer	Ghidra-12.0.4/ghidra_psx_ldr-2026.07.08	machine-assisted WIP datum
GAME.EXE	0x80012b70	0x1370	0x4	pointer	ghidra-defined		pointer	Ghidra-12.0.4/ghidra_psx_ldr-2026.07.08	machine-assisted WIP datum
GAME.EXE	0x80012b74	0x1374	0x4	pointer	ghidra-defined		pointer	Ghidra-12.0.4/ghidra_psx_ldr-2026.07.08	machine-assisted WIP datum
GAME.EXE	0x80012b78	0x1378	0x4	pointer	ghidra-defined		pointer	Ghidra-12.0.4/ghidra_psx_ldr-2026.07.08	machine-assisted WIP datum
GAME.EXE	0x80012b7c	0x137c	0x4	pointer	ghidra-defined		pointer	Ghidra-12.0.4/ghidra_psx_ldr-2026.07.08	machine-assisted WIP datum
GAME.EXE	0x80012b80	0x1380	0x4	pointer	ghidra-defined		pointer	Ghidra-12.0.4/ghidra_psx_ldr-2026.07.08	machine-assisted WIP datum
GAME.EXE	0x80012b84	0x1384	0x4	pointer	ghidra-defined		pointer	Ghidra-12.0.4/ghidra_psx_ldr-2026.07.08	machine-assisted WIP datum
GAME.EXE	0x80012b88	0x1388	0x4	pointer	ghidra-defined		pointer	Ghidra-12.0.4/ghidra_psx_ldr-2026.07.08	machine-assisted WIP datum
GAME.EXE	0x80012b8c	0x138c	0x4	pointer	ghidra-defined		pointer	Ghidra-12.0.4/ghidra_psx_ldr-2026.07.08	machine-assisted WIP datum
GAME.EXE	0x80012b90	0x1390	0x4	pointer	ghidra-defined		pointer	Ghidra-12.0.4/ghidra_psx_ldr-2026.07.08	machine-assisted WIP datum
GAME.EXE	0x80012b94	0x1394	0x4	pointer	ghidra-defined		pointer	Ghidra-12.0.4/ghidra_psx_ldr-2026.07.08	machine-assisted WIP datum
GAME.EXE	0x80012b98	0x1398	0x4	pointer	ghidra-defined		pointer	Ghidra-12.0.4/ghidra_psx_ldr-2026.07.08	machine-assisted WIP datum
GAME.EXE	0x80012b9c	0x139c	0x4	pointer	ghidra-defined		pointer	Ghidra-12.0.4/ghidra_psx_ldr-2026.07.08	machine-assisted WIP datum
GAME.EXE	0x80012ba0	0x13a0	0x4	pointer	ghidra-defined		pointer	Ghidra-12.0.4/ghidra_psx_ldr-2026.07.08	machine-assisted WIP datum
GAME.EXE	0x80012ba4	0x13a4	0x4	pointer	ghidra-defined		pointer	Ghidra-12.0.4/ghidra_psx_ldr-2026.07.08	machine-assisted WIP datum
GAME.EXE	0x80012ba8	0x13a8	0x4	pointer	ghidra-defined		pointer	Ghidra-12.0.4/ghidra_psx_ldr-2026.07.08	machine-assisted WIP datum
GAME.EXE	0x80012bac	0x13ac	0x4	pointer	ghidra-defined		pointer	Ghidra-12.0.4/ghidra_psx_ldr-2026.07.08	machine-assisted WIP datum
GAME.EXE	0x80012bb0	0x13b0	0x4	pointer	ghidra-defined		pointer	Ghidra-12.0.4/ghidra_psx_ldr-2026.07.08	machine-assisted WIP datum
GAME.EXE	0x80012bb4	0x13b4	0x4	pointer	ghidra-defined		pointer	Ghidra-12.0.4/ghidra_psx_ldr-2026.07.08	machine-assisted WIP datum
GAME.EXE	0x80012bb8	0x13b8	0x4	pointer	ghidra-defined		pointer	Ghidra-12.0.4/ghidra_psx_ldr-2026.07.08	machine-assisted WIP datum
GAME.EXE	0x80012bbc	0x13bc	0x4	pointer	ghidra-defined		pointer	Ghidra-12.0.4/ghidra_psx_ldr-2026.07.08	machine-assisted WIP datum
GAME.EXE	0x80012bc0	0x13c0	0x4	pointer	ghidra-defined		pointer	Ghidra-12.0.4/ghidra_psx_ldr-2026.07.08	machine-assisted WIP datum
GAME.EXE	0x80012bc4	0x13c4	0x4	pointer	ghidra-defined		pointer	Ghidra-12.0.4/ghidra_psx_ldr-2026.07.08	machine-assisted WIP datum
GAME.EXE	0x80012bc8	0x13c8	0x4	pointer	ghidra-defined		pointer	Ghidra-12.0.4/ghidra_psx_ldr-2026.07.08	machine-assisted WIP datum
GAME.EXE	0x80012bcc	0x13cc	0x4	pointer	ghidra-defined		undefined *	Ghidra-12.0.4/ghidra_psx_ldr-2026.07.08	machine-assisted WIP datum
GAME.EXE	0x80012bd0	0x13d0	0x4	pointer	ghidra-defined		undefined *	Ghidra-12.0.4/ghidra_psx_ldr-2026.07.08	machine-assisted WIP datum
GAME.EXE	0x80012bd4	0x13d4	0x4	pointer	ghidra-defined		undefined *	Ghidra-12.0.4/ghidra_psx_ldr-2026.07.08	machine-assisted WIP datum
GAME.EXE	0x80012bd8	0x13d8	0x4	pointer	ghidra-defined		undefined *	Ghidra-12.0.4/ghidra_psx_ldr-2026.07.08	machine-assisted WIP datum
GAME.EXE	0x80012bdc	0x13dc	0x4	pointer	ghidra-defined		undefined *	Ghidra-12.0.4/ghidra_psx_ldr-2026.07.08	machine-assisted WIP datum
GAME.EXE	0x80012be0	0x13e0	0x4	unclassified	coverage-gap			payload-complement	may contain missed code, tables, constants, padding, or writable data
GAME.EXE	0x80012be4	0x13e4	0x4	pointer	ghidra-defined		undefined *	Ghidra-12.0.4/ghidra_psx_ldr-2026.07.08	machine-assisted WIP datum
GAME.EXE	0x80012be8	0x13e8	0x4	pointer	ghidra-defined		undefined *	Ghidra-12.0.4/ghidra_psx_ldr-2026.07.08	machine-assisted WIP datum
GAME.EXE	0x80012bec	0x13ec	0x4	pointer	ghidra-defined		undefined *	Ghidra-12.0.4/ghidra_psx_ldr-2026.07.08	machine-assisted WIP datum
GAME.EXE	0x80012bf0	0x13f0	0x4	pointer	ghidra-defined		undefined *	Ghidra-12.0.4/ghidra_psx_ldr-2026.07.08	machine-assisted WIP datum
GAME.EXE	0x80012bf4	0x13f4	0x4	pointer	ghidra-defined		undefined *	Ghidra-12.0.4/ghidra_psx_ldr-2026.07.08	machine-assisted WIP datum
GAME.EXE	0x80012bf8	0x13f8	0x4	unclassified	coverage-gap			payload-complement	may contain missed code, tables, constants, padding, or writable data
GAME.EXE	0x80012bfc	0x13fc	0x4	pointer	ghidra-defined		undefined *	Ghidra-12.0.4/ghidra_psx_ldr-2026.07.08	machine-assisted WIP datum
GAME.EXE	0x80012c00	0x1400	0x4	pointer	ghidra-defined		undefined *	Ghidra-12.0.4/ghidra_psx_ldr-2026.07.08	machine-assisted WIP datum
GAME.EXE	0x80012c04	0x1404	0x4	pointer	ghidra-defined		undefined *	Ghidra-12.0.4/ghidra_psx_ldr-2026.07.08	machine-assisted WIP datum
GAME.EXE	0x80012c08	0x1408	0x4	pointer	ghidra-defined		undefined *	Ghidra-12.0.4/ghidra_psx_ldr-2026.07.08	machine-assisted WIP datum
GAME.EXE	0x80012c0c	0x140c	0x4	pointer	ghidra-defined		undefined *	Ghidra-12.0.4/ghidra_psx_ldr-2026.07.08	machine-assisted WIP datum
GAME.EXE	0x80012c10	0x1410	0x4	unclassified	coverage-gap			payload-complement	may contain missed code, tables, constants, padding, or writable data
GAME.EXE	0x80012c14	0x1414	0x4	pointer	ghidra-defined		pointer	Ghidra-12.0.4/ghidra_psx_ldr-2026.07.08	machine-assisted WIP datum
GAME.EXE	0x80012c18	0x1418	0x4	pointer	ghidra-defined		pointer	Ghidra-12.0.4/ghidra_psx_ldr-2026.07.08	machine-assisted WIP datum
GAME.EXE	0x80012c1c	0x141c	0x4	pointer	ghidra-defined		pointer	Ghidra-12.0.4/ghidra_psx_ldr-2026.07.08	machine-assisted WIP datum
GAME.EXE	0x80012c20	0x1420	0x4	pointer	ghidra-defined		pointer	Ghidra-12.0.4/ghidra_psx_ldr-2026.07.08	machine-assisted WIP datum
GAME.EXE	0x80012c24	0x1424	0x4	pointer	ghidra-defined		pointer	Ghidra-12.0.4/ghidra_psx_ldr-2026.07.08	machine-assisted WIP datum
GAME.EXE	0x80012c28	0x1428	0x4	pointer	ghidra-defined		pointer	Ghidra-12.0.4/ghidra_psx_ldr-2026.07.08	machine-assisted WIP datum
GAME.EXE	0x80012c2c	0x142c	0x4	pointer	ghidra-defined		pointer	Ghidra-12.0.4/ghidra_psx_ldr-2026.07.08	machine-assisted WIP datum
GAME.EXE	0x80012c30	0x1430	0x4	pointer	ghidra-defined		pointer	Ghidra-12.0.4/ghidra_psx_ldr-2026.07.08	machine-assisted WIP datum
GAME.EXE	0x80012c34	0x1434	0x4	pointer	ghidra-defined		pointer	Ghidra-12.0.4/ghidra_psx_ldr-2026.07.08	machine-assisted WIP datum
GAME.EXE	0x80012c38	0x1438	0x4	pointer	ghidra-defined		pointer	Ghidra-12.0.4/ghidra_psx_ldr-2026.07.08	machine-assisted WIP datum
GAME.EXE	0x80012c3c	0x143c	0x4	pointer	ghidra-defined		pointer	Ghidra-12.0.4/ghidra_psx_ldr-2026.07.08	machine-assisted WIP datum
GAME.EXE	0x80012c40	0x1440	0x4	pointer	ghidra-defined		pointer	Ghidra-12.0.4/ghidra_psx_ldr-2026.07.08	machine-assisted WIP datum
GAME.EXE	0x80012c44	0x1444	0x4	pointer	ghidra-defined		pointer	Ghidra-12.0.4/ghidra_psx_ldr-2026.07.08	machine-assisted WIP datum
GAME.EXE	0x80012c48	0x1448	0x4	pointer	ghidra-defined		pointer	Ghidra-12.0.4/ghidra_psx_ldr-2026.07.08	machine-assisted WIP datum
GAME.EXE	0x80012c4c	0x144c	0x4	pointer	ghidra-defined		pointer	Ghidra-12.0.4/ghidra_psx_ldr-2026.07.08	machine-assisted WIP datum
GAME.EXE	0x80012c50	0x1450	0x4	pointer	ghidra-defined		pointer	Ghidra-12.0.4/ghidra_psx_ldr-2026.07.08	machine-assisted WIP datum
GAME.EXE	0x80012c54	0x1454	0x4	pointer	ghidra-defined		pointer	Ghidra-12.0.4/ghidra_psx_ldr-2026.07.08	machine-assisted WIP datum
GAME.EXE	0x80012c58	0x1458	0x4	pointer	ghidra-defined		pointer	Ghidra-12.0.4/ghidra_psx_ldr-2026.07.08	machine-assisted WIP datum
GAME.EXE	0x80012c5c	0x145c	0x4	pointer	ghidra-defined		pointer	Ghidra-12.0.4/ghidra_psx_ldr-2026.07.08	machine-assisted WIP datum
GAME.EXE	0x80012c60	0x1460	0x4	pointer	ghidra-defined		pointer	Ghidra-12.0.4/ghidra_psx_ldr-2026.07.08	machine-assisted WIP datum
GAME.EXE	0x80012c64	0x1464	0x4	pointer	ghidra-defined		pointer	Ghidra-12.0.4/ghidra_psx_ldr-2026.07.08	machine-assisted WIP datum
GAME.EXE	0x80012c68	0x1468	0x4	pointer	ghidra-defined		pointer	Ghidra-12.0.4/ghidra_psx_ldr-2026.07.08	machine-assisted WIP datum
GAME.EXE	0x80012c6c	0x146c	0x4	pointer	ghidra-defined		pointer	Ghidra-12.0.4/ghidra_psx_ldr-2026.07.08	machine-assisted WIP datum
GAME.EXE	0x80012c70	0x1470	0x4	pointer	ghidra-defined		pointer	Ghidra-12.0.4/ghidra_psx_ldr-2026.07.08	machine-assisted WIP datum
GAME.EXE	0x80012c74	0x1474	0x4	pointer	ghidra-defined		pointer	Ghidra-12.0.4/ghidra_psx_ldr-2026.07.08	machine-assisted WIP datum
GAME.EXE	0x80012c78	0x1478	0x4	pointer	ghidra-defined		pointer	Ghidra-12.0.4/ghidra_psx_ldr-2026.07.08	machine-assisted WIP datum
GAME.EXE	0x80012c7c	0x147c	0x4	pointer	ghidra-defined		pointer	Ghidra-12.0.4/ghidra_psx_ldr-2026.07.08	machine-assisted WIP datum
GAME.EXE	0x80012c80	0x1480	0x4	pointer	ghidra-defined		pointer	Ghidra-12.0.4/ghidra_psx_ldr-2026.07.08	machine-assisted WIP datum
GAME.EXE	0x80012c84	0x1484	0x4	pointer	ghidra-defined		pointer	Ghidra-12.0.4/ghidra_psx_ldr-2026.07.08	machine-assisted WIP datum
GAME.EXE	0x80012c88	0x1488	0x4	pointer	ghidra-defined		pointer	Ghidra-12.0.4/ghidra_psx_ldr-2026.07.08	machine-assisted WIP datum
GAME.EXE	0x80012c8c	0x148c	0x4	pointer	ghidra-defined		pointer	Ghidra-12.0.4/ghidra_psx_ldr-2026.07.08	machine-assisted WIP datum
GAME.EXE	0x80012c90	0x1490	0x4	pointer	ghidra-defined		pointer	Ghidra-12.0.4/ghidra_psx_ldr-2026.07.08	machine-assisted WIP datum
GAME.EXE	0x80012c94	0x1494	0x4	pointer	ghidra-defined		pointer	Ghidra-12.0.4/ghidra_psx_ldr-2026.07.08	machine-assisted WIP datum
GAME.EXE	0x80012c98	0x1498	0x4	pointer	ghidra-defined		pointer	Ghidra-12.0.4/ghidra_psx_ldr-2026.07.08	machine-assisted WIP datum
GAME.EXE	0x80012c9c	0x149c	0x4	pointer	ghidra-defined		pointer	Ghidra-12.0.4/ghidra_psx_ldr-2026.07.08	machine-assisted WIP datum
GAME.EXE	0x80012ca0	0x14a0	0x4	pointer	ghidra-defined		pointer	Ghidra-12.0.4/ghidra_psx_ldr-2026.07.08	machine-assisted WIP datum
GAME.EXE	0x80012ca4	0x14a4	0x4	pointer	ghidra-defined		pointer	Ghidra-12.0.4/ghidra_psx_ldr-2026.07.08	machine-assisted WIP datum
GAME.EXE	0x80012ca8	0x14a8	0x4	pointer	ghidra-defined		pointer	Ghidra-12.0.4/ghidra_psx_ldr-2026.07.08	machine-assisted WIP datum
GAME.EXE	0x80012cac	0x14ac	0x4	pointer	ghidra-defined		pointer	Ghidra-12.0.4/ghidra_psx_ldr-2026.07.08	machine-assisted WIP datum
GAME.EXE	0x80012cb0	0x14b0	0x4	pointer	ghidra-defined		pointer	Ghidra-12.0.4/ghidra_psx_ldr-2026.07.08	machine-assisted WIP datum
GAME.EXE	0x80012cb4	0x14b4	0x4	pointer	ghidra-defined		pointer	Ghidra-12.0.4/ghidra_psx_ldr-2026.07.08	machine-assisted WIP datum
GAME.EXE	0x80012cb8	0x14b8	0x4	pointer	ghidra-defined		pointer	Ghidra-12.0.4/ghidra_psx_ldr-2026.07.08	machine-assisted WIP datum
GAME.EXE	0x80012cbc	0x14bc	0x4	pointer	ghidra-defined		pointer	Ghidra-12.0.4/ghidra_psx_ldr-2026.07.08	machine-assisted WIP datum
GAME.EXE	0x80012cc0	0x14c0	0x4	pointer	ghidra-defined		pointer	Ghidra-12.0.4/ghidra_psx_ldr-2026.07.08	machine-assisted WIP datum
GAME.EXE	0x80012cc4	0x14c4	0x4	pointer	ghidra-defined		pointer	Ghidra-12.0.4/ghidra_psx_ldr-2026.07.08	machine-assisted WIP datum
GAME.EXE	0x80012cc8	0x14c8	0x4	pointer	ghidra-defined		pointer	Ghidra-12.0.4/ghidra_psx_ldr-2026.07.08	machine-assisted WIP datum
GAME.EXE	0x80012ccc	0x14cc	0x4	pointer	ghidra-defined		pointer	Ghidra-12.0.4/ghidra_psx_ldr-2026.07.08	machine-assisted WIP datum
GAME.EXE	0x80012cd0	0x14d0	0x4	pointer	ghidra-defined		pointer	Ghidra-12.0.4/ghidra_psx_ldr-2026.07.08	machine-assisted WIP datum
GAME.EXE	0x80012cd4	0x14d4	0x4	pointer	ghidra-defined		pointer	Ghidra-12.0.4/ghidra_psx_ldr-2026.07.08	machine-assisted WIP datum
GAME.EXE	0x80012cd8	0x14d8	0x4	pointer	ghidra-defined		pointer	Ghidra-12.0.4/ghidra_psx_ldr-2026.07.08	machine-assisted WIP datum
GAME.EXE	0x80012cdc	0x14dc	0x4	unclassified	coverage-gap			payload-complement	may contain missed code, tables, constants, padding, or writable data
GAME.EXE	0x80012ce0	0x14e0	0x4	pointer	ghidra-defined		pointer	Ghidra-12.0.4/ghidra_psx_ldr-2026.07.08	machine-assisted WIP datum
GAME.EXE	0x80012ce4	0x14e4	0x4	pointer	ghidra-defined		pointer	Ghidra-12.0.4/ghidra_psx_ldr-2026.07.08	machine-assisted WIP datum
GAME.EXE	0x80012ce8	0x14e8	0x4	pointer	ghidra-defined		pointer	Ghidra-12.0.4/ghidra_psx_ldr-2026.07.08	machine-assisted WIP datum
GAME.EXE	0x80012cec	0x14ec	0x4	pointer	ghidra-defined		pointer	Ghidra-12.0.4/ghidra_psx_ldr-2026.07.08	machine-assisted WIP datum
GAME.EXE	0x80012cf0	0x14f0	0x4	pointer	ghidra-defined		pointer	Ghidra-12.0.4/ghidra_psx_ldr-2026.07.08	machine-assisted WIP datum
GAME.EXE	0x80012cf4	0x14f4	0x4	pointer	ghidra-defined		pointer	Ghidra-12.0.4/ghidra_psx_ldr-2026.07.08	machine-assisted WIP datum
GAME.EXE	0x80012cf8	0x14f8	0x4	pointer	ghidra-defined		pointer	Ghidra-12.0.4/ghidra_psx_ldr-2026.07.08	machine-assisted WIP datum
GAME.EXE	0x80012cfc	0x14fc	0x4	pointer	ghidra-defined		pointer	Ghidra-12.0.4/ghidra_psx_ldr-2026.07.08	machine-assisted WIP datum
GAME.EXE	0x80012d00	0x1500	0x4	pointer	ghidra-defined		pointer	Ghidra-12.0.4/ghidra_psx_ldr-2026.07.08	machine-assisted WIP datum
GAME.EXE	0x80012d04	0x1504	0x4	pointer	ghidra-defined		pointer	Ghidra-12.0.4/ghidra_psx_ldr-2026.07.08	machine-assisted WIP datum
GAME.EXE	0x80012d08	0x1508	0x4	pointer	ghidra-defined		pointer	Ghidra-12.0.4/ghidra_psx_ldr-2026.07.08	machine-assisted WIP datum
GAME.EXE	0x80012d0c	0x150c	0x4	pointer	ghidra-defined		pointer	Ghidra-12.0.4/ghidra_psx_ldr-2026.07.08	machine-assisted WIP datum
GAME.EXE	0x80012d10	0x1510	0x4	pointer	ghidra-defined		pointer	Ghidra-12.0.4/ghidra_psx_ldr-2026.07.08	machine-assisted WIP datum
GAME.EXE	0x80012d14	0x1514	0x4	pointer	ghidra-defined		pointer	Ghidra-12.0.4/ghidra_psx_ldr-2026.07.08	machine-assisted WIP datum
GAME.EXE	0x80012d18	0x1518	0x4	pointer	ghidra-defined		pointer	Ghidra-12.0.4/ghidra_psx_ldr-2026.07.08	machine-assisted WIP datum
GAME.EXE	0x80012d1c	0x151c	0x4	pointer	ghidra-defined		pointer	Ghidra-12.0.4/ghidra_psx_ldr-2026.07.08	machine-assisted WIP datum
GAME.EXE	0x80012d20	0x1520	0x4	pointer	ghidra-defined		pointer	Ghidra-12.0.4/ghidra_psx_ldr-2026.07.08	machine-assisted WIP datum
GAME.EXE	0x80012d24	0x1524	0x4	pointer	ghidra-defined		pointer	Ghidra-12.0.4/ghidra_psx_ldr-2026.07.08	machine-assisted WIP datum
GAME.EXE	0x80012d28	0x1528	0x4	pointer	ghidra-defined		pointer	Ghidra-12.0.4/ghidra_psx_ldr-2026.07.08	machine-assisted WIP datum
GAME.EXE	0x80012d2c	0x152c	0x4	pointer	ghidra-defined		pointer	Ghidra-12.0.4/ghidra_psx_ldr-2026.07.08	machine-assisted WIP datum
GAME.EXE	0x80012d30	0x1530	0x4	pointer	ghidra-defined		pointer	Ghidra-12.0.4/ghidra_psx_ldr-2026.07.08	machine-assisted WIP datum
GAME.EXE	0x80012d34	0x1534	0x4	pointer	ghidra-defined		pointer	Ghidra-12.0.4/ghidra_psx_ldr-2026.07.08	machine-assisted WIP datum
GAME.EXE	0x80012d38	0x1538	0x4	pointer	ghidra-defined		pointer	Ghidra-12.0.4/ghidra_psx_ldr-2026.07.08	machine-assisted WIP datum
GAME.EXE	0x80012d3c	0x153c	0x4	pointer	ghidra-defined		pointer	Ghidra-12.0.4/ghidra_psx_ldr-2026.07.08	machine-assisted WIP datum
GAME.EXE	0x80012d40	0x1540	0x4	pointer	ghidra-defined		pointer	Ghidra-12.0.4/ghidra_psx_ldr-2026.07.08	machine-assisted WIP datum
GAME.EXE	0x80012d44	0x1544	0x4	pointer	ghidra-defined		pointer	Ghidra-12.0.4/ghidra_psx_ldr-2026.07.08	machine-assisted WIP datum
GAME.EXE	0x80012d48	0x1548	0x4	pointer	ghidra-defined		pointer	Ghidra-12.0.4/ghidra_psx_ldr-2026.07.08	machine-assisted WIP datum
GAME.EXE	0x80012d4c	0x154c	0x4	pointer	ghidra-defined		pointer	Ghidra-12.0.4/ghidra_psx_ldr-2026.07.08	machine-assisted WIP datum
GAME.EXE	0x80012d50	0x1550	0x4	pointer	ghidra-defined		pointer	Ghidra-12.0.4/ghidra_psx_ldr-2026.07.08	machine-assisted WIP datum
GAME.EXE	0x80012d54	0x1554	0x4	pointer	ghidra-defined		pointer	Ghidra-12.0.4/ghidra_psx_ldr-2026.07.08	machine-assisted WIP datum
GAME.EXE	0x80012d58	0x1558	0x4	pointer	ghidra-defined		pointer	Ghidra-12.0.4/ghidra_psx_ldr-2026.07.08	machine-assisted WIP datum
GAME.EXE	0x80012d5c	0x155c	0x4	pointer	ghidra-defined		pointer	Ghidra-12.0.4/ghidra_psx_ldr-2026.07.08	machine-assisted WIP datum
GAME.EXE	0x80012d60	0x1560	0x4	pointer	ghidra-defined		pointer	Ghidra-12.0.4/ghidra_psx_ldr-2026.07.08	machine-assisted WIP datum
GAME.EXE	0x80012d64	0x1564	0x4	pointer	ghidra-defined		pointer	Ghidra-12.0.4/ghidra_psx_ldr-2026.07.08	machine-assisted WIP datum
GAME.EXE	0x80012d68	0x1568	0x4	pointer	ghidra-defined		pointer	Ghidra-12.0.4/ghidra_psx_ldr-2026.07.08	machine-assisted WIP datum
GAME.EXE	0x80012d6c	0x156c	0x4	pointer	ghidra-defined		pointer	Ghidra-12.0.4/ghidra_psx_ldr-2026.07.08	machine-assisted WIP datum
GAME.EXE	0x80012d70	0x1570	0x4	pointer	ghidra-defined		pointer	Ghidra-12.0.4/ghidra_psx_ldr-2026.07.08	machine-assisted WIP datum
GAME.EXE	0x80012d74	0x1574	0x4	pointer	ghidra-defined		pointer	Ghidra-12.0.4/ghidra_psx_ldr-2026.07.08	machine-assisted WIP datum
GAME.EXE	0x80012d78	0x1578	0x4	pointer	ghidra-defined		pointer	Ghidra-12.0.4/ghidra_psx_ldr-2026.07.08	machine-assisted WIP datum
GAME.EXE	0x80012d7c	0x157c	0x4	pointer	ghidra-defined		pointer	Ghidra-12.0.4/ghidra_psx_ldr-2026.07.08	machine-assisted WIP datum
GAME.EXE	0x80012d80	0x1580	0x4	pointer	ghidra-defined		pointer	Ghidra-12.0.4/ghidra_psx_ldr-2026.07.08	machine-assisted WIP datum
GAME.EXE	0x80012d84	0x1584	0x4	pointer	ghidra-defined		pointer	Ghidra-12.0.4/ghidra_psx_ldr-2026.07.08	machine-assisted WIP datum
GAME.EXE	0x80012d88	0x1588	0x4	pointer	ghidra-defined		pointer	Ghidra-12.0.4/ghidra_psx_ldr-2026.07.08	machine-assisted WIP datum
GAME.EXE	0x80012d8c	0x158c	0x4	pointer	ghidra-defined		pointer	Ghidra-12.0.4/ghidra_psx_ldr-2026.07.08	machine-assisted WIP datum
GAME.EXE	0x80012d90	0x1590	0x4	pointer	ghidra-defined		pointer	Ghidra-12.0.4/ghidra_psx_ldr-2026.07.08	machine-assisted WIP datum
GAME.EXE	0x80012d94	0x1594	0x4	pointer	ghidra-defined		pointer	Ghidra-12.0.4/ghidra_psx_ldr-2026.07.08	machine-assisted WIP datum
GAME.EXE	0x80012d98	0x1598	0x4	pointer	ghidra-defined		pointer	Ghidra-12.0.4/ghidra_psx_ldr-2026.07.08	machine-assisted WIP datum
GAME.EXE	0x80012d9c	0x159c	0x4	pointer	ghidra-defined		pointer	Ghidra-12.0.4/ghidra_psx_ldr-2026.07.08	machine-assisted WIP datum
GAME.EXE	0x80012da0	0x15a0	0x4	pointer	ghidra-defined		pointer	Ghidra-12.0.4/ghidra_psx_ldr-2026.07.08	machine-assisted WIP datum
GAME.EXE	0x80012da4	0x15a4	0x4	pointer	ghidra-defined		pointer	Ghidra-12.0.4/ghidra_psx_ldr-2026.07.08	machine-assisted WIP datum
GAME.EXE	0x80012da8	0x15a8	0x4	pointer	ghidra-defined		pointer	Ghidra-12.0.4/ghidra_psx_ldr-2026.07.08	machine-assisted WIP datum
GAME.EXE	0x80012dac	0x15ac	0x4	pointer	ghidra-defined		pointer	Ghidra-12.0.4/ghidra_psx_ldr-2026.07.08	machine-assisted WIP datum
GAME.EXE	0x80012db0	0x15b0	0x4	pointer	ghidra-defined		pointer	Ghidra-12.0.4/ghidra_psx_ldr-2026.07.08	machine-assisted WIP datum
GAME.EXE	0x80012db4	0x15b4	0x4	pointer	ghidra-defined		pointer	Ghidra-12.0.4/ghidra_psx_ldr-2026.07.08	machine-assisted WIP datum
GAME.EXE	0x80012db8	0x15b8	0x4	pointer	ghidra-defined		pointer	Ghidra-12.0.4/ghidra_psx_ldr-2026.07.08	machine-assisted WIP datum
GAME.EXE	0x80012dbc	0x15bc	0x4	unclassified	coverage-gap			payload-complement	may contain missed code, tables, constants, padding, or writable data
GAME.EXE	0x80012dc0	0x15c0	0x4	pointer	ghidra-defined		pointer	Ghidra-12.0.4/ghidra_psx_ldr-2026.07.08	machine-assisted WIP datum
GAME.EXE	0x80012dc4	0x15c4	0x4	pointer	ghidra-defined		pointer	Ghidra-12.0.4/ghidra_psx_ldr-2026.07.08	machine-assisted WIP datum
GAME.EXE	0x80012dc8	0x15c8	0x4	pointer	ghidra-defined		pointer	Ghidra-12.0.4/ghidra_psx_ldr-2026.07.08	machine-assisted WIP datum
GAME.EXE	0x80012dcc	0x15cc	0x4	pointer	ghidra-defined		pointer	Ghidra-12.0.4/ghidra_psx_ldr-2026.07.08	machine-assisted WIP datum
GAME.EXE	0x80012dd0	0x15d0	0x4	pointer	ghidra-defined		pointer	Ghidra-12.0.4/ghidra_psx_ldr-2026.07.08	machine-assisted WIP datum
GAME.EXE	0x80012dd4	0x15d4	0xe	string	byte-pattern		ascii	investigation:string-census	escaped text: DEBUG STOP !!!
GAME.EXE	0x80012de2	0x15e2	0x2	unclassified	coverage-gap			payload-complement	may contain missed code, tables, constants, padding, or writable data
GAME.EXE	0x80012de4	0x15e4	0x8	string	byte-pattern		ascii	investigation:string-census	escaped text: CdlReadS
GAME.EXE	0x80012dec	0x15ec	0x4	unclassified	coverage-gap			payload-complement	may contain missed code, tables, constants, padding, or writable data
GAME.EXE	0x80012df0	0x15f0	0xb	string	byte-pattern		ascii	investigation:string-census	escaped text: CdlGetclock
GAME.EXE	0x80012dfb	0x15fb	0x1	unclassified	coverage-gap			payload-complement	may contain missed code, tables, constants, padding, or writable data
GAME.EXE	0x80012dfc	0x15fc	0xb	string	byte-pattern		ascii	investigation:string-census	escaped text: CdlSetclock
GAME.EXE	0x80012e07	0x1607	0x1	unclassified	coverage-gap			payload-complement	may contain missed code, tables, constants, padding, or writable data
GAME.EXE	0x80012e08	0x1608	0x8	string	byte-pattern		ascii	investigation:string-census	escaped text: CdlSeekP
GAME.EXE	0x80012e10	0x1610	0x4	unclassified	coverage-gap			payload-complement	may contain missed code, tables, constants, padding, or writable data
GAME.EXE	0x80012e14	0x1614	0x8	string	byte-pattern		ascii	investigation:string-census	escaped text: CdlSeekL
GAME.EXE	0x80012e1c	0x161c	0x4	unclassified	coverage-gap			payload-complement	may contain missed code, tables, constants, padding, or writable data
GAME.EXE	0x80012e20	0x1620	0x8	string	byte-pattern		ascii	investigation:string-census	escaped text: CdlGetTD
GAME.EXE	0x80012e28	0x1628	0x4	unclassified	coverage-gap			payload-complement	may contain missed code, tables, constants, padding, or writable data
GAME.EXE	0x80012e2c	0x162c	0x8	string	byte-pattern		ascii	investigation:string-census	escaped text: CdlGetTN
GAME.EXE	0x80012e34	0x1634	0x4	unclassified	coverage-gap			payload-complement	may contain missed code, tables, constants, padding, or writable data
GAME.EXE	0x80012e38	0x1638	0x8	string	byte-pattern		ascii	investigation:string-census	escaped text: CdlReadT
GAME.EXE	0x80012e40	0x1640	0x4	unclassified	coverage-gap			payload-complement	may contain missed code, tables, constants, padding, or writable data
GAME.EXE	0x80012e44	0x1644	0xa	string	byte-pattern		ascii	investigation:string-census	escaped text: CdlGetlocP
GAME.EXE	0x80012e4e	0x164e	0x2	unclassified	coverage-gap			payload-complement	may contain missed code, tables, constants, padding, or writable data
GAME.EXE	0x80012e50	0x1650	0xa	string	byte-pattern		ascii	investigation:string-census	escaped text: CdlGetlocL
GAME.EXE	0x80012e5a	0x165a	0x2	unclassified	coverage-gap			payload-complement	may contain missed code, tables, constants, padding, or writable data
GAME.EXE	0x80012e5c	0x165c	0xb	string	byte-pattern		ascii	investigation:string-census	escaped text: CdlGetparam
GAME.EXE	0x80012e67	0x1667	0x1	unclassified	coverage-gap			payload-complement	may contain missed code, tables, constants, padding, or writable data
GAME.EXE	0x80012e68	0x1668	0xa	string	byte-pattern		ascii	investigation:string-census	escaped text: CdlSetmode
GAME.EXE	0x80012e72	0x1672	0x2	unclassified	coverage-gap			payload-complement	may contain missed code, tables, constants, padding, or writable data
GAME.EXE	0x80012e74	0x1674	0xc	string	byte-pattern		ascii	investigation:string-census	escaped text: CdlSetfilter
GAME.EXE	0x80012e80	0x1680	0x4	unclassified	coverage-gap			payload-complement	may contain missed code, tables, constants, padding, or writable data
GAME.EXE	0x80012e84	0x1684	0x9	string	byte-pattern		ascii	investigation:string-census	escaped text: CdlDemute
GAME.EXE	0x80012e8d	0x168d	0x3	unclassified	coverage-gap			payload-complement	may contain missed code, tables, constants, padding, or writable data
GAME.EXE	0x80012e90	0x1690	0x8	string	byte-pattern		ascii	investigation:string-census	escaped text: CdlReset
GAME.EXE	0x80012e98	0x1698	0x4	unclassified	coverage-gap			payload-complement	may contain missed code, tables, constants, padding, or writable data
GAME.EXE	0x80012e9c	0x169c	0x8	string	byte-pattern		ascii	investigation:string-census	escaped text: CdlPause
GAME.EXE	0x80012ea4	0x16a4	0x4	unclassified	coverage-gap			payload-complement	may contain missed code, tables, constants, padding, or writable data
GAME.EXE	0x80012ea8	0x16a8	0xa	string	byte-pattern		ascii	investigation:string-census	escaped text: CdlStandby
GAME.EXE	0x80012eb2	0x16b2	0x2	unclassified	coverage-gap			payload-complement	may contain missed code, tables, constants, padding, or writable data
GAME.EXE	0x80012eb4	0x16b4	0x8	string	byte-pattern		ascii	investigation:string-census	escaped text: CdlReadN
GAME.EXE	0x80012ebc	0x16bc	0x4	unclassified	coverage-gap			payload-complement	may contain missed code, tables, constants, padding, or writable data
GAME.EXE	0x80012ec0	0x16c0	0xb	string	byte-pattern		ascii	investigation:string-census	escaped text: CdlBackword
GAME.EXE	0x80012ecb	0x16cb	0x1	unclassified	coverage-gap			payload-complement	may contain missed code, tables, constants, padding, or writable data
GAME.EXE	0x80012ecc	0x16cc	0xa	string	byte-pattern		ascii	investigation:string-census	escaped text: CdlForward
GAME.EXE	0x80012ed6	0x16d6	0x2	unclassified	coverage-gap			payload-complement	may contain missed code, tables, constants, padding, or writable data
GAME.EXE	0x80012ed8	0x16d8	0x9	string	byte-pattern		ascii	investigation:string-census	escaped text: CdlSetloc
GAME.EXE	0x80012ee1	0x16e1	0x3	unclassified	coverage-gap			payload-complement	may contain missed code, tables, constants, padding, or writable data
GAME.EXE	0x80012ee4	0x16e4	0x9	string	byte-pattern		ascii	investigation:string-census	escaped text: DiskError
GAME.EXE	0x80012eed	0x16ed	0x3	unclassified	coverage-gap			payload-complement	may contain missed code, tables, constants, padding, or writable data
GAME.EXE	0x80012ef0	0x16f0	0xb	string	byte-pattern		ascii	investigation:string-census	escaped text: Acknowledge
GAME.EXE	0x80012efb	0x16fb	0x1	unclassified	coverage-gap			payload-complement	may contain missed code, tables, constants, padding, or writable data
GAME.EXE	0x80012efc	0x16fc	0x8	string	byte-pattern		ascii	investigation:string-census	escaped text: Complete
GAME.EXE	0x80012f04	0x1704	0x4	unclassified	coverage-gap			payload-complement	may contain missed code, tables, constants, padding, or writable data
GAME.EXE	0x80012f08	0x1708	0x9	string	byte-pattern		ascii	investigation:string-census	escaped text: DataReady
GAME.EXE	0x80012f11	0x1711	0x3	unclassified	coverage-gap			payload-complement	may contain missed code, tables, constants, padding, or writable data
GAME.EXE	0x80012f14	0x1714	0xb	string	byte-pattern		ascii	investigation:string-census	escaped text: %s: timeout
GAME.EXE	0x80012f1f	0x171f	0x5	unclassified	coverage-gap			payload-complement	may contain missed code, tables, constants, padding, or writable data
GAME.EXE	0x80012f24	0x1724	0x4	pointer	ghidra-defined		pointer	Ghidra-12.0.4/ghidra_psx_ldr-2026.07.08	machine-assisted WIP datum
GAME.EXE	0x80012f28	0x1728	0x4	pointer	ghidra-defined		pointer	Ghidra-12.0.4/ghidra_psx_ldr-2026.07.08	machine-assisted WIP datum
GAME.EXE	0x80012f2c	0x172c	0x4	pointer	ghidra-defined		pointer	Ghidra-12.0.4/ghidra_psx_ldr-2026.07.08	machine-assisted WIP datum
GAME.EXE	0x80012f30	0x1730	0x4	pointer	ghidra-defined		pointer	Ghidra-12.0.4/ghidra_psx_ldr-2026.07.08	machine-assisted WIP datum
GAME.EXE	0x80012f34	0x1734	0x4	pointer	ghidra-defined		pointer	Ghidra-12.0.4/ghidra_psx_ldr-2026.07.08	machine-assisted WIP datum
GAME.EXE	0x80012f38	0x1738	0x17	string	byte-pattern		ascii	investigation:string-census	escaped text: CD_sync: %s: DiskError:
GAME.EXE	0x80012f4f	0x174f	0x5	unclassified	coverage-gap			payload-complement	may contain missed code, tables, constants, padding, or writable data
GAME.EXE	0x80012f54	0x1754	0x10	string	byte-pattern		ascii	investigation:string-census	escaped text: CD_ready: %s: %s
GAME.EXE	0x80012f64	0x1764	0x4	unclassified	coverage-gap			payload-complement	may contain missed code, tables, constants, padding, or writable data
GAME.EXE	0x80012f68	0x1768	0x11	string	byte-pattern		ascii	investigation:string-census	escaped text: CD_ready: %s (%d)
GAME.EXE	0x80012f79	0x1779	0x3	unclassified	coverage-gap			payload-complement	may contain missed code, tables, constants, padding, or writable data
GAME.EXE	0x80012f7c	0x177c	0xd	string	byte-pattern		ascii	investigation:string-census	escaped text: %s: DiskError
GAME.EXE	0x80012f89	0x1789	0x3	unclassified	coverage-gap			payload-complement	may contain missed code, tables, constants, padding, or writable data
GAME.EXE	0x80012f8c	0x178c	0x8	string	byte-pattern		ascii	investigation:string-census	escaped text: [%s] ...
GAME.EXE	0x80012f94	0x1794	0x4	unclassified	coverage-gap			payload-complement	may contain missed code, tables, constants, padding, or writable data
GAME.EXE	0x80012f98	0x1798	0xd	string	byte-pattern		ascii	investigation:string-census	escaped text: %s: bad param
GAME.EXE	0x80012fa5	0x17a5	0x3	unclassified	coverage-gap			payload-complement	may contain missed code, tables, constants, padding, or writable data
GAME.EXE	0x80012fa8	0x17a8	0x18	string	byte-pattern		ascii	investigation:string-census	escaped text: CD_readm: skipping %s...
GAME.EXE	0x80012fc0	0x17c0	0x4	unclassified	coverage-gap			payload-complement	may contain missed code, tables, constants, padding, or writable data
GAME.EXE	0x80012fc4	0x17c4	0x1b	string	byte-pattern		ascii	investigation:string-census	escaped text: CD_readm: error (sector=%d)
GAME.EXE	0x80012fdf	0x17df	0x5	unclassified	coverage-gap			payload-complement	may contain missed code, tables, constants, padding, or writable data
GAME.EXE	0x80012fe4	0x17e4	0x23	string	byte-pattern		ascii	investigation:string-census	escaped text: CD_sarchfile: path level (%d) error
GAME.EXE	0x80013007	0x1807	0x5	unclassified	coverage-gap			payload-complement	may contain missed code, tables, constants, padding, or writable data
GAME.EXE	0x8001300c	0x180c	0x24	string	byte-pattern		ascii	investigation:string-census	escaped text: CD_sarchfile: dir (%s) was not found
GAME.EXE	0x80013030	0x1830	0x4	unclassified	coverage-gap			payload-complement	may contain missed code, tables, constants, padding, or writable data
GAME.EXE	0x80013034	0x1834	0x18	string	byte-pattern		ascii	investigation:string-census	escaped text: CD_sarchfile: disc error
GAME.EXE	0x8001304c	0x184c	0x4	unclassified	coverage-gap			payload-complement	may contain missed code, tables, constants, padding, or writable data
GAME.EXE	0x80013050	0x1850	0x1d	string	byte-pattern		ascii	investigation:string-census	escaped text: CD_sarchfile: searching %s...
GAME.EXE	0x8001306d	0x186d	0x3	unclassified	coverage-gap			payload-complement	may contain missed code, tables, constants, padding, or writable data
GAME.EXE	0x80013070	0x1870	0x18	string	byte-pattern		ascii	investigation:string-census	escaped text: CD_searchifile: %s found
GAME.EXE	0x80013088	0x1888	0x4	unclassified	coverage-gap			payload-complement	may contain missed code, tables, constants, padding, or writable data
GAME.EXE	0x8001308c	0x188c	0x1b	string	byte-pattern		ascii	investigation:string-census	escaped text: CD_searchfile: %s not found
GAME.EXE	0x800130a7	0x18a7	0x5	unclassified	coverage-gap			payload-complement	may contain missed code, tables, constants, padding, or writable data
GAME.EXE	0x800130ac	0x18ac	0x29	string	byte-pattern		ascii	investigation:string-census	escaped text: CD_newmedia: Read error in cd_read( PVD )
GAME.EXE	0x800130d5	0x18d5	0x3	unclassified	coverage-gap			payload-complement	may contain missed code, tables, constants, padding, or writable data
GAME.EXE	0x800130d8	0x18d8	0x30	string	byte-pattern		ascii	investigation:string-census	escaped text: CD_newmedia: Disc format error in cd_read( PVD )
GAME.EXE	0x80013108	0x1908	0x4	unclassified	coverage-gap			payload-complement	may contain missed code, tables, constants, padding, or writable data
GAME.EXE	0x8001310c	0x190c	0x23	string	byte-pattern		ascii	investigation:string-census	escaped text: CD_newmedia: Read error ( PT:%08x )
GAME.EXE	0x8001312f	0x192f	0x5	unclassified	coverage-gap			payload-complement	may contain missed code, tables, constants, padding, or writable data
GAME.EXE	0x80013134	0x1934	0x1b	string	byte-pattern		ascii	investigation:string-census	escaped text: CD_newmedia: sarching dir..
GAME.EXE	0x8001314f	0x194f	0x5	unclassified	coverage-gap			payload-complement	may contain missed code, tables, constants, padding, or writable data
GAME.EXE	0x80013154	0x1954	0x12	string	byte-pattern		ascii	investigation:string-census	escaped text: \t%08x,%04x,%04x,%s
GAME.EXE	0x80013166	0x1966	0x2	unclassified	coverage-gap			payload-complement	may contain missed code, tables, constants, padding, or writable data
GAME.EXE	0x80013168	0x1968	0x21	string	byte-pattern		ascii	investigation:string-census	escaped text: CD_newmedia: %d dir entries found
GAME.EXE	0x80013189	0x1989	0x3	unclassified	coverage-gap			payload-complement	may contain missed code, tables, constants, padding, or writable data
GAME.EXE	0x8001318c	0x198c	0x1b	string	byte-pattern		ascii	investigation:string-census	escaped text: CD_cachefile: dir not found
GAME.EXE	0x800131a7	0x19a7	0x5	unclassified	coverage-gap			payload-complement	may contain missed code, tables, constants, padding, or writable data
GAME.EXE	0x800131ac	0x19ac	0x1a	string	byte-pattern		ascii	investigation:string-census	escaped text: CD_cachefile: searching...
GAME.EXE	0x800131c6	0x19c6	0x2	unclassified	coverage-gap			payload-complement	may contain missed code, tables, constants, padding, or writable data
GAME.EXE	0x800131c8	0x19c8	0x18	string	byte-pattern		ascii	investigation:string-census	escaped text: \t(%02x:%02x:%02x) %8d %s
GAME.EXE	0x800131e0	0x19e0	0x4	unclassified	coverage-gap			payload-complement	may contain missed code, tables, constants, padding, or writable data
GAME.EXE	0x800131e4	0x19e4	0x1c	string	byte-pattern		ascii	investigation:string-census	escaped text: CD_cachefile: %d files found
GAME.EXE	0x80013200	0x1a00	0x4	unclassified	coverage-gap			payload-complement	may contain missed code, tables, constants, padding, or writable data
GAME.EXE	0x80013204	0x1a04	0x2a	string	byte-pattern		ascii	investigation:string-census	escaped text: cd_read: (%02x:%02x:%02x), %d sector(s)...
GAME.EXE	0x8001322e	0x1a2e	0x2	unclassified	coverage-gap			payload-complement	may contain missed code, tables, constants, padding, or writable data
GAME.EXE	0x80013230	0x1a30	0x2b	string	byte-pattern		ascii	investigation:string-census	escaped text: Final Sector is on %08x %08x %08x %04x %04x
GAME.EXE	0x8001325b	0x1a5b	0x5	unclassified	coverage-gap			payload-complement	may contain missed code, tables, constants, padding, or writable data
GAME.EXE	0x80013260	0x1a60	0x13	string	byte-pattern		ascii	investigation:string-census	escaped text: DMA STATUS ERROR %x
GAME.EXE	0x80013273	0x1a73	0x5	unclassified	coverage-gap			payload-complement	may contain missed code, tables, constants, padding, or writable data
GAME.EXE	0x80013278	0x1a78	0x12	string	byte-pattern		ascii	investigation:string-census	escaped text: SPU : Timeout [%s]
GAME.EXE	0x8001328a	0x1a8a	0x2	unclassified	coverage-gap			payload-complement	may contain missed code, tables, constants, padding, or writable data
GAME.EXE	0x8001328c	0x1a8c	0xc	string	byte-pattern		ascii	investigation:string-census	escaped text: wait (reset)
GAME.EXE	0x80013298	0x1a98	0x4	unclassified	coverage-gap			payload-complement	may contain missed code, tables, constants, padding, or writable data
GAME.EXE	0x8001329c	0x1a9c	0x1b	string	byte-pattern		ascii	investigation:string-census	escaped text: wait (dmaf clear/W [start])
GAME.EXE	0x800132b7	0x1ab7	0x1	unclassified	coverage-gap			payload-complement	may contain missed code, tables, constants, padding, or writable data
GAME.EXE	0x800132b8	0x1ab8	0x10	string	byte-pattern		ascii	investigation:string-census	escaped text: wait (tsa/W-I/O)
GAME.EXE	0x800132c8	0x1ac8	0x4	unclassified	coverage-gap			payload-complement	may contain missed code, tables, constants, padding, or writable data
GAME.EXE	0x800132cc	0x1acc	0x12	string	byte-pattern		ascii	investigation:string-census	escaped text: wait (wrdy H -> L)
GAME.EXE	0x800132de	0x1ade	0x2	unclassified	coverage-gap			payload-complement	may contain missed code, tables, constants, padding, or writable data
GAME.EXE	0x800132e0	0x1ae0	0x13	string	byte-pattern		ascii	investigation:string-census	escaped text: wait (dmaf clear/W)
GAME.EXE	0x800132f3	0x1af3	0x1	unclassified	coverage-gap			payload-complement	may contain missed code, tables, constants, padding, or writable data
GAME.EXE	0x800132f4	0x1af4	0x12	string	byte-pattern		ascii	investigation:string-census	escaped text: wait (ioctl/tsa-1)
GAME.EXE	0x80013306	0x1b06	0x2	unclassified	coverage-gap			payload-complement	may contain missed code, tables, constants, padding, or writable data
GAME.EXE	0x80013308	0x1b08	0x12	string	byte-pattern		ascii	investigation:string-census	escaped text: wait (ioctl/tsa-2)
GAME.EXE	0x8001331a	0x1b1a	0x6	unclassified	coverage-gap			payload-complement	may contain missed code, tables, constants, padding, or writable data
GAME.EXE	0x80013320	0x1b20	0x4	pointer	ghidra-defined		pointer	Ghidra-12.0.4/ghidra_psx_ldr-2026.07.08	machine-assisted WIP datum
GAME.EXE	0x80013324	0x1b24	0x4	pointer	ghidra-defined		pointer	Ghidra-12.0.4/ghidra_psx_ldr-2026.07.08	machine-assisted WIP datum
GAME.EXE	0x80013328	0x1b28	0x4	pointer	ghidra-defined		pointer	Ghidra-12.0.4/ghidra_psx_ldr-2026.07.08	machine-assisted WIP datum
GAME.EXE	0x8001332c	0x1b2c	0x4	pointer	ghidra-defined		pointer	Ghidra-12.0.4/ghidra_psx_ldr-2026.07.08	machine-assisted WIP datum
GAME.EXE	0x80013330	0x1b30	0x4	pointer	ghidra-defined		pointer	Ghidra-12.0.4/ghidra_psx_ldr-2026.07.08	machine-assisted WIP datum
GAME.EXE	0x80013334	0x1b34	0x4	pointer	ghidra-defined		pointer	Ghidra-12.0.4/ghidra_psx_ldr-2026.07.08	machine-assisted WIP datum
GAME.EXE	0x80013338	0x1b38	0x4	pointer	ghidra-defined		pointer	Ghidra-12.0.4/ghidra_psx_ldr-2026.07.08	machine-assisted WIP datum
GAME.EXE	0x8001333c	0x1b3c	0x4	pointer	ghidra-defined		pointer	Ghidra-12.0.4/ghidra_psx_ldr-2026.07.08	machine-assisted WIP datum
GAME.EXE	0x80013340	0x1b40	0x4	pointer	ghidra-defined		pointer	Ghidra-12.0.4/ghidra_psx_ldr-2026.07.08	machine-assisted WIP datum
GAME.EXE	0x80013344	0x1b44	0x4	pointer	ghidra-defined		pointer	Ghidra-12.0.4/ghidra_psx_ldr-2026.07.08	machine-assisted WIP datum
GAME.EXE	0x80013348	0x1b48	0x4	pointer	ghidra-defined		pointer	Ghidra-12.0.4/ghidra_psx_ldr-2026.07.08	machine-assisted WIP datum
GAME.EXE	0x8001334c	0x1b4c	0x4	pointer	ghidra-defined		pointer	Ghidra-12.0.4/ghidra_psx_ldr-2026.07.08	machine-assisted WIP datum
GAME.EXE	0x80013350	0x1b50	0x4	pointer	ghidra-defined		pointer	Ghidra-12.0.4/ghidra_psx_ldr-2026.07.08	machine-assisted WIP datum
GAME.EXE	0x80013354	0x1b54	0x4	pointer	ghidra-defined		pointer	Ghidra-12.0.4/ghidra_psx_ldr-2026.07.08	machine-assisted WIP datum
GAME.EXE	0x80013358	0x1b58	0x4	pointer	ghidra-defined		pointer	Ghidra-12.0.4/ghidra_psx_ldr-2026.07.08	machine-assisted WIP datum
GAME.EXE	0x8001335c	0x1b5c	0x4	pointer	ghidra-defined		pointer	Ghidra-12.0.4/ghidra_psx_ldr-2026.07.08	machine-assisted WIP datum
GAME.EXE	0x80013360	0x1b60	0x4	pointer	ghidra-defined		pointer	Ghidra-12.0.4/ghidra_psx_ldr-2026.07.08	machine-assisted WIP datum
GAME.EXE	0x80013364	0x1b64	0x4	pointer	ghidra-defined		pointer	Ghidra-12.0.4/ghidra_psx_ldr-2026.07.08	machine-assisted WIP datum
GAME.EXE	0x80013368	0x1b68	0x4	pointer	ghidra-defined		pointer	Ghidra-12.0.4/ghidra_psx_ldr-2026.07.08	machine-assisted WIP datum
GAME.EXE	0x8001336c	0x1b6c	0x4	pointer	ghidra-defined		pointer	Ghidra-12.0.4/ghidra_psx_ldr-2026.07.08	machine-assisted WIP datum
GAME.EXE	0x80013370	0x1b70	0x4	pointer	ghidra-defined		pointer	Ghidra-12.0.4/ghidra_psx_ldr-2026.07.08	machine-assisted WIP datum
GAME.EXE	0x80013374	0x1b74	0x4	pointer	ghidra-defined		pointer	Ghidra-12.0.4/ghidra_psx_ldr-2026.07.08	machine-assisted WIP datum
GAME.EXE	0x80013378	0x1b78	0x4	pointer	ghidra-defined		pointer	Ghidra-12.0.4/ghidra_psx_ldr-2026.07.08	machine-assisted WIP datum
GAME.EXE	0x8001337c	0x1b7c	0x4	pointer	ghidra-defined		pointer	Ghidra-12.0.4/ghidra_psx_ldr-2026.07.08	machine-assisted WIP datum
GAME.EXE	0x80013380	0x1b80	0x4	pointer	ghidra-defined		pointer	Ghidra-12.0.4/ghidra_psx_ldr-2026.07.08	machine-assisted WIP datum
GAME.EXE	0x80013384	0x1b84	0x4	pointer	ghidra-defined		pointer	Ghidra-12.0.4/ghidra_psx_ldr-2026.07.08	machine-assisted WIP datum
GAME.EXE	0x80013388	0x1b88	0x4	pointer	ghidra-defined		pointer	Ghidra-12.0.4/ghidra_psx_ldr-2026.07.08	machine-assisted WIP datum
GAME.EXE	0x8001338c	0x1b8c	0x4	pointer	ghidra-defined		pointer	Ghidra-12.0.4/ghidra_psx_ldr-2026.07.08	machine-assisted WIP datum
GAME.EXE	0x80013390	0x1b90	0x4	pointer	ghidra-defined		pointer	Ghidra-12.0.4/ghidra_psx_ldr-2026.07.08	machine-assisted WIP datum
GAME.EXE	0x80013394	0x1b94	0x4	pointer	ghidra-defined		pointer	Ghidra-12.0.4/ghidra_psx_ldr-2026.07.08	machine-assisted WIP datum
GAME.EXE	0x80013398	0x1b98	0x4	pointer	ghidra-defined		pointer	Ghidra-12.0.4/ghidra_psx_ldr-2026.07.08	machine-assisted WIP datum
GAME.EXE	0x8001339c	0x1b9c	0x4	pointer	ghidra-defined		pointer	Ghidra-12.0.4/ghidra_psx_ldr-2026.07.08	machine-assisted WIP datum
GAME.EXE	0x800133a0	0x1ba0	0x4	pointer	ghidra-defined		pointer	Ghidra-12.0.4/ghidra_psx_ldr-2026.07.08	machine-assisted WIP datum
GAME.EXE	0x800133a4	0x1ba4	0x4	pointer	ghidra-defined		pointer	Ghidra-12.0.4/ghidra_psx_ldr-2026.07.08	machine-assisted WIP datum
GAME.EXE	0x800133a8	0x1ba8	0x4	pointer	ghidra-defined		pointer	Ghidra-12.0.4/ghidra_psx_ldr-2026.07.08	machine-assisted WIP datum
GAME.EXE	0x800133ac	0x1bac	0x4	pointer	ghidra-defined		pointer	Ghidra-12.0.4/ghidra_psx_ldr-2026.07.08	machine-assisted WIP datum
GAME.EXE	0x800133b0	0x1bb0	0x4	pointer	ghidra-defined		pointer	Ghidra-12.0.4/ghidra_psx_ldr-2026.07.08	machine-assisted WIP datum
GAME.EXE	0x800133b4	0x1bb4	0x4	pointer	ghidra-defined		pointer	Ghidra-12.0.4/ghidra_psx_ldr-2026.07.08	machine-assisted WIP datum
GAME.EXE	0x800133b8	0x1bb8	0x4	pointer	ghidra-defined		pointer	Ghidra-12.0.4/ghidra_psx_ldr-2026.07.08	machine-assisted WIP datum
GAME.EXE	0x800133bc	0x1bbc	0x4	pointer	ghidra-defined		pointer	Ghidra-12.0.4/ghidra_psx_ldr-2026.07.08	machine-assisted WIP datum
GAME.EXE	0x800133c0	0x1bc0	0x4	pointer	ghidra-defined		pointer	Ghidra-12.0.4/ghidra_psx_ldr-2026.07.08	machine-assisted WIP datum
GAME.EXE	0x800133c4	0x1bc4	0x4	pointer	ghidra-defined		pointer	Ghidra-12.0.4/ghidra_psx_ldr-2026.07.08	machine-assisted WIP datum
GAME.EXE	0x800133c8	0x1bc8	0x4	pointer	ghidra-defined		pointer	Ghidra-12.0.4/ghidra_psx_ldr-2026.07.08	machine-assisted WIP datum
GAME.EXE	0x800133cc	0x1bcc	0x4	pointer	ghidra-defined		pointer	Ghidra-12.0.4/ghidra_psx_ldr-2026.07.08	machine-assisted WIP datum
GAME.EXE	0x800133d0	0x1bd0	0x4	pointer	ghidra-defined		pointer	Ghidra-12.0.4/ghidra_psx_ldr-2026.07.08	machine-assisted WIP datum
GAME.EXE	0x800133d4	0x1bd4	0x4	pointer	ghidra-defined		pointer	Ghidra-12.0.4/ghidra_psx_ldr-2026.07.08	machine-assisted WIP datum
GAME.EXE	0x800133d8	0x1bd8	0x4	pointer	ghidra-defined		pointer	Ghidra-12.0.4/ghidra_psx_ldr-2026.07.08	machine-assisted WIP datum
GAME.EXE	0x800133dc	0x1bdc	0x4	pointer	ghidra-defined		pointer	Ghidra-12.0.4/ghidra_psx_ldr-2026.07.08	machine-assisted WIP datum
GAME.EXE	0x800133e0	0x1be0	0x4	pointer	ghidra-defined		pointer	Ghidra-12.0.4/ghidra_psx_ldr-2026.07.08	machine-assisted WIP datum
GAME.EXE	0x800133e4	0x1be4	0x4	pointer	ghidra-defined		pointer	Ghidra-12.0.4/ghidra_psx_ldr-2026.07.08	machine-assisted WIP datum
GAME.EXE	0x800133e8	0x1be8	0x4	pointer	ghidra-defined		pointer	Ghidra-12.0.4/ghidra_psx_ldr-2026.07.08	machine-assisted WIP datum
GAME.EXE	0x800133ec	0x1bec	0x4	pointer	ghidra-defined		pointer	Ghidra-12.0.4/ghidra_psx_ldr-2026.07.08	machine-assisted WIP datum
GAME.EXE	0x800133f0	0x1bf0	0x4	pointer	ghidra-defined		pointer	Ghidra-12.0.4/ghidra_psx_ldr-2026.07.08	machine-assisted WIP datum
GAME.EXE	0x800133f4	0x1bf4	0x4	pointer	ghidra-defined		pointer	Ghidra-12.0.4/ghidra_psx_ldr-2026.07.08	machine-assisted WIP datum
GAME.EXE	0x800133f8	0x1bf8	0x4	pointer	ghidra-defined		pointer	Ghidra-12.0.4/ghidra_psx_ldr-2026.07.08	machine-assisted WIP datum
GAME.EXE	0x800133fc	0x1bfc	0x4	pointer	ghidra-defined		pointer	Ghidra-12.0.4/ghidra_psx_ldr-2026.07.08	machine-assisted WIP datum
GAME.EXE	0x80013400	0x1c00	0x4	pointer	ghidra-defined		pointer	Ghidra-12.0.4/ghidra_psx_ldr-2026.07.08	machine-assisted WIP datum
GAME.EXE	0x80013404	0x1c04	0x4	pointer	ghidra-defined		pointer	Ghidra-12.0.4/ghidra_psx_ldr-2026.07.08	machine-assisted WIP datum
GAME.EXE	0x80013408	0x1c08	0x4	pointer	ghidra-defined		pointer	Ghidra-12.0.4/ghidra_psx_ldr-2026.07.08	machine-assisted WIP datum
GAME.EXE	0x8001340c	0x1c0c	0x4	pointer	ghidra-defined		pointer	Ghidra-12.0.4/ghidra_psx_ldr-2026.07.08	machine-assisted WIP datum
GAME.EXE	0x80013410	0x1c10	0x4	pointer	ghidra-defined		pointer	Ghidra-12.0.4/ghidra_psx_ldr-2026.07.08	machine-assisted WIP datum
GAME.EXE	0x80013414	0x1c14	0x4	pointer	ghidra-defined		pointer	Ghidra-12.0.4/ghidra_psx_ldr-2026.07.08	machine-assisted WIP datum
GAME.EXE	0x80013418	0x1c18	0x4	pointer	ghidra-defined		pointer	Ghidra-12.0.4/ghidra_psx_ldr-2026.07.08	machine-assisted WIP datum
GAME.EXE	0x8001341c	0x1c1c	0x4	pointer	ghidra-defined		pointer	Ghidra-12.0.4/ghidra_psx_ldr-2026.07.08	machine-assisted WIP datum
GAME.EXE	0x80013420	0x1c20	0x4	pointer	ghidra-defined		pointer	Ghidra-12.0.4/ghidra_psx_ldr-2026.07.08	machine-assisted WIP datum
GAME.EXE	0x80013424	0x1c24	0x4	pointer	ghidra-defined		pointer	Ghidra-12.0.4/ghidra_psx_ldr-2026.07.08	machine-assisted WIP datum
GAME.EXE	0x80013428	0x1c28	0x4	pointer	ghidra-defined		pointer	Ghidra-12.0.4/ghidra_psx_ldr-2026.07.08	machine-assisted WIP datum
GAME.EXE	0x8001342c	0x1c2c	0x4	pointer	ghidra-defined		pointer	Ghidra-12.0.4/ghidra_psx_ldr-2026.07.08	machine-assisted WIP datum
GAME.EXE	0x80013430	0x1c30	0x4	pointer	ghidra-defined		pointer	Ghidra-12.0.4/ghidra_psx_ldr-2026.07.08	machine-assisted WIP datum
GAME.EXE	0x80013434	0x1c34	0x4	pointer	ghidra-defined		pointer	Ghidra-12.0.4/ghidra_psx_ldr-2026.07.08	machine-assisted WIP datum
GAME.EXE	0x80013438	0x1c38	0x4	pointer	ghidra-defined		pointer	Ghidra-12.0.4/ghidra_psx_ldr-2026.07.08	machine-assisted WIP datum
GAME.EXE	0x8001343c	0x1c3c	0x4	pointer	ghidra-defined		pointer	Ghidra-12.0.4/ghidra_psx_ldr-2026.07.08	machine-assisted WIP datum
GAME.EXE	0x80013440	0x1c40	0x4	pointer	ghidra-defined		pointer	Ghidra-12.0.4/ghidra_psx_ldr-2026.07.08	machine-assisted WIP datum
GAME.EXE	0x80013444	0x1c44	0x4	pointer	ghidra-defined		pointer	Ghidra-12.0.4/ghidra_psx_ldr-2026.07.08	machine-assisted WIP datum
GAME.EXE	0x80013448	0x1c48	0x4	pointer	ghidra-defined		pointer	Ghidra-12.0.4/ghidra_psx_ldr-2026.07.08	machine-assisted WIP datum
GAME.EXE	0x8001344c	0x1c4c	0x4	pointer	ghidra-defined		pointer	Ghidra-12.0.4/ghidra_psx_ldr-2026.07.08	machine-assisted WIP datum
GAME.EXE	0x80013450	0x1c50	0x4	pointer	ghidra-defined		pointer	Ghidra-12.0.4/ghidra_psx_ldr-2026.07.08	machine-assisted WIP datum
GAME.EXE	0x80013454	0x1c54	0x4	pointer	ghidra-defined		pointer	Ghidra-12.0.4/ghidra_psx_ldr-2026.07.08	machine-assisted WIP datum
GAME.EXE	0x80013458	0x1c58	0x4	pointer	ghidra-defined		pointer	Ghidra-12.0.4/ghidra_psx_ldr-2026.07.08	machine-assisted WIP datum
GAME.EXE	0x8001345c	0x1c5c	0x4	pointer	ghidra-defined		pointer	Ghidra-12.0.4/ghidra_psx_ldr-2026.07.08	machine-assisted WIP datum
GAME.EXE	0x80013460	0x1c60	0x4	pointer	ghidra-defined		pointer	Ghidra-12.0.4/ghidra_psx_ldr-2026.07.08	machine-assisted WIP datum
GAME.EXE	0x80013464	0x1c64	0x4	pointer	ghidra-defined		pointer	Ghidra-12.0.4/ghidra_psx_ldr-2026.07.08	machine-assisted WIP datum
GAME.EXE	0x80013468	0x1c68	0x4	pointer	ghidra-defined		pointer	Ghidra-12.0.4/ghidra_psx_ldr-2026.07.08	machine-assisted WIP datum
GAME.EXE	0x8001346c	0x1c6c	0x4	pointer	ghidra-defined		pointer	Ghidra-12.0.4/ghidra_psx_ldr-2026.07.08	machine-assisted WIP datum
GAME.EXE	0x80013470	0x1c70	0x4	pointer	ghidra-defined		pointer	Ghidra-12.0.4/ghidra_psx_ldr-2026.07.08	machine-assisted WIP datum
GAME.EXE	0x80013474	0x1c74	0x4	pointer	ghidra-defined		pointer	Ghidra-12.0.4/ghidra_psx_ldr-2026.07.08	machine-assisted WIP datum
GAME.EXE	0x80013478	0x1c78	0x4	pointer	ghidra-defined		pointer	Ghidra-12.0.4/ghidra_psx_ldr-2026.07.08	machine-assisted WIP datum
GAME.EXE	0x8001347c	0x1c7c	0x4	pointer	ghidra-defined		pointer	Ghidra-12.0.4/ghidra_psx_ldr-2026.07.08	machine-assisted WIP datum
GAME.EXE	0x80013480	0x1c80	0x4	pointer	ghidra-defined		pointer	Ghidra-12.0.4/ghidra_psx_ldr-2026.07.08	machine-assisted WIP datum
GAME.EXE	0x80013484	0x1c84	0x4	pointer	ghidra-defined		pointer	Ghidra-12.0.4/ghidra_psx_ldr-2026.07.08	machine-assisted WIP datum
GAME.EXE	0x80013488	0x1c88	0x4	pointer	ghidra-defined		pointer	Ghidra-12.0.4/ghidra_psx_ldr-2026.07.08	machine-assisted WIP datum
GAME.EXE	0x8001348c	0x1c8c	0x4	pointer	ghidra-defined		pointer	Ghidra-12.0.4/ghidra_psx_ldr-2026.07.08	machine-assisted WIP datum
GAME.EXE	0x80013490	0x1c90	0x4	pointer	ghidra-defined		pointer	Ghidra-12.0.4/ghidra_psx_ldr-2026.07.08	machine-assisted WIP datum
GAME.EXE	0x80013494	0x1c94	0x4	pointer	ghidra-defined		pointer	Ghidra-12.0.4/ghidra_psx_ldr-2026.07.08	machine-assisted WIP datum
GAME.EXE	0x80013498	0x1c98	0x4	pointer	ghidra-defined		pointer	Ghidra-12.0.4/ghidra_psx_ldr-2026.07.08	machine-assisted WIP datum
GAME.EXE	0x8001349c	0x1c9c	0x4	pointer	ghidra-defined		pointer	Ghidra-12.0.4/ghidra_psx_ldr-2026.07.08	machine-assisted WIP datum
GAME.EXE	0x800134a0	0x1ca0	0x4	pointer	ghidra-defined		pointer	Ghidra-12.0.4/ghidra_psx_ldr-2026.07.08	machine-assisted WIP datum
GAME.EXE	0x800134a4	0x1ca4	0x4	pointer	ghidra-defined		pointer	Ghidra-12.0.4/ghidra_psx_ldr-2026.07.08	machine-assisted WIP datum
GAME.EXE	0x800134a8	0x1ca8	0x4	pointer	ghidra-defined		pointer	Ghidra-12.0.4/ghidra_psx_ldr-2026.07.08	machine-assisted WIP datum
GAME.EXE	0x800134ac	0x1cac	0x4	pointer	ghidra-defined		pointer	Ghidra-12.0.4/ghidra_psx_ldr-2026.07.08	machine-assisted WIP datum
GAME.EXE	0x800134b0	0x1cb0	0x4	pointer	ghidra-defined		pointer	Ghidra-12.0.4/ghidra_psx_ldr-2026.07.08	machine-assisted WIP datum
GAME.EXE	0x800134b4	0x1cb4	0x4	pointer	ghidra-defined		pointer	Ghidra-12.0.4/ghidra_psx_ldr-2026.07.08	machine-assisted WIP datum
GAME.EXE	0x800134b8	0x1cb8	0x4	pointer	ghidra-defined		pointer	Ghidra-12.0.4/ghidra_psx_ldr-2026.07.08	machine-assisted WIP datum
GAME.EXE	0x800134bc	0x1cbc	0x4	pointer	ghidra-defined		pointer	Ghidra-12.0.4/ghidra_psx_ldr-2026.07.08	machine-assisted WIP datum
GAME.EXE	0x800134c0	0x1cc0	0x4	pointer	ghidra-defined		pointer	Ghidra-12.0.4/ghidra_psx_ldr-2026.07.08	machine-assisted WIP datum
GAME.EXE	0x800134c4	0x1cc4	0x4	pointer	ghidra-defined		pointer	Ghidra-12.0.4/ghidra_psx_ldr-2026.07.08	machine-assisted WIP datum
GAME.EXE	0x800134c8	0x1cc8	0x4	pointer	ghidra-defined		pointer	Ghidra-12.0.4/ghidra_psx_ldr-2026.07.08	machine-assisted WIP datum
GAME.EXE	0x800134cc	0x1ccc	0x4	pointer	ghidra-defined		pointer	Ghidra-12.0.4/ghidra_psx_ldr-2026.07.08	machine-assisted WIP datum
GAME.EXE	0x800134d0	0x1cd0	0x4	pointer	ghidra-defined		pointer	Ghidra-12.0.4/ghidra_psx_ldr-2026.07.08	machine-assisted WIP datum
GAME.EXE	0x800134d4	0x1cd4	0x4	pointer	ghidra-defined		pointer	Ghidra-12.0.4/ghidra_psx_ldr-2026.07.08	machine-assisted WIP datum
GAME.EXE	0x800134d8	0x1cd8	0x4	pointer	ghidra-defined		pointer	Ghidra-12.0.4/ghidra_psx_ldr-2026.07.08	machine-assisted WIP datum
GAME.EXE	0x800134dc	0x1cdc	0x4	pointer	ghidra-defined		pointer	Ghidra-12.0.4/ghidra_psx_ldr-2026.07.08	machine-assisted WIP datum
GAME.EXE	0x800134e0	0x1ce0	0x4	pointer	ghidra-defined		pointer	Ghidra-12.0.4/ghidra_psx_ldr-2026.07.08	machine-assisted WIP datum
GAME.EXE	0x800134e4	0x1ce4	0x4	pointer	ghidra-defined		pointer	Ghidra-12.0.4/ghidra_psx_ldr-2026.07.08	machine-assisted WIP datum
GAME.EXE	0x800134e8	0x1ce8	0x4	pointer	ghidra-defined		pointer	Ghidra-12.0.4/ghidra_psx_ldr-2026.07.08	machine-assisted WIP datum
GAME.EXE	0x800134ec	0x1cec	0x4	pointer	ghidra-defined		pointer	Ghidra-12.0.4/ghidra_psx_ldr-2026.07.08	machine-assisted WIP datum
GAME.EXE	0x800134f0	0x1cf0	0x4	pointer	ghidra-defined		pointer	Ghidra-12.0.4/ghidra_psx_ldr-2026.07.08	machine-assisted WIP datum
GAME.EXE	0x800134f4	0x1cf4	0x4	pointer	ghidra-defined		pointer	Ghidra-12.0.4/ghidra_psx_ldr-2026.07.08	machine-assisted WIP datum
GAME.EXE	0x800134f8	0x1cf8	0x4	pointer	ghidra-defined		pointer	Ghidra-12.0.4/ghidra_psx_ldr-2026.07.08	machine-assisted WIP datum
GAME.EXE	0x800134fc	0x1cfc	0x4	pointer	ghidra-defined		pointer	Ghidra-12.0.4/ghidra_psx_ldr-2026.07.08	machine-assisted WIP datum
GAME.EXE	0x80013500	0x1d00	0x4	pointer	ghidra-defined		pointer	Ghidra-12.0.4/ghidra_psx_ldr-2026.07.08	machine-assisted WIP datum
GAME.EXE	0x80013504	0x1d04	0x4	pointer	ghidra-defined		pointer	Ghidra-12.0.4/ghidra_psx_ldr-2026.07.08	machine-assisted WIP datum
GAME.EXE	0x80013508	0x1d08	0x4	pointer	ghidra-defined		pointer	Ghidra-12.0.4/ghidra_psx_ldr-2026.07.08	machine-assisted WIP datum
GAME.EXE	0x8001350c	0x1d0c	0x4	pointer	ghidra-defined		pointer	Ghidra-12.0.4/ghidra_psx_ldr-2026.07.08	machine-assisted WIP datum
GAME.EXE	0x80013510	0x1d10	0x4	pointer	ghidra-defined		pointer	Ghidra-12.0.4/ghidra_psx_ldr-2026.07.08	machine-assisted WIP datum
GAME.EXE	0x80013514	0x1d14	0x4	pointer	ghidra-defined		pointer	Ghidra-12.0.4/ghidra_psx_ldr-2026.07.08	machine-assisted WIP datum
GAME.EXE	0x80013518	0x1d18	0x4	pointer	ghidra-defined		pointer	Ghidra-12.0.4/ghidra_psx_ldr-2026.07.08	machine-assisted WIP datum
GAME.EXE	0x8001351c	0x1d1c	0x4	pointer	ghidra-defined		pointer	Ghidra-12.0.4/ghidra_psx_ldr-2026.07.08	machine-assisted WIP datum
GAME.EXE	0x80013520	0x1d20	0x4	pointer	ghidra-defined		pointer	Ghidra-12.0.4/ghidra_psx_ldr-2026.07.08	machine-assisted WIP datum
GAME.EXE	0x80013524	0x1d24	0x4	pointer	ghidra-defined		pointer	Ghidra-12.0.4/ghidra_psx_ldr-2026.07.08	machine-assisted WIP datum
GAME.EXE	0x80013528	0x1d28	0x4	pointer	ghidra-defined		pointer	Ghidra-12.0.4/ghidra_psx_ldr-2026.07.08	machine-assisted WIP datum
GAME.EXE	0x8001352c	0x1d2c	0x4	pointer	ghidra-defined		pointer	Ghidra-12.0.4/ghidra_psx_ldr-2026.07.08	machine-assisted WIP datum
GAME.EXE	0x80013530	0x1d30	0x4	pointer	ghidra-defined		pointer	Ghidra-12.0.4/ghidra_psx_ldr-2026.07.08	machine-assisted WIP datum
GAME.EXE	0x80013534	0x1d34	0x4	pointer	ghidra-defined		pointer	Ghidra-12.0.4/ghidra_psx_ldr-2026.07.08	machine-assisted WIP datum
GAME.EXE	0x80013538	0x1d38	0x4	pointer	ghidra-defined		pointer	Ghidra-12.0.4/ghidra_psx_ldr-2026.07.08	machine-assisted WIP datum
GAME.EXE	0x8001353c	0x1d3c	0x4	pointer	ghidra-defined		pointer	Ghidra-12.0.4/ghidra_psx_ldr-2026.07.08	machine-assisted WIP datum
GAME.EXE	0x80013540	0x1d40	0x4	pointer	ghidra-defined		pointer	Ghidra-12.0.4/ghidra_psx_ldr-2026.07.08	machine-assisted WIP datum
GAME.EXE	0x80013544	0x1d44	0x4	pointer	ghidra-defined		pointer	Ghidra-12.0.4/ghidra_psx_ldr-2026.07.08	machine-assisted WIP datum
GAME.EXE	0x80013548	0x1d48	0x4	pointer	ghidra-defined		pointer	Ghidra-12.0.4/ghidra_psx_ldr-2026.07.08	machine-assisted WIP datum
GAME.EXE	0x8001354c	0x1d4c	0x4	pointer	ghidra-defined		pointer	Ghidra-12.0.4/ghidra_psx_ldr-2026.07.08	machine-assisted WIP datum
GAME.EXE	0x80013550	0x1d50	0x4	pointer	ghidra-defined		pointer	Ghidra-12.0.4/ghidra_psx_ldr-2026.07.08	machine-assisted WIP datum
GAME.EXE	0x80013554	0x1d54	0x4	pointer	ghidra-defined		pointer	Ghidra-12.0.4/ghidra_psx_ldr-2026.07.08	machine-assisted WIP datum
GAME.EXE	0x80013558	0x1d58	0x4	pointer	ghidra-defined		pointer	Ghidra-12.0.4/ghidra_psx_ldr-2026.07.08	machine-assisted WIP datum
GAME.EXE	0x8001355c	0x1d5c	0x4	pointer	ghidra-defined		pointer	Ghidra-12.0.4/ghidra_psx_ldr-2026.07.08	machine-assisted WIP datum
GAME.EXE	0x80013560	0x1d60	0x4	pointer	ghidra-defined		pointer	Ghidra-12.0.4/ghidra_psx_ldr-2026.07.08	machine-assisted WIP datum
GAME.EXE	0x80013564	0x1d64	0x4	pointer	ghidra-defined		pointer	Ghidra-12.0.4/ghidra_psx_ldr-2026.07.08	machine-assisted WIP datum
GAME.EXE	0x80013568	0x1d68	0x4	pointer	ghidra-defined		pointer	Ghidra-12.0.4/ghidra_psx_ldr-2026.07.08	machine-assisted WIP datum
GAME.EXE	0x8001356c	0x1d6c	0x4	pointer	ghidra-defined		pointer	Ghidra-12.0.4/ghidra_psx_ldr-2026.07.08	machine-assisted WIP datum
GAME.EXE	0x80013570	0x1d70	0x4	pointer	ghidra-defined		pointer	Ghidra-12.0.4/ghidra_psx_ldr-2026.07.08	machine-assisted WIP datum
GAME.EXE	0x80013574	0x1d74	0x4	pointer	ghidra-defined		pointer	Ghidra-12.0.4/ghidra_psx_ldr-2026.07.08	machine-assisted WIP datum
GAME.EXE	0x80013578	0x1d78	0x4	pointer	ghidra-defined		pointer	Ghidra-12.0.4/ghidra_psx_ldr-2026.07.08	machine-assisted WIP datum
GAME.EXE	0x8001357c	0x1d7c	0x4	pointer	ghidra-defined		pointer	Ghidra-12.0.4/ghidra_psx_ldr-2026.07.08	machine-assisted WIP datum
GAME.EXE	0x80013580	0x1d80	0x4	pointer	ghidra-defined		pointer	Ghidra-12.0.4/ghidra_psx_ldr-2026.07.08	machine-assisted WIP datum
GAME.EXE	0x80013584	0x1d84	0x4	pointer	ghidra-defined		pointer	Ghidra-12.0.4/ghidra_psx_ldr-2026.07.08	machine-assisted WIP datum
GAME.EXE	0x80013588	0x1d88	0x4	pointer	ghidra-defined		pointer	Ghidra-12.0.4/ghidra_psx_ldr-2026.07.08	machine-assisted WIP datum
GAME.EXE	0x8001358c	0x1d8c	0x4	pointer	ghidra-defined		pointer	Ghidra-12.0.4/ghidra_psx_ldr-2026.07.08	machine-assisted WIP datum
GAME.EXE	0x80013590	0x1d90	0x4	pointer	ghidra-defined		pointer	Ghidra-12.0.4/ghidra_psx_ldr-2026.07.08	machine-assisted WIP datum
GAME.EXE	0x80013594	0x1d94	0x4	pointer	ghidra-defined		pointer	Ghidra-12.0.4/ghidra_psx_ldr-2026.07.08	machine-assisted WIP datum
GAME.EXE	0x80013598	0x1d98	0x4	pointer	ghidra-defined		pointer	Ghidra-12.0.4/ghidra_psx_ldr-2026.07.08	machine-assisted WIP datum
GAME.EXE	0x8001359c	0x1d9c	0x4	pointer	ghidra-defined		pointer	Ghidra-12.0.4/ghidra_psx_ldr-2026.07.08	machine-assisted WIP datum
GAME.EXE	0x800135a0	0x1da0	0x4	pointer	ghidra-defined		pointer	Ghidra-12.0.4/ghidra_psx_ldr-2026.07.08	machine-assisted WIP datum
GAME.EXE	0x800135a4	0x1da4	0x4	pointer	ghidra-defined		pointer	Ghidra-12.0.4/ghidra_psx_ldr-2026.07.08	machine-assisted WIP datum
GAME.EXE	0x800135a8	0x1da8	0x4	pointer	ghidra-defined		pointer	Ghidra-12.0.4/ghidra_psx_ldr-2026.07.08	machine-assisted WIP datum
GAME.EXE	0x800135ac	0x1dac	0x4	pointer	ghidra-defined		pointer	Ghidra-12.0.4/ghidra_psx_ldr-2026.07.08	machine-assisted WIP datum
GAME.EXE	0x800135b0	0x1db0	0x4	pointer	ghidra-defined		pointer	Ghidra-12.0.4/ghidra_psx_ldr-2026.07.08	machine-assisted WIP datum
GAME.EXE	0x800135b4	0x1db4	0x4	pointer	ghidra-defined		pointer	Ghidra-12.0.4/ghidra_psx_ldr-2026.07.08	machine-assisted WIP datum
GAME.EXE	0x800135b8	0x1db8	0x4	pointer	ghidra-defined		pointer	Ghidra-12.0.4/ghidra_psx_ldr-2026.07.08	machine-assisted WIP datum
GAME.EXE	0x800135bc	0x1dbc	0x4	pointer	ghidra-defined		pointer	Ghidra-12.0.4/ghidra_psx_ldr-2026.07.08	machine-assisted WIP datum
GAME.EXE	0x800135c0	0x1dc0	0x4	pointer	ghidra-defined		pointer	Ghidra-12.0.4/ghidra_psx_ldr-2026.07.08	machine-assisted WIP datum
GAME.EXE	0x800135c4	0x1dc4	0x4	pointer	ghidra-defined		pointer	Ghidra-12.0.4/ghidra_psx_ldr-2026.07.08	machine-assisted WIP datum
GAME.EXE	0x800135c8	0x1dc8	0x4	pointer	ghidra-defined		pointer	Ghidra-12.0.4/ghidra_psx_ldr-2026.07.08	machine-assisted WIP datum
GAME.EXE	0x800135cc	0x1dcc	0x4	pointer	ghidra-defined		pointer	Ghidra-12.0.4/ghidra_psx_ldr-2026.07.08	machine-assisted WIP datum
GAME.EXE	0x800135d0	0x1dd0	0x4	pointer	ghidra-defined		pointer	Ghidra-12.0.4/ghidra_psx_ldr-2026.07.08	machine-assisted WIP datum
GAME.EXE	0x800135d4	0x1dd4	0x4	pointer	ghidra-defined		pointer	Ghidra-12.0.4/ghidra_psx_ldr-2026.07.08	machine-assisted WIP datum
GAME.EXE	0x800135d8	0x1dd8	0x4	pointer	ghidra-defined		pointer	Ghidra-12.0.4/ghidra_psx_ldr-2026.07.08	machine-assisted WIP datum
GAME.EXE	0x800135dc	0x1ddc	0x4	pointer	ghidra-defined		pointer	Ghidra-12.0.4/ghidra_psx_ldr-2026.07.08	machine-assisted WIP datum
GAME.EXE	0x800135e0	0x1de0	0x4	pointer	ghidra-defined		pointer	Ghidra-12.0.4/ghidra_psx_ldr-2026.07.08	machine-assisted WIP datum
GAME.EXE	0x800135e4	0x1de4	0x4	pointer	ghidra-defined		pointer	Ghidra-12.0.4/ghidra_psx_ldr-2026.07.08	machine-assisted WIP datum
GAME.EXE	0x800135e8	0x1de8	0x4	pointer	ghidra-defined		pointer	Ghidra-12.0.4/ghidra_psx_ldr-2026.07.08	machine-assisted WIP datum
GAME.EXE	0x800135ec	0x1dec	0x4	pointer	ghidra-defined		pointer	Ghidra-12.0.4/ghidra_psx_ldr-2026.07.08	machine-assisted WIP datum
GAME.EXE	0x800135f0	0x1df0	0x4	pointer	ghidra-defined		pointer	Ghidra-12.0.4/ghidra_psx_ldr-2026.07.08	machine-assisted WIP datum
GAME.EXE	0x800135f4	0x1df4	0x4	pointer	ghidra-defined		pointer	Ghidra-12.0.4/ghidra_psx_ldr-2026.07.08	machine-assisted WIP datum
GAME.EXE	0x800135f8	0x1df8	0x4	pointer	ghidra-defined		pointer	Ghidra-12.0.4/ghidra_psx_ldr-2026.07.08	machine-assisted WIP datum
GAME.EXE	0x800135fc	0x1dfc	0x4	pointer	ghidra-defined		pointer	Ghidra-12.0.4/ghidra_psx_ldr-2026.07.08	machine-assisted WIP datum
GAME.EXE	0x80013600	0x1e00	0x4	pointer	ghidra-defined		pointer	Ghidra-12.0.4/ghidra_psx_ldr-2026.07.08	machine-assisted WIP datum
GAME.EXE	0x80013604	0x1e04	0x4	pointer	ghidra-defined		pointer	Ghidra-12.0.4/ghidra_psx_ldr-2026.07.08	machine-assisted WIP datum
GAME.EXE	0x80013608	0x1e08	0x4	pointer	ghidra-defined		pointer	Ghidra-12.0.4/ghidra_psx_ldr-2026.07.08	machine-assisted WIP datum
GAME.EXE	0x8001360c	0x1e0c	0x4	pointer	ghidra-defined		pointer	Ghidra-12.0.4/ghidra_psx_ldr-2026.07.08	machine-assisted WIP datum
GAME.EXE	0x80013610	0x1e10	0x4	pointer	ghidra-defined		pointer	Ghidra-12.0.4/ghidra_psx_ldr-2026.07.08	machine-assisted WIP datum
GAME.EXE	0x80013614	0x1e14	0x4	pointer	ghidra-defined		pointer	Ghidra-12.0.4/ghidra_psx_ldr-2026.07.08	machine-assisted WIP datum
GAME.EXE	0x80013618	0x1e18	0x4	pointer	ghidra-defined		pointer	Ghidra-12.0.4/ghidra_psx_ldr-2026.07.08	machine-assisted WIP datum
GAME.EXE	0x8001361c	0x1e1c	0x4	pointer	ghidra-defined		pointer	Ghidra-12.0.4/ghidra_psx_ldr-2026.07.08	machine-assisted WIP datum
GAME.EXE	0x80013620	0x1e20	0x4	pointer	ghidra-defined		pointer	Ghidra-12.0.4/ghidra_psx_ldr-2026.07.08	machine-assisted WIP datum
GAME.EXE	0x80013624	0x1e24	0x4	pointer	ghidra-defined		pointer	Ghidra-12.0.4/ghidra_psx_ldr-2026.07.08	machine-assisted WIP datum
GAME.EXE	0x80013628	0x1e28	0x4	pointer	ghidra-defined		pointer	Ghidra-12.0.4/ghidra_psx_ldr-2026.07.08	machine-assisted WIP datum
GAME.EXE	0x8001362c	0x1e2c	0x4	pointer	ghidra-defined		pointer	Ghidra-12.0.4/ghidra_psx_ldr-2026.07.08	machine-assisted WIP datum
GAME.EXE	0x80013630	0x1e30	0x4	pointer	ghidra-defined		pointer	Ghidra-12.0.4/ghidra_psx_ldr-2026.07.08	machine-assisted WIP datum
GAME.EXE	0x80013634	0x1e34	0x4	pointer	ghidra-defined		pointer	Ghidra-12.0.4/ghidra_psx_ldr-2026.07.08	machine-assisted WIP datum
GAME.EXE	0x80013638	0x1e38	0x4	pointer	ghidra-defined		pointer	Ghidra-12.0.4/ghidra_psx_ldr-2026.07.08	machine-assisted WIP datum
GAME.EXE	0x8001363c	0x1e3c	0x4	pointer	ghidra-defined		pointer	Ghidra-12.0.4/ghidra_psx_ldr-2026.07.08	machine-assisted WIP datum
GAME.EXE	0x80013640	0x1e40	0x4	pointer	ghidra-defined		pointer	Ghidra-12.0.4/ghidra_psx_ldr-2026.07.08	machine-assisted WIP datum
GAME.EXE	0x80013644	0x1e44	0x4	pointer	ghidra-defined		pointer	Ghidra-12.0.4/ghidra_psx_ldr-2026.07.08	machine-assisted WIP datum
GAME.EXE	0x80013648	0x1e48	0x4	pointer	ghidra-defined		pointer	Ghidra-12.0.4/ghidra_psx_ldr-2026.07.08	machine-assisted WIP datum
GAME.EXE	0x8001364c	0x1e4c	0x4	pointer	ghidra-defined		pointer	Ghidra-12.0.4/ghidra_psx_ldr-2026.07.08	machine-assisted WIP datum
GAME.EXE	0x80013650	0x1e50	0x4	pointer	ghidra-defined		pointer	Ghidra-12.0.4/ghidra_psx_ldr-2026.07.08	machine-assisted WIP datum
GAME.EXE	0x80013654	0x1e54	0x4	pointer	ghidra-defined		pointer	Ghidra-12.0.4/ghidra_psx_ldr-2026.07.08	machine-assisted WIP datum
GAME.EXE	0x80013658	0x1e58	0x4	pointer	ghidra-defined		pointer	Ghidra-12.0.4/ghidra_psx_ldr-2026.07.08	machine-assisted WIP datum
GAME.EXE	0x8001365c	0x1e5c	0x4	pointer	ghidra-defined		pointer	Ghidra-12.0.4/ghidra_psx_ldr-2026.07.08	machine-assisted WIP datum
GAME.EXE	0x80013660	0x1e60	0x4	pointer	ghidra-defined		pointer	Ghidra-12.0.4/ghidra_psx_ldr-2026.07.08	machine-assisted WIP datum
GAME.EXE	0x80013664	0x1e64	0x4	pointer	ghidra-defined		pointer	Ghidra-12.0.4/ghidra_psx_ldr-2026.07.08	machine-assisted WIP datum
GAME.EXE	0x80013668	0x1e68	0x4	pointer	ghidra-defined		pointer	Ghidra-12.0.4/ghidra_psx_ldr-2026.07.08	machine-assisted WIP datum
GAME.EXE	0x8001366c	0x1e6c	0x4	pointer	ghidra-defined		pointer	Ghidra-12.0.4/ghidra_psx_ldr-2026.07.08	machine-assisted WIP datum
GAME.EXE	0x80013670	0x1e70	0x4	pointer	ghidra-defined		pointer	Ghidra-12.0.4/ghidra_psx_ldr-2026.07.08	machine-assisted WIP datum
GAME.EXE	0x80013674	0x1e74	0x4	pointer	ghidra-defined		pointer	Ghidra-12.0.4/ghidra_psx_ldr-2026.07.08	machine-assisted WIP datum
GAME.EXE	0x80013678	0x1e78	0x4	pointer	ghidra-defined		pointer	Ghidra-12.0.4/ghidra_psx_ldr-2026.07.08	machine-assisted WIP datum
GAME.EXE	0x8001367c	0x1e7c	0x4	pointer	ghidra-defined		pointer	Ghidra-12.0.4/ghidra_psx_ldr-2026.07.08	machine-assisted WIP datum
GAME.EXE	0x80013680	0x1e80	0x4	pointer	ghidra-defined		pointer	Ghidra-12.0.4/ghidra_psx_ldr-2026.07.08	machine-assisted WIP datum
GAME.EXE	0x80013684	0x1e84	0x4	pointer	ghidra-defined		pointer	Ghidra-12.0.4/ghidra_psx_ldr-2026.07.08	machine-assisted WIP datum
GAME.EXE	0x80013688	0x1e88	0x4	pointer	ghidra-defined		pointer	Ghidra-12.0.4/ghidra_psx_ldr-2026.07.08	machine-assisted WIP datum
GAME.EXE	0x8001368c	0x1e8c	0x4	pointer	ghidra-defined		pointer	Ghidra-12.0.4/ghidra_psx_ldr-2026.07.08	machine-assisted WIP datum
GAME.EXE	0x80013690	0x1e90	0x4	pointer	ghidra-defined		pointer	Ghidra-12.0.4/ghidra_psx_ldr-2026.07.08	machine-assisted WIP datum
GAME.EXE	0x80013694	0x1e94	0x4	pointer	ghidra-defined		pointer	Ghidra-12.0.4/ghidra_psx_ldr-2026.07.08	machine-assisted WIP datum
GAME.EXE	0x80013698	0x1e98	0x4	pointer	ghidra-defined		pointer	Ghidra-12.0.4/ghidra_psx_ldr-2026.07.08	machine-assisted WIP datum
GAME.EXE	0x8001369c	0x1e9c	0x4	pointer	ghidra-defined		pointer	Ghidra-12.0.4/ghidra_psx_ldr-2026.07.08	machine-assisted WIP datum
GAME.EXE	0x800136a0	0x1ea0	0x4	pointer	ghidra-defined		pointer	Ghidra-12.0.4/ghidra_psx_ldr-2026.07.08	machine-assisted WIP datum
GAME.EXE	0x800136a4	0x1ea4	0x4	pointer	ghidra-defined		pointer	Ghidra-12.0.4/ghidra_psx_ldr-2026.07.08	machine-assisted WIP datum
GAME.EXE	0x800136a8	0x1ea8	0x4	pointer	ghidra-defined		pointer	Ghidra-12.0.4/ghidra_psx_ldr-2026.07.08	machine-assisted WIP datum
GAME.EXE	0x800136ac	0x1eac	0x4	pointer	ghidra-defined		pointer	Ghidra-12.0.4/ghidra_psx_ldr-2026.07.08	machine-assisted WIP datum
GAME.EXE	0x800136b0	0x1eb0	0x4	pointer	ghidra-defined		pointer	Ghidra-12.0.4/ghidra_psx_ldr-2026.07.08	machine-assisted WIP datum
GAME.EXE	0x800136b4	0x1eb4	0x4	pointer	ghidra-defined		pointer	Ghidra-12.0.4/ghidra_psx_ldr-2026.07.08	machine-assisted WIP datum
GAME.EXE	0x800136b8	0x1eb8	0x4	pointer	ghidra-defined		pointer	Ghidra-12.0.4/ghidra_psx_ldr-2026.07.08	machine-assisted WIP datum
GAME.EXE	0x800136bc	0x1ebc	0x4	pointer	ghidra-defined		pointer	Ghidra-12.0.4/ghidra_psx_ldr-2026.07.08	machine-assisted WIP datum
GAME.EXE	0x800136c0	0x1ec0	0x4	pointer	ghidra-defined		pointer	Ghidra-12.0.4/ghidra_psx_ldr-2026.07.08	machine-assisted WIP datum
GAME.EXE	0x800136c4	0x1ec4	0x4	pointer	ghidra-defined		pointer	Ghidra-12.0.4/ghidra_psx_ldr-2026.07.08	machine-assisted WIP datum
GAME.EXE	0x800136c8	0x1ec8	0x4	pointer	ghidra-defined		pointer	Ghidra-12.0.4/ghidra_psx_ldr-2026.07.08	machine-assisted WIP datum
GAME.EXE	0x800136cc	0x1ecc	0x4	pointer	ghidra-defined		pointer	Ghidra-12.0.4/ghidra_psx_ldr-2026.07.08	machine-assisted WIP datum
GAME.EXE	0x800136d0	0x1ed0	0x4	pointer	ghidra-defined		pointer	Ghidra-12.0.4/ghidra_psx_ldr-2026.07.08	machine-assisted WIP datum
GAME.EXE	0x800136d4	0x1ed4	0x4	pointer	ghidra-defined		pointer	Ghidra-12.0.4/ghidra_psx_ldr-2026.07.08	machine-assisted WIP datum
GAME.EXE	0x800136d8	0x1ed8	0x4	pointer	ghidra-defined		pointer	Ghidra-12.0.4/ghidra_psx_ldr-2026.07.08	machine-assisted WIP datum
GAME.EXE	0x800136dc	0x1edc	0x4	pointer	ghidra-defined		pointer	Ghidra-12.0.4/ghidra_psx_ldr-2026.07.08	machine-assisted WIP datum
GAME.EXE	0x800136e0	0x1ee0	0x4	pointer	ghidra-defined		pointer	Ghidra-12.0.4/ghidra_psx_ldr-2026.07.08	machine-assisted WIP datum
GAME.EXE	0x800136e4	0x1ee4	0x4	pointer	ghidra-defined		pointer	Ghidra-12.0.4/ghidra_psx_ldr-2026.07.08	machine-assisted WIP datum
GAME.EXE	0x800136e8	0x1ee8	0x4	pointer	ghidra-defined		pointer	Ghidra-12.0.4/ghidra_psx_ldr-2026.07.08	machine-assisted WIP datum
GAME.EXE	0x800136ec	0x1eec	0x4	pointer	ghidra-defined		pointer	Ghidra-12.0.4/ghidra_psx_ldr-2026.07.08	machine-assisted WIP datum
GAME.EXE	0x800136f0	0x1ef0	0x4	pointer	ghidra-defined		pointer	Ghidra-12.0.4/ghidra_psx_ldr-2026.07.08	machine-assisted WIP datum
GAME.EXE	0x800136f4	0x1ef4	0x4	pointer	ghidra-defined		pointer	Ghidra-12.0.4/ghidra_psx_ldr-2026.07.08	machine-assisted WIP datum
GAME.EXE	0x800136f8	0x1ef8	0x4	pointer	ghidra-defined		pointer	Ghidra-12.0.4/ghidra_psx_ldr-2026.07.08	machine-assisted WIP datum
GAME.EXE	0x800136fc	0x1efc	0x4	pointer	ghidra-defined		pointer	Ghidra-12.0.4/ghidra_psx_ldr-2026.07.08	machine-assisted WIP datum
GAME.EXE	0x80013700	0x1f00	0x4	pointer	ghidra-defined		pointer	Ghidra-12.0.4/ghidra_psx_ldr-2026.07.08	machine-assisted WIP datum
GAME.EXE	0x80013704	0x1f04	0x4	pointer	ghidra-defined		pointer	Ghidra-12.0.4/ghidra_psx_ldr-2026.07.08	machine-assisted WIP datum
GAME.EXE	0x80013708	0x1f08	0x4	pointer	ghidra-defined		pointer	Ghidra-12.0.4/ghidra_psx_ldr-2026.07.08	machine-assisted WIP datum
GAME.EXE	0x8001370c	0x1f0c	0x4	pointer	ghidra-defined		pointer	Ghidra-12.0.4/ghidra_psx_ldr-2026.07.08	machine-assisted WIP datum
GAME.EXE	0x80013710	0x1f10	0x4	pointer	ghidra-defined		pointer	Ghidra-12.0.4/ghidra_psx_ldr-2026.07.08	machine-assisted WIP datum
GAME.EXE	0x80013714	0x1f14	0x4	pointer	ghidra-defined		pointer	Ghidra-12.0.4/ghidra_psx_ldr-2026.07.08	machine-assisted WIP datum
GAME.EXE	0x80013718	0x1f18	0x4	pointer	ghidra-defined		pointer	Ghidra-12.0.4/ghidra_psx_ldr-2026.07.08	machine-assisted WIP datum
GAME.EXE	0x8001371c	0x1f1c	0x4	pointer	ghidra-defined		pointer	Ghidra-12.0.4/ghidra_psx_ldr-2026.07.08	machine-assisted WIP datum
GAME.EXE	0x80013720	0x1f20	0x4	pointer	ghidra-defined		pointer	Ghidra-12.0.4/ghidra_psx_ldr-2026.07.08	machine-assisted WIP datum
GAME.EXE	0x80013724	0x1f24	0x4	pointer	ghidra-defined		pointer	Ghidra-12.0.4/ghidra_psx_ldr-2026.07.08	machine-assisted WIP datum
GAME.EXE	0x80013728	0x1f28	0x4	pointer	ghidra-defined		pointer	Ghidra-12.0.4/ghidra_psx_ldr-2026.07.08	machine-assisted WIP datum
GAME.EXE	0x8001372c	0x1f2c	0x4	pointer	ghidra-defined		pointer	Ghidra-12.0.4/ghidra_psx_ldr-2026.07.08	machine-assisted WIP datum
GAME.EXE	0x80013730	0x1f30	0x4	pointer	ghidra-defined		pointer	Ghidra-12.0.4/ghidra_psx_ldr-2026.07.08	machine-assisted WIP datum
GAME.EXE	0x80013734	0x1f34	0x4	pointer	ghidra-defined		pointer	Ghidra-12.0.4/ghidra_psx_ldr-2026.07.08	machine-assisted WIP datum
GAME.EXE	0x80013738	0x1f38	0x4	pointer	ghidra-defined		pointer	Ghidra-12.0.4/ghidra_psx_ldr-2026.07.08	machine-assisted WIP datum
GAME.EXE	0x8001373c	0x1f3c	0x4	pointer	ghidra-defined		pointer	Ghidra-12.0.4/ghidra_psx_ldr-2026.07.08	machine-assisted WIP datum
GAME.EXE	0x80013740	0x1f40	0x4	pointer	ghidra-defined		pointer	Ghidra-12.0.4/ghidra_psx_ldr-2026.07.08	machine-assisted WIP datum
GAME.EXE	0x80013744	0x1f44	0x4	pointer	ghidra-defined		pointer	Ghidra-12.0.4/ghidra_psx_ldr-2026.07.08	machine-assisted WIP datum
GAME.EXE	0x80013748	0x1f48	0x4	pointer	ghidra-defined		pointer	Ghidra-12.0.4/ghidra_psx_ldr-2026.07.08	machine-assisted WIP datum
GAME.EXE	0x8001374c	0x1f4c	0x4	pointer	ghidra-defined		pointer	Ghidra-12.0.4/ghidra_psx_ldr-2026.07.08	machine-assisted WIP datum
GAME.EXE	0x80013750	0x1f50	0x4	pointer	ghidra-defined		pointer	Ghidra-12.0.4/ghidra_psx_ldr-2026.07.08	machine-assisted WIP datum
GAME.EXE	0x80013754	0x1f54	0x4	pointer	ghidra-defined		pointer	Ghidra-12.0.4/ghidra_psx_ldr-2026.07.08	machine-assisted WIP datum
GAME.EXE	0x80013758	0x1f58	0x4	pointer	ghidra-defined		pointer	Ghidra-12.0.4/ghidra_psx_ldr-2026.07.08	machine-assisted WIP datum
GAME.EXE	0x8001375c	0x1f5c	0x4	pointer	ghidra-defined		pointer	Ghidra-12.0.4/ghidra_psx_ldr-2026.07.08	machine-assisted WIP datum
GAME.EXE	0x80013760	0x1f60	0x4	pointer	ghidra-defined		pointer	Ghidra-12.0.4/ghidra_psx_ldr-2026.07.08	machine-assisted WIP datum
GAME.EXE	0x80013764	0x1f64	0x4	pointer	ghidra-defined		pointer	Ghidra-12.0.4/ghidra_psx_ldr-2026.07.08	machine-assisted WIP datum
GAME.EXE	0x80013768	0x1f68	0x4	pointer	ghidra-defined		pointer	Ghidra-12.0.4/ghidra_psx_ldr-2026.07.08	machine-assisted WIP datum
GAME.EXE	0x8001376c	0x1f6c	0x4	pointer	ghidra-defined		pointer	Ghidra-12.0.4/ghidra_psx_ldr-2026.07.08	machine-assisted WIP datum
GAME.EXE	0x80013770	0x1f70	0x4	pointer	ghidra-defined		pointer	Ghidra-12.0.4/ghidra_psx_ldr-2026.07.08	machine-assisted WIP datum
GAME.EXE	0x80013774	0x1f74	0x4	pointer	ghidra-defined		pointer	Ghidra-12.0.4/ghidra_psx_ldr-2026.07.08	machine-assisted WIP datum
GAME.EXE	0x80013778	0x1f78	0x4	pointer	ghidra-defined		pointer	Ghidra-12.0.4/ghidra_psx_ldr-2026.07.08	machine-assisted WIP datum
GAME.EXE	0x8001377c	0x1f7c	0x4	pointer	ghidra-defined		pointer	Ghidra-12.0.4/ghidra_psx_ldr-2026.07.08	machine-assisted WIP datum
GAME.EXE	0x80013780	0x1f80	0x4	pointer	ghidra-defined		pointer	Ghidra-12.0.4/ghidra_psx_ldr-2026.07.08	machine-assisted WIP datum
GAME.EXE	0x80013784	0x1f84	0x4	pointer	ghidra-defined		pointer	Ghidra-12.0.4/ghidra_psx_ldr-2026.07.08	machine-assisted WIP datum
GAME.EXE	0x80013788	0x1f88	0x4	pointer	ghidra-defined		pointer	Ghidra-12.0.4/ghidra_psx_ldr-2026.07.08	machine-assisted WIP datum
GAME.EXE	0x8001378c	0x1f8c	0x4	pointer	ghidra-defined		pointer	Ghidra-12.0.4/ghidra_psx_ldr-2026.07.08	machine-assisted WIP datum
GAME.EXE	0x80013790	0x1f90	0x4	pointer	ghidra-defined		pointer	Ghidra-12.0.4/ghidra_psx_ldr-2026.07.08	machine-assisted WIP datum
GAME.EXE	0x80013794	0x1f94	0x4	pointer	ghidra-defined		pointer	Ghidra-12.0.4/ghidra_psx_ldr-2026.07.08	machine-assisted WIP datum
GAME.EXE	0x80013798	0x1f98	0x4	pointer	ghidra-defined		pointer	Ghidra-12.0.4/ghidra_psx_ldr-2026.07.08	machine-assisted WIP datum
GAME.EXE	0x8001379c	0x1f9c	0x4	pointer	ghidra-defined		pointer	Ghidra-12.0.4/ghidra_psx_ldr-2026.07.08	machine-assisted WIP datum
GAME.EXE	0x800137a0	0x1fa0	0x4	pointer	ghidra-defined		pointer	Ghidra-12.0.4/ghidra_psx_ldr-2026.07.08	machine-assisted WIP datum
GAME.EXE	0x800137a4	0x1fa4	0x4	pointer	ghidra-defined		pointer	Ghidra-12.0.4/ghidra_psx_ldr-2026.07.08	machine-assisted WIP datum
GAME.EXE	0x800137a8	0x1fa8	0x4	pointer	ghidra-defined		pointer	Ghidra-12.0.4/ghidra_psx_ldr-2026.07.08	machine-assisted WIP datum
GAME.EXE	0x800137ac	0x1fac	0x4	pointer	ghidra-defined		pointer	Ghidra-12.0.4/ghidra_psx_ldr-2026.07.08	machine-assisted WIP datum
GAME.EXE	0x800137b0	0x1fb0	0x4	pointer	ghidra-defined		pointer	Ghidra-12.0.4/ghidra_psx_ldr-2026.07.08	machine-assisted WIP datum
GAME.EXE	0x800137b4	0x1fb4	0x4	pointer	ghidra-defined		pointer	Ghidra-12.0.4/ghidra_psx_ldr-2026.07.08	machine-assisted WIP datum
GAME.EXE	0x800137b8	0x1fb8	0x4	pointer	ghidra-defined		pointer	Ghidra-12.0.4/ghidra_psx_ldr-2026.07.08	machine-assisted WIP datum
GAME.EXE	0x800137bc	0x1fbc	0x4	pointer	ghidra-defined		pointer	Ghidra-12.0.4/ghidra_psx_ldr-2026.07.08	machine-assisted WIP datum
GAME.EXE	0x800137c0	0x1fc0	0x4	pointer	ghidra-defined		pointer	Ghidra-12.0.4/ghidra_psx_ldr-2026.07.08	machine-assisted WIP datum
GAME.EXE	0x800137c4	0x1fc4	0x4	pointer	ghidra-defined		pointer	Ghidra-12.0.4/ghidra_psx_ldr-2026.07.08	machine-assisted WIP datum
GAME.EXE	0x800137c8	0x1fc8	0x4	pointer	ghidra-defined		pointer	Ghidra-12.0.4/ghidra_psx_ldr-2026.07.08	machine-assisted WIP datum
GAME.EXE	0x800137cc	0x1fcc	0x4	pointer	ghidra-defined		pointer	Ghidra-12.0.4/ghidra_psx_ldr-2026.07.08	machine-assisted WIP datum
GAME.EXE	0x800137d0	0x1fd0	0x4	pointer	ghidra-defined		pointer	Ghidra-12.0.4/ghidra_psx_ldr-2026.07.08	machine-assisted WIP datum
GAME.EXE	0x800137d4	0x1fd4	0x4	pointer	ghidra-defined		pointer	Ghidra-12.0.4/ghidra_psx_ldr-2026.07.08	machine-assisted WIP datum
GAME.EXE	0x800137d8	0x1fd8	0x4	pointer	ghidra-defined		pointer	Ghidra-12.0.4/ghidra_psx_ldr-2026.07.08	machine-assisted WIP datum
GAME.EXE	0x800137dc	0x1fdc	0x4	pointer	ghidra-defined		pointer	Ghidra-12.0.4/ghidra_psx_ldr-2026.07.08	machine-assisted WIP datum
GAME.EXE	0x800137e0	0x1fe0	0x4	pointer	ghidra-defined		pointer	Ghidra-12.0.4/ghidra_psx_ldr-2026.07.08	machine-assisted WIP datum
GAME.EXE	0x800137e4	0x1fe4	0x4	pointer	ghidra-defined		pointer	Ghidra-12.0.4/ghidra_psx_ldr-2026.07.08	machine-assisted WIP datum
GAME.EXE	0x800137e8	0x1fe8	0x4	pointer	ghidra-defined		pointer	Ghidra-12.0.4/ghidra_psx_ldr-2026.07.08	machine-assisted WIP datum
GAME.EXE	0x800137ec	0x1fec	0x4	pointer	ghidra-defined		pointer	Ghidra-12.0.4/ghidra_psx_ldr-2026.07.08	machine-assisted WIP datum
GAME.EXE	0x800137f0	0x1ff0	0x4	pointer	ghidra-defined		pointer	Ghidra-12.0.4/ghidra_psx_ldr-2026.07.08	machine-assisted WIP datum
GAME.EXE	0x800137f4	0x1ff4	0x4	pointer	ghidra-defined		pointer	Ghidra-12.0.4/ghidra_psx_ldr-2026.07.08	machine-assisted WIP datum
GAME.EXE	0x800137f8	0x1ff8	0x4	pointer	ghidra-defined		pointer	Ghidra-12.0.4/ghidra_psx_ldr-2026.07.08	machine-assisted WIP datum
GAME.EXE	0x800137fc	0x1ffc	0x4	pointer	ghidra-defined		pointer	Ghidra-12.0.4/ghidra_psx_ldr-2026.07.08	machine-assisted WIP datum
GAME.EXE	0x80013800	0x2000	0x4	pointer	ghidra-defined		pointer	Ghidra-12.0.4/ghidra_psx_ldr-2026.07.08	machine-assisted WIP datum
GAME.EXE	0x80013804	0x2004	0x4	pointer	ghidra-defined		pointer	Ghidra-12.0.4/ghidra_psx_ldr-2026.07.08	machine-assisted WIP datum
GAME.EXE	0x80013808	0x2008	0x4	pointer	ghidra-defined		pointer	Ghidra-12.0.4/ghidra_psx_ldr-2026.07.08	machine-assisted WIP datum
GAME.EXE	0x8001380c	0x200c	0x4	pointer	ghidra-defined		pointer	Ghidra-12.0.4/ghidra_psx_ldr-2026.07.08	machine-assisted WIP datum
GAME.EXE	0x80013810	0x2010	0x4	pointer	ghidra-defined		pointer	Ghidra-12.0.4/ghidra_psx_ldr-2026.07.08	machine-assisted WIP datum
GAME.EXE	0x80013814	0x2014	0x4	pointer	ghidra-defined		pointer	Ghidra-12.0.4/ghidra_psx_ldr-2026.07.08	machine-assisted WIP datum
GAME.EXE	0x80013818	0x2018	0x4	pointer	ghidra-defined		pointer	Ghidra-12.0.4/ghidra_psx_ldr-2026.07.08	machine-assisted WIP datum
GAME.EXE	0x8001381c	0x201c	0x4	pointer	ghidra-defined		pointer	Ghidra-12.0.4/ghidra_psx_ldr-2026.07.08	machine-assisted WIP datum
GAME.EXE	0x80013820	0x2020	0x4	pointer	ghidra-defined		pointer	Ghidra-12.0.4/ghidra_psx_ldr-2026.07.08	machine-assisted WIP datum
GAME.EXE	0x80013824	0x2024	0x4	pointer	ghidra-defined		pointer	Ghidra-12.0.4/ghidra_psx_ldr-2026.07.08	machine-assisted WIP datum
GAME.EXE	0x80013828	0x2028	0x4	pointer	ghidra-defined		pointer	Ghidra-12.0.4/ghidra_psx_ldr-2026.07.08	machine-assisted WIP datum
GAME.EXE	0x8001382c	0x202c	0x4	pointer	ghidra-defined		pointer	Ghidra-12.0.4/ghidra_psx_ldr-2026.07.08	machine-assisted WIP datum
GAME.EXE	0x80013830	0x2030	0x4	pointer	ghidra-defined		pointer	Ghidra-12.0.4/ghidra_psx_ldr-2026.07.08	machine-assisted WIP datum
GAME.EXE	0x80013834	0x2034	0x4	pointer	ghidra-defined		pointer	Ghidra-12.0.4/ghidra_psx_ldr-2026.07.08	machine-assisted WIP datum
GAME.EXE	0x80013838	0x2038	0x4	pointer	ghidra-defined		pointer	Ghidra-12.0.4/ghidra_psx_ldr-2026.07.08	machine-assisted WIP datum
GAME.EXE	0x8001383c	0x203c	0x4	pointer	ghidra-defined		pointer	Ghidra-12.0.4/ghidra_psx_ldr-2026.07.08	machine-assisted WIP datum
GAME.EXE	0x80013840	0x2040	0x4	pointer	ghidra-defined		pointer	Ghidra-12.0.4/ghidra_psx_ldr-2026.07.08	machine-assisted WIP datum
GAME.EXE	0x80013844	0x2044	0x4	pointer	ghidra-defined		pointer	Ghidra-12.0.4/ghidra_psx_ldr-2026.07.08	machine-assisted WIP datum
GAME.EXE	0x80013848	0x2048	0x4	pointer	ghidra-defined		pointer	Ghidra-12.0.4/ghidra_psx_ldr-2026.07.08	machine-assisted WIP datum
GAME.EXE	0x8001384c	0x204c	0x4	pointer	ghidra-defined		pointer	Ghidra-12.0.4/ghidra_psx_ldr-2026.07.08	machine-assisted WIP datum
GAME.EXE	0x80013850	0x2050	0x4	pointer	ghidra-defined		pointer	Ghidra-12.0.4/ghidra_psx_ldr-2026.07.08	machine-assisted WIP datum
GAME.EXE	0x80013854	0x2054	0x4	pointer	ghidra-defined		pointer	Ghidra-12.0.4/ghidra_psx_ldr-2026.07.08	machine-assisted WIP datum
GAME.EXE	0x80013858	0x2058	0x4	pointer	ghidra-defined		pointer	Ghidra-12.0.4/ghidra_psx_ldr-2026.07.08	machine-assisted WIP datum
GAME.EXE	0x8001385c	0x205c	0x4	pointer	ghidra-defined		pointer	Ghidra-12.0.4/ghidra_psx_ldr-2026.07.08	machine-assisted WIP datum
GAME.EXE	0x80013860	0x2060	0x4	pointer	ghidra-defined		pointer	Ghidra-12.0.4/ghidra_psx_ldr-2026.07.08	machine-assisted WIP datum
GAME.EXE	0x80013864	0x2064	0x4	pointer	ghidra-defined		pointer	Ghidra-12.0.4/ghidra_psx_ldr-2026.07.08	machine-assisted WIP datum
GAME.EXE	0x80013868	0x2068	0x4	pointer	ghidra-defined		pointer	Ghidra-12.0.4/ghidra_psx_ldr-2026.07.08	machine-assisted WIP datum
GAME.EXE	0x8001386c	0x206c	0x4	pointer	ghidra-defined		pointer	Ghidra-12.0.4/ghidra_psx_ldr-2026.07.08	machine-assisted WIP datum
GAME.EXE	0x80013870	0x2070	0x4	pointer	ghidra-defined		pointer	Ghidra-12.0.4/ghidra_psx_ldr-2026.07.08	machine-assisted WIP datum
GAME.EXE	0x80013874	0x2074	0x4	pointer	ghidra-defined		pointer	Ghidra-12.0.4/ghidra_psx_ldr-2026.07.08	machine-assisted WIP datum
GAME.EXE	0x80013878	0x2078	0x4	pointer	ghidra-defined		pointer	Ghidra-12.0.4/ghidra_psx_ldr-2026.07.08	machine-assisted WIP datum
GAME.EXE	0x8001387c	0x207c	0x4	pointer	ghidra-defined		pointer	Ghidra-12.0.4/ghidra_psx_ldr-2026.07.08	machine-assisted WIP datum
GAME.EXE	0x80013880	0x2080	0x4	pointer	ghidra-defined		pointer	Ghidra-12.0.4/ghidra_psx_ldr-2026.07.08	machine-assisted WIP datum
GAME.EXE	0x80013884	0x2084	0x4	pointer	ghidra-defined		pointer	Ghidra-12.0.4/ghidra_psx_ldr-2026.07.08	machine-assisted WIP datum
GAME.EXE	0x80013888	0x2088	0x4	pointer	ghidra-defined		pointer	Ghidra-12.0.4/ghidra_psx_ldr-2026.07.08	machine-assisted WIP datum
GAME.EXE	0x8001388c	0x208c	0x4	pointer	ghidra-defined		pointer	Ghidra-12.0.4/ghidra_psx_ldr-2026.07.08	machine-assisted WIP datum
GAME.EXE	0x80013890	0x2090	0x4	pointer	ghidra-defined		pointer	Ghidra-12.0.4/ghidra_psx_ldr-2026.07.08	machine-assisted WIP datum
GAME.EXE	0x80013894	0x2094	0x4	pointer	ghidra-defined		pointer	Ghidra-12.0.4/ghidra_psx_ldr-2026.07.08	machine-assisted WIP datum
GAME.EXE	0x80013898	0x2098	0x4	pointer	ghidra-defined		pointer	Ghidra-12.0.4/ghidra_psx_ldr-2026.07.08	machine-assisted WIP datum
GAME.EXE	0x8001389c	0x209c	0x4	pointer	ghidra-defined		pointer	Ghidra-12.0.4/ghidra_psx_ldr-2026.07.08	machine-assisted WIP datum
GAME.EXE	0x800138a0	0x20a0	0x4	pointer	ghidra-defined		pointer	Ghidra-12.0.4/ghidra_psx_ldr-2026.07.08	machine-assisted WIP datum
GAME.EXE	0x800138a4	0x20a4	0x4	pointer	ghidra-defined		pointer	Ghidra-12.0.4/ghidra_psx_ldr-2026.07.08	machine-assisted WIP datum
GAME.EXE	0x800138a8	0x20a8	0x4	pointer	ghidra-defined		pointer	Ghidra-12.0.4/ghidra_psx_ldr-2026.07.08	machine-assisted WIP datum
GAME.EXE	0x800138ac	0x20ac	0x4	pointer	ghidra-defined		pointer	Ghidra-12.0.4/ghidra_psx_ldr-2026.07.08	machine-assisted WIP datum
GAME.EXE	0x800138b0	0x20b0	0x4	pointer	ghidra-defined		pointer	Ghidra-12.0.4/ghidra_psx_ldr-2026.07.08	machine-assisted WIP datum
GAME.EXE	0x800138b4	0x20b4	0x4	pointer	ghidra-defined		pointer	Ghidra-12.0.4/ghidra_psx_ldr-2026.07.08	machine-assisted WIP datum
GAME.EXE	0x800138b8	0x20b8	0x4	pointer	ghidra-defined		pointer	Ghidra-12.0.4/ghidra_psx_ldr-2026.07.08	machine-assisted WIP datum
GAME.EXE	0x800138bc	0x20bc	0x4	pointer	ghidra-defined		pointer	Ghidra-12.0.4/ghidra_psx_ldr-2026.07.08	machine-assisted WIP datum
GAME.EXE	0x800138c0	0x20c0	0x4	pointer	ghidra-defined		pointer	Ghidra-12.0.4/ghidra_psx_ldr-2026.07.08	machine-assisted WIP datum
GAME.EXE	0x800138c4	0x20c4	0x4	pointer	ghidra-defined		pointer	Ghidra-12.0.4/ghidra_psx_ldr-2026.07.08	machine-assisted WIP datum
GAME.EXE	0x800138c8	0x20c8	0x4	pointer	ghidra-defined		pointer	Ghidra-12.0.4/ghidra_psx_ldr-2026.07.08	machine-assisted WIP datum
GAME.EXE	0x800138cc	0x20cc	0x4	pointer	ghidra-defined		pointer	Ghidra-12.0.4/ghidra_psx_ldr-2026.07.08	machine-assisted WIP datum
GAME.EXE	0x800138d0	0x20d0	0x4	pointer	ghidra-defined		pointer	Ghidra-12.0.4/ghidra_psx_ldr-2026.07.08	machine-assisted WIP datum
GAME.EXE	0x800138d4	0x20d4	0x4	pointer	ghidra-defined		pointer	Ghidra-12.0.4/ghidra_psx_ldr-2026.07.08	machine-assisted WIP datum
GAME.EXE	0x800138d8	0x20d8	0x4	pointer	ghidra-defined		pointer	Ghidra-12.0.4/ghidra_psx_ldr-2026.07.08	machine-assisted WIP datum
GAME.EXE	0x800138dc	0x20dc	0x4	pointer	ghidra-defined		pointer	Ghidra-12.0.4/ghidra_psx_ldr-2026.07.08	machine-assisted WIP datum
GAME.EXE	0x800138e0	0x20e0	0x4	pointer	ghidra-defined		pointer	Ghidra-12.0.4/ghidra_psx_ldr-2026.07.08	machine-assisted WIP datum
GAME.EXE	0x800138e4	0x20e4	0x4	pointer	ghidra-defined		pointer	Ghidra-12.0.4/ghidra_psx_ldr-2026.07.08	machine-assisted WIP datum
GAME.EXE	0x800138e8	0x20e8	0x4	pointer	ghidra-defined		pointer	Ghidra-12.0.4/ghidra_psx_ldr-2026.07.08	machine-assisted WIP datum
GAME.EXE	0x800138ec	0x20ec	0x4	pointer	ghidra-defined		pointer	Ghidra-12.0.4/ghidra_psx_ldr-2026.07.08	machine-assisted WIP datum
GAME.EXE	0x800138f0	0x20f0	0x4	pointer	ghidra-defined		pointer	Ghidra-12.0.4/ghidra_psx_ldr-2026.07.08	machine-assisted WIP datum
GAME.EXE	0x800138f4	0x20f4	0x4	pointer	ghidra-defined		pointer	Ghidra-12.0.4/ghidra_psx_ldr-2026.07.08	machine-assisted WIP datum
GAME.EXE	0x800138f8	0x20f8	0x4	pointer	ghidra-defined		pointer	Ghidra-12.0.4/ghidra_psx_ldr-2026.07.08	machine-assisted WIP datum
GAME.EXE	0x800138fc	0x20fc	0x4	pointer	ghidra-defined		pointer	Ghidra-12.0.4/ghidra_psx_ldr-2026.07.08	machine-assisted WIP datum
GAME.EXE	0x80013900	0x2100	0x4	pointer	ghidra-defined		pointer	Ghidra-12.0.4/ghidra_psx_ldr-2026.07.08	machine-assisted WIP datum
GAME.EXE	0x80013904	0x2104	0x4	pointer	ghidra-defined		pointer	Ghidra-12.0.4/ghidra_psx_ldr-2026.07.08	machine-assisted WIP datum
GAME.EXE	0x80013908	0x2108	0x4	pointer	ghidra-defined		pointer	Ghidra-12.0.4/ghidra_psx_ldr-2026.07.08	machine-assisted WIP datum
GAME.EXE	0x8001390c	0x210c	0x4	pointer	ghidra-defined		pointer	Ghidra-12.0.4/ghidra_psx_ldr-2026.07.08	machine-assisted WIP datum
GAME.EXE	0x80013910	0x2110	0x4	pointer	ghidra-defined		pointer	Ghidra-12.0.4/ghidra_psx_ldr-2026.07.08	machine-assisted WIP datum
GAME.EXE	0x80013914	0x2114	0x4	pointer	ghidra-defined		pointer	Ghidra-12.0.4/ghidra_psx_ldr-2026.07.08	machine-assisted WIP datum
GAME.EXE	0x80013918	0x2118	0x4	pointer	ghidra-defined		pointer	Ghidra-12.0.4/ghidra_psx_ldr-2026.07.08	machine-assisted WIP datum
GAME.EXE	0x8001391c	0x211c	0x4	pointer	ghidra-defined		pointer	Ghidra-12.0.4/ghidra_psx_ldr-2026.07.08	machine-assisted WIP datum
GAME.EXE	0x80013920	0x2120	0x4	pointer	ghidra-defined		pointer	Ghidra-12.0.4/ghidra_psx_ldr-2026.07.08	machine-assisted WIP datum
GAME.EXE	0x80013924	0x2124	0x4	pointer	ghidra-defined		pointer	Ghidra-12.0.4/ghidra_psx_ldr-2026.07.08	machine-assisted WIP datum
GAME.EXE	0x80013928	0x2128	0x4	pointer	ghidra-defined		pointer	Ghidra-12.0.4/ghidra_psx_ldr-2026.07.08	machine-assisted WIP datum
GAME.EXE	0x8001392c	0x212c	0x4	pointer	ghidra-defined		pointer	Ghidra-12.0.4/ghidra_psx_ldr-2026.07.08	machine-assisted WIP datum
GAME.EXE	0x80013930	0x2130	0x4	pointer	ghidra-defined		pointer	Ghidra-12.0.4/ghidra_psx_ldr-2026.07.08	machine-assisted WIP datum
GAME.EXE	0x80013934	0x2134	0x4	pointer	ghidra-defined		pointer	Ghidra-12.0.4/ghidra_psx_ldr-2026.07.08	machine-assisted WIP datum
GAME.EXE	0x80013938	0x2138	0x4	pointer	ghidra-defined		pointer	Ghidra-12.0.4/ghidra_psx_ldr-2026.07.08	machine-assisted WIP datum
GAME.EXE	0x8001393c	0x213c	0x4	pointer	ghidra-defined		pointer	Ghidra-12.0.4/ghidra_psx_ldr-2026.07.08	machine-assisted WIP datum
GAME.EXE	0x80013940	0x2140	0x4	pointer	ghidra-defined		pointer	Ghidra-12.0.4/ghidra_psx_ldr-2026.07.08	machine-assisted WIP datum
GAME.EXE	0x80013944	0x2144	0x4	pointer	ghidra-defined		pointer	Ghidra-12.0.4/ghidra_psx_ldr-2026.07.08	machine-assisted WIP datum
GAME.EXE	0x80013948	0x2148	0x4	pointer	ghidra-defined		pointer	Ghidra-12.0.4/ghidra_psx_ldr-2026.07.08	machine-assisted WIP datum
GAME.EXE	0x8001394c	0x214c	0x4	pointer	ghidra-defined		pointer	Ghidra-12.0.4/ghidra_psx_ldr-2026.07.08	machine-assisted WIP datum
GAME.EXE	0x80013950	0x2150	0x4	pointer	ghidra-defined		pointer	Ghidra-12.0.4/ghidra_psx_ldr-2026.07.08	machine-assisted WIP datum
GAME.EXE	0x80013954	0x2154	0x4	pointer	ghidra-defined		pointer	Ghidra-12.0.4/ghidra_psx_ldr-2026.07.08	machine-assisted WIP datum
GAME.EXE	0x80013958	0x2158	0x4	pointer	ghidra-defined		pointer	Ghidra-12.0.4/ghidra_psx_ldr-2026.07.08	machine-assisted WIP datum
GAME.EXE	0x8001395c	0x215c	0x4	pointer	ghidra-defined		pointer	Ghidra-12.0.4/ghidra_psx_ldr-2026.07.08	machine-assisted WIP datum
GAME.EXE	0x80013960	0x2160	0x4	pointer	ghidra-defined		pointer	Ghidra-12.0.4/ghidra_psx_ldr-2026.07.08	machine-assisted WIP datum
GAME.EXE	0x80013964	0x2164	0x4	pointer	ghidra-defined		pointer	Ghidra-12.0.4/ghidra_psx_ldr-2026.07.08	machine-assisted WIP datum
GAME.EXE	0x80013968	0x2168	0x4	pointer	ghidra-defined		pointer	Ghidra-12.0.4/ghidra_psx_ldr-2026.07.08	machine-assisted WIP datum
GAME.EXE	0x8001396c	0x216c	0x4	pointer	ghidra-defined		pointer	Ghidra-12.0.4/ghidra_psx_ldr-2026.07.08	machine-assisted WIP datum
GAME.EXE	0x80013970	0x2170	0x4	pointer	ghidra-defined		pointer	Ghidra-12.0.4/ghidra_psx_ldr-2026.07.08	machine-assisted WIP datum
GAME.EXE	0x80013974	0x2174	0x4	pointer	ghidra-defined		pointer	Ghidra-12.0.4/ghidra_psx_ldr-2026.07.08	machine-assisted WIP datum
GAME.EXE	0x80013978	0x2178	0x4	pointer	ghidra-defined		pointer	Ghidra-12.0.4/ghidra_psx_ldr-2026.07.08	machine-assisted WIP datum
GAME.EXE	0x8001397c	0x217c	0x4	pointer	ghidra-defined		pointer	Ghidra-12.0.4/ghidra_psx_ldr-2026.07.08	machine-assisted WIP datum
GAME.EXE	0x80013980	0x2180	0x4	pointer	ghidra-defined		pointer	Ghidra-12.0.4/ghidra_psx_ldr-2026.07.08	machine-assisted WIP datum
GAME.EXE	0x80013984	0x2184	0x4	pointer	ghidra-defined		pointer	Ghidra-12.0.4/ghidra_psx_ldr-2026.07.08	machine-assisted WIP datum
GAME.EXE	0x80013988	0x2188	0x4	pointer	ghidra-defined		pointer	Ghidra-12.0.4/ghidra_psx_ldr-2026.07.08	machine-assisted WIP datum
GAME.EXE	0x8001398c	0x218c	0x4	pointer	ghidra-defined		pointer	Ghidra-12.0.4/ghidra_psx_ldr-2026.07.08	machine-assisted WIP datum
GAME.EXE	0x80013990	0x2190	0x4	pointer	ghidra-defined		pointer	Ghidra-12.0.4/ghidra_psx_ldr-2026.07.08	machine-assisted WIP datum
GAME.EXE	0x80013994	0x2194	0x4	pointer	ghidra-defined		pointer	Ghidra-12.0.4/ghidra_psx_ldr-2026.07.08	machine-assisted WIP datum
GAME.EXE	0x80013998	0x2198	0x4	pointer	ghidra-defined		pointer	Ghidra-12.0.4/ghidra_psx_ldr-2026.07.08	machine-assisted WIP datum
GAME.EXE	0x8001399c	0x219c	0x4	pointer	ghidra-defined		pointer	Ghidra-12.0.4/ghidra_psx_ldr-2026.07.08	machine-assisted WIP datum
GAME.EXE	0x800139a0	0x21a0	0x4	pointer	ghidra-defined		pointer	Ghidra-12.0.4/ghidra_psx_ldr-2026.07.08	machine-assisted WIP datum
GAME.EXE	0x800139a4	0x21a4	0x4	pointer	ghidra-defined		pointer	Ghidra-12.0.4/ghidra_psx_ldr-2026.07.08	machine-assisted WIP datum
GAME.EXE	0x800139a8	0x21a8	0x4	pointer	ghidra-defined		pointer	Ghidra-12.0.4/ghidra_psx_ldr-2026.07.08	machine-assisted WIP datum
GAME.EXE	0x800139ac	0x21ac	0x4	pointer	ghidra-defined		pointer	Ghidra-12.0.4/ghidra_psx_ldr-2026.07.08	machine-assisted WIP datum
GAME.EXE	0x800139b0	0x21b0	0x4	pointer	ghidra-defined		pointer	Ghidra-12.0.4/ghidra_psx_ldr-2026.07.08	machine-assisted WIP datum
GAME.EXE	0x800139b4	0x21b4	0x4	pointer	ghidra-defined		pointer	Ghidra-12.0.4/ghidra_psx_ldr-2026.07.08	machine-assisted WIP datum
GAME.EXE	0x800139b8	0x21b8	0x4	pointer	ghidra-defined		pointer	Ghidra-12.0.4/ghidra_psx_ldr-2026.07.08	machine-assisted WIP datum
GAME.EXE	0x800139bc	0x21bc	0x4	pointer	ghidra-defined		pointer	Ghidra-12.0.4/ghidra_psx_ldr-2026.07.08	machine-assisted WIP datum
GAME.EXE	0x800139c0	0x21c0	0x4	pointer	ghidra-defined		pointer	Ghidra-12.0.4/ghidra_psx_ldr-2026.07.08	machine-assisted WIP datum
GAME.EXE	0x800139c4	0x21c4	0x4	pointer	ghidra-defined		pointer	Ghidra-12.0.4/ghidra_psx_ldr-2026.07.08	machine-assisted WIP datum
GAME.EXE	0x800139c8	0x21c8	0x4	pointer	ghidra-defined		pointer	Ghidra-12.0.4/ghidra_psx_ldr-2026.07.08	machine-assisted WIP datum
GAME.EXE	0x800139cc	0x21cc	0x4	pointer	ghidra-defined		pointer	Ghidra-12.0.4/ghidra_psx_ldr-2026.07.08	machine-assisted WIP datum
GAME.EXE	0x800139d0	0x21d0	0x4	pointer	ghidra-defined		pointer	Ghidra-12.0.4/ghidra_psx_ldr-2026.07.08	machine-assisted WIP datum
GAME.EXE	0x800139d4	0x21d4	0x4	pointer	ghidra-defined		pointer	Ghidra-12.0.4/ghidra_psx_ldr-2026.07.08	machine-assisted WIP datum
GAME.EXE	0x800139d8	0x21d8	0x4	pointer	ghidra-defined		pointer	Ghidra-12.0.4/ghidra_psx_ldr-2026.07.08	machine-assisted WIP datum
GAME.EXE	0x800139dc	0x21dc	0x4	pointer	ghidra-defined		pointer	Ghidra-12.0.4/ghidra_psx_ldr-2026.07.08	machine-assisted WIP datum
GAME.EXE	0x800139e0	0x21e0	0x4	pointer	ghidra-defined		pointer	Ghidra-12.0.4/ghidra_psx_ldr-2026.07.08	machine-assisted WIP datum
GAME.EXE	0x800139e4	0x21e4	0x4	pointer	ghidra-defined		pointer	Ghidra-12.0.4/ghidra_psx_ldr-2026.07.08	machine-assisted WIP datum
GAME.EXE	0x800139e8	0x21e8	0x4	pointer	ghidra-defined		pointer	Ghidra-12.0.4/ghidra_psx_ldr-2026.07.08	machine-assisted WIP datum
GAME.EXE	0x800139ec	0x21ec	0x4	pointer	ghidra-defined		pointer	Ghidra-12.0.4/ghidra_psx_ldr-2026.07.08	machine-assisted WIP datum
GAME.EXE	0x800139f0	0x21f0	0x4	pointer	ghidra-defined		pointer	Ghidra-12.0.4/ghidra_psx_ldr-2026.07.08	machine-assisted WIP datum
GAME.EXE	0x800139f4	0x21f4	0x4	pointer	ghidra-defined		pointer	Ghidra-12.0.4/ghidra_psx_ldr-2026.07.08	machine-assisted WIP datum
GAME.EXE	0x800139f8	0x21f8	0x4	pointer	ghidra-defined		pointer	Ghidra-12.0.4/ghidra_psx_ldr-2026.07.08	machine-assisted WIP datum
GAME.EXE	0x800139fc	0x21fc	0x4	pointer	ghidra-defined		pointer	Ghidra-12.0.4/ghidra_psx_ldr-2026.07.08	machine-assisted WIP datum
GAME.EXE	0x80013a00	0x2200	0x4	pointer	ghidra-defined		pointer	Ghidra-12.0.4/ghidra_psx_ldr-2026.07.08	machine-assisted WIP datum
GAME.EXE	0x80013a04	0x2204	0x4	pointer	ghidra-defined		pointer	Ghidra-12.0.4/ghidra_psx_ldr-2026.07.08	machine-assisted WIP datum
GAME.EXE	0x80013a08	0x2208	0x4	pointer	ghidra-defined		pointer	Ghidra-12.0.4/ghidra_psx_ldr-2026.07.08	machine-assisted WIP datum
GAME.EXE	0x80013a0c	0x220c	0x4	pointer	ghidra-defined		pointer	Ghidra-12.0.4/ghidra_psx_ldr-2026.07.08	machine-assisted WIP datum
GAME.EXE	0x80013a10	0x2210	0x4	pointer	ghidra-defined		pointer	Ghidra-12.0.4/ghidra_psx_ldr-2026.07.08	machine-assisted WIP datum
GAME.EXE	0x80013a14	0x2214	0x4	pointer	ghidra-defined		pointer	Ghidra-12.0.4/ghidra_psx_ldr-2026.07.08	machine-assisted WIP datum
GAME.EXE	0x80013a18	0x2218	0x4	pointer	ghidra-defined		pointer	Ghidra-12.0.4/ghidra_psx_ldr-2026.07.08	machine-assisted WIP datum
GAME.EXE	0x80013a1c	0x221c	0x4	pointer	ghidra-defined		pointer	Ghidra-12.0.4/ghidra_psx_ldr-2026.07.08	machine-assisted WIP datum
GAME.EXE	0x80013a20	0x2220	0x4	pointer	ghidra-defined		pointer	Ghidra-12.0.4/ghidra_psx_ldr-2026.07.08	machine-assisted WIP datum
GAME.EXE	0x80013a24	0x2224	0x4	pointer	ghidra-defined		pointer	Ghidra-12.0.4/ghidra_psx_ldr-2026.07.08	machine-assisted WIP datum
GAME.EXE	0x80013a28	0x2228	0x4	pointer	ghidra-defined		pointer	Ghidra-12.0.4/ghidra_psx_ldr-2026.07.08	machine-assisted WIP datum
GAME.EXE	0x80013a2c	0x222c	0x4	pointer	ghidra-defined		pointer	Ghidra-12.0.4/ghidra_psx_ldr-2026.07.08	machine-assisted WIP datum
GAME.EXE	0x80013a30	0x2230	0x4	pointer	ghidra-defined		pointer	Ghidra-12.0.4/ghidra_psx_ldr-2026.07.08	machine-assisted WIP datum
GAME.EXE	0x80013a34	0x2234	0x4	pointer	ghidra-defined		pointer	Ghidra-12.0.4/ghidra_psx_ldr-2026.07.08	machine-assisted WIP datum
GAME.EXE	0x80013a38	0x2238	0x4	pointer	ghidra-defined		pointer	Ghidra-12.0.4/ghidra_psx_ldr-2026.07.08	machine-assisted WIP datum
GAME.EXE	0x80013a3c	0x223c	0x4	pointer	ghidra-defined		pointer	Ghidra-12.0.4/ghidra_psx_ldr-2026.07.08	machine-assisted WIP datum
GAME.EXE	0x80013a40	0x2240	0x4	pointer	ghidra-defined		pointer	Ghidra-12.0.4/ghidra_psx_ldr-2026.07.08	machine-assisted WIP datum
GAME.EXE	0x80013a44	0x2244	0x4	pointer	ghidra-defined		pointer	Ghidra-12.0.4/ghidra_psx_ldr-2026.07.08	machine-assisted WIP datum
GAME.EXE	0x80013a48	0x2248	0x4	pointer	ghidra-defined		pointer	Ghidra-12.0.4/ghidra_psx_ldr-2026.07.08	machine-assisted WIP datum
GAME.EXE	0x80013a4c	0x224c	0x4	pointer	ghidra-defined		pointer	Ghidra-12.0.4/ghidra_psx_ldr-2026.07.08	machine-assisted WIP datum
GAME.EXE	0x80013a50	0x2250	0x4	pointer	ghidra-defined		pointer	Ghidra-12.0.4/ghidra_psx_ldr-2026.07.08	machine-assisted WIP datum
GAME.EXE	0x80013a54	0x2254	0x4	pointer	ghidra-defined		pointer	Ghidra-12.0.4/ghidra_psx_ldr-2026.07.08	machine-assisted WIP datum
GAME.EXE	0x80013a58	0x2258	0x4	pointer	ghidra-defined		pointer	Ghidra-12.0.4/ghidra_psx_ldr-2026.07.08	machine-assisted WIP datum
GAME.EXE	0x80013a5c	0x225c	0x4	pointer	ghidra-defined		pointer	Ghidra-12.0.4/ghidra_psx_ldr-2026.07.08	machine-assisted WIP datum
GAME.EXE	0x80013a60	0x2260	0x4	pointer	ghidra-defined		pointer	Ghidra-12.0.4/ghidra_psx_ldr-2026.07.08	machine-assisted WIP datum
GAME.EXE	0x80013a64	0x2264	0x4	pointer	ghidra-defined		pointer	Ghidra-12.0.4/ghidra_psx_ldr-2026.07.08	machine-assisted WIP datum
GAME.EXE	0x80013a68	0x2268	0x4	pointer	ghidra-defined		pointer	Ghidra-12.0.4/ghidra_psx_ldr-2026.07.08	machine-assisted WIP datum
GAME.EXE	0x80013a6c	0x226c	0x4	pointer	ghidra-defined		pointer	Ghidra-12.0.4/ghidra_psx_ldr-2026.07.08	machine-assisted WIP datum
GAME.EXE	0x80013a70	0x2270	0x4	pointer	ghidra-defined		pointer	Ghidra-12.0.4/ghidra_psx_ldr-2026.07.08	machine-assisted WIP datum
GAME.EXE	0x80013a74	0x2274	0x4	pointer	ghidra-defined		pointer	Ghidra-12.0.4/ghidra_psx_ldr-2026.07.08	machine-assisted WIP datum
GAME.EXE	0x80013a78	0x2278	0x4	pointer	ghidra-defined		pointer	Ghidra-12.0.4/ghidra_psx_ldr-2026.07.08	machine-assisted WIP datum
GAME.EXE	0x80013a7c	0x227c	0x4	pointer	ghidra-defined		pointer	Ghidra-12.0.4/ghidra_psx_ldr-2026.07.08	machine-assisted WIP datum
GAME.EXE	0x80013a80	0x2280	0x4	pointer	ghidra-defined		pointer	Ghidra-12.0.4/ghidra_psx_ldr-2026.07.08	machine-assisted WIP datum
GAME.EXE	0x80013a84	0x2284	0x4	pointer	ghidra-defined		pointer	Ghidra-12.0.4/ghidra_psx_ldr-2026.07.08	machine-assisted WIP datum
GAME.EXE	0x80013a88	0x2288	0x4	pointer	ghidra-defined		pointer	Ghidra-12.0.4/ghidra_psx_ldr-2026.07.08	machine-assisted WIP datum
GAME.EXE	0x80013a8c	0x228c	0x4	pointer	ghidra-defined		pointer	Ghidra-12.0.4/ghidra_psx_ldr-2026.07.08	machine-assisted WIP datum
GAME.EXE	0x80013a90	0x2290	0x4	pointer	ghidra-defined		pointer	Ghidra-12.0.4/ghidra_psx_ldr-2026.07.08	machine-assisted WIP datum
GAME.EXE	0x80013a94	0x2294	0x4	pointer	ghidra-defined		pointer	Ghidra-12.0.4/ghidra_psx_ldr-2026.07.08	machine-assisted WIP datum
GAME.EXE	0x80013a98	0x2298	0x4	pointer	ghidra-defined		pointer	Ghidra-12.0.4/ghidra_psx_ldr-2026.07.08	machine-assisted WIP datum
GAME.EXE	0x80013a9c	0x229c	0x4	pointer	ghidra-defined		pointer	Ghidra-12.0.4/ghidra_psx_ldr-2026.07.08	machine-assisted WIP datum
GAME.EXE	0x80013aa0	0x22a0	0x4	pointer	ghidra-defined		pointer	Ghidra-12.0.4/ghidra_psx_ldr-2026.07.08	machine-assisted WIP datum
GAME.EXE	0x80013aa4	0x22a4	0x4	pointer	ghidra-defined		pointer	Ghidra-12.0.4/ghidra_psx_ldr-2026.07.08	machine-assisted WIP datum
GAME.EXE	0x80013aa8	0x22a8	0x4	pointer	ghidra-defined		pointer	Ghidra-12.0.4/ghidra_psx_ldr-2026.07.08	machine-assisted WIP datum
GAME.EXE	0x80013aac	0x22ac	0x4	pointer	ghidra-defined		pointer	Ghidra-12.0.4/ghidra_psx_ldr-2026.07.08	machine-assisted WIP datum
GAME.EXE	0x80013ab0	0x22b0	0x4	pointer	ghidra-defined		pointer	Ghidra-12.0.4/ghidra_psx_ldr-2026.07.08	machine-assisted WIP datum
GAME.EXE	0x80013ab4	0x22b4	0x4	pointer	ghidra-defined		pointer	Ghidra-12.0.4/ghidra_psx_ldr-2026.07.08	machine-assisted WIP datum
GAME.EXE	0x80013ab8	0x22b8	0x4	pointer	ghidra-defined		pointer	Ghidra-12.0.4/ghidra_psx_ldr-2026.07.08	machine-assisted WIP datum
GAME.EXE	0x80013abc	0x22bc	0x4	pointer	ghidra-defined		pointer	Ghidra-12.0.4/ghidra_psx_ldr-2026.07.08	machine-assisted WIP datum
GAME.EXE	0x80013ac0	0x22c0	0x4	pointer	ghidra-defined		pointer	Ghidra-12.0.4/ghidra_psx_ldr-2026.07.08	machine-assisted WIP datum
GAME.EXE	0x80013ac4	0x22c4	0x4	pointer	ghidra-defined		pointer	Ghidra-12.0.4/ghidra_psx_ldr-2026.07.08	machine-assisted WIP datum
GAME.EXE	0x80013ac8	0x22c8	0x4	pointer	ghidra-defined		pointer	Ghidra-12.0.4/ghidra_psx_ldr-2026.07.08	machine-assisted WIP datum
GAME.EXE	0x80013acc	0x22cc	0x4	pointer	ghidra-defined		pointer	Ghidra-12.0.4/ghidra_psx_ldr-2026.07.08	machine-assisted WIP datum
GAME.EXE	0x80013ad0	0x22d0	0x4	pointer	ghidra-defined		pointer	Ghidra-12.0.4/ghidra_psx_ldr-2026.07.08	machine-assisted WIP datum
GAME.EXE	0x80013ad4	0x22d4	0x4	pointer	ghidra-defined		pointer	Ghidra-12.0.4/ghidra_psx_ldr-2026.07.08	machine-assisted WIP datum
GAME.EXE	0x80013ad8	0x22d8	0x4	pointer	ghidra-defined		pointer	Ghidra-12.0.4/ghidra_psx_ldr-2026.07.08	machine-assisted WIP datum
GAME.EXE	0x80013adc	0x22dc	0x4	pointer	ghidra-defined		pointer	Ghidra-12.0.4/ghidra_psx_ldr-2026.07.08	machine-assisted WIP datum
GAME.EXE	0x80013ae0	0x22e0	0x4	pointer	ghidra-defined		pointer	Ghidra-12.0.4/ghidra_psx_ldr-2026.07.08	machine-assisted WIP datum
GAME.EXE	0x80013ae4	0x22e4	0x4	pointer	ghidra-defined		pointer	Ghidra-12.0.4/ghidra_psx_ldr-2026.07.08	machine-assisted WIP datum
GAME.EXE	0x80013ae8	0x22e8	0x4	pointer	ghidra-defined		pointer	Ghidra-12.0.4/ghidra_psx_ldr-2026.07.08	machine-assisted WIP datum
GAME.EXE	0x80013aec	0x22ec	0x4	pointer	ghidra-defined		pointer	Ghidra-12.0.4/ghidra_psx_ldr-2026.07.08	machine-assisted WIP datum
GAME.EXE	0x80013af0	0x22f0	0x4	pointer	ghidra-defined		pointer	Ghidra-12.0.4/ghidra_psx_ldr-2026.07.08	machine-assisted WIP datum
GAME.EXE	0x80013af4	0x22f4	0x4	pointer	ghidra-defined		pointer	Ghidra-12.0.4/ghidra_psx_ldr-2026.07.08	machine-assisted WIP datum
GAME.EXE	0x80013af8	0x22f8	0x4	pointer	ghidra-defined		pointer	Ghidra-12.0.4/ghidra_psx_ldr-2026.07.08	machine-assisted WIP datum
GAME.EXE	0x80013afc	0x22fc	0x4	pointer	ghidra-defined		pointer	Ghidra-12.0.4/ghidra_psx_ldr-2026.07.08	machine-assisted WIP datum
GAME.EXE	0x80013b00	0x2300	0x4	pointer	ghidra-defined		pointer	Ghidra-12.0.4/ghidra_psx_ldr-2026.07.08	machine-assisted WIP datum
GAME.EXE	0x80013b04	0x2304	0x4	pointer	ghidra-defined		pointer	Ghidra-12.0.4/ghidra_psx_ldr-2026.07.08	machine-assisted WIP datum
GAME.EXE	0x80013b08	0x2308	0x4	pointer	ghidra-defined		pointer	Ghidra-12.0.4/ghidra_psx_ldr-2026.07.08	machine-assisted WIP datum
GAME.EXE	0x80013b0c	0x230c	0x4	pointer	ghidra-defined		pointer	Ghidra-12.0.4/ghidra_psx_ldr-2026.07.08	machine-assisted WIP datum
GAME.EXE	0x80013b10	0x2310	0x4	pointer	ghidra-defined		pointer	Ghidra-12.0.4/ghidra_psx_ldr-2026.07.08	machine-assisted WIP datum
GAME.EXE	0x80013b14	0x2314	0x4	pointer	ghidra-defined		pointer	Ghidra-12.0.4/ghidra_psx_ldr-2026.07.08	machine-assisted WIP datum
GAME.EXE	0x80013b18	0x2318	0x4	pointer	ghidra-defined		pointer	Ghidra-12.0.4/ghidra_psx_ldr-2026.07.08	machine-assisted WIP datum
GAME.EXE	0x80013b1c	0x231c	0x4	pointer	ghidra-defined		pointer	Ghidra-12.0.4/ghidra_psx_ldr-2026.07.08	machine-assisted WIP datum
GAME.EXE	0x80013b20	0x2320	0x4	pointer	ghidra-defined		pointer	Ghidra-12.0.4/ghidra_psx_ldr-2026.07.08	machine-assisted WIP datum
GAME.EXE	0x80013b24	0x2324	0x4	pointer	ghidra-defined		pointer	Ghidra-12.0.4/ghidra_psx_ldr-2026.07.08	machine-assisted WIP datum
GAME.EXE	0x80013b28	0x2328	0x4	pointer	ghidra-defined		pointer	Ghidra-12.0.4/ghidra_psx_ldr-2026.07.08	machine-assisted WIP datum
GAME.EXE	0x80013b2c	0x232c	0x4	pointer	ghidra-defined		pointer	Ghidra-12.0.4/ghidra_psx_ldr-2026.07.08	machine-assisted WIP datum
GAME.EXE	0x80013b30	0x2330	0x4	pointer	ghidra-defined		pointer	Ghidra-12.0.4/ghidra_psx_ldr-2026.07.08	machine-assisted WIP datum
GAME.EXE	0x80013b34	0x2334	0x4	pointer	ghidra-defined		pointer	Ghidra-12.0.4/ghidra_psx_ldr-2026.07.08	machine-assisted WIP datum
GAME.EXE	0x80013b38	0x2338	0x4	pointer	ghidra-defined		pointer	Ghidra-12.0.4/ghidra_psx_ldr-2026.07.08	machine-assisted WIP datum
GAME.EXE	0x80013b3c	0x233c	0x4	pointer	ghidra-defined		pointer	Ghidra-12.0.4/ghidra_psx_ldr-2026.07.08	machine-assisted WIP datum
GAME.EXE	0x80013b40	0x2340	0x4	pointer	ghidra-defined		pointer	Ghidra-12.0.4/ghidra_psx_ldr-2026.07.08	machine-assisted WIP datum
GAME.EXE	0x80013b44	0x2344	0x4	pointer	ghidra-defined		pointer	Ghidra-12.0.4/ghidra_psx_ldr-2026.07.08	machine-assisted WIP datum
GAME.EXE	0x80013b48	0x2348	0x4	pointer	ghidra-defined		pointer	Ghidra-12.0.4/ghidra_psx_ldr-2026.07.08	machine-assisted WIP datum
GAME.EXE	0x80013b4c	0x234c	0x4	pointer	ghidra-defined		pointer	Ghidra-12.0.4/ghidra_psx_ldr-2026.07.08	machine-assisted WIP datum
GAME.EXE	0x80013b50	0x2350	0x4	pointer	ghidra-defined		pointer	Ghidra-12.0.4/ghidra_psx_ldr-2026.07.08	machine-assisted WIP datum
GAME.EXE	0x80013b54	0x2354	0x4	pointer	ghidra-defined		pointer	Ghidra-12.0.4/ghidra_psx_ldr-2026.07.08	machine-assisted WIP datum
GAME.EXE	0x80013b58	0x2358	0x4	pointer	ghidra-defined		pointer	Ghidra-12.0.4/ghidra_psx_ldr-2026.07.08	machine-assisted WIP datum
GAME.EXE	0x80013b5c	0x235c	0x4	pointer	ghidra-defined		pointer	Ghidra-12.0.4/ghidra_psx_ldr-2026.07.08	machine-assisted WIP datum
GAME.EXE	0x80013b60	0x2360	0x4	pointer	ghidra-defined		pointer	Ghidra-12.0.4/ghidra_psx_ldr-2026.07.08	machine-assisted WIP datum
GAME.EXE	0x80013b64	0x2364	0x4	pointer	ghidra-defined		pointer	Ghidra-12.0.4/ghidra_psx_ldr-2026.07.08	machine-assisted WIP datum
GAME.EXE	0x80013b68	0x2368	0x4	pointer	ghidra-defined		pointer	Ghidra-12.0.4/ghidra_psx_ldr-2026.07.08	machine-assisted WIP datum
GAME.EXE	0x80013b6c	0x236c	0x10	string	byte-pattern		ascii	investigation:string-census	escaped text: wait (tsa set/W)
GAME.EXE	0x80013b7c	0x237c	0x4	unclassified	coverage-gap			payload-complement	may contain missed code, tables, constants, padding, or writable data
GAME.EXE	0x80013b80	0x2380	0x17	string	byte-pattern		ascii	investigation:string-census	escaped text: [%d] %08x / %08x (%08d)
GAME.EXE	0x80013b97	0x2397	0x5	unclassified	coverage-gap			payload-complement	may contain missed code, tables, constants, padding, or writable data
GAME.EXE	0x80013b9c	0x239c	0x21	string	byte-pattern		ascii	investigation:string-census	escaped text: Can't Open Sequence data any more
GAME.EXE	0x80013bbd	0x23bd	0x3	unclassified	coverage-gap			payload-complement	may contain missed code, tables, constants, padding, or writable data
GAME.EXE	0x80013bc0	0x23c0	0x15	string	byte-pattern		ascii	investigation:string-census	escaped text: This is not SEQ Data.
GAME.EXE	0x80013bd5	0x23d5	0x3	unclassified	coverage-gap			payload-complement	may contain missed code, tables, constants, padding, or writable data
GAME.EXE	0x80013bd8	0x23d8	0x1f	string	byte-pattern		ascii	investigation:string-census	escaped text: This is an old SEQ Data Format.
GAME.EXE	0x80013bf7	0x23f7	0x5	unclassified	coverage-gap			payload-complement	may contain missed code, tables, constants, padding, or writable data
GAME.EXE	0x80013bfc	0x23fc	0x4	pointer	ghidra-defined		pointer	Ghidra-12.0.4/ghidra_psx_ldr-2026.07.08	machine-assisted WIP datum
GAME.EXE	0x80013c00	0x2400	0x4	pointer	ghidra-defined		pointer	Ghidra-12.0.4/ghidra_psx_ldr-2026.07.08	machine-assisted WIP datum
GAME.EXE	0x80013c04	0x2404	0x4	pointer	ghidra-defined		pointer	Ghidra-12.0.4/ghidra_psx_ldr-2026.07.08	machine-assisted WIP datum
GAME.EXE	0x80013c08	0x2408	0x4	pointer	ghidra-defined		pointer	Ghidra-12.0.4/ghidra_psx_ldr-2026.07.08	machine-assisted WIP datum
GAME.EXE	0x80013c0c	0x240c	0x4	pointer	ghidra-defined		pointer	Ghidra-12.0.4/ghidra_psx_ldr-2026.07.08	machine-assisted WIP datum
GAME.EXE	0x80013c10	0x2410	0x4	pointer	ghidra-defined		pointer	Ghidra-12.0.4/ghidra_psx_ldr-2026.07.08	machine-assisted WIP datum
GAME.EXE	0x80013c14	0x2414	0x4	pointer	ghidra-defined		pointer	Ghidra-12.0.4/ghidra_psx_ldr-2026.07.08	machine-assisted WIP datum
GAME.EXE	0x80013c18	0x2418	0x4	pointer	ghidra-defined		pointer	Ghidra-12.0.4/ghidra_psx_ldr-2026.07.08	machine-assisted WIP datum
GAME.EXE	0x80013c1c	0x241c	0x4	pointer	ghidra-defined		pointer	Ghidra-12.0.4/ghidra_psx_ldr-2026.07.08	machine-assisted WIP datum
GAME.EXE	0x80013c20	0x2420	0x4	pointer	ghidra-defined		pointer	Ghidra-12.0.4/ghidra_psx_ldr-2026.07.08	machine-assisted WIP datum
GAME.EXE	0x80013c24	0x2424	0x4	pointer	ghidra-defined		pointer	Ghidra-12.0.4/ghidra_psx_ldr-2026.07.08	machine-assisted WIP datum
GAME.EXE	0x80013c28	0x2428	0x4	pointer	ghidra-defined		pointer	Ghidra-12.0.4/ghidra_psx_ldr-2026.07.08	machine-assisted WIP datum
GAME.EXE	0x80013c2c	0x242c	0x4	pointer	ghidra-defined		pointer	Ghidra-12.0.4/ghidra_psx_ldr-2026.07.08	machine-assisted WIP datum
GAME.EXE	0x80013c30	0x2430	0x4	pointer	ghidra-defined		pointer	Ghidra-12.0.4/ghidra_psx_ldr-2026.07.08	machine-assisted WIP datum
GAME.EXE	0x80013c34	0x2434	0x4	pointer	ghidra-defined		pointer	Ghidra-12.0.4/ghidra_psx_ldr-2026.07.08	machine-assisted WIP datum
GAME.EXE	0x80013c38	0x2438	0x4	pointer	ghidra-defined		pointer	Ghidra-12.0.4/ghidra_psx_ldr-2026.07.08	machine-assisted WIP datum
GAME.EXE	0x80013c3c	0x243c	0x4	pointer	ghidra-defined		pointer	Ghidra-12.0.4/ghidra_psx_ldr-2026.07.08	machine-assisted WIP datum
GAME.EXE	0x80013c40	0x2440	0x4	pointer	ghidra-defined		pointer	Ghidra-12.0.4/ghidra_psx_ldr-2026.07.08	machine-assisted WIP datum
GAME.EXE	0x80013c44	0x2444	0x4	pointer	ghidra-defined		pointer	Ghidra-12.0.4/ghidra_psx_ldr-2026.07.08	machine-assisted WIP datum
GAME.EXE	0x80013c48	0x2448	0x4	pointer	ghidra-defined		pointer	Ghidra-12.0.4/ghidra_psx_ldr-2026.07.08	machine-assisted WIP datum
GAME.EXE	0x80013c4c	0x244c	0x4	pointer	ghidra-defined		pointer	Ghidra-12.0.4/ghidra_psx_ldr-2026.07.08	machine-assisted WIP datum
GAME.EXE	0x80013c50	0x2450	0x4	pointer	ghidra-defined		pointer	Ghidra-12.0.4/ghidra_psx_ldr-2026.07.08	machine-assisted WIP datum
GAME.EXE	0x80013c54	0x2454	0x4	pointer	ghidra-defined		pointer	Ghidra-12.0.4/ghidra_psx_ldr-2026.07.08	machine-assisted WIP datum
GAME.EXE	0x80013c58	0x2458	0x4	pointer	ghidra-defined		pointer	Ghidra-12.0.4/ghidra_psx_ldr-2026.07.08	machine-assisted WIP datum
GAME.EXE	0x80013c5c	0x245c	0x4	pointer	ghidra-defined		pointer	Ghidra-12.0.4/ghidra_psx_ldr-2026.07.08	machine-assisted WIP datum
GAME.EXE	0x80013c60	0x2460	0x4	pointer	ghidra-defined		pointer	Ghidra-12.0.4/ghidra_psx_ldr-2026.07.08	machine-assisted WIP datum
GAME.EXE	0x80013c64	0x2464	0x4	pointer	ghidra-defined		pointer	Ghidra-12.0.4/ghidra_psx_ldr-2026.07.08	machine-assisted WIP datum
GAME.EXE	0x80013c68	0x2468	0x4	pointer	ghidra-defined		pointer	Ghidra-12.0.4/ghidra_psx_ldr-2026.07.08	machine-assisted WIP datum
GAME.EXE	0x80013c6c	0x246c	0x4	pointer	ghidra-defined		pointer	Ghidra-12.0.4/ghidra_psx_ldr-2026.07.08	machine-assisted WIP datum
GAME.EXE	0x80013c70	0x2470	0x4	pointer	ghidra-defined		pointer	Ghidra-12.0.4/ghidra_psx_ldr-2026.07.08	machine-assisted WIP datum
GAME.EXE	0x80013c74	0x2474	0x4	pointer	ghidra-defined		pointer	Ghidra-12.0.4/ghidra_psx_ldr-2026.07.08	machine-assisted WIP datum
GAME.EXE	0x80013c78	0x2478	0x4	pointer	ghidra-defined		pointer	Ghidra-12.0.4/ghidra_psx_ldr-2026.07.08	machine-assisted WIP datum
GAME.EXE	0x80013c7c	0x247c	0x4	pointer	ghidra-defined		pointer	Ghidra-12.0.4/ghidra_psx_ldr-2026.07.08	machine-assisted WIP datum
GAME.EXE	0x80013c80	0x2480	0x4	pointer	ghidra-defined		pointer	Ghidra-12.0.4/ghidra_psx_ldr-2026.07.08	machine-assisted WIP datum
GAME.EXE	0x80013c84	0x2484	0x4	pointer	ghidra-defined		pointer	Ghidra-12.0.4/ghidra_psx_ldr-2026.07.08	machine-assisted WIP datum
GAME.EXE	0x80013c88	0x2488	0x4	pointer	ghidra-defined		pointer	Ghidra-12.0.4/ghidra_psx_ldr-2026.07.08	machine-assisted WIP datum
GAME.EXE	0x80013c8c	0x248c	0x4	pointer	ghidra-defined		pointer	Ghidra-12.0.4/ghidra_psx_ldr-2026.07.08	machine-assisted WIP datum
GAME.EXE	0x80013c90	0x2490	0x4	pointer	ghidra-defined		pointer	Ghidra-12.0.4/ghidra_psx_ldr-2026.07.08	machine-assisted WIP datum
GAME.EXE	0x80013c94	0x2494	0x4	pointer	ghidra-defined		pointer	Ghidra-12.0.4/ghidra_psx_ldr-2026.07.08	machine-assisted WIP datum
GAME.EXE	0x80013c98	0x2498	0x4	pointer	ghidra-defined		pointer	Ghidra-12.0.4/ghidra_psx_ldr-2026.07.08	machine-assisted WIP datum
GAME.EXE	0x80013c9c	0x249c	0x4	pointer	ghidra-defined		pointer	Ghidra-12.0.4/ghidra_psx_ldr-2026.07.08	machine-assisted WIP datum
GAME.EXE	0x80013ca0	0x24a0	0x4	pointer	ghidra-defined		pointer	Ghidra-12.0.4/ghidra_psx_ldr-2026.07.08	machine-assisted WIP datum
GAME.EXE	0x80013ca4	0x24a4	0x4	pointer	ghidra-defined		pointer	Ghidra-12.0.4/ghidra_psx_ldr-2026.07.08	machine-assisted WIP datum
GAME.EXE	0x80013ca8	0x24a8	0x4	pointer	ghidra-defined		pointer	Ghidra-12.0.4/ghidra_psx_ldr-2026.07.08	machine-assisted WIP datum
GAME.EXE	0x80013cac	0x24ac	0x4	pointer	ghidra-defined		pointer	Ghidra-12.0.4/ghidra_psx_ldr-2026.07.08	machine-assisted WIP datum
GAME.EXE	0x80013cb0	0x24b0	0x4	pointer	ghidra-defined		pointer	Ghidra-12.0.4/ghidra_psx_ldr-2026.07.08	machine-assisted WIP datum
GAME.EXE	0x80013cb4	0x24b4	0x4	pointer	ghidra-defined		pointer	Ghidra-12.0.4/ghidra_psx_ldr-2026.07.08	machine-assisted WIP datum
GAME.EXE	0x80013cb8	0x24b8	0x4	pointer	ghidra-defined		pointer	Ghidra-12.0.4/ghidra_psx_ldr-2026.07.08	machine-assisted WIP datum
GAME.EXE	0x80013cbc	0x24bc	0x4	pointer	ghidra-defined		pointer	Ghidra-12.0.4/ghidra_psx_ldr-2026.07.08	machine-assisted WIP datum
GAME.EXE	0x80013cc0	0x24c0	0x4	pointer	ghidra-defined		pointer	Ghidra-12.0.4/ghidra_psx_ldr-2026.07.08	machine-assisted WIP datum
GAME.EXE	0x80013cc4	0x24c4	0x4	pointer	ghidra-defined		pointer	Ghidra-12.0.4/ghidra_psx_ldr-2026.07.08	machine-assisted WIP datum
GAME.EXE	0x80013cc8	0x24c8	0x4	pointer	ghidra-defined		pointer	Ghidra-12.0.4/ghidra_psx_ldr-2026.07.08	machine-assisted WIP datum
GAME.EXE	0x80013ccc	0x24cc	0x4	pointer	ghidra-defined		pointer	Ghidra-12.0.4/ghidra_psx_ldr-2026.07.08	machine-assisted WIP datum
GAME.EXE	0x80013cd0	0x24d0	0x4	pointer	ghidra-defined		pointer	Ghidra-12.0.4/ghidra_psx_ldr-2026.07.08	machine-assisted WIP datum
GAME.EXE	0x80013cd4	0x24d4	0x4	pointer	ghidra-defined		pointer	Ghidra-12.0.4/ghidra_psx_ldr-2026.07.08	machine-assisted WIP datum
GAME.EXE	0x80013cd8	0x24d8	0x4	pointer	ghidra-defined		pointer	Ghidra-12.0.4/ghidra_psx_ldr-2026.07.08	machine-assisted WIP datum
GAME.EXE	0x80013cdc	0x24dc	0x4	pointer	ghidra-defined		pointer	Ghidra-12.0.4/ghidra_psx_ldr-2026.07.08	machine-assisted WIP datum
GAME.EXE	0x80013ce0	0x24e0	0x4	pointer	ghidra-defined		pointer	Ghidra-12.0.4/ghidra_psx_ldr-2026.07.08	machine-assisted WIP datum
GAME.EXE	0x80013ce4	0x24e4	0x4	pointer	ghidra-defined		pointer	Ghidra-12.0.4/ghidra_psx_ldr-2026.07.08	machine-assisted WIP datum
GAME.EXE	0x80013ce8	0x24e8	0x4	pointer	ghidra-defined		pointer	Ghidra-12.0.4/ghidra_psx_ldr-2026.07.08	machine-assisted WIP datum
GAME.EXE	0x80013cec	0x24ec	0x4	pointer	ghidra-defined		pointer	Ghidra-12.0.4/ghidra_psx_ldr-2026.07.08	machine-assisted WIP datum
GAME.EXE	0x80013cf0	0x24f0	0x4	pointer	ghidra-defined		pointer	Ghidra-12.0.4/ghidra_psx_ldr-2026.07.08	machine-assisted WIP datum
GAME.EXE	0x80013cf4	0x24f4	0x4	pointer	ghidra-defined		pointer	Ghidra-12.0.4/ghidra_psx_ldr-2026.07.08	machine-assisted WIP datum
GAME.EXE	0x80013cf8	0x24f8	0x4	pointer	ghidra-defined		pointer	Ghidra-12.0.4/ghidra_psx_ldr-2026.07.08	machine-assisted WIP datum
GAME.EXE	0x80013cfc	0x24fc	0x4	pointer	ghidra-defined		pointer	Ghidra-12.0.4/ghidra_psx_ldr-2026.07.08	machine-assisted WIP datum
GAME.EXE	0x80013d00	0x2500	0x4	pointer	ghidra-defined		pointer	Ghidra-12.0.4/ghidra_psx_ldr-2026.07.08	machine-assisted WIP datum
GAME.EXE	0x80013d04	0x2504	0x4	pointer	ghidra-defined		pointer	Ghidra-12.0.4/ghidra_psx_ldr-2026.07.08	machine-assisted WIP datum
GAME.EXE	0x80013d08	0x2508	0x4	pointer	ghidra-defined		pointer	Ghidra-12.0.4/ghidra_psx_ldr-2026.07.08	machine-assisted WIP datum
GAME.EXE	0x80013d0c	0x250c	0x4	pointer	ghidra-defined		pointer	Ghidra-12.0.4/ghidra_psx_ldr-2026.07.08	machine-assisted WIP datum
GAME.EXE	0x80013d10	0x2510	0x4	pointer	ghidra-defined		pointer	Ghidra-12.0.4/ghidra_psx_ldr-2026.07.08	machine-assisted WIP datum
GAME.EXE	0x80013d14	0x2514	0x4	pointer	ghidra-defined		pointer	Ghidra-12.0.4/ghidra_psx_ldr-2026.07.08	machine-assisted WIP datum
GAME.EXE	0x80013d18	0x2518	0x4	pointer	ghidra-defined		pointer	Ghidra-12.0.4/ghidra_psx_ldr-2026.07.08	machine-assisted WIP datum
GAME.EXE	0x80013d1c	0x251c	0x4	pointer	ghidra-defined		pointer	Ghidra-12.0.4/ghidra_psx_ldr-2026.07.08	machine-assisted WIP datum
GAME.EXE	0x80013d20	0x2520	0x4	pointer	ghidra-defined		pointer	Ghidra-12.0.4/ghidra_psx_ldr-2026.07.08	machine-assisted WIP datum
GAME.EXE	0x80013d24	0x2524	0x4	pointer	ghidra-defined		pointer	Ghidra-12.0.4/ghidra_psx_ldr-2026.07.08	machine-assisted WIP datum
GAME.EXE	0x80013d28	0x2528	0x4	pointer	ghidra-defined		pointer	Ghidra-12.0.4/ghidra_psx_ldr-2026.07.08	machine-assisted WIP datum
GAME.EXE	0x80013d2c	0x252c	0x4	pointer	ghidra-defined		pointer	Ghidra-12.0.4/ghidra_psx_ldr-2026.07.08	machine-assisted WIP datum
GAME.EXE	0x80013d30	0x2530	0x4	pointer	ghidra-defined		pointer	Ghidra-12.0.4/ghidra_psx_ldr-2026.07.08	machine-assisted WIP datum
GAME.EXE	0x80013d34	0x2534	0x4	pointer	ghidra-defined		pointer	Ghidra-12.0.4/ghidra_psx_ldr-2026.07.08	machine-assisted WIP datum
GAME.EXE	0x80013d38	0x2538	0x4	pointer	ghidra-defined		pointer	Ghidra-12.0.4/ghidra_psx_ldr-2026.07.08	machine-assisted WIP datum
GAME.EXE	0x80013d3c	0x253c	0x4	pointer	ghidra-defined		pointer	Ghidra-12.0.4/ghidra_psx_ldr-2026.07.08	machine-assisted WIP datum
GAME.EXE	0x80013d40	0x2540	0x4	pointer	ghidra-defined		pointer	Ghidra-12.0.4/ghidra_psx_ldr-2026.07.08	machine-assisted WIP datum
GAME.EXE	0x80013d44	0x2544	0x4	pointer	ghidra-defined		pointer	Ghidra-12.0.4/ghidra_psx_ldr-2026.07.08	machine-assisted WIP datum
GAME.EXE	0x80013d48	0x2548	0x4	pointer	ghidra-defined		pointer	Ghidra-12.0.4/ghidra_psx_ldr-2026.07.08	machine-assisted WIP datum
GAME.EXE	0x80013d4c	0x254c	0x4	pointer	ghidra-defined		pointer	Ghidra-12.0.4/ghidra_psx_ldr-2026.07.08	machine-assisted WIP datum
GAME.EXE	0x80013d50	0x2550	0x4	pointer	ghidra-defined		pointer	Ghidra-12.0.4/ghidra_psx_ldr-2026.07.08	machine-assisted WIP datum
GAME.EXE	0x80013d54	0x2554	0x4	pointer	ghidra-defined		pointer	Ghidra-12.0.4/ghidra_psx_ldr-2026.07.08	machine-assisted WIP datum
GAME.EXE	0x80013d58	0x2558	0x4	pointer	ghidra-defined		pointer	Ghidra-12.0.4/ghidra_psx_ldr-2026.07.08	machine-assisted WIP datum
GAME.EXE	0x80013d5c	0x255c	0x4	pointer	ghidra-defined		pointer	Ghidra-12.0.4/ghidra_psx_ldr-2026.07.08	machine-assisted WIP datum
GAME.EXE	0x80013d60	0x2560	0x4	pointer	ghidra-defined		pointer	Ghidra-12.0.4/ghidra_psx_ldr-2026.07.08	machine-assisted WIP datum
GAME.EXE	0x80013d64	0x2564	0x4	pointer	ghidra-defined		pointer	Ghidra-12.0.4/ghidra_psx_ldr-2026.07.08	machine-assisted WIP datum
GAME.EXE	0x80013d68	0x2568	0x4	pointer	ghidra-defined		pointer	Ghidra-12.0.4/ghidra_psx_ldr-2026.07.08	machine-assisted WIP datum
GAME.EXE	0x80013d6c	0x256c	0x4	pointer	ghidra-defined		pointer	Ghidra-12.0.4/ghidra_psx_ldr-2026.07.08	machine-assisted WIP datum
GAME.EXE	0x80013d70	0x2570	0x4	pointer	ghidra-defined		pointer	Ghidra-12.0.4/ghidra_psx_ldr-2026.07.08	machine-assisted WIP datum
GAME.EXE	0x80013d74	0x2574	0x4	pointer	ghidra-defined		pointer	Ghidra-12.0.4/ghidra_psx_ldr-2026.07.08	machine-assisted WIP datum
GAME.EXE	0x80013d78	0x2578	0x4	pointer	ghidra-defined		pointer	Ghidra-12.0.4/ghidra_psx_ldr-2026.07.08	machine-assisted WIP datum
GAME.EXE	0x80013d7c	0x257c	0x4	pointer	ghidra-defined		pointer	Ghidra-12.0.4/ghidra_psx_ldr-2026.07.08	machine-assisted WIP datum
GAME.EXE	0x80013d80	0x2580	0x4	pointer	ghidra-defined		pointer	Ghidra-12.0.4/ghidra_psx_ldr-2026.07.08	machine-assisted WIP datum
GAME.EXE	0x80013d84	0x2584	0x4	pointer	ghidra-defined		pointer	Ghidra-12.0.4/ghidra_psx_ldr-2026.07.08	machine-assisted WIP datum
GAME.EXE	0x80013d88	0x2588	0x4	pointer	ghidra-defined		pointer	Ghidra-12.0.4/ghidra_psx_ldr-2026.07.08	machine-assisted WIP datum
GAME.EXE	0x80013d8c	0x258c	0x4	pointer	ghidra-defined		pointer	Ghidra-12.0.4/ghidra_psx_ldr-2026.07.08	machine-assisted WIP datum
GAME.EXE	0x80013d90	0x2590	0x4	pointer	ghidra-defined		pointer	Ghidra-12.0.4/ghidra_psx_ldr-2026.07.08	machine-assisted WIP datum
GAME.EXE	0x80013d94	0x2594	0x4	pointer	ghidra-defined		pointer	Ghidra-12.0.4/ghidra_psx_ldr-2026.07.08	machine-assisted WIP datum
GAME.EXE	0x80013d98	0x2598	0x4	pointer	ghidra-defined		pointer	Ghidra-12.0.4/ghidra_psx_ldr-2026.07.08	machine-assisted WIP datum
GAME.EXE	0x80013d9c	0x259c	0x4	pointer	ghidra-defined		pointer	Ghidra-12.0.4/ghidra_psx_ldr-2026.07.08	machine-assisted WIP datum
GAME.EXE	0x80013da0	0x25a0	0x4	pointer	ghidra-defined		pointer	Ghidra-12.0.4/ghidra_psx_ldr-2026.07.08	machine-assisted WIP datum
GAME.EXE	0x80013da4	0x25a4	0x4	pointer	ghidra-defined		pointer	Ghidra-12.0.4/ghidra_psx_ldr-2026.07.08	machine-assisted WIP datum
GAME.EXE	0x80013da8	0x25a8	0x4	pointer	ghidra-defined		pointer	Ghidra-12.0.4/ghidra_psx_ldr-2026.07.08	machine-assisted WIP datum
GAME.EXE	0x80013dac	0x25ac	0x4	pointer	ghidra-defined		pointer	Ghidra-12.0.4/ghidra_psx_ldr-2026.07.08	machine-assisted WIP datum
GAME.EXE	0x80013db0	0x25b0	0x4	pointer	ghidra-defined		pointer	Ghidra-12.0.4/ghidra_psx_ldr-2026.07.08	machine-assisted WIP datum
GAME.EXE	0x80013db4	0x25b4	0x4	pointer	ghidra-defined		pointer	Ghidra-12.0.4/ghidra_psx_ldr-2026.07.08	machine-assisted WIP datum
GAME.EXE	0x80013db8	0x25b8	0x4	pointer	ghidra-defined		pointer	Ghidra-12.0.4/ghidra_psx_ldr-2026.07.08	machine-assisted WIP datum
GAME.EXE	0x80013dbc	0x25bc	0x4	pointer	ghidra-defined		pointer	Ghidra-12.0.4/ghidra_psx_ldr-2026.07.08	machine-assisted WIP datum
GAME.EXE	0x80013dc0	0x25c0	0x4	pointer	ghidra-defined		pointer	Ghidra-12.0.4/ghidra_psx_ldr-2026.07.08	machine-assisted WIP datum
GAME.EXE	0x80013dc4	0x25c4	0x4	pointer	ghidra-defined		pointer	Ghidra-12.0.4/ghidra_psx_ldr-2026.07.08	machine-assisted WIP datum
GAME.EXE	0x80013dc8	0x25c8	0x4	pointer	ghidra-defined		pointer	Ghidra-12.0.4/ghidra_psx_ldr-2026.07.08	machine-assisted WIP datum
GAME.EXE	0x80013dcc	0x25cc	0x4	pointer	ghidra-defined		pointer	Ghidra-12.0.4/ghidra_psx_ldr-2026.07.08	machine-assisted WIP datum
GAME.EXE	0x80013dd0	0x25d0	0x4	pointer	ghidra-defined		pointer	Ghidra-12.0.4/ghidra_psx_ldr-2026.07.08	machine-assisted WIP datum
GAME.EXE	0x80013dd4	0x25d4	0x4	pointer	ghidra-defined		pointer	Ghidra-12.0.4/ghidra_psx_ldr-2026.07.08	machine-assisted WIP datum
GAME.EXE	0x80013dd8	0x25d8	0x4	pointer	ghidra-defined		pointer	Ghidra-12.0.4/ghidra_psx_ldr-2026.07.08	machine-assisted WIP datum
GAME.EXE	0x80013ddc	0x25dc	0x4	pointer	ghidra-defined		pointer	Ghidra-12.0.4/ghidra_psx_ldr-2026.07.08	machine-assisted WIP datum
GAME.EXE	0x80013de0	0x25e0	0x4	pointer	ghidra-defined		pointer	Ghidra-12.0.4/ghidra_psx_ldr-2026.07.08	machine-assisted WIP datum
GAME.EXE	0x80013de4	0x25e4	0x4	pointer	ghidra-defined		pointer	Ghidra-12.0.4/ghidra_psx_ldr-2026.07.08	machine-assisted WIP datum
GAME.EXE	0x80013de8	0x25e8	0x4	pointer	ghidra-defined		pointer	Ghidra-12.0.4/ghidra_psx_ldr-2026.07.08	machine-assisted WIP datum
GAME.EXE	0x80013dec	0x25ec	0x4	pointer	ghidra-defined		pointer	Ghidra-12.0.4/ghidra_psx_ldr-2026.07.08	machine-assisted WIP datum
GAME.EXE	0x80013df0	0x25f0	0x4	pointer	ghidra-defined		pointer	Ghidra-12.0.4/ghidra_psx_ldr-2026.07.08	machine-assisted WIP datum
GAME.EXE	0x80013df4	0x25f4	0x4	pointer	ghidra-defined		pointer	Ghidra-12.0.4/ghidra_psx_ldr-2026.07.08	machine-assisted WIP datum
GAME.EXE	0x80013df8	0x25f8	0x4	pointer	ghidra-defined		pointer	Ghidra-12.0.4/ghidra_psx_ldr-2026.07.08	machine-assisted WIP datum
GAME.EXE	0x80013dfc	0x25fc	0x4	pointer	ghidra-defined		pointer	Ghidra-12.0.4/ghidra_psx_ldr-2026.07.08	machine-assisted WIP datum
GAME.EXE	0x80013e00	0x2600	0x4	pointer	ghidra-defined		pointer	Ghidra-12.0.4/ghidra_psx_ldr-2026.07.08	machine-assisted WIP datum
GAME.EXE	0x80013e04	0x2604	0x4	pointer	ghidra-defined		pointer	Ghidra-12.0.4/ghidra_psx_ldr-2026.07.08	machine-assisted WIP datum
GAME.EXE	0x80013e08	0x2608	0x4	pointer	ghidra-defined		pointer	Ghidra-12.0.4/ghidra_psx_ldr-2026.07.08	machine-assisted WIP datum
GAME.EXE	0x80013e0c	0x260c	0x4	pointer	ghidra-defined		pointer	Ghidra-12.0.4/ghidra_psx_ldr-2026.07.08	machine-assisted WIP datum
GAME.EXE	0x80013e10	0x2610	0x4	pointer	ghidra-defined		pointer	Ghidra-12.0.4/ghidra_psx_ldr-2026.07.08	machine-assisted WIP datum
GAME.EXE	0x80013e14	0x2614	0x4	pointer	ghidra-defined		pointer	Ghidra-12.0.4/ghidra_psx_ldr-2026.07.08	machine-assisted WIP datum
GAME.EXE	0x80013e18	0x2618	0x4	pointer	ghidra-defined		pointer	Ghidra-12.0.4/ghidra_psx_ldr-2026.07.08	machine-assisted WIP datum
GAME.EXE	0x80013e1c	0x261c	0x4	pointer	ghidra-defined		pointer	Ghidra-12.0.4/ghidra_psx_ldr-2026.07.08	machine-assisted WIP datum
GAME.EXE	0x80013e20	0x2620	0x4	pointer	ghidra-defined		pointer	Ghidra-12.0.4/ghidra_psx_ldr-2026.07.08	machine-assisted WIP datum
GAME.EXE	0x80013e24	0x2624	0x4	pointer	ghidra-defined		pointer	Ghidra-12.0.4/ghidra_psx_ldr-2026.07.08	machine-assisted WIP datum
GAME.EXE	0x80013e28	0x2628	0x4	pointer	ghidra-defined		pointer	Ghidra-12.0.4/ghidra_psx_ldr-2026.07.08	machine-assisted WIP datum
GAME.EXE	0x80013e2c	0x262c	0x4	pointer	ghidra-defined		pointer	Ghidra-12.0.4/ghidra_psx_ldr-2026.07.08	machine-assisted WIP datum
GAME.EXE	0x80013e30	0x2630	0x4	pointer	ghidra-defined		pointer	Ghidra-12.0.4/ghidra_psx_ldr-2026.07.08	machine-assisted WIP datum
GAME.EXE	0x80013e34	0x2634	0x4	pointer	ghidra-defined		undefined *	Ghidra-12.0.4/ghidra_psx_ldr-2026.07.08	machine-assisted WIP datum
GAME.EXE	0x80013e38	0x2638	0x4	pointer	ghidra-defined		undefined *	Ghidra-12.0.4/ghidra_psx_ldr-2026.07.08	machine-assisted WIP datum
GAME.EXE	0x80013e3c	0x263c	0x4	pointer	ghidra-defined		undefined *	Ghidra-12.0.4/ghidra_psx_ldr-2026.07.08	machine-assisted WIP datum
GAME.EXE	0x80013e40	0x2640	0x4	pointer	ghidra-defined		undefined *	Ghidra-12.0.4/ghidra_psx_ldr-2026.07.08	machine-assisted WIP datum
GAME.EXE	0x80013e44	0x2644	0x4	pointer	ghidra-defined		undefined *	Ghidra-12.0.4/ghidra_psx_ldr-2026.07.08	machine-assisted WIP datum
GAME.EXE	0x80013e48	0x2648	0x4	pointer	ghidra-defined		undefined *	Ghidra-12.0.4/ghidra_psx_ldr-2026.07.08	machine-assisted WIP datum
GAME.EXE	0x80013e4c	0x264c	0x4	pointer	ghidra-defined		undefined *	Ghidra-12.0.4/ghidra_psx_ldr-2026.07.08	machine-assisted WIP datum
GAME.EXE	0x80013e50	0x2650	0x4	pointer	ghidra-defined		undefined *	Ghidra-12.0.4/ghidra_psx_ldr-2026.07.08	machine-assisted WIP datum
GAME.EXE	0x80013e54	0x2654	0x4	pointer	ghidra-defined		undefined *	Ghidra-12.0.4/ghidra_psx_ldr-2026.07.08	machine-assisted WIP datum
GAME.EXE	0x80013e58	0x2658	0x1c	string	byte-pattern		ascii	investigation:string-census	escaped text: ResetCallback: _96_remove ..
GAME.EXE	0x80013e74	0x2674	0x4	unclassified	coverage-gap			payload-complement	may contain missed code, tables, constants, padding, or writable data
GAME.EXE	0x80013e78	0x2678	0x10	string	byte-pattern		ascii	investigation:string-census	escaped text: icr error = %08x
GAME.EXE	0x80013e88	0x2688	0x4	unclassified	coverage-gap			payload-complement	may contain missed code, tables, constants, padding, or writable data
GAME.EXE	0x80013e8c	0x268c	0x1e	string	byte-pattern		ascii	investigation:string-census	escaped text: PAD_init: Bad PadIdentifier %d
GAME.EXE	0x80013eaa	0x26aa	0x2	unclassified	coverage-gap			payload-complement	may contain missed code, tables, constants, padding, or writable data
GAME.EXE	0x80013eac	0x26ac	0x1e	string	byte-pattern		ascii	investigation:string-census	escaped text: PAD_dr  : Bad PadIdentifier %d
GAME.EXE	0x80013eca	0x26ca	0x2	unclassified	coverage-gap			payload-complement	may contain missed code, tables, constants, padding, or writable data
GAME.EXE	0x80013ecc	0x26cc	0x1e	string	byte-pattern		ascii	investigation:string-census	escaped text: StopPAD : Bad PadIdentifier %d
GAME.EXE	0x80013eea	0x26ea	0x2	unclassified	coverage-gap			payload-complement	may contain missed code, tables, constants, padding, or writable data
GAME.EXE	0x80013eec	0x26ec	0x29	string	byte-pattern		ascii	investigation:string-census	escaped text: SetGraphDebug:level:%d,type:%d reverse:%d
GAME.EXE	0x80013f15	0x2715	0x3	unclassified	coverage-gap			payload-complement	may contain missed code, tables, constants, padding, or writable data
GAME.EXE	0x80013f18	0x2718	0xa	string	byte-pattern		ascii	investigation:string-census	escaped text: ClearImage
GAME.EXE	0x80013f22	0x2722	0x2	unclassified	coverage-gap			payload-complement	may contain missed code, tables, constants, padding, or writable data
GAME.EXE	0x80013f24	0x2724	0x9	string	byte-pattern		ascii	investigation:string-census	escaped text: LoadImage
GAME.EXE	0x80013f2d	0x272d	0x3	unclassified	coverage-gap			payload-complement	may contain missed code, tables, constants, padding, or writable data
GAME.EXE	0x80013f30	0x2730	0xa	string	byte-pattern		ascii	investigation:string-census	escaped text: StoreImage
GAME.EXE	0x80013f3a	0x273a	0x2	unclassified	coverage-gap			payload-complement	may contain missed code, tables, constants, padding, or writable data
GAME.EXE	0x80013f3c	0x273c	0x9	string	byte-pattern		ascii	investigation:string-census	escaped text: MoveImage
GAME.EXE	0x80013f45	0x2745	0x3	unclassified	coverage-gap			payload-complement	may contain missed code, tables, constants, padding, or writable data
GAME.EXE	0x80013f48	0x2748	0xb	string	byte-pattern		ascii	investigation:string-census	escaped text: %s:bad RECT
GAME.EXE	0x80013f53	0x2753	0x1	unclassified	coverage-gap			payload-complement	may contain missed code, tables, constants, padding, or writable data
GAME.EXE	0x80013f54	0x2754	0xf	string	byte-pattern		ascii	investigation:string-census	escaped text: (%d,%d)-(%d,%d)
GAME.EXE	0x80013f63	0x2763	0x5	unclassified	coverage-gap			payload-complement	may contain missed code, tables, constants, padding, or writable data
GAME.EXE	0x80013f68	0x2768	0x8	string	byte-pattern		ascii	investigation:string-census	escaped text: DrawPrim
GAME.EXE	0x80013f70	0x2770	0x4	unclassified	coverage-gap			payload-complement	may contain missed code, tables, constants, padding, or writable data
GAME.EXE	0x80013f74	0x2774	0x37	string	byte-pattern		ascii	investigation:string-census	escaped text: timeout:QUE=(%2d,%2d),FIFO=%d,IDEL=%d,MODE=%d,DMAC=%08X
GAME.EXE	0x80013fab	0x27ab	0x5	unclassified	coverage-gap			payload-complement	may contain missed code, tables, constants, padding, or writable data
GAME.EXE	0x80013fb0	0x27b0	0x9	string	byte-pattern		ascii	investigation:string-census	escaped text: id  =%08x
GAME.EXE	0x80013fb9	0x27b9	0x3	unclassified	coverage-gap			payload-complement	may contain missed code, tables, constants, padding, or writable data
GAME.EXE	0x80013fbc	0x27bc	0x9	string	byte-pattern		ascii	investigation:string-census	escaped text: mode=%08x
GAME.EXE	0x80013fc5	0x27c5	0x3	unclassified	coverage-gap			payload-complement	may contain missed code, tables, constants, padding, or writable data
GAME.EXE	0x80013fc8	0x27c8	0xc	string	byte-pattern		ascii	investigation:string-census	escaped text: timaddr=%08x
GAME.EXE	0x80013fd4	0x27d4	0x4	unclassified	coverage-gap			payload-complement	may contain missed code, tables, constants, padding, or writable data
GAME.EXE	0x80013fd8	0x27d8	0x10	string	byte-pattern		ascii	investigation:string-census	escaped text: analizing TMD...
GAME.EXE	0x80013fe8	0x27e8	0x4	unclassified	coverage-gap			payload-complement	may contain missed code, tables, constants, padding, or writable data
GAME.EXE	0x80013fec	0x27ec	0x25	string	byte-pattern		ascii	investigation:string-census	escaped text: \tid=%08X, flags=%d, nobj=%d, objid=%d
GAME.EXE	0x80014011	0x2811	0x3	unclassified	coverage-gap			payload-complement	may contain missed code, tables, constants, padding, or writable data
GAME.EXE	0x80014014	0x2814	0x14	string	byte-pattern		ascii	investigation:string-census	escaped text: \tvert=%08X, nvert=%d
GAME.EXE	0x80014028	0x2828	0x4	unclassified	coverage-gap			payload-complement	may contain missed code, tables, constants, padding, or writable data
GAME.EXE	0x8001402c	0x282c	0x14	string	byte-pattern		ascii	investigation:string-census	escaped text: \tnorm=%08X, nnorm=%d
GAME.EXE	0x80014040	0x2840	0x4	unclassified	coverage-gap			payload-complement	may contain missed code, tables, constants, padding, or writable data
GAME.EXE	0x80014044	0x2844	0x14	string	byte-pattern		ascii	investigation:string-census	escaped text: \tprim=%08X, nprim=%d
GAME.EXE	0x80014058	0x2858	0x4	unclassified	coverage-gap			payload-complement	may contain missed code, tables, constants, padding, or writable data
GAME.EXE	0x8001405c	0x285c	0x17	string	byte-pattern		ascii	investigation:string-census	escaped text: unsupported type (%08x)
GAME.EXE	0x80014073	0x2873	0x5	unclassified	coverage-gap			payload-complement	may contain missed code, tables, constants, padding, or writable data
GAME.EXE	0x80014078	0x2878	0x14	string	byte-pattern		ascii	investigation:string-census	escaped text: tpage: (%d,%d,%d,%d)
GAME.EXE	0x8001408c	0x288c	0x4	unclassified	coverage-gap			payload-complement	may contain missed code, tables, constants, padding, or writable data
GAME.EXE	0x80014090	0x2890	0xd	string	byte-pattern		ascii	investigation:string-census	escaped text: clut: (%d,%d)
GAME.EXE	0x8001409d	0x289d	0x3	unclassified	coverage-gap			payload-complement	may contain missed code, tables, constants, padding, or writable data
GAME.EXE	0x800140a0	0x28a0	0x16	string	byte-pattern		ascii	investigation:string-census	escaped text: clip (%3d,%3d)-(%d,%d)
GAME.EXE	0x800140b6	0x28b6	0x2	unclassified	coverage-gap			payload-complement	may contain missed code, tables, constants, padding, or writable data
GAME.EXE	0x800140b8	0x28b8	0xe	string	byte-pattern		ascii	investigation:string-census	escaped text: ofs  (%3d,%3d)
GAME.EXE	0x800140c6	0x28c6	0x2	unclassified	coverage-gap			payload-complement	may contain missed code, tables, constants, padding, or writable data
GAME.EXE	0x800140c8	0x28c8	0x14	string	byte-pattern		ascii	investigation:string-census	escaped text: tw   (%d,%d)-(%d,%d)
GAME.EXE	0x800140dc	0x28dc	0x4	unclassified	coverage-gap			payload-complement	may contain missed code, tables, constants, padding, or writable data
GAME.EXE	0x800140e0	0x28e0	0x8	string	byte-pattern		ascii	investigation:string-census	escaped text: dtd   %d
GAME.EXE	0x800140e8	0x28e8	0x4	unclassified	coverage-gap			payload-complement	may contain missed code, tables, constants, padding, or writable data
GAME.EXE	0x800140ec	0x28ec	0x8	string	byte-pattern		ascii	investigation:string-census	escaped text: dfe   %d
GAME.EXE	0x800140f4	0x28f4	0x4	unclassified	coverage-gap			payload-complement	may contain missed code, tables, constants, padding, or writable data
GAME.EXE	0x800140f8	0x28f8	0x18	string	byte-pattern		ascii	investigation:string-census	escaped text: disp   (%3d,%3d)-(%d,%d)
GAME.EXE	0x80014110	0x2910	0x4	unclassified	coverage-gap			payload-complement	may contain missed code, tables, constants, padding, or writable data
GAME.EXE	0x80014114	0x2914	0x18	string	byte-pattern		ascii	investigation:string-census	escaped text: screen (%3d,%3d)-(%d,%d)
GAME.EXE	0x8001412c	0x292c	0x4	unclassified	coverage-gap			payload-complement	may contain missed code, tables, constants, padding, or writable data
GAME.EXE	0x80014130	0x2930	0xa	string	byte-pattern		ascii	investigation:string-census	escaped text: isinter %d
GAME.EXE	0x8001413a	0x293a	0x2	unclassified	coverage-gap			payload-complement	may contain missed code, tables, constants, padding, or writable data
GAME.EXE	0x8001413c	0x293c	0xa	string	byte-pattern		ascii	investigation:string-census	escaped text: isrgb24 %d
GAME.EXE	0x80014146	0x2946	0x2	unclassified	coverage-gap			payload-complement	may contain missed code, tables, constants, padding, or writable data
GAME.EXE	0x80014148	0x2948	0xa	string	byte-pattern		ascii	investigation:string-census	escaped text: OTag :prim
GAME.EXE	0x80014152	0x2952	0x1	unclassified	coverage-gap			payload-complement	may contain missed code, tables, constants, padding, or writable data
GAME.EXE	0x80014153	0x2953	0x4	string	byte-pattern		ascii	investigation:string-census	escaped text: %5d:
GAME.EXE	0x80014157	0x2957	0x1	unclassified	coverage-gap			payload-complement	may contain missed code, tables, constants, padding, or writable data
GAME.EXE	0x80014158	0x2958	0x9	string	byte-pattern		ascii	investigation:string-census	escaped text: DumpOTage
GAME.EXE	0x80014161	0x2961	0x3	unclassified	coverage-gap			payload-complement	may contain missed code, tables, constants, padding, or writable data
GAME.EXE	0x80014164	0x2964	0x25	string	byte-pattern		ascii	investigation:string-census	escaped text: %s: bad prim:addr=%08X,type=%s,len=%d
GAME.EXE	0x80014189	0x2989	0x3	unclassified	coverage-gap			payload-complement	may contain missed code, tables, constants, padding, or writable data
GAME.EXE	0x8001418c	0x298c	0x10	string	byte-pattern		ascii	investigation:string-census	escaped text: 0123456789ABCDEF
GAME.EXE	0x8001419c	0x299c	0x4	unclassified	coverage-gap			payload-complement	may contain missed code, tables, constants, padding, or writable data
GAME.EXE	0x800141a0	0x29a0	0x10	string	byte-pattern		ascii	investigation:string-census	escaped text: 0123456789abcdef
GAME.EXE	0x800141b0	0x29b0	0x4	unclassified	coverage-gap			payload-complement	may contain missed code, tables, constants, padding, or writable data
GAME.EXE	0x800141b4	0x29b4	0x4	pointer	ghidra-defined		pointer	Ghidra-12.0.4/ghidra_psx_ldr-2026.07.08	machine-assisted WIP datum
GAME.EXE	0x800141b8	0x29b8	0x4	pointer	ghidra-defined		pointer	Ghidra-12.0.4/ghidra_psx_ldr-2026.07.08	machine-assisted WIP datum
GAME.EXE	0x800141bc	0x29bc	0x4	pointer	ghidra-defined		pointer	Ghidra-12.0.4/ghidra_psx_ldr-2026.07.08	machine-assisted WIP datum
GAME.EXE	0x800141c0	0x29c0	0x4	pointer	ghidra-defined		pointer	Ghidra-12.0.4/ghidra_psx_ldr-2026.07.08	machine-assisted WIP datum
GAME.EXE	0x800141c4	0x29c4	0x4	pointer	ghidra-defined		pointer	Ghidra-12.0.4/ghidra_psx_ldr-2026.07.08	machine-assisted WIP datum
GAME.EXE	0x800141c8	0x29c8	0x4	pointer	ghidra-defined		pointer	Ghidra-12.0.4/ghidra_psx_ldr-2026.07.08	machine-assisted WIP datum
GAME.EXE	0x800141cc	0x29cc	0x4	pointer	ghidra-defined		pointer	Ghidra-12.0.4/ghidra_psx_ldr-2026.07.08	machine-assisted WIP datum
GAME.EXE	0x800141d0	0x29d0	0x4	pointer	ghidra-defined		pointer	Ghidra-12.0.4/ghidra_psx_ldr-2026.07.08	machine-assisted WIP datum
GAME.EXE	0x800141d4	0x29d4	0x4	pointer	ghidra-defined		pointer	Ghidra-12.0.4/ghidra_psx_ldr-2026.07.08	machine-assisted WIP datum
GAME.EXE	0x800141d8	0x29d8	0x4	pointer	ghidra-defined		pointer	Ghidra-12.0.4/ghidra_psx_ldr-2026.07.08	machine-assisted WIP datum
GAME.EXE	0x800141dc	0x29dc	0x4	pointer	ghidra-defined		pointer	Ghidra-12.0.4/ghidra_psx_ldr-2026.07.08	machine-assisted WIP datum
GAME.EXE	0x800141e0	0x29e0	0x4	pointer	ghidra-defined		pointer	Ghidra-12.0.4/ghidra_psx_ldr-2026.07.08	machine-assisted WIP datum
GAME.EXE	0x800141e4	0x29e4	0x4	pointer	ghidra-defined		pointer	Ghidra-12.0.4/ghidra_psx_ldr-2026.07.08	machine-assisted WIP datum
GAME.EXE	0x800141e8	0x29e8	0x4	pointer	ghidra-defined		pointer	Ghidra-12.0.4/ghidra_psx_ldr-2026.07.08	machine-assisted WIP datum
GAME.EXE	0x800141ec	0x29ec	0x4	pointer	ghidra-defined		pointer	Ghidra-12.0.4/ghidra_psx_ldr-2026.07.08	machine-assisted WIP datum
GAME.EXE	0x800141f0	0x29f0	0x4	pointer	ghidra-defined		pointer	Ghidra-12.0.4/ghidra_psx_ldr-2026.07.08	machine-assisted WIP datum
GAME.EXE	0x800141f4	0x29f4	0x4	pointer	ghidra-defined		pointer	Ghidra-12.0.4/ghidra_psx_ldr-2026.07.08	machine-assisted WIP datum
GAME.EXE	0x800141f8	0x29f8	0x4	pointer	ghidra-defined		pointer	Ghidra-12.0.4/ghidra_psx_ldr-2026.07.08	machine-assisted WIP datum
GAME.EXE	0x800141fc	0x29fc	0x4	pointer	ghidra-defined		pointer	Ghidra-12.0.4/ghidra_psx_ldr-2026.07.08	machine-assisted WIP datum
GAME.EXE	0x80014200	0x2a00	0x4	pointer	ghidra-defined		pointer	Ghidra-12.0.4/ghidra_psx_ldr-2026.07.08	machine-assisted WIP datum
GAME.EXE	0x80014204	0x2a04	0x4	pointer	ghidra-defined		pointer	Ghidra-12.0.4/ghidra_psx_ldr-2026.07.08	machine-assisted WIP datum
GAME.EXE	0x80014208	0x2a08	0x4	pointer	ghidra-defined		pointer	Ghidra-12.0.4/ghidra_psx_ldr-2026.07.08	machine-assisted WIP datum
GAME.EXE	0x8001420c	0x2a0c	0x4	pointer	ghidra-defined		pointer	Ghidra-12.0.4/ghidra_psx_ldr-2026.07.08	machine-assisted WIP datum
GAME.EXE	0x80014210	0x2a10	0x4	pointer	ghidra-defined		pointer	Ghidra-12.0.4/ghidra_psx_ldr-2026.07.08	machine-assisted WIP datum
GAME.EXE	0x80014214	0x2a14	0x4	pointer	ghidra-defined		pointer	Ghidra-12.0.4/ghidra_psx_ldr-2026.07.08	machine-assisted WIP datum
GAME.EXE	0x80014218	0x2a18	0x4	pointer	ghidra-defined		pointer	Ghidra-12.0.4/ghidra_psx_ldr-2026.07.08	machine-assisted WIP datum
GAME.EXE	0x8001421c	0x2a1c	0x4	pointer	ghidra-defined		pointer	Ghidra-12.0.4/ghidra_psx_ldr-2026.07.08	machine-assisted WIP datum
GAME.EXE	0x80014220	0x2a20	0x4	pointer	ghidra-defined		pointer	Ghidra-12.0.4/ghidra_psx_ldr-2026.07.08	machine-assisted WIP datum
GAME.EXE	0x80014224	0x2a24	0x4	pointer	ghidra-defined		pointer	Ghidra-12.0.4/ghidra_psx_ldr-2026.07.08	machine-assisted WIP datum
GAME.EXE	0x80014228	0x2a28	0x4	pointer	ghidra-defined		pointer	Ghidra-12.0.4/ghidra_psx_ldr-2026.07.08	machine-assisted WIP datum
GAME.EXE	0x8001422c	0x2a2c	0x4	pointer	ghidra-defined		pointer	Ghidra-12.0.4/ghidra_psx_ldr-2026.07.08	machine-assisted WIP datum
GAME.EXE	0x80014230	0x2a30	0x4	pointer	ghidra-defined		pointer	Ghidra-12.0.4/ghidra_psx_ldr-2026.07.08	machine-assisted WIP datum
GAME.EXE	0x80014234	0x2a34	0x4	pointer	ghidra-defined		pointer	Ghidra-12.0.4/ghidra_psx_ldr-2026.07.08	machine-assisted WIP datum
GAME.EXE	0x80014238	0x2a38	0x4	pointer	ghidra-defined		pointer	Ghidra-12.0.4/ghidra_psx_ldr-2026.07.08	machine-assisted WIP datum
GAME.EXE	0x8001423c	0x2a3c	0x4	pointer	ghidra-defined		pointer	Ghidra-12.0.4/ghidra_psx_ldr-2026.07.08	machine-assisted WIP datum
GAME.EXE	0x80014240	0x2a40	0x4	pointer	ghidra-defined		pointer	Ghidra-12.0.4/ghidra_psx_ldr-2026.07.08	machine-assisted WIP datum
GAME.EXE	0x80014244	0x2a44	0x4	pointer	ghidra-defined		pointer	Ghidra-12.0.4/ghidra_psx_ldr-2026.07.08	machine-assisted WIP datum
GAME.EXE	0x80014248	0x2a48	0x4	pointer	ghidra-defined		pointer	Ghidra-12.0.4/ghidra_psx_ldr-2026.07.08	machine-assisted WIP datum
GAME.EXE	0x8001424c	0x2a4c	0x4	pointer	ghidra-defined		pointer	Ghidra-12.0.4/ghidra_psx_ldr-2026.07.08	machine-assisted WIP datum
GAME.EXE	0x80014250	0x2a50	0x4	pointer	ghidra-defined		pointer	Ghidra-12.0.4/ghidra_psx_ldr-2026.07.08	machine-assisted WIP datum
GAME.EXE	0x80014254	0x2a54	0x4	pointer	ghidra-defined		pointer	Ghidra-12.0.4/ghidra_psx_ldr-2026.07.08	machine-assisted WIP datum
GAME.EXE	0x80014258	0x2a58	0x4	pointer	ghidra-defined		pointer	Ghidra-12.0.4/ghidra_psx_ldr-2026.07.08	machine-assisted WIP datum
GAME.EXE	0x8001425c	0x2a5c	0x4	pointer	ghidra-defined		pointer	Ghidra-12.0.4/ghidra_psx_ldr-2026.07.08	machine-assisted WIP datum
GAME.EXE	0x80014260	0x2a60	0x4	pointer	ghidra-defined		pointer	Ghidra-12.0.4/ghidra_psx_ldr-2026.07.08	machine-assisted WIP datum
GAME.EXE	0x80014264	0x2a64	0x4	pointer	ghidra-defined		pointer	Ghidra-12.0.4/ghidra_psx_ldr-2026.07.08	machine-assisted WIP datum
GAME.EXE	0x80014613	0x2e13	0x4	string	byte-pattern		ascii	investigation:string-census	escaped text: '!0@
GAME.EXE	0x80014aaa	0x32aa	0x5	string	byte-pattern		ascii	investigation:string-census	escaped text: B0! @
GAME.EXE	0x80014afe	0x32fe	0x5	string	byte-pattern		ascii	investigation:string-census	escaped text: B0! @
GAME.EXE	0x80014d7f	0x357f	0x4	string	byte-pattern		ascii	investigation:string-census	escaped text: '!(`
GAME.EXE	0x800151ab	0x39ab	0x4	string	byte-pattern		ascii	investigation:string-census	escaped text: <@WB
GAME.EXE	0x800151b7	0x39b7	0x4	string	byte-pattern		ascii	investigation:string-census	"escaped text: <x~"""
GAME.EXE	0x8001535a	0x3b5a	0x4	string	byte-pattern		ascii	investigation:string-census	escaped text: c$3!
GAME.EXE	0x800153fb	0x3bfb	0x4	string	byte-pattern		ascii	investigation:string-census	"escaped text: <#S"""
GAME.EXE	0x80015403	0x3c03	0x4	string	byte-pattern		ascii	investigation:string-census	"escaped text: <$S"""
GAME.EXE	0x8001540b	0x3c0b	0x4	string	byte-pattern		ascii	investigation:string-census	"escaped text: <%S"""
GAME.EXE	0x80015413	0x3c13	0x4	string	byte-pattern		ascii	investigation:string-census	"escaped text: <'S"""
GAME.EXE	0x8001541b	0x3c1b	0x4	string	byte-pattern		ascii	investigation:string-census	"escaped text: <JS"""
GAME.EXE	0x80015423	0x3c23	0x4	string	byte-pattern		ascii	investigation:string-census	"escaped text: <KS"""
GAME.EXE	0x8001542b	0x3c2b	0x4	string	byte-pattern		ascii	investigation:string-census	"escaped text: <NS"""
GAME.EXE	0x80015433	0x3c33	0x4	string	byte-pattern		ascii	investigation:string-census	"escaped text: <VS"""
GAME.EXE	0x8001543b	0x3c3b	0x4	string	byte-pattern		ascii	investigation:string-census	"escaped text: <WS"""
GAME.EXE	0x80015443	0x3c43	0x4	string	byte-pattern		ascii	investigation:string-census	"escaped text: <[S"""
GAME.EXE	0x8001544b	0x3c4b	0x4	string	byte-pattern		ascii	investigation:string-census	"escaped text: <]S"""
GAME.EXE	0x80015453	0x3c53	0x4	string	byte-pattern		ascii	investigation:string-census	"escaped text: <^S"""
GAME.EXE	0x8001545b	0x3c5b	0x4	string	byte-pattern		ascii	investigation:string-census	"escaped text: <dS"""
GAME.EXE	0x80015463	0x3c63	0x4	string	byte-pattern		ascii	investigation:string-census	"escaped text: <mS"""
GAME.EXE	0x8001546b	0x3c6b	0x4	string	byte-pattern		ascii	investigation:string-census	"escaped text: <sS"""
GAME.EXE	0x80015473	0x3c73	0x4	string	byte-pattern		ascii	investigation:string-census	"escaped text: <tS"""
GAME.EXE	0x8001547b	0x3c7b	0x4	string	byte-pattern		ascii	investigation:string-census	"escaped text: <uS"""
GAME.EXE	0x80015483	0x3c83	0x4	string	byte-pattern		ascii	investigation:string-census	"escaped text: <vS"""
GAME.EXE	0x8001548b	0x3c8b	0x4	string	byte-pattern		ascii	investigation:string-census	"escaped text: <wS"""
GAME.EXE	0x80015493	0x3c93	0x4	string	byte-pattern		ascii	investigation:string-census	"escaped text: <xS"""
GAME.EXE	0x8001549b	0x3c9b	0x4	string	byte-pattern		ascii	investigation:string-census	"escaped text: <|S"""
GAME.EXE	0x80015603	0x3e03	0x4	string	byte-pattern		ascii	investigation:string-census	escaped text: <dP\x20
GAME.EXE	0x800158aa	0x40aa	0x5	string	byte-pattern		ascii	investigation:string-census	escaped text: c$! C
GAME.EXE	0x8001598e	0x418e	0x5	string	byte-pattern		ascii	investigation:string-census	escaped text: c$! C
GAME.EXE	0x80015a72	0x4272	0x5	string	byte-pattern		ascii	investigation:string-census	escaped text: c$! C
GAME.EXE	0x80015b56	0x4356	0x5	string	byte-pattern		ascii	investigation:string-census	escaped text: c$! C
GAME.EXE	0x80015c3a	0x443a	0x5	string	byte-pattern		ascii	investigation:string-census	escaped text: c$! C
GAME.EXE	0x80015d21	0x4521	0x4	string	byte-pattern		ascii	investigation:string-census	escaped text:  !$!
GAME.EXE	0x8001606b	0x486b	0x6	string	byte-pattern		shift_jis	investigation:string-census	escaped text: <氣c4\n
GAME.EXE	0x8001617d	0x497d	0x6	string	byte-pattern		ascii	investigation:string-census	escaped text: Pc$! C
GAME.EXE	0x80016867	0x5067	0x6	string	byte-pattern		ascii	investigation:string-census	escaped text: <0 !$!
GAME.EXE	0x80016aaf	0x52af	0x5	string	byte-pattern		ascii	investigation:string-census	escaped text: <%XB$
GAME.EXE	0x80016acb	0x52cb	0x4	string	byte-pattern		ascii	investigation:string-census	escaped text: <&X'
GAME.EXE	0x80016ceb	0x54eb	0x4	string	byte-pattern		ascii	investigation:string-census	escaped text: 4! @
GAME.EXE	0x8001701b	0x581b	0x4	string	byte-pattern		ascii	investigation:string-census	"escaped text: <dP"""
GAME.EXE	0x800170cb	0x58cb	0x4	string	byte-pattern		ascii	investigation:string-census	escaped text: 4# C
GAME.EXE	0x80017441	0x5c41	0x4	string	byte-pattern		ascii	investigation:string-census	escaped text: YB$!
GAME.EXE	0x8001750d	0x5d0d	0x4	string	byte-pattern		ascii	investigation:string-census	escaped text: YB$!
GAME.EXE	0x80017d43	0x6543	0x6	string	byte-pattern		ascii	investigation:string-census	escaped text: <*Xc$@
GAME.EXE	0x80017f5b	0x675b	0x4	string	byte-pattern		ascii	investigation:string-census	"escaped text: <?X"""
GAME.EXE	0x80017f87	0x6787	0x4	string	byte-pattern		ascii	investigation:string-census	escaped text: <@X#
GAME.EXE	0x80018037	0x6837	0x4	string	byte-pattern		ascii	investigation:string-census	escaped text: <QX#
GAME.EXE	0x8001852b	0x6d2b	0x4	string	byte-pattern		ascii	investigation:string-census	"escaped text: <dP"""
GAME.EXE	0x80018743	0x6f43	0x4	string	byte-pattern		ascii	investigation:string-census	"escaped text: <dP"""
GAME.EXE	0x800187cb	0x6fcb	0x6	string	byte-pattern		shift_jis	investigation:string-census	escaped text: <@WB己
GAME.EXE	0x80018937	0x7137	0x4	string	byte-pattern		ascii	investigation:string-census	escaped text: <0{B
GAME.EXE	0x80018a07	0x7207	0x4	string	byte-pattern		ascii	investigation:string-census	escaped text: <0{5
GAME.EXE	0x80018a1f	0x721f	0x4	string	byte-pattern		ascii	investigation:string-census	escaped text: <0{B
GAME.EXE	0x80018a5f	0x725f	0x4	string	byte-pattern		ascii	investigation:string-census	"escaped text: <h~"""
GAME.EXE	0x80018a73	0x7273	0x4	string	byte-pattern		ascii	investigation:string-census	"escaped text: <h~"""
GAME.EXE	0x80018a7f	0x727f	0x4	string	byte-pattern		ascii	investigation:string-census	"escaped text: <p~"""
GAME.EXE	0x80018a9b	0x729b	0x4	string	byte-pattern		ascii	investigation:string-census	escaped text: <h~B
GAME.EXE	0x80018ac7	0x72c7	0x7	string	byte-pattern		shift_jis	investigation:string-census	escaped text: <h~B緋b
GAME.EXE	0x80018ae7	0x72e7	0x4	string	byte-pattern		ascii	investigation:string-census	escaped text: <h~B
GAME.EXE	0x80018b1f	0x731f	0x4	string	byte-pattern		ascii	investigation:string-census	escaped text: <h~B
GAME.EXE	0x80018b4f	0x734f	0x4	string	byte-pattern		ascii	investigation:string-census	escaped text: <h~B
GAME.EXE	0x80018b83	0x7383	0x4	string	byte-pattern		ascii	investigation:string-census	escaped text: <h~B
GAME.EXE	0x80018bbf	0x73bf	0x4	string	byte-pattern		ascii	investigation:string-census	escaped text: <h~B
GAME.EXE	0x80018beb	0x73eb	0x4	string	byte-pattern		ascii	investigation:string-census	escaped text: <h~B
GAME.EXE	0x80018c0b	0x740b	0x4	string	byte-pattern		ascii	investigation:string-census	escaped text: <h~B
GAME.EXE	0x80018c43	0x7443	0x4	string	byte-pattern		ascii	investigation:string-census	escaped text: <h~B
GAME.EXE	0x80018c73	0x7473	0x4	string	byte-pattern		ascii	investigation:string-census	escaped text: <h~B
GAME.EXE	0x80018ca7	0x74a7	0x4	string	byte-pattern		ascii	investigation:string-census	escaped text: <h~B
GAME.EXE	0x80018e73	0x7673	0x4	string	byte-pattern		ascii	investigation:string-census	escaped text: <p~B
GAME.EXE	0x80018e9f	0x769f	0x7	string	byte-pattern		shift_jis	investigation:string-census	escaped text: <p~B彼c
GAME.EXE	0x80018ebf	0x76bf	0x4	string	byte-pattern		ascii	investigation:string-census	escaped text: <p~B
GAME.EXE	0x80018eef	0x76ef	0x4	string	byte-pattern		ascii	investigation:string-census	escaped text: <p~B
GAME.EXE	0x80018f1f	0x771f	0x4	string	byte-pattern		ascii	investigation:string-census	escaped text: <p~B
GAME.EXE	0x80018f53	0x7753	0x4	string	byte-pattern		ascii	investigation:string-census	escaped text: <p~B
GAME.EXE	0x8001911f	0x791f	0x4	string	byte-pattern		ascii	investigation:string-census	escaped text: <0{B
GAME.EXE	0x8001915b	0x795b	0x4	string	byte-pattern		ascii	investigation:string-census	escaped text: <0{B
GAME.EXE	0x800194ff	0x7cff	0x4	string	byte-pattern		ascii	investigation:string-census	escaped text: 4! `
GAME.EXE	0x80019752	0x7f52	0x4	string	byte-pattern		ascii	investigation:string-census	escaped text: D$ N
GAME.EXE	0x800197fb	0x7ffb	0x4	string	byte-pattern		ascii	investigation:string-census	escaped text: 4!0`
GAME.EXE	0x800198b6	0x80b6	0x4	string	byte-pattern		ascii	investigation:string-census	escaped text: B$6f
GAME.EXE	0x800198db	0x80db	0x4	string	byte-pattern		ascii	investigation:string-census	escaped text: <0{5
GAME.EXE	0x80019aa3	0x82a3	0x6	string	byte-pattern		ascii	investigation:string-census	escaped text: <{X!$!
GAME.EXE	0x80019ab3	0x82b3	0x6	string	byte-pattern		ascii	investigation:string-census	escaped text: <xX!$!
GAME.EXE	0x80019ac5	0x82c5	0x4	string	byte-pattern		ascii	investigation:string-census	escaped text: X!$!
GAME.EXE	0x80019ad3	0x82d3	0x6	string	byte-pattern		ascii	investigation:string-census	escaped text: <|X!$!
GAME.EXE	0x8001a0de	0x88de	0x4	string	byte-pattern		ascii	investigation:string-census	escaped text: B0Ph
GAME.EXE	0x8001a192	0x8992	0x4	string	byte-pattern		ascii	investigation:string-census	escaped text: B0ih
GAME.EXE	0x8001a2a5	0x8aa5	0x4	string	byte-pattern		ascii	investigation:string-census	escaped text: Y!$!
GAME.EXE	0x8001a523	0x8d23	0x7	string	byte-pattern		shift_jis	investigation:string-census	escaped text: <鑄c$!\x20
GAME.EXE	0x8001a533	0x8d33	0x4	string	byte-pattern		ascii	investigation:string-census	escaped text: 4!\x20\x20
GAME.EXE	0x8001a547	0x8d47	0x4	string	byte-pattern		ascii	investigation:string-census	escaped text: $!(`
GAME.EXE	0x8001a57f	0x8d7f	0x4	string	byte-pattern		ascii	investigation:string-census	escaped text: $!8@
GAME.EXE	0x8001a593	0x8d93	0x4	string	byte-pattern		ascii	investigation:string-census	escaped text: %!@@
GAME.EXE	0x8001a6b3	0x8eb3	0x4	string	byte-pattern		ascii	investigation:string-census	escaped text: 2!\x20\x20
GAME.EXE	0x8001a709	0x8f09	0x4	string	byte-pattern		ascii	investigation:string-census	escaped text: X!$!
GAME.EXE	0x8001a73f	0x8f3f	0x6	string	byte-pattern		shift_jis	investigation:string-census	escaped text: <鑄!$!
GAME.EXE	0x8001a752	0x8f52	0x5	string	byte-pattern		ascii	investigation:string-census	escaped text: B0$Hb
GAME.EXE	0x8001a8ff	0x90ff	0x4	string	byte-pattern		ascii	investigation:string-census	escaped text: 2! @
GAME.EXE	0x8001a9cf	0x91cf	0x4	string	byte-pattern		ascii	investigation:string-census	escaped text: $! @
GAME.EXE	0x8001aa07	0x9207	0x6	string	byte-pattern		shift_jis	investigation:string-census	escaped text: <維c$!
GAME.EXE	0x8001aacb	0x92cb	0x4	string	byte-pattern		ascii	investigation:string-census	escaped text: <! D
GAME.EXE	0x8001ac4b	0x944b	0x4	string	byte-pattern		ascii	investigation:string-census	escaped text: $$0C
GAME.EXE	0x8001b5ce	0x9dce	0x5	string	byte-pattern		shift_jis	investigation:string-census	escaped text: B$!殖
GAME.EXE	0x8001b5e6	0x9de6	0x4	string	byte-pattern		ascii	investigation:string-census	escaped text: B$'m
GAME.EXE	0x8001b60b	0x9e0b	0x4	string	byte-pattern		ascii	investigation:string-census	escaped text: $!(@
GAME.EXE	0x8001b61d	0x9e1d	0x6	string	byte-pattern		shift_jis	investigation:string-census	escaped text: 推$!(@
GAME.EXE	0x8001b633	0x9e33	0x4	string	byte-pattern		ascii	investigation:string-census	escaped text: $!(@
GAME.EXE	0x8001b647	0x9e47	0x4	string	byte-pattern		ascii	investigation:string-census	escaped text: $!(@
GAME.EXE	0x8001b65e	0x9e5e	0x5	string	byte-pattern		shift_jis	investigation:string-census	escaped text: B$!殖
GAME.EXE	0x8001b676	0x9e76	0x5	string	byte-pattern		shift_jis	investigation:string-census	escaped text: B$!殖
GAME.EXE	0x8001b68e	0x9e8e	0x5	string	byte-pattern		shift_jis	investigation:string-census	escaped text: B$!殖
GAME.EXE	0x8001b6a6	0x9ea6	0x5	string	byte-pattern		shift_jis	investigation:string-census	escaped text: B$!殖
GAME.EXE	0x8001b6be	0x9ebe	0x5	string	byte-pattern		shift_jis	investigation:string-census	escaped text: B$!殖
GAME.EXE	0x8001b6ca	0x9eca	0x4	string	byte-pattern		ascii	investigation:string-census	escaped text: D&#k
GAME.EXE	0x8001b706	0x9f06	0x5	string	byte-pattern		shift_jis	investigation:string-census	escaped text: B$!殖
GAME.EXE	0x8001b71e	0x9f1e	0x5	string	byte-pattern		shift_jis	investigation:string-census	escaped text: B$!殖
GAME.EXE	0x8001b736	0x9f36	0x5	string	byte-pattern		shift_jis	investigation:string-census	escaped text: B$!殖
GAME.EXE	0x8001b9ae	0xa1ae	0x4	string	byte-pattern		ascii	investigation:string-census	escaped text: R,@\x20
GAME.EXE	0x8001b9ea	0xa1ea	0x4	string	byte-pattern		ascii	investigation:string-census	escaped text: B$RC
GAME.EXE	0x8001bb0b	0xa30b	0x4	string	byte-pattern		ascii	investigation:string-census	"escaped text: <8P"""
GAME.EXE	0x8001bb27	0xa327	0x4	string	byte-pattern		ascii	investigation:string-census	"escaped text: <:P"""
GAME.EXE	0x8001bb43	0xa343	0x4	string	byte-pattern		ascii	investigation:string-census	"escaped text: <<P"""
GAME.EXE	0x8001bb57	0xa357	0x4	string	byte-pattern		ascii	investigation:string-census	"escaped text: <HP"""
GAME.EXE	0x8001bb6b	0xa36b	0x4	string	byte-pattern		ascii	investigation:string-census	"escaped text: <JP"""
GAME.EXE	0x8001bb7f	0xa37f	0x4	string	byte-pattern		ascii	investigation:string-census	"escaped text: <LP"""
GAME.EXE	0x8001bd17	0xa517	0x6	string	byte-pattern		shift_jis	investigation:string-census	escaped text: <@膨4!
GAME.EXE	0x8001befb	0xa6fb	0x4	string	byte-pattern		ascii	investigation:string-census	"escaped text: <bP"""
GAME.EXE	0x8001bf0b	0xa70b	0x4	string	byte-pattern		ascii	investigation:string-census	"escaped text: <`P"""
GAME.EXE	0x8001bf37	0xa737	0x4	string	byte-pattern		ascii	investigation:string-census	"escaped text: <hP"""
GAME.EXE	0x8001bf47	0xa747	0x4	string	byte-pattern		ascii	investigation:string-census	"escaped text: <fP"""
GAME.EXE	0x8001bf4f	0xa74f	0x4	string	byte-pattern		ascii	investigation:string-census	"escaped text: <jP"""
GAME.EXE	0x8001bf5b	0xa75b	0x4	string	byte-pattern		ascii	investigation:string-census	"escaped text: <lP"""
GAME.EXE	0x8001c096	0xa896	0x4	string	byte-pattern		ascii	investigation:string-census	escaped text: B$RC
GAME.EXE	0x8001c19b	0xa99b	0x5	string	byte-pattern		ascii	investigation:string-census	escaped text: <DWB$
GAME.EXE	0x8001c1f7	0xa9f7	0x4	string	byte-pattern		ascii	investigation:string-census	escaped text: <LWc
GAME.EXE	0x8001c22f	0xaa2f	0x4	string	byte-pattern		ascii	investigation:string-census	escaped text: <\\W$
GAME.EXE	0x8001c237	0xaa37	0x4	string	byte-pattern		ascii	investigation:string-census	escaped text: <^W#
GAME.EXE	0x8001c2ea	0xaaea	0x5	string	byte-pattern		ascii	investigation:string-census	escaped text: B$!0C
GAME.EXE	0x8001c331	0xab31	0x4	string	byte-pattern		ascii	investigation:string-census	escaped text: !!$!
GAME.EXE	0x8001c63e	0xae3e	0x5	string	byte-pattern		ascii	investigation:string-census	escaped text: Q&! `
GAME.EXE	0x8001c6e2	0xaee2	0x5	string	byte-pattern		ascii	investigation:string-census	escaped text: Q&! `
GAME.EXE	0x8001c78e	0xaf8e	0x5	string	byte-pattern		ascii	investigation:string-census	escaped text: P&! `
GAME.EXE	0x8001c89f	0xb09f	0x6	string	byte-pattern		ascii	investigation:string-census	"escaped text: <,""!$!"
GAME.EXE	0x8001c997	0xb197	0x4	string	byte-pattern		ascii	investigation:string-census	escaped text: <[{#
GAME.EXE	0x8001cb5e	0xb35e	0x5	string	byte-pattern		shift_jis	investigation:string-census	escaped text: ｎ!8\x20
GAME.EXE	0x8001cddb	0xb5db	0x4	string	byte-pattern		ascii	investigation:string-census	escaped text: <[{#
GAME.EXE	0x8001cf63	0xb763	0x4	string	byte-pattern		ascii	investigation:string-census	escaped text: <[{#
GAME.EXE	0x8001d06e	0xb86e	0x5	string	byte-pattern		shift_jis	investigation:string-census	escaped text: ｎ!8\x20
GAME.EXE	0x8001d1f3	0xb9f3	0x4	string	byte-pattern		ascii	investigation:string-census	escaped text: <[{#
GAME.EXE	0x8001d3e6	0xbbe6	0x5	string	byte-pattern		shift_jis	investigation:string-census	escaped text: ｎ!(\x20
GAME.EXE	0x8001d64a	0xbe4a	0x5	string	byte-pattern		shift_jis	investigation:string-census	escaped text: ｎ!(\x20
GAME.EXE	0x8001e373	0xcb73	0x4	string	byte-pattern		ascii	investigation:string-census	escaped text: <ZPc
GAME.EXE	0x8001e3fb	0xcbfb	0x4	string	byte-pattern		ascii	investigation:string-census	escaped text: <_P#
GAME.EXE	0x8001e527	0xcd27	0x4	string	byte-pattern		ascii	investigation:string-census	escaped text: <XPB
GAME.EXE	0x8001e537	0xcd37	0x4	string	byte-pattern		ascii	investigation:string-census	escaped text: <ZPB
GAME.EXE	0x8001e597	0xcd97	0x4	string	byte-pattern		ascii	investigation:string-census	escaped text: <\\PB
GAME.EXE	0x8001e5a7	0xcda7	0x4	string	byte-pattern		ascii	investigation:string-census	escaped text: <]PB
GAME.EXE	0x8001e5b7	0xcdb7	0x4	string	byte-pattern		ascii	investigation:string-census	escaped text: <^PB
GAME.EXE	0x8001e83f	0xd03f	0x6	string	byte-pattern		shift_jis	investigation:string-census	escaped text: <TWB頒
GAME.EXE	0x8001e877	0xd077	0x7	string	byte-pattern		shift_jis	investigation:string-census	escaped text: <弯B$-z
GAME.EXE	0x8001e887	0xd087	0x4	string	byte-pattern		ascii	investigation:string-census	escaped text: <WWB
GAME.EXE	0x8001e8ab	0xd0ab	0x6	string	byte-pattern		shift_jis	investigation:string-census	escaped text: <鐚c$!
GAME.EXE	0x8001e8b7	0xd0b7	0x4	string	byte-pattern		ascii	investigation:string-census	"escaped text: <`X"""
GAME.EXE	0x8001e8c3	0xd0c3	0x4	string	byte-pattern		ascii	investigation:string-census	escaped text: <`XB
GAME.EXE	0x8001e8f3	0xd0f3	0x4	string	byte-pattern		ascii	investigation:string-census	escaped text: <`XB
GAME.EXE	0x8001e90f	0xd10f	0x4	string	byte-pattern		ascii	investigation:string-census	escaped text: <`XB
GAME.EXE	0x8001e95b	0xd15b	0x4	string	byte-pattern		ascii	investigation:string-census	escaped text: <`XB
GAME.EXE	0x8001e9df	0xd1df	0x5	string	byte-pattern		ascii	investigation:string-census	escaped text: <DWs&
GAME.EXE	0x8001e9ff	0xd1ff	0x6	string	byte-pattern		shift_jis	investigation:string-census	escaped text: <HWc乃
GAME.EXE	0x8001ea17	0xd217	0x6	string	byte-pattern		shift_jis	investigation:string-census	escaped text: <LWc楳
GAME.EXE	0x8001ea63	0xd263	0x4	string	byte-pattern		ascii	investigation:string-census	escaped text: $!(\x20
GAME.EXE	0x8001ea76	0xd276	0x4	string	byte-pattern		ascii	investigation:string-census	escaped text: d&G4
GAME.EXE	0x8001eab7	0xd2b7	0x6	string	byte-pattern		shift_jis	investigation:string-census	escaped text: <區!$!
GAME.EXE	0x8001eade	0xd2de	0x5	string	byte-pattern		shift_jis	investigation:string-census	escaped text: D&!蓮
GAME.EXE	0x8001eb42	0xd342	0x4	string	byte-pattern		ascii	investigation:string-census	escaped text: Q$!\x20
GAME.EXE	0x8001eb67	0xd367	0x6	string	byte-pattern		ascii	investigation:string-census	escaped text: <8P!$!
GAME.EXE	0x8001eb77	0xd377	0x5	string	byte-pattern		ascii	investigation:string-census	escaped text: <ZPB$
GAME.EXE	0x8001eb8f	0xd38f	0x4	string	byte-pattern		ascii	investigation:string-census	"escaped text: <XP"""
GAME.EXE	0x8001ebf3	0xd3f3	0x5	string	byte-pattern		ascii	investigation:string-census	escaped text: <DWs&
GAME.EXE	0x8001ec13	0xd413	0x6	string	byte-pattern		shift_jis	investigation:string-census	escaped text: <HWc猫
GAME.EXE	0x8001ec2b	0xd42b	0x6	string	byte-pattern		shift_jis	investigation:string-census	escaped text: <LWc肺
GAME.EXE	0x8001ec6e	0xd46e	0x4	string	byte-pattern		ascii	investigation:string-census	escaped text: d&!(
GAME.EXE	0x8001ec82	0xd482	0x4	string	byte-pattern		ascii	investigation:string-census	escaped text: d&G4
GAME.EXE	0x8001ecb3	0xd4b3	0x6	string	byte-pattern		shift_jis	investigation:string-census	escaped text: <琲!$!
GAME.EXE	0x8001edc7	0xd5c7	0x5	string	byte-pattern		ascii	investigation:string-census	escaped text: <DWR&
GAME.EXE	0x8001ede7	0xd5e7	0x4	string	byte-pattern		ascii	investigation:string-census	escaped text: <HWc
GAME.EXE	0x8001edff	0xd5ff	0x4	string	byte-pattern		ascii	investigation:string-census	escaped text: <LWc
GAME.EXE	0x8001ee3e	0xd63e	0x4	string	byte-pattern		ascii	investigation:string-census	escaped text: D&G4
GAME.EXE	0x8001ee91	0xd691	0x5	string	byte-pattern		shift_jis	investigation:string-census	escaped text: [B$警
GAME.EXE	0x8001ef2b	0xd72b	0x5	string	byte-pattern		ascii	investigation:string-census	escaped text: <DWR&
GAME.EXE	0x8001ef4b	0xd74b	0x6	string	byte-pattern		shift_jis	investigation:string-census	escaped text: <HWc妊
GAME.EXE	0x8001ef63	0xd763	0x6	string	byte-pattern		shift_jis	investigation:string-census	escaped text: <LWc捻
GAME.EXE	0x8001efc2	0xd7c2	0x4	string	byte-pattern		ascii	investigation:string-census	escaped text: D&G4
GAME.EXE	0x8001eff7	0xd7f7	0x7	string	byte-pattern		shift_jis	investigation:string-census	escaped text: <T[B$警
GAME.EXE	0x8001f046	0xd846	0x5	string	byte-pattern		shift_jis	investigation:string-census	escaped text: $&!拭
GAME.EXE	0x8001f0fb	0xd8fb	0x6	string	byte-pattern		ascii	investigation:string-census	escaped text: <DWR&$
GAME.EXE	0x8001f11b	0xd91b	0x6	string	byte-pattern		shift_jis	investigation:string-census	escaped text: <HWc乃
GAME.EXE	0x8001f133	0xd933	0x6	string	byte-pattern		shift_jis	investigation:string-census	escaped text: <LWc覗
GAME.EXE	0x8001f15a	0xd95a	0x4	string	byte-pattern		ascii	investigation:string-census	escaped text: D&!(
GAME.EXE	0x8001f19e	0xd99e	0x5	string	byte-pattern		shift_jis	investigation:string-census	escaped text: $&!拭
GAME.EXE	0x8001f243	0xda43	0x5	string	byte-pattern		shift_jis	investigation:string-census	escaped text: <瑙1&
GAME.EXE	0x8001f25f	0xda5f	0x4	string	byte-pattern		ascii	investigation:string-census	escaped text: <^Wc
GAME.EXE	0x8001f26f	0xda6f	0x4	string	byte-pattern		ascii	investigation:string-census	escaped text: <\\WB
GAME.EXE	0x8001f30a	0xdb0a	0x5	string	byte-pattern		shift_jis	investigation:string-census	escaped text: B&!拭
GAME.EXE	0x8001f40a	0xdc0a	0x5	string	byte-pattern		shift_jis	investigation:string-census	escaped text: B&!拭
GAME.EXE	0x8001f43b	0xdc3b	0x4	string	byte-pattern		ascii	investigation:string-census	"escaped text: <^P"""
GAME.EXE	0x8001f443	0xdc43	0x4	string	byte-pattern		ascii	investigation:string-census	"escaped text: <]P"""
GAME.EXE	0x8001f44b	0xdc4b	0x4	string	byte-pattern		ascii	investigation:string-census	"escaped text: <\\P"""
GAME.EXE	0x8001f477	0xdc77	0x4	string	byte-pattern		ascii	investigation:string-census	escaped text: <XP#
GAME.EXE	0x8001f47e	0xdc7e	0x5	string	byte-pattern		shift_jis	investigation:string-census	escaped text: B&!拭
GAME.EXE	0x8001f56e	0xdd6e	0x5	string	byte-pattern		shift_jis	investigation:string-census	escaped text: B&!拭
GAME.EXE	0x8001f69e	0xde9e	0x5	string	byte-pattern		shift_jis	investigation:string-census	escaped text: B&!拭
GAME.EXE	0x8001f756	0xdf56	0x5	string	byte-pattern		shift_jis	investigation:string-census	escaped text: B&!拭
GAME.EXE	0x8001f8e7	0xe0e7	0x5	string	byte-pattern		ascii	investigation:string-census	escaped text: <t]R&
GAME.EXE	0x8001fa73	0xe273	0x6	string	byte-pattern		ascii	investigation:string-census	escaped text: <nP!$!
GAME.EXE	0x8001fa97	0xe297	0x6	string	byte-pattern		ascii	investigation:string-census	escaped text: <nP!$!
GAME.EXE	0x8001fb5f	0xe35f	0x6	string	byte-pattern		ascii	investigation:string-census	escaped text: <nP!$!
GAME.EXE	0x8001fba3	0xe3a3	0x5	string	byte-pattern		ascii	investigation:string-census	escaped text: < ]1&
GAME.EXE	0x8001fbb3	0xe3b3	0x4	string	byte-pattern		ascii	investigation:string-census	escaped text: <.]0
GAME.EXE	0x8001fbc3	0xe3c3	0x4	string	byte-pattern		ascii	investigation:string-census	"escaped text: <0]"""
GAME.EXE	0x8001fbd3	0xe3d3	0x4	string	byte-pattern		ascii	investigation:string-census	"escaped text: <1]"""
GAME.EXE	0x8001fbf7	0xe3f7	0x4	string	byte-pattern		ascii	investigation:string-census	escaped text: <<]0
GAME.EXE	0x8001fc0b	0xe40b	0x4	string	byte-pattern		ascii	investigation:string-census	escaped text: <J]0
GAME.EXE	0x8001fc1f	0xe41f	0x4	string	byte-pattern		ascii	investigation:string-census	escaped text: <X]0
GAME.EXE	0x8001fc33	0xe433	0x4	string	byte-pattern		ascii	investigation:string-census	escaped text: <f]0
GAME.EXE	0x8001fc4f	0xe44f	0x4	string	byte-pattern		ascii	investigation:string-census	"escaped text: < ]"""
GAME.EXE	0x8001fc5f	0xe45f	0x4	string	byte-pattern		ascii	investigation:string-census	"escaped text: <""]"""
GAME.EXE	0x8001fc6f	0xe46f	0x4	string	byte-pattern		ascii	investigation:string-census	"escaped text: <#]"""
GAME.EXE	0x8001fc77	0xe477	0x4	string	byte-pattern		ascii	investigation:string-census	escaped text: <f]\x20
GAME.EXE	0x8001fc7f	0xe47f	0x4	string	byte-pattern		ascii	investigation:string-census	escaped text: <X]\x20
GAME.EXE	0x8001fc87	0xe487	0x4	string	byte-pattern		ascii	investigation:string-census	escaped text: <J]\x20
GAME.EXE	0x8001fc8f	0xe48f	0x4	string	byte-pattern		ascii	investigation:string-census	escaped text: <<]\x20
GAME.EXE	0x8001fc97	0xe497	0x4	string	byte-pattern		ascii	investigation:string-census	escaped text: <.]\x20
GAME.EXE	0x8001fd07	0xe507	0x4	string	byte-pattern		ascii	investigation:string-census	escaped text: <f]\x20
GAME.EXE	0x8001fd0f	0xe50f	0x4	string	byte-pattern		ascii	investigation:string-census	escaped text: <X]\x20
GAME.EXE	0x8001fd17	0xe517	0x4	string	byte-pattern		ascii	investigation:string-census	escaped text: <J]\x20
GAME.EXE	0x8001fd1f	0xe51f	0x4	string	byte-pattern		ascii	investigation:string-census	escaped text: <<]\x20
GAME.EXE	0x8001fd27	0xe527	0x4	string	byte-pattern		ascii	investigation:string-census	escaped text: <.]\x20
GAME.EXE	0x8001fd2f	0xe52f	0x4	string	byte-pattern		ascii	investigation:string-census	escaped text: < ]\x20
GAME.EXE	0x8001fd4b	0xe54b	0x6	string	byte-pattern		ascii	investigation:string-census	escaped text: <nP!$!
GAME.EXE	0x8001fd63	0xe563	0x6	string	byte-pattern		ascii	investigation:string-census	escaped text: <nP!$!
GAME.EXE	0x8001fd8f	0xe58f	0x6	string	byte-pattern		ascii	investigation:string-census	escaped text: <nP!$!
GAME.EXE	0x8001fe32	0xe632	0x6	string	byte-pattern		shift_jis	investigation:string-census	escaped text: \t<能)%
GAME.EXE	0x8001ffff	0xe7ff	0x4	string	byte-pattern		ascii	investigation:string-census	escaped text: <\\\\'
GAME.EXE	0x80020007	0xe807	0x4	string	byte-pattern		ascii	investigation:string-census	escaped text: <j\\'
GAME.EXE	0x8002000f	0xe80f	0x4	string	byte-pattern		ascii	investigation:string-census	escaped text: <x\\'
GAME.EXE	0x8002003f	0xe83f	0x4	string	byte-pattern		ascii	investigation:string-census	escaped text: <f\\$
GAME.EXE	0x8002004b	0xe84b	0x4	string	byte-pattern		ascii	investigation:string-census	escaped text: <t\\#
GAME.EXE	0x800200bb	0xe8bb	0x4	string	byte-pattern		ascii	investigation:string-census	escaped text: <\\\\\x20
GAME.EXE	0x800200c3	0xe8c3	0x4	string	byte-pattern		ascii	investigation:string-census	escaped text: <j\\\x20
GAME.EXE	0x800200cb	0xe8cb	0x4	string	byte-pattern		ascii	investigation:string-census	escaped text: <x\\\x20
GAME.EXE	0x80020103	0xe903	0x4	string	byte-pattern		ascii	investigation:string-census	escaped text: <VWB
GAME.EXE	0x80020117	0xe917	0x4	string	byte-pattern		ascii	investigation:string-census	escaped text: <t]#
GAME.EXE	0x80020137	0xe937	0x4	string	byte-pattern		ascii	investigation:string-census	escaped text: <bPc
GAME.EXE	0x80020147	0xe947	0x4	string	byte-pattern		ascii	investigation:string-census	escaped text: <dPB
GAME.EXE	0x8002014f	0xe94f	0x4	string	byte-pattern		ascii	investigation:string-census	escaped text: <ZP#
GAME.EXE	0x80020157	0xe957	0x4	string	byte-pattern		ascii	investigation:string-census	escaped text: <XP%
GAME.EXE	0x8002015f	0xe95f	0x4	string	byte-pattern		ascii	investigation:string-census	"escaped text: <^P"""
GAME.EXE	0x80020167	0xe967	0x4	string	byte-pattern		ascii	investigation:string-census	"escaped text: <]P"""
GAME.EXE	0x8002016f	0xe96f	0x4	string	byte-pattern		ascii	investigation:string-census	"escaped text: <\\P"""
GAME.EXE	0x8002019b	0xe99b	0x4	string	byte-pattern		ascii	investigation:string-census	"escaped text: <\\P"""
GAME.EXE	0x800201a3	0xe9a3	0x4	string	byte-pattern		ascii	investigation:string-census	"escaped text: <]P"""
GAME.EXE	0x800201ab	0xe9ab	0x4	string	byte-pattern		ascii	investigation:string-census	"escaped text: <^P"""
GAME.EXE	0x800201f7	0xe9f7	0x4	string	byte-pattern		ascii	investigation:string-census	escaped text: <hPB
GAME.EXE	0x800201ff	0xe9ff	0x4	string	byte-pattern		ascii	investigation:string-census	escaped text: <fPc
GAME.EXE	0x8002020f	0xea0f	0x4	string	byte-pattern		ascii	investigation:string-census	"escaped text: <ZP"""
GAME.EXE	0x80020217	0xea17	0x4	string	byte-pattern		ascii	investigation:string-census	escaped text: <XP#
GAME.EXE	0x8002023b	0xea3b	0x4	string	byte-pattern		ascii	investigation:string-census	escaped text: <.]B
GAME.EXE	0x80020267	0xea67	0x4	string	byte-pattern		ascii	investigation:string-census	escaped text: <lPB
GAME.EXE	0x8002026f	0xea6f	0x4	string	byte-pattern		ascii	investigation:string-census	escaped text: <jPc
GAME.EXE	0x8002027b	0xea7b	0x4	string	byte-pattern		ascii	investigation:string-census	"escaped text: <ZP"""
GAME.EXE	0x80020283	0xea83	0x4	string	byte-pattern		ascii	investigation:string-census	escaped text: <XP#
GAME.EXE	0x80020332	0xeb32	0x5	string	byte-pattern		ascii	investigation:string-census	escaped text: #%!H`
GAME.EXE	0x800203e3	0xebe3	0x4	string	byte-pattern		ascii	investigation:string-census	escaped text: <@W$
GAME.EXE	0x8002040b	0xec0b	0x4	string	byte-pattern		ascii	investigation:string-census	escaped text: <@W$
GAME.EXE	0x800208ce	0xf0ce	0x4	string	byte-pattern		ascii	investigation:string-census	escaped text: c$!\x20
GAME.EXE	0x80020bb7	0xf3b7	0x8	string	byte-pattern		shift_jis	investigation:string-census	escaped text: <榔s&!摺
GAME.EXE	0x8002125b	0xfa5b	0x4	string	byte-pattern		ascii	investigation:string-census	escaped text: $! D
GAME.EXE	0x800213b7	0xfbb7	0x4	string	byte-pattern		ascii	investigation:string-census	escaped text: 4!0\x20
GAME.EXE	0x80021459	0xfc59	0x4	string	byte-pattern		ascii	investigation:string-census	escaped text: @b2T
GAME.EXE	0x800214fb	0xfcfb	0x4	string	byte-pattern		ascii	investigation:string-census	escaped text: 4!0\x20
GAME.EXE	0x800215a1	0xfda1	0x4	string	byte-pattern		ascii	investigation:string-census	escaped text: Rc$!
GAME.EXE	0x800215cd	0xfdcd	0x4	string	byte-pattern		ascii	investigation:string-census	escaped text: R!$!
GAME.EXE	0x800215ea	0xfdea	0x5	string	byte-pattern		ascii	investigation:string-census	escaped text: %%! @
GAME.EXE	0x80021642	0xfe42	0x4	string	byte-pattern		ascii	investigation:string-census	escaped text: J%!0
GAME.EXE	0x8002167d	0xfe7d	0x4	string	byte-pattern		ascii	investigation:string-census	escaped text: R!$!
GAME.EXE	0x8002169a	0xfe9a	0x5	string	byte-pattern		ascii	investigation:string-census	escaped text: %%! @
GAME.EXE	0x80021829	0x10029	0x4	string	byte-pattern		ascii	investigation:string-census	escaped text: @b2T
GAME.EXE	0x800218c5	0x100c5	0x4	string	byte-pattern		ascii	investigation:string-census	escaped text: @b2+
GAME.EXE	0x80021ab1	0x102b1	0x4	string	byte-pattern		ascii	investigation:string-census	escaped text: R!$!
GAME.EXE	0x80021ac9	0x102c9	0x4	string	byte-pattern		ascii	investigation:string-census	escaped text: R!$!
GAME.EXE	0x80021dad	0x105ad	0x4	string	byte-pattern		ascii	investigation:string-census	escaped text: @b2T
GAME.EXE	0x80021e49	0x10649	0x4	string	byte-pattern		ascii	investigation:string-census	escaped text: @b2+
GAME.EXE	0x80022035	0x10835	0x4	string	byte-pattern		ascii	investigation:string-census	escaped text: R!$!
GAME.EXE	0x8002215b	0x1095b	0x4	string	byte-pattern		ascii	investigation:string-census	escaped text: '!0`
GAME.EXE	0x800221b1	0x109b1	0x4	string	byte-pattern		ascii	investigation:string-census	escaped text: @B2\t
GAME.EXE	0x80022211	0x10a11	0x4	string	byte-pattern		ascii	investigation:string-census	escaped text: R!$!
GAME.EXE	0x80022229	0x10a29	0x4	string	byte-pattern		ascii	investigation:string-census	escaped text: R!$!
GAME.EXE	0x8002226b	0x10a6b	0x4	string	byte-pattern		ascii	investigation:string-census	escaped text: '!0`
GAME.EXE	0x8002239b	0x10b9b	0x4	string	byte-pattern		ascii	investigation:string-census	escaped text: 4!0@
GAME.EXE	0x800223fb	0x10bfb	0x4	string	byte-pattern		ascii	investigation:string-census	escaped text: 4!0@
GAME.EXE	0x80022435	0x10c35	0x4	string	byte-pattern		ascii	investigation:string-census	"escaped text: ""!$!"
GAME.EXE	0x800225c3	0x10dc3	0x4	string	byte-pattern		ascii	investigation:string-census	escaped text: 4!0@
GAME.EXE	0x800226df	0x10edf	0x5	string	byte-pattern		shift_jis	investigation:string-census	escaped text: <t田$
GAME.EXE	0x800229a5	0x111a5	0x4	string	byte-pattern		ascii	investigation:string-census	escaped text: @b2T
GAME.EXE	0x80022a41	0x11241	0x4	string	byte-pattern		ascii	investigation:string-census	"escaped text: @b2"""
GAME.EXE	0x80023027	0x11827	0x5	string	byte-pattern		shift_jis	investigation:string-census	escaped text: <`《&
GAME.EXE	0x80023136	0x11936	0x4	string	byte-pattern		ascii	investigation:string-census	escaped text: R&K@
GAME.EXE	0x800231d5	0x119d5	0x5	string	byte-pattern		shift_jis	investigation:string-census	escaped text: 寧%!H
GAME.EXE	0x80023371	0x11b71	0x4	string	byte-pattern		ascii	investigation:string-census	escaped text: @B2T
GAME.EXE	0x8002340d	0x11c0d	0x4	string	byte-pattern		ascii	investigation:string-census	escaped text: @B2+
GAME.EXE	0x80023733	0x11f33	0x4	string	byte-pattern		ascii	investigation:string-census	escaped text: 4!0\x20
GAME.EXE	0x8002376d	0x11f6d	0x4	string	byte-pattern		ascii	investigation:string-census	"escaped text: ""!$!"
GAME.EXE	0x800237f5	0x11ff5	0x4	string	byte-pattern		ascii	investigation:string-census	escaped text: @b2T
GAME.EXE	0x8002389f	0x1209f	0x4	string	byte-pattern		ascii	investigation:string-census	escaped text: 4!0\x20
GAME.EXE	0x80023939	0x12139	0x4	string	byte-pattern		ascii	investigation:string-census	escaped text: #!$!
GAME.EXE	0x80023d7b	0x1257b	0x6	string	byte-pattern		ascii	investigation:string-census	escaped text: <0#!$!
GAME.EXE	0x80024c49	0x13449	0x4	string	byte-pattern		ascii	investigation:string-census	escaped text: @b2T
GAME.EXE	0x80024ce5	0x134e5	0x4	string	byte-pattern		ascii	investigation:string-census	escaped text: @b2+
GAME.EXE	0x80024ed7	0x136d7	0x4	string	byte-pattern		ascii	investigation:string-census	escaped text: 4!0@
GAME.EXE	0x80024f33	0x13733	0x4	string	byte-pattern		ascii	investigation:string-census	escaped text: 4!0@
GAME.EXE	0x80024f73	0x13773	0x4	string	byte-pattern		ascii	investigation:string-census	escaped text: 4!0@
GAME.EXE	0x8002507b	0x1387b	0x4	string	byte-pattern		ascii	investigation:string-census	escaped text: 4!0@
GAME.EXE	0x80025153	0x13953	0x4	string	byte-pattern		ascii	investigation:string-census	escaped text: 4!0\x20
GAME.EXE	0x800251bb	0x139bb	0x4	string	byte-pattern		ascii	investigation:string-census	escaped text: 4!0\x20
GAME.EXE	0x8002524b	0x13a4b	0x4	string	byte-pattern		ascii	investigation:string-census	escaped text: 4!0\x20
GAME.EXE	0x80025283	0x13a83	0x4	string	byte-pattern		ascii	investigation:string-census	escaped text: 4!0\x20
GAME.EXE	0x800252d7	0x13ad7	0x4	string	byte-pattern		ascii	investigation:string-census	escaped text: 4!0\x20
GAME.EXE	0x8002533f	0x13b3f	0x4	string	byte-pattern		ascii	investigation:string-census	escaped text: 4!0\x20
GAME.EXE	0x800253bb	0x13bbb	0x4	string	byte-pattern		ascii	investigation:string-census	escaped text: 4!0\x20
GAME.EXE	0x800254e7	0x13ce7	0x4	string	byte-pattern		ascii	investigation:string-census	escaped text: 4!0\x20
GAME.EXE	0x800255af	0x13daf	0x4	string	byte-pattern		ascii	investigation:string-census	escaped text: 4!0\x20
GAME.EXE	0x8002561b	0x13e1b	0x4	string	byte-pattern		ascii	investigation:string-census	escaped text: 4!0\x20
GAME.EXE	0x80025653	0x13e53	0x4	string	byte-pattern		ascii	investigation:string-census	escaped text: 4!0\x20
GAME.EXE	0x8002569f	0x13e9f	0x4	string	byte-pattern		ascii	investigation:string-census	escaped text: 4!0\x20
GAME.EXE	0x80025703	0x13f03	0x4	string	byte-pattern		ascii	investigation:string-census	escaped text: 4!0\x20
GAME.EXE	0x80025853	0x14053	0x4	string	byte-pattern		ascii	investigation:string-census	escaped text: 4!0\x20
GAME.EXE	0x80025a3b	0x1423b	0x4	string	byte-pattern		ascii	investigation:string-census	escaped text: 4!0\x20
GAME.EXE	0x80025b3b	0x1433b	0x4	string	byte-pattern		ascii	investigation:string-census	escaped text: 4!0\x20
GAME.EXE	0x80025b91	0x14391	0x4	string	byte-pattern		ascii	investigation:string-census	escaped text: @B2T
GAME.EXE	0x80025bbd	0x143bd	0x4	string	byte-pattern		ascii	investigation:string-census	escaped text:  B2T
GAME.EXE	0x80026233	0x14a33	0x4	string	byte-pattern		ascii	investigation:string-census	escaped text: '!8`
GAME.EXE	0x800279ff	0x161ff	0x5	string	byte-pattern		ascii	investigation:string-census	escaped text: <r{c$
GAME.EXE	0x80027a1a	0x1621a	0x4	string	byte-pattern		ascii	investigation:string-census	escaped text: B0n:
GAME.EXE	0x80027a4f	0x1624f	0x4	string	byte-pattern		ascii	investigation:string-census	escaped text: '!(\x20
GAME.EXE	0x80027b41	0x16341	0x4	string	byte-pattern		ascii	investigation:string-census	escaped text: R!$!
GAME.EXE	0x80027bc7	0x163c7	0x5	string	byte-pattern		ascii	investigation:string-census	escaped text: <r{c$
GAME.EXE	0x80027be2	0x163e2	0x4	string	byte-pattern		ascii	investigation:string-census	escaped text: B0n:
GAME.EXE	0x80027c17	0x16417	0x4	string	byte-pattern		ascii	investigation:string-census	escaped text: '!(\x20
GAME.EXE	0x80027da1	0x165a1	0x4	string	byte-pattern		ascii	investigation:string-census	escaped text: R!$!
GAME.EXE	0x80027dc7	0x165c7	0x5	string	byte-pattern		shift_jis	investigation:string-census	escaped text: <$т$
GAME.EXE	0x800284f7	0x16cf7	0x4	string	byte-pattern		ascii	investigation:string-census	escaped text: 4! @
GAME.EXE	0x8002857f	0x16d7f	0x4	string	byte-pattern		ascii	investigation:string-census	escaped text: 4! @
GAME.EXE	0x80028619	0x16e19	0x4	string	byte-pattern		ascii	investigation:string-census	escaped text: @b2\t
GAME.EXE	0x800287cf	0x16fcf	0x4	string	byte-pattern		ascii	investigation:string-census	escaped text: '!0@
GAME.EXE	0x80028825	0x17025	0x4	string	byte-pattern		ascii	investigation:string-census	"escaped text: @""2\t"
GAME.EXE	0x800288c7	0x170c7	0x4	string	byte-pattern		ascii	investigation:string-census	escaped text: '!0@
GAME.EXE	0x8002897f	0x1717f	0x5	string	byte-pattern		shift_jis	investigation:string-census	escaped text: <$т$
GAME.EXE	0x800289bb	0x171bb	0x5	string	byte-pattern		shift_jis	investigation:string-census	escaped text: <$т$
GAME.EXE	0x800289d3	0x171d3	0x5	string	byte-pattern		shift_jis	investigation:string-census	escaped text: <0т$
GAME.EXE	0x800289fb	0x171fb	0x5	string	byte-pattern		shift_jis	investigation:string-census	escaped text: <lт$
GAME.EXE	0x80028ac3	0x172c3	0x5	string	byte-pattern		shift_jis	investigation:string-census	escaped text: <$т$
GAME.EXE	0x80028dff	0x175ff	0x6	string	byte-pattern		shift_jis	investigation:string-census	escaped text: <HВ$\n
GAME.EXE	0x80029082	0x17882	0x4	string	byte-pattern		ascii	investigation:string-census	escaped text: B$!\x20
GAME.EXE	0x800290c6	0x178c6	0x4	string	byte-pattern		ascii	investigation:string-census	escaped text: B$!\x20
GAME.EXE	0x80029233	0x17a33	0x5	string	byte-pattern		shift_jis	investigation:string-census	escaped text: <lт$
GAME.EXE	0x8002924b	0x17a4b	0x5	string	byte-pattern		shift_jis	investigation:string-census	escaped text: <lт$
GAME.EXE	0x8002932f	0x17b2f	0x5	string	byte-pattern		ascii	investigation:string-census	escaped text: <r{c$
GAME.EXE	0x8002934a	0x17b4a	0x4	string	byte-pattern		ascii	investigation:string-census	escaped text: B0n:
GAME.EXE	0x8002937f	0x17b7f	0x4	string	byte-pattern		ascii	investigation:string-census	escaped text: '!(\x20
GAME.EXE	0x8002a19d	0x1899d	0x4	string	byte-pattern		ascii	investigation:string-census	escaped text:  B0N
GAME.EXE	0x8002ac7a	0x1947a	0x4	string	byte-pattern		ascii	investigation:string-census	escaped text: B$RC
GAME.EXE	0x8002ad9b	0x1959b	0x8	string	byte-pattern		shift_jis	investigation:string-census	escaped text: <売c$!(C
GAME.EXE	0x8002aeeb	0x196eb	0x4	string	byte-pattern		ascii	investigation:string-census	"escaped text: <l{"""
GAME.EXE	0x8002aef3	0x196f3	0x4	string	byte-pattern		ascii	investigation:string-census	escaped text: <r{\x20
GAME.EXE	0x8002af17	0x19717	0x4	string	byte-pattern		ascii	investigation:string-census	escaped text: <l{c
GAME.EXE	0x8002af33	0x19733	0x4	string	byte-pattern		ascii	investigation:string-census	escaped text: <l{\x20
GAME.EXE	0x8002b2e7	0x19ae7	0x7	string	byte-pattern		shift_jis	investigation:string-census	escaped text: <厨ъ宗
GAME.EXE	0x8002b399	0x19b99	0x5	string	byte-pattern		shift_jis	investigation:string-census	escaped text: ~ъ/A
GAME.EXE	0x8002b3a9	0x19ba9	0x5	string	byte-pattern		shift_jis	investigation:string-census	escaped text: ~ъ/A
GAME.EXE	0x8002b3d7	0x19bd7	0x7	string	byte-pattern		shift_jis	investigation:string-census	escaped text: <厨ъ/A
GAME.EXE	0x8002b429	0x19c29	0x5	string	byte-pattern		shift_jis	investigation:string-census	escaped text: ~ъ/A
GAME.EXE	0x8002b441	0x19c41	0x5	string	byte-pattern		shift_jis	investigation:string-census	escaped text: ~ъ/A
GAME.EXE	0x8002b58b	0x19d8b	0x6	string	byte-pattern		ascii	investigation:string-census	escaped text: <\\#!$!
GAME.EXE	0x8002b6ed	0x19eed	0x4	string	byte-pattern		ascii	investigation:string-census	escaped text: #!$!
GAME.EXE	0x8002b8df	0x1a0df	0x6	string	byte-pattern		shift_jis	investigation:string-census	escaped text: <濾迪\n
GAME.EXE	0x8002b97b	0x1a17b	0x6	string	byte-pattern		ascii	investigation:string-census	escaped text: $@$G$%
GAME.EXE	0x8002bafd	0x1a2fd	0x5	string	byte-pattern		shift_jis	investigation:string-census	escaped text: hB限\x20
GAME.EXE	0x8002bccd	0x1a4cd	0x4	string	byte-pattern		ascii	investigation:string-census	escaped text: #!$!
GAME.EXE	0x8002be71	0x1a671	0x4	string	byte-pattern		ascii	investigation:string-census	escaped text: #!$!
GAME.EXE	0x8002bfc3	0x1a7c3	0x4	string	byte-pattern		ascii	investigation:string-census	escaped text: '! F
GAME.EXE	0x8002c126	0x1a926	0x6	string	byte-pattern		ascii	investigation:string-census	escaped text: F$<$H$
GAME.EXE	0x8002c173	0x1a973	0x6	string	byte-pattern		ascii	investigation:string-census	escaped text: $@$f$%
GAME.EXE	0x8002c184	0x1a984	0x4	string	byte-pattern		ascii	investigation:string-census	escaped text: 0%h$
GAME.EXE	0x8002c28b	0x1aa8b	0x4	string	byte-pattern		ascii	investigation:string-census	escaped text: 4! @
GAME.EXE	0x8002c4ef	0x1acef	0x7	string	byte-pattern		shift_jis	investigation:string-census	escaped text: <濾ъ!(
GAME.EXE	0x8002c539	0x1ad39	0x4	string	byte-pattern		ascii	investigation:string-census	escaped text: $!$!
GAME.EXE	0x8002c88a	0x1b08a	0x4	string	byte-pattern		ascii	investigation:string-census	escaped text: P,@\x20
GAME.EXE	0x8002c8c6	0x1b0c6	0x4	string	byte-pattern		ascii	investigation:string-census	escaped text: B$RC
GAME.EXE	0x8002c96a	0x1b16a	0x4	string	byte-pattern		ascii	investigation:string-census	"escaped text: ""*K@"
GAME.EXE	0x8002ca17	0x1b217	0x4	string	byte-pattern		ascii	investigation:string-census	escaped text: <v`$
GAME.EXE	0x8002ca23	0x1b223	0x4	string	byte-pattern		ascii	investigation:string-census	escaped text: <w`%
GAME.EXE	0x8002ca2f	0x1b22f	0x4	string	byte-pattern		ascii	investigation:string-census	escaped text: <z`'
GAME.EXE	0x8002ca43	0x1b243	0x4	string	byte-pattern		ascii	investigation:string-census	escaped text: <x`&
GAME.EXE	0x8002ca53	0x1b253	0x4	string	byte-pattern		ascii	investigation:string-census	"escaped text: <y`"""
GAME.EXE	0x8002ca5b	0x1b25b	0x4	string	byte-pattern		ascii	investigation:string-census	"escaped text: <s`"""
GAME.EXE	0x8002cfc8	0x1b7c8	0x5	string	byte-pattern		shift_jis	investigation:string-census	"escaped text: 璧""&!"
GAME.EXE	0x8002d03a	0x1b83a	0x5	string	byte-pattern		shift_jis	investigation:string-census	escaped text: B&!拭
GAME.EXE	0x8002d166	0x1b966	0x5	string	byte-pattern		shift_jis	investigation:string-census	escaped text: c$!燭
GAME.EXE	0x8002d652	0x1be52	0x5	string	byte-pattern		shift_jis	investigation:string-census	escaped text: b&!蓮
GAME.EXE	0x8002d8eb	0x1c0eb	0x4	string	byte-pattern		ascii	investigation:string-census	escaped text: 4# C
GAME.EXE	0x8002dab5	0x1c2b5	0x7	string	byte-pattern		shift_jis	investigation:string-census	escaped text: $>&璧7&
GAME.EXE	0x8002dafa	0x1c2fa	0x5	string	byte-pattern		ascii	investigation:string-census	escaped text: B&!\x20\x20
GAME.EXE	0x8002db5e	0x1c35e	0x5	string	byte-pattern		shift_jis	investigation:string-census	escaped text: B&!拭
GAME.EXE	0x8002e1f2	0x1c9f2	0x4	string	byte-pattern		ascii	investigation:string-census	escaped text: C2'A
GAME.EXE	0x8002e24f	0x1ca4f	0x4	string	byte-pattern		ascii	investigation:string-census	escaped text: $! @
GAME.EXE	0x8002e29f	0x1ca9f	0x4	string	byte-pattern		ascii	investigation:string-census	escaped text: $! @
GAME.EXE	0x8002e37f	0x1cb7f	0x4	string	byte-pattern		ascii	investigation:string-census	escaped text: 4!(`
GAME.EXE	0x8002ee7d	0x1d67d	0x4	string	byte-pattern		ascii	investigation:string-census	escaped text: $!$!
GAME.EXE	0x8002efde	0x1d7de	0x5	string	byte-pattern		shift_jis	investigation:string-census	escaped text: 蜴# d
GAME.EXE	0x8002f1db	0x1d9db	0x4	string	byte-pattern		ascii	investigation:string-census	escaped text: 4!0@
GAME.EXE	0x8002f9ce	0x1e1ce	0x4	string	byte-pattern		ascii	investigation:string-census	escaped text: B$'A
GAME.EXE	0x8002f9e6	0x1e1e6	0x4	string	byte-pattern		ascii	investigation:string-census	escaped text: B$'A
GAME.EXE	0x8002fad7	0x1e2d7	0x6	string	byte-pattern		ascii	investigation:string-census	escaped text: <$%!$!
GAME.EXE	0x80030009	0x1e809	0x4	string	byte-pattern		ascii	investigation:string-census	escaped text: X!$!
GAME.EXE	0x8003056e	0x1ed6e	0x4	string	byte-pattern		ascii	investigation:string-census	escaped text: $&!\x20
GAME.EXE	0x8003067f	0x1ee7f	0x6	string	byte-pattern		ascii	investigation:string-census	escaped text: <$'!$!
GAME.EXE	0x80030add	0x1f2dd	0x4	string	byte-pattern		ascii	investigation:string-census	escaped text: ac$!
GAME.EXE	0x80030b7f	0x1f37f	0x6	string	byte-pattern		shift_jis	investigation:string-census	escaped text: <鑄c$!
GAME.EXE	0x80030bd3	0x1f3d3	0x4	string	byte-pattern		ascii	investigation:string-census	escaped text: &!(V
GAME.EXE	0x80030c93	0x1f493	0x6	string	byte-pattern		shift_jis	investigation:string-census	escaped text: <琲!$!
GAME.EXE	0x80030ecf	0x1f6cf	0x6	string	byte-pattern		shift_jis	investigation:string-census	escaped text: <琲!$!
GAME.EXE	0x80031543	0x1fd43	0x6	string	byte-pattern		shift_jis	investigation:string-census	escaped text: <粨!$!
GAME.EXE	0x8003155a	0x1fd5a	0x4	string	byte-pattern		ascii	investigation:string-census	"escaped text: ""&! "
GAME.EXE	0x8003160f	0x1fe0f	0x8	string	byte-pattern		shift_jis	investigation:string-census	escaped text: <瑙c$!逗
GAME.EXE	0x8003173a	0x1ff3a	0x5	string	byte-pattern		shift_jis	investigation:string-census	escaped text: B&!拭
GAME.EXE	0x800317bf	0x1ffbf	0x8	string	byte-pattern		shift_jis	investigation:string-census	escaped text: <瑙c$! C
GAME.EXE	0x80031b6f	0x2036f	0x5	string	byte-pattern		shift_jis	investigation:string-census	escaped text: <瑙1&
GAME.EXE	0x80031bcf	0x203cf	0x6	string	byte-pattern		shift_jis	investigation:string-census	escaped text: <琲!$!
GAME.EXE	0x80031cf7	0x204f7	0x5	string	byte-pattern		shift_jis	investigation:string-census	escaped text: <瑙s&
GAME.EXE	0x80031d39	0x20539	0x4	string	byte-pattern		ascii	investigation:string-census	escaped text: (!$!
GAME.EXE	0x80031d73	0x20573	0x6	string	byte-pattern		shift_jis	investigation:string-census	escaped text: <瑙c$a
GAME.EXE	0x80031e4b	0x2064b	0x4	string	byte-pattern		ascii	investigation:string-census	escaped text: 4! `
GAME.EXE	0x8003231f	0x20b1f	0x6	string	byte-pattern		shift_jis	investigation:string-census	escaped text: '淫B$,
GAME.EXE	0x800324d2	0x20cd2	0x4	string	byte-pattern		ascii	investigation:string-census	escaped text: B$'A
GAME.EXE	0x800328f3	0x210f3	0x5	string	byte-pattern		shift_jis	investigation:string-census	escaped text: <8淀$
GAME.EXE	0x80032947	0x21147	0x5	string	byte-pattern		ascii	investigation:string-census	escaped text: <pXc$
GAME.EXE	0x80032953	0x21153	0x4	string	byte-pattern		ascii	investigation:string-census	escaped text: <xX\x20
GAME.EXE	0x800329b7	0x211b7	0x5	string	byte-pattern		ascii	investigation:string-census	escaped text: <lXs&
GAME.EXE	0x800329ef	0x211ef	0x4	string	byte-pattern		ascii	investigation:string-census	escaped text: <hX0
GAME.EXE	0x80032b0f	0x2130f	0x4	string	byte-pattern		ascii	investigation:string-census	"escaped text: <tX"""
GAME.EXE	0x80032b2f	0x2132f	0x7	string	byte-pattern		shift_jis	investigation:string-census	escaped text: <tXт.(
GAME.EXE	0x80032b43	0x21343	0x4	string	byte-pattern		ascii	investigation:string-census	"escaped text: <xX"""
GAME.EXE	0x80032b6b	0x2136b	0x4	string	byte-pattern		ascii	investigation:string-census	escaped text: <xXc
GAME.EXE	0x80032b87	0x21387	0x7	string	byte-pattern		shift_jis	investigation:string-census	escaped text: <tXт!(
GAME.EXE	0x80032bc7	0x213c7	0x4	string	byte-pattern		ascii	investigation:string-census	escaped text: <xX\x20
GAME.EXE	0x80032bef	0x213ef	0x4	string	byte-pattern		ascii	investigation:string-census	escaped text: <xXc
GAME.EXE	0x80032c5f	0x2145f	0x4	string	byte-pattern		ascii	investigation:string-census	escaped text: <xX\x20
GAME.EXE	0x80032c8b	0x2148b	0x5	string	byte-pattern		shift_jis	investigation:string-census	escaped text: <tXт
GAME.EXE	0x80032cdb	0x214db	0x4	string	byte-pattern		ascii	investigation:string-census	escaped text: <hX\x20
GAME.EXE	0x80032d1b	0x2151b	0x4	string	byte-pattern		ascii	investigation:string-census	escaped text: <|Xc
GAME.EXE	0x80032e1b	0x2161b	0x6	string	byte-pattern		shift_jis	investigation:string-census	escaped text: <|Xъ\t
GAME.EXE	0x80032f83	0x21783	0x6	string	byte-pattern		shift_jis	investigation:string-census	escaped text: <lXт=
GAME.EXE	0x800330bb	0x218bb	0x4	string	byte-pattern		ascii	investigation:string-census	escaped text: <lXB
GAME.EXE	0x8003319f	0x2199f	0x6	string	byte-pattern		shift_jis	investigation:string-census	escaped text: <嚢!$!
GAME.EXE	0x800338eb	0x220eb	0x5	string	byte-pattern		shift_jis	investigation:string-census	escaped text: <維R&
GAME.EXE	0x80033c47	0x22447	0x4	string	byte-pattern		ascii	investigation:string-census	escaped text: 4# C
GAME.EXE	0x80033d12	0x22512	0x4	string	byte-pattern		ascii	investigation:string-census	"escaped text: ""&! "
GAME.EXE	0x80033f3b	0x2273b	0x4	string	byte-pattern		ascii	investigation:string-census	escaped text: $!8@
GAME.EXE	0x8003406b	0x2286b	0x4	string	byte-pattern		ascii	investigation:string-census	escaped text: 4! @
GAME.EXE	0x800340cf	0x228cf	0x6	string	byte-pattern		shift_jis	investigation:string-census	escaped text: <瑙!$!
GAME.EXE	0x800341cf	0x229cf	0x6	string	byte-pattern		shift_jis	investigation:string-census	escaped text: <瑙!$!
GAME.EXE	0x80034297	0x22a97	0x5	string	byte-pattern		shift_jis	investigation:string-census	escaped text: <夷c$
GAME.EXE	0x800343e3	0x22be3	0x6	string	byte-pattern		shift_jis	investigation:string-census	escaped text: <潦B占
GAME.EXE	0x80034d97	0x23597	0x4	string	byte-pattern		ascii	investigation:string-census	escaped text: <@b$
GAME.EXE	0x80034dbb	0x235bb	0x4	string	byte-pattern		ascii	investigation:string-census	escaped text: <Ab%
GAME.EXE	0x80034dc7	0x235c7	0x4	string	byte-pattern		ascii	investigation:string-census	escaped text: <Bb#
GAME.EXE	0x800351b7	0x239b7	0x6	string	byte-pattern		ascii	investigation:string-census	escaped text: <|*!$!
GAME.EXE	0x80035659	0x23e59	0x4	string	byte-pattern		ascii	investigation:string-census	escaped text: +!$!
GAME.EXE	0x800358c6	0x240c6	0x4	string	byte-pattern		ascii	investigation:string-census	escaped text: B0:i
GAME.EXE	0x80035987	0x24187	0x5	string	byte-pattern		shift_jis	investigation:string-census	escaped text: <維R&
GAME.EXE	0x80035ae1	0x242e1	0x4	string	byte-pattern		ascii	investigation:string-census	escaped text: +!$!
GAME.EXE	0x80035c16	0x24416	0x5	string	byte-pattern		ascii	investigation:string-census	escaped text: c$!X`
GAME.EXE	0x80035c1e	0x2441e	0x4	string	byte-pattern		ascii	investigation:string-census	escaped text: c$!H
GAME.EXE	0x80035cb2	0x244b2	0x5	string	byte-pattern		ascii	investigation:string-census	escaped text: c$!X`
GAME.EXE	0x80035cba	0x244ba	0x4	string	byte-pattern		ascii	investigation:string-census	escaped text: c$!H
GAME.EXE	0x80035dc6	0x245c6	0x4	string	byte-pattern		ascii	investigation:string-census	escaped text: c$!8
GAME.EXE	0x80035f6f	0x2476f	0x6	string	byte-pattern		shift_jis	investigation:string-census	escaped text: <瑙s&!
GAME.EXE	0x80036133	0x24933	0x5	string	byte-pattern		ascii	investigation:string-census	escaped text: <`\tB$
GAME.EXE	0x800362ad	0x24aad	0x4	string	byte-pattern		ascii	investigation:string-census	escaped text: +!$!
GAME.EXE	0x800362fb	0x24afb	0x4	string	byte-pattern		ascii	investigation:string-census	escaped text: 4! @
GAME.EXE	0x800367ca	0x24fca	0x5	string	byte-pattern		shift_jis	investigation:string-census	escaped text: b&!蓮
GAME.EXE	0x80036b21	0x25321	0x4	string	byte-pattern		ascii	investigation:string-census	escaped text: ,!$!
GAME.EXE	0x8003702f	0x2582f	0x6	string	byte-pattern		ascii	investigation:string-census	escaped text: <(,!$!
GAME.EXE	0x80037985	0x26185	0x4	string	byte-pattern		ascii	investigation:string-census	escaped text: X!$!
GAME.EXE	0x800379bd	0x261bd	0x6	string	byte-pattern		ascii	investigation:string-census	escaped text: ZB$!@b
GAME.EXE	0x80037ad9	0x262d9	0x4	string	byte-pattern		ascii	investigation:string-census	escaped text: ,!$!
GAME.EXE	0x80038026	0x26826	0x4	string	byte-pattern		ascii	investigation:string-census	escaped text: $&n:
GAME.EXE	0x8003805b	0x2685b	0x4	string	byte-pattern		ascii	investigation:string-census	escaped text: '!(`
GAME.EXE	0x800383fd	0x26bfd	0x4	string	byte-pattern		ascii	investigation:string-census	escaped text:  B(7
GAME.EXE	0x8003853b	0x26d3b	0x5	string	byte-pattern		ascii	investigation:string-census	escaped text: <hbc$
GAME.EXE	0x8003880f	0x2700f	0x4	string	byte-pattern		ascii	investigation:string-census	escaped text: &! @
GAME.EXE	0x800389c1	0x271c1	0x4	string	byte-pattern		ascii	investigation:string-census	escaped text: Yc$@
GAME.EXE	0x80038a99	0x27299	0x4	string	byte-pattern		ascii	investigation:string-census	escaped text: ,!$!
GAME.EXE	0x80039035	0x27835	0x4	string	byte-pattern		ascii	investigation:string-census	escaped text:  B(v
GAME.EXE	0x800394d5	0x27cd5	0x4	string	byte-pattern		ascii	investigation:string-census	escaped text: Yc$@
GAME.EXE	0x80039627	0x27e27	0x4	string	byte-pattern		ascii	investigation:string-census	escaped text: &! @
GAME.EXE	0x80039652	0x27e52	0x5	string	byte-pattern		shift_jis	investigation:string-census	escaped text: ｒ!8\x20
GAME.EXE	0x8003968e	0x27e8e	0x5	string	byte-pattern		shift_jis	investigation:string-census	escaped text: ｒ!8\x20
GAME.EXE	0x800396ae	0x27eae	0x4	string	byte-pattern		ascii	investigation:string-census	escaped text: B,'A
GAME.EXE	0x800396ca	0x27eca	0x4	string	byte-pattern		ascii	investigation:string-census	escaped text: c0'A
GAME.EXE	0x80039873	0x28073	0x4	string	byte-pattern		ascii	investigation:string-census	escaped text: '!(@
GAME.EXE	0x80039ab7	0x282b7	0x4	string	byte-pattern		ascii	investigation:string-census	escaped text: '!\x20\x20
GAME.EXE	0x80039ae2	0x282e2	0x5	string	byte-pattern		shift_jis	investigation:string-census	escaped text: ｒ!8@
GAME.EXE	0x80039b26	0x28326	0x5	string	byte-pattern		shift_jis	investigation:string-census	escaped text: ｒ!8@
GAME.EXE	0x80039d7e	0x2857e	0x5	string	byte-pattern		shift_jis	investigation:string-census	escaped text: ｒ!8\x20
GAME.EXE	0x80039dba	0x285ba	0x5	string	byte-pattern		shift_jis	investigation:string-census	escaped text: ｒ!8\x20
GAME.EXE	0x8003a2d1	0x28ad1	0x4	string	byte-pattern		ascii	investigation:string-census	escaped text: -!$!
GAME.EXE	0x8003a352	0x28b52	0x4	string	byte-pattern		ascii	investigation:string-census	escaped text: $& N
GAME.EXE	0x8003a445	0x28c45	0x4	string	byte-pattern		ascii	investigation:string-census	escaped text: X!$!
GAME.EXE	0x8003a5db	0x28ddb	0x4	string	byte-pattern		ascii	investigation:string-census	escaped text: 4!8@
GAME.EXE	0x8003a6f5	0x28ef5	0x4	string	byte-pattern		ascii	investigation:string-census	escaped text: Yc$@
GAME.EXE	0x8003a909	0x29109	0x5	string	byte-pattern		shift_jis	investigation:string-census	escaped text: 丼$!0
GAME.EXE	0x8003ab32	0x29332	0x5	string	byte-pattern		ascii	investigation:string-census	escaped text: R&! @
GAME.EXE	0x8003ab67	0x29367	0x4	string	byte-pattern		ascii	investigation:string-census	escaped text: 4! @
GAME.EXE	0x8003acb9	0x294b9	0x4	string	byte-pattern		ascii	investigation:string-census	escaped text: c!$!
GAME.EXE	0x8003accf	0x294cf	0x5	string	byte-pattern		shift_jis	investigation:string-census	escaped text: <悳B$
GAME.EXE	0x8003acf1	0x294f1	0x4	string	byte-pattern		ascii	investigation:string-census	escaped text: c!$!
GAME.EXE	0x8003ad07	0x29507	0x5	string	byte-pattern		shift_jis	investigation:string-census	escaped text: <悳B$
GAME.EXE	0x8003adfb	0x295fb	0x6	string	byte-pattern		shift_jis	investigation:string-census	escaped text: <恵!$!
GAME.EXE	0x8003b511	0x29d11	0x4	string	byte-pattern		ascii	investigation:string-census	escaped text: c!$!
GAME.EXE	0x8003b68d	0x29e8d	0x4	string	byte-pattern		ascii	investigation:string-census	escaped text: ~!$!
GAME.EXE	0x8003b6b7	0x29eb7	0x6	string	byte-pattern		ascii	investigation:string-census	escaped text: <$/!$!
GAME.EXE	0x8003b6f5	0x29ef5	0x4	string	byte-pattern		ascii	investigation:string-census	escaped text: c!$!
GAME.EXE	0x8003bb75	0x2a375	0x4	string	byte-pattern		ascii	investigation:string-census	escaped text: ~R&`
GAME.EXE	0x8003bbe9	0x2a3e9	0x4	string	byte-pattern		ascii	investigation:string-census	escaped text: c!$!
GAME.EXE	0x8003bbfd	0x2a3fd	0x4	string	byte-pattern		ascii	investigation:string-census	escaped text: c!$!
GAME.EXE	0x8003bc1d	0x2a41d	0x4	string	byte-pattern		ascii	investigation:string-census	escaped text: ~!$!
GAME.EXE	0x8003bd31	0x2a531	0x4	string	byte-pattern		ascii	investigation:string-census	escaped text: ~!$!
GAME.EXE	0x8003be29	0x2a629	0x4	string	byte-pattern		ascii	investigation:string-census	escaped text: c!$!
GAME.EXE	0x8003be69	0x2a669	0x4	string	byte-pattern		ascii	investigation:string-census	escaped text: c!$!
GAME.EXE	0x8003be91	0x2a691	0x4	string	byte-pattern		ascii	investigation:string-census	escaped text: d!$!
GAME.EXE	0x8003bec9	0x2a6c9	0x4	string	byte-pattern		ascii	investigation:string-census	escaped text: c!$!
GAME.EXE	0x8003bfcf	0x2a7cf	0x6	string	byte-pattern		ascii	investigation:string-census	escaped text: < d!$!
GAME.EXE	0x8003c0ed	0x2a8ed	0x4	string	byte-pattern		ascii	investigation:string-census	escaped text: c!$!
GAME.EXE	0x8003c1a1	0x2a9a1	0x4	string	byte-pattern		ascii	investigation:string-census	escaped text: c!$!
GAME.EXE	0x8003c253	0x2aa53	0x6	string	byte-pattern		shift_jis	investigation:string-census	escaped text: <@|B瑚
GAME.EXE	0x8003c297	0x2aa97	0x4	string	byte-pattern		ascii	investigation:string-census	escaped text: <@|B
GAME.EXE	0x8003c2db	0x2aadb	0x4	string	byte-pattern		ascii	investigation:string-census	escaped text: <,|c
GAME.EXE	0x8003c2e3	0x2aae3	0x5	string	byte-pattern		ascii	investigation:string-census	escaped text: <C\tB4
GAME.EXE	0x8003c2ef	0x2aaef	0x4	string	byte-pattern		ascii	investigation:string-census	escaped text: <0|c
GAME.EXE	0x8003c2ff	0x2aaff	0x4	string	byte-pattern		ascii	investigation:string-census	escaped text: <4|c
GAME.EXE	0x8003c31b	0x2ab1b	0x4	string	byte-pattern		ascii	investigation:string-census	escaped text: <@|B
GAME.EXE	0x8003c32b	0x2ab2b	0x4	string	byte-pattern		ascii	investigation:string-census	escaped text: <8|B
GAME.EXE	0x8003c33b	0x2ab3b	0x4	string	byte-pattern		ascii	investigation:string-census	escaped text: <<|c
GAME.EXE	0x8003c34f	0x2ab4f	0x6	string	byte-pattern		shift_jis	investigation:string-census	escaped text: <@|ъ!
GAME.EXE	0x8003c6db	0x2aedb	0x5	string	byte-pattern		shift_jis	investigation:string-census	escaped text: <杏B$
GAME.EXE	0x8003c82b	0x2b02b	0x4	string	byte-pattern		ascii	investigation:string-census	escaped text: <D|B
GAME.EXE	0x8003c83f	0x2b03f	0x4	string	byte-pattern		ascii	investigation:string-census	escaped text: <D|\x20
GAME.EXE	0x8003c8eb	0x2b0eb	0x4	string	byte-pattern		ascii	investigation:string-census	escaped text: '! @
GAME.EXE	0x8003ce2f	0x2b62f	0x6	string	byte-pattern		shift_jis	investigation:string-census	escaped text: <閙B限
GAME.EXE	0x8003d324	0x2bb24	0x8	unclassified	coverage-gap			payload-complement	may contain missed code, tables, constants, padding, or writable data
GAME.EXE	0x8003d3ac	0x2bbac	0x10	unclassified	coverage-gap			payload-complement	may contain missed code, tables, constants, padding, or writable data
GAME.EXE	0x8003d6ef	0x2beef	0x4	string	byte-pattern		ascii	investigation:string-census	escaped text: <p|B
GAME.EXE	0x8003d74f	0x2bf4f	0x4	string	byte-pattern		ascii	investigation:string-census	escaped text: <P|B
GAME.EXE	0x8003d75f	0x2bf5f	0x4	string	byte-pattern		ascii	investigation:string-census	escaped text: <\\|B
GAME.EXE	0x8003d783	0x2bf83	0x6	string	byte-pattern		shift_jis	investigation:string-census	"escaped text: <P|ъ"""
GAME.EXE	0x8003d7b7	0x2bfb7	0x4	string	byte-pattern		ascii	investigation:string-census	escaped text: <T|B
GAME.EXE	0x8003d857	0x2c057	0x4	string	byte-pattern		ascii	investigation:string-census	escaped text: <h|B
GAME.EXE	0x8003d867	0x2c067	0x4	string	byte-pattern		ascii	investigation:string-census	escaped text: <l|B
GAME.EXE	0x8003d903	0x2c103	0x6	string	byte-pattern		shift_jis	investigation:string-census	escaped text: <\\|c劇
GAME.EXE	0x8003d913	0x2c113	0x4	string	byte-pattern		ascii	investigation:string-census	escaped text: <`|c
GAME.EXE	0x8003d91b	0x2c11b	0x5	string	byte-pattern		ascii	investigation:string-census	escaped text: <C\tB4
GAME.EXE	0x8003d927	0x2c127	0x4	string	byte-pattern		ascii	investigation:string-census	escaped text: <d|c
GAME.EXE	0x8003d9bb	0x2c1bb	0x6	string	byte-pattern		shift_jis	investigation:string-census	escaped text: <`|c靴
GAME.EXE	0x8003d9cb	0x2c1cb	0x4	string	byte-pattern		ascii	investigation:string-census	escaped text: <d|c
GAME.EXE	0x8003de73	0x2c673	0x9	string	byte-pattern		shift_jis	investigation:string-census	escaped text: <`|c靴\tB4
GAME.EXE	0x8003de83	0x2c683	0x4	string	byte-pattern		ascii	investigation:string-census	escaped text: <d|c
GAME.EXE	0x8003dea7	0x2c6a7	0x6	string	byte-pattern		shift_jis	investigation:string-census	escaped text: <`|B掘
GAME.EXE	0x8003df5b	0x2c75b	0x4	string	byte-pattern		ascii	investigation:string-census	escaped text: <d|c
GAME.EXE	0x8003e117	0x2c917	0x4	string	byte-pattern		ascii	investigation:string-census	escaped text: <l|c
GAME.EXE	0x8003e12e	0x2c92e	0x4	string	byte-pattern		ascii	investigation:string-census	escaped text: B4$0
GAME.EXE	0x8003e15b	0x2c95b	0x4	string	byte-pattern		ascii	investigation:string-census	escaped text: <l|c
GAME.EXE	0x8003e16e	0x2c96e	0x4	string	byte-pattern		ascii	investigation:string-census	escaped text: B4$0
GAME.EXE	0x8003e183	0x2c983	0x4	string	byte-pattern		ascii	investigation:string-census	escaped text: <l|B
GAME.EXE	0x8003e3bf	0x2cbbf	0x5	string	byte-pattern		ascii	investigation:string-census	escaped text: <0ec$
GAME.EXE	0x8003e3ef	0x2cbef	0x5	string	byte-pattern		shift_jis	investigation:string-census	escaped text: <鏨c$
GAME.EXE	0x8003e943	0x2d143	0x6	string	byte-pattern		shift_jis	investigation:string-census	escaped text: <澳B瑚
GAME.EXE	0x8003ea43	0x2d243	0x6	string	byte-pattern		ascii	investigation:string-census	escaped text: <`e!$!
GAME.EXE	0x8003f49a	0x2dc9a	0x4	string	byte-pattern		ascii	investigation:string-census	escaped text: B0B8
GAME.EXE	0x8003f4b7	0x2dcb7	0x6	string	byte-pattern		ascii	investigation:string-census	escaped text: < 3!$!
GAME.EXE	0x8003f545	0x2dd45	0x4	string	byte-pattern		ascii	investigation:string-census	escaped text: @B0|
GAME.EXE	0x8003fec6	0x2e6c6	0x4	string	byte-pattern		ascii	investigation:string-census	escaped text: B0BP
GAME.EXE	0x8003ff9e	0x2e79e	0x4	string	byte-pattern		ascii	investigation:string-census	escaped text: C%!(
GAME.EXE	0x80040c6d	0x2f46d	0x5	string	byte-pattern		shift_jis	investigation:string-census	escaped text: |B掘\x20
GAME.EXE	0x80040c89	0x2f489	0x5	string	byte-pattern		shift_jis	investigation:string-census	escaped text: |B掘\x20
GAME.EXE	0x8004110f	0x2f90f	0x6	string	byte-pattern		ascii	investigation:string-census	escaped text: <`e!$!
GAME.EXE	0x8004111f	0x2f91f	0x5	string	byte-pattern		ascii	investigation:string-census	escaped text: <`e1&
GAME.EXE	0x800411a5	0x2f9a5	0x4	string	byte-pattern		ascii	investigation:string-census	escaped text: e!$!
GAME.EXE	0x800412cd	0x2facd	0x5	string	byte-pattern		ascii	investigation:string-census	escaped text: eB$!(
GAME.EXE	0x800413fd	0x2fbfd	0x5	string	byte-pattern		ascii	investigation:string-census	escaped text: eB$!(
GAME.EXE	0x80041592	0x2fd92	0x4	string	byte-pattern		ascii	investigation:string-census	escaped text: k5!8
GAME.EXE	0x80041657	0x2fe57	0x4	string	byte-pattern		ascii	investigation:string-census	escaped text: 4! @
GAME.EXE	0x80041803	0x30003	0x4	string	byte-pattern		ascii	investigation:string-census	escaped text: <!(F
GAME.EXE	0x800422a8	0x30aa8	0x8	unclassified	coverage-gap			payload-complement	may contain missed code, tables, constants, padding, or writable data
GAME.EXE	0x800424a7	0x30ca7	0x6	string	byte-pattern		shift_jis	investigation:string-census	escaped text: <筮!$!
GAME.EXE	0x800424b7	0x30cb7	0x6	string	byte-pattern		shift_jis	investigation:string-census	escaped text: <莅!$!
GAME.EXE	0x800424c7	0x30cc7	0x6	string	byte-pattern		shift_jis	investigation:string-census	escaped text: <谺!$!
GAME.EXE	0x800424d7	0x30cd7	0x6	string	byte-pattern		shift_jis	investigation:string-census	escaped text: <隰!$!
GAME.EXE	0x800425b7	0x30db7	0x4	string	byte-pattern		ascii	investigation:string-census	escaped text: <pP\x20
GAME.EXE	0x800425bf	0x30dbf	0x4	string	byte-pattern		ascii	investigation:string-census	escaped text: <xP\x20
GAME.EXE	0x80042833	0x31033	0x4	string	byte-pattern		ascii	investigation:string-census	escaped text: 4!(@
GAME.EXE	0x80042a7f	0x3127f	0x7	string	byte-pattern		shift_jis	investigation:string-census	escaped text: <硫c逝8
GAME.EXE	0x80042cd3	0x314d3	0x4	string	byte-pattern		ascii	investigation:string-census	escaped text: <pPB
GAME.EXE	0x80042cdb	0x314db	0x4	string	byte-pattern		ascii	investigation:string-census	escaped text: <xPc
GAME.EXE	0x80042ce7	0x314e7	0x4	string	byte-pattern		ascii	investigation:string-census	"escaped text: <pP"""
GAME.EXE	0x80042cf3	0x314f3	0x4	string	byte-pattern		ascii	investigation:string-census	escaped text: <xP#
GAME.EXE	0x8004319f	0x3199f	0x6	string	byte-pattern		shift_jis	investigation:string-census	escaped text: <硫c征
GAME.EXE	0x8004332b	0x31b2b	0x4	string	byte-pattern		ascii	investigation:string-census	escaped text: <pPB
GAME.EXE	0x80043333	0x31b33	0x4	string	byte-pattern		ascii	investigation:string-census	escaped text: <xPc
GAME.EXE	0x8004333b	0x31b3b	0x6	string	byte-pattern		shift_jis	investigation:string-census	escaped text: <擴ю%
GAME.EXE	0x80043347	0x31b47	0x4	string	byte-pattern		ascii	investigation:string-census	"escaped text: <pP"""
GAME.EXE	0x80043353	0x31b53	0x4	string	byte-pattern		ascii	investigation:string-census	escaped text: <xP#
GAME.EXE	0x80043483	0x31c83	0x4	string	byte-pattern		ascii	investigation:string-census	escaped text: <pP$
GAME.EXE	0x8004348f	0x31c8f	0x4	string	byte-pattern		ascii	investigation:string-census	escaped text: <xP%
GAME.EXE	0x800434e4	0x31ce4	0x8	unclassified	coverage-gap			payload-complement	may contain missed code, tables, constants, padding, or writable data
GAME.EXE	0x800436df	0x31edf	0x6	string	byte-pattern		shift_jis	investigation:string-census	escaped text: <筮!$!
GAME.EXE	0x80043723	0x31f23	0x6	string	byte-pattern		shift_jis	investigation:string-census	escaped text: <谺!$!
GAME.EXE	0x8004373f	0x31f3f	0x6	string	byte-pattern		shift_jis	investigation:string-census	escaped text: <隰!$!
GAME.EXE	0x80043757	0x31f57	0x6	string	byte-pattern		shift_jis	investigation:string-census	escaped text: <牀!$!
GAME.EXE	0x80043827	0x32027	0x6	string	byte-pattern		shift_jis	investigation:string-census	escaped text: <隰!$!
GAME.EXE	0x80043923	0x32123	0x6	string	byte-pattern		shift_jis	investigation:string-census	escaped text: <隹!$!
GAME.EXE	0x80043b7a	0x3237a	0x5	string	byte-pattern		ascii	investigation:string-census	escaped text: B0! @
GAME.EXE	0x80043be7	0x323e7	0x6	string	byte-pattern		shift_jis	investigation:string-census	escaped text: <筮!$!
GAME.EXE	0x80043c2f	0x3242f	0x6	string	byte-pattern		shift_jis	investigation:string-census	escaped text: <莅!$!
GAME.EXE	0x80043c53	0x32453	0x6	string	byte-pattern		shift_jis	investigation:string-census	escaped text: <谺!$!
GAME.EXE	0x80043c77	0x32477	0x6	string	byte-pattern		shift_jis	investigation:string-census	escaped text: <隰!$!
GAME.EXE	0x80043c9b	0x3249b	0x6	string	byte-pattern		shift_jis	investigation:string-census	escaped text: <牀!$!
GAME.EXE	0x80043def	0x325ef	0x6	string	byte-pattern		shift_jis	investigation:string-census	escaped text: <牀!$!
GAME.EXE	0x80043e0b	0x3260b	0x6	string	byte-pattern		shift_jis	investigation:string-census	escaped text: <谺!$!
GAME.EXE	0x80043e27	0x32627	0x6	string	byte-pattern		shift_jis	investigation:string-census	escaped text: <筮!$!
GAME.EXE	0x80043f9a	0x3279a	0x5	string	byte-pattern		ascii	investigation:string-census	escaped text: \t<pP)
GAME.EXE	0x80043fab	0x327ab	0x4	string	byte-pattern		ascii	investigation:string-census	escaped text: <pP\x20
GAME.EXE	0x80043fb3	0x327b3	0x4	string	byte-pattern		ascii	investigation:string-census	escaped text: <xP\x20
GAME.EXE	0x80043fdb	0x327db	0x6	string	byte-pattern		shift_jis	investigation:string-census	escaped text: <娠逕'
GAME.EXE	0x80044235	0x32a35	0x6	string	byte-pattern		shift_jis	investigation:string-census	escaped text: |迪!0@
GAME.EXE	0x80044253	0x32a53	0x6	string	byte-pattern		shift_jis	investigation:string-census	escaped text: <筮!$!
GAME.EXE	0x80044283	0x32a83	0x4	string	byte-pattern		ascii	investigation:string-census	escaped text: $!(@
GAME.EXE	0x80044567	0x32d67	0x6	string	byte-pattern		shift_jis	investigation:string-census	escaped text: <筮!$!
GAME.EXE	0x800447eb	0x32feb	0x5	string	byte-pattern		ascii	investigation:string-census	escaped text: < BB4
GAME.EXE	0x800447fb	0x32ffb	0x6	string	byte-pattern		ascii	investigation:string-census	escaped text: <pBB4a
GAME.EXE	0x80044857	0x33057	0x6	string	byte-pattern		shift_jis	investigation:string-census	escaped text: <隹!$!
GAME.EXE	0x80044d3b	0x3353b	0x6	string	byte-pattern		shift_jis	investigation:string-census	escaped text: <莅!$!
GAME.EXE	0x80044d4b	0x3354b	0x5	string	byte-pattern		shift_jis	investigation:string-census	escaped text: <床c$
GAME.EXE	0x80044d57	0x33557	0x6	string	byte-pattern		shift_jis	investigation:string-census	escaped text: <隰!$!
GAME.EXE	0x80044df7	0x335f7	0x6	string	byte-pattern		shift_jis	investigation:string-census	escaped text: <牀!$!
GAME.EXE	0x80044e4b	0x3364b	0x6	string	byte-pattern		shift_jis	investigation:string-census	escaped text: <牀!$!
GAME.EXE	0x80044f6b	0x3376b	0x6	string	byte-pattern		ascii	investigation:string-census	escaped text: <Xh!$!
GAME.EXE	0x8004524f	0x33a4f	0x6	string	byte-pattern		shift_jis	investigation:string-census	escaped text: <筮!$!
GAME.EXE	0x80045277	0x33a77	0x6	string	byte-pattern		shift_jis	investigation:string-census	escaped text: <谺!$!
GAME.EXE	0x80045287	0x33a87	0x6	string	byte-pattern		shift_jis	investigation:string-census	escaped text: <莅!$!
GAME.EXE	0x800452bb	0x33abb	0x6	string	byte-pattern		shift_jis	investigation:string-census	escaped text: <牀!$!
GAME.EXE	0x800452ef	0x33aef	0x6	string	byte-pattern		shift_jis	investigation:string-census	escaped text: <隰!$!
GAME.EXE	0x800453e7	0x33be7	0x6	string	byte-pattern		shift_jis	investigation:string-census	escaped text: <谺!$!
GAME.EXE	0x80045407	0x33c07	0x6	string	byte-pattern		shift_jis	investigation:string-census	escaped text: <隰!$!
GAME.EXE	0x80045427	0x33c27	0x6	string	byte-pattern		shift_jis	investigation:string-census	escaped text: <牀!$!
GAME.EXE	0x80045533	0x33d33	0x6	string	byte-pattern		shift_jis	investigation:string-census	escaped text: <谺!$!
GAME.EXE	0x80045553	0x33d53	0x6	string	byte-pattern		shift_jis	investigation:string-census	escaped text: <牀!$!
GAME.EXE	0x8004557f	0x33d7f	0x6	string	byte-pattern		shift_jis	investigation:string-census	escaped text: <隰!$!
GAME.EXE	0x8004561b	0x33e1b	0x6	string	byte-pattern		shift_jis	investigation:string-census	escaped text: <谺!$!
GAME.EXE	0x8004563b	0x33e3b	0x6	string	byte-pattern		shift_jis	investigation:string-census	escaped text: <牀!$!
GAME.EXE	0x8004636c	0x34b6c	0x8	unclassified	coverage-gap			payload-complement	may contain missed code, tables, constants, padding, or writable data
GAME.EXE	0x800463fb	0x34bfb	0x6	string	byte-pattern		shift_jis	investigation:string-census	escaped text: <筮!$!
GAME.EXE	0x8004640b	0x34c0b	0x6	string	byte-pattern		shift_jis	investigation:string-census	escaped text: <莅!$!
GAME.EXE	0x8004641b	0x34c1b	0x6	string	byte-pattern		shift_jis	investigation:string-census	escaped text: <谺!$!
GAME.EXE	0x8004642b	0x34c2b	0x6	string	byte-pattern		shift_jis	investigation:string-census	escaped text: <隰!$!
GAME.EXE	0x8004643d	0x34c3d	0x5	string	byte-pattern		shift_jis	investigation:string-census	escaped text: |B限$
GAME.EXE	0x80046917	0x35117	0x4	string	byte-pattern		ascii	investigation:string-census	escaped text: 4!8@
GAME.EXE	0x800469db	0x351db	0x4	string	byte-pattern		ascii	investigation:string-census	escaped text: 4! @
GAME.EXE	0x80047512	0x35d12	0x4	string	byte-pattern		ascii	investigation:string-census	escaped text: B$`'
GAME.EXE	0x80047e4d	0x3664d	0x4	string	byte-pattern		ascii	investigation:string-census	escaped text: ;!$!
GAME.EXE	0x80048026	0x36826	0x5	string	byte-pattern		shift_jis	investigation:string-census	escaped text: ｎ!(@
GAME.EXE	0x80048a27	0x37227	0x5	string	byte-pattern		shift_jis	investigation:string-census	escaped text: <鏨B$
GAME.EXE	0x80048be2	0x373e2	0x4	string	byte-pattern		ascii	investigation:string-census	escaped text: B$`'
GAME.EXE	0x80048cc6	0x374c6	0x4	string	byte-pattern		ascii	investigation:string-census	escaped text: B$`'
GAME.EXE	0x80048d62	0x37562	0x4	string	byte-pattern		ascii	investigation:string-census	escaped text: B$`'
GAME.EXE	0x80048dfe	0x375fe	0x4	string	byte-pattern		ascii	investigation:string-census	escaped text: B$`'
GAME.EXE	0x80048ef6	0x376f6	0x5	string	byte-pattern		shift_jis	investigation:string-census	escaped text: 棧! `
GAME.EXE	0x80048f9a	0x3779a	0x4	string	byte-pattern		ascii	investigation:string-census	escaped text: B$`'
GAME.EXE	0x800494fd	0x37cfd	0x4	string	byte-pattern		ascii	investigation:string-census	escaped text: =!$!
GAME.EXE	0x80049df7	0x385f7	0x4	string	byte-pattern		ascii	investigation:string-census	escaped text: 0!0\x20
GAME.EXE	0x8004a0ab	0x388ab	0x4	string	byte-pattern		ascii	investigation:string-census	escaped text: 0%@D
GAME.EXE	0x8004a5fb	0x38dfb	0x5	string	byte-pattern		ascii	investigation:string-census	escaped text: <x2B$
GAME.EXE	0x8004a7aa	0x38faa	0x5	string	byte-pattern		ascii	investigation:string-census	escaped text: 1&! @
GAME.EXE	0x8004addb	0x395db	0x4	string	byte-pattern		ascii	investigation:string-census	escaped text: 4!0F
GAME.EXE	0x8004b50e	0x39d0e	0x4	string	byte-pattern		ascii	investigation:string-census	escaped text: b$b-
GAME.EXE	0x8004bbb9	0x3a3b9	0x4	string	byte-pattern		ascii	investigation:string-census	escaped text: jJ%$
GAME.EXE	0x8004bf3b	0x3a73b	0x4	string	byte-pattern		ascii	investigation:string-census	escaped text: <$jc
GAME.EXE	0x8004bf75	0x3a775	0x4	string	byte-pattern		ascii	investigation:string-census	escaped text: PB4!
GAME.EXE	0x8004bf86	0x3a786	0x4	string	byte-pattern		ascii	investigation:string-census	escaped text: B4!\x20
GAME.EXE	0x8004c17d	0x3a97d	0x4	string	byte-pattern		ascii	investigation:string-census	escaped text: i)%<
GAME.EXE	0x8004c587	0x3ad87	0x4	string	byte-pattern		ascii	investigation:string-census	escaped text: <Dj?
GAME.EXE	0x8004c5a3	0x3ada3	0x5	string	byte-pattern		shift_jis	investigation:string-census	escaped text: <Lj訣
GAME.EXE	0x8004c64f	0x3ae4f	0x4	string	byte-pattern		ascii	investigation:string-census	escaped text: <Dj?
GAME.EXE	0x8004c66b	0x3ae6b	0x5	string	byte-pattern		shift_jis	investigation:string-census	escaped text: <Lj訣
GAME.EXE	0x8004c6df	0x3aedf	0x4	string	byte-pattern		ascii	investigation:string-census	escaped text: $$PJ
GAME.EXE	0x8004c6e6	0x3aee6	0x5	string	byte-pattern		ascii	investigation:string-census	"escaped text: \t$""H*"
GAME.EXE	0x8004c707	0x3af07	0x4	string	byte-pattern		ascii	investigation:string-census	"escaped text: $""Xj"
GAME.EXE	0x8004c763	0x3af63	0x4	string	byte-pattern		ascii	investigation:string-census	escaped text: $$PJ
GAME.EXE	0x8004c76a	0x3af6a	0x5	string	byte-pattern		ascii	investigation:string-census	"escaped text: \t$""H*"
GAME.EXE	0x8004c78b	0x3af8b	0x4	string	byte-pattern		ascii	investigation:string-census	"escaped text: $""Xj"
GAME.EXE	0x8004c7ff	0x3afff	0x4	string	byte-pattern		ascii	investigation:string-census	escaped text: $$PJ
GAME.EXE	0x8004c806	0x3b006	0x5	string	byte-pattern		ascii	investigation:string-census	"escaped text: \t$""H*"
GAME.EXE	0x8004c827	0x3b027	0x4	string	byte-pattern		ascii	investigation:string-census	"escaped text: $""Xj"
GAME.EXE	0x8004c9a8	0x3b1a8	0x4	unclassified	coverage-gap			payload-complement	may contain missed code, tables, constants, padding, or writable data
GAME.EXE	0x8004cbea	0x3b3ea	0x5	string	byte-pattern		ascii	investigation:string-census	escaped text: \t1BI\t
GAME.EXE	0x8004cc8f	0x3b48f	0x4	string	byte-pattern		ascii	investigation:string-census	escaped text: <$H!
GAME.EXE	0x8004cceb	0x3b4eb	0x4	string	byte-pattern		ascii	investigation:string-census	escaped text: <$H!
GAME.EXE	0x8004ce17	0x3b617	0x4	string	byte-pattern		ascii	investigation:string-census	escaped text: <$H!
GAME.EXE	0x8004ce73	0x3b673	0x4	string	byte-pattern		ascii	investigation:string-census	escaped text: <$H!
GAME.EXE	0x8004cf13	0x3b713	0x4	string	byte-pattern		ascii	investigation:string-census	escaped text: <$H!
GAME.EXE	0x8004cf6f	0x3b76f	0x4	string	byte-pattern		ascii	investigation:string-census	escaped text: <$H!
GAME.EXE	0x8004d03b	0x3b83b	0x4	string	byte-pattern		ascii	investigation:string-census	escaped text: <$H!
GAME.EXE	0x8004d097	0x3b897	0x4	string	byte-pattern		ascii	investigation:string-census	escaped text: <$H!
GAME.EXE	0x8004d163	0x3b963	0x4	string	byte-pattern		ascii	investigation:string-census	escaped text: <$H!
GAME.EXE	0x8004d1bf	0x3b9bf	0x4	string	byte-pattern		ascii	investigation:string-census	escaped text: <$H!
GAME.EXE	0x8004d263	0x3ba63	0x4	string	byte-pattern		ascii	investigation:string-census	escaped text: <$H!
GAME.EXE	0x8004d2bf	0x3babf	0x4	string	byte-pattern		ascii	investigation:string-census	escaped text: <$H!
GAME.EXE	0x8004d38b	0x3bb8b	0x4	string	byte-pattern		ascii	investigation:string-census	escaped text: <$H!
GAME.EXE	0x8004d3e7	0x3bbe7	0x4	string	byte-pattern		ascii	investigation:string-census	escaped text: <$H!
GAME.EXE	0x8004d84b	0x3c04b	0x4	string	byte-pattern		ascii	investigation:string-census	escaped text: <`m?
GAME.EXE	0x8004d8c7	0x3c0c7	0x4	string	byte-pattern		ascii	investigation:string-census	escaped text: <lm.
GAME.EXE	0x8004d8e7	0x3c0e7	0x4	string	byte-pattern		ascii	investigation:string-census	escaped text: <`m?
GAME.EXE	0x8004d913	0x3c113	0x4	string	byte-pattern		ascii	investigation:string-census	escaped text: <lm.
GAME.EXE	0x8004dfd4	0x3c7d4	0x8	unclassified	coverage-gap			payload-complement	may contain missed code, tables, constants, padding, or writable data
GAME.EXE	0x8004e90d	0x3d10d	0x5	string	byte-pattern		ascii	investigation:string-census	escaped text: dJJ!@
GAME.EXE	0x8004e940	0x3d140	0xc	unclassified	coverage-gap			payload-complement	may contain missed code, tables, constants, padding, or writable data
GAME.EXE	0x8004f2db	0x3dadb	0x6	string	byte-pattern		ascii	investigation:string-census	escaped text: <pp!$!
GAME.EXE	0x8004f30b	0x3db0b	0x6	string	byte-pattern		ascii	investigation:string-census	escaped text: <pp!$!
GAME.EXE	0x8004f333	0x3db33	0x6	string	byte-pattern		ascii	investigation:string-census	escaped text: <p`!$!
GAME.EXE	0x8004f367	0x3db67	0x6	string	byte-pattern		ascii	investigation:string-census	escaped text: <pp!$!
GAME.EXE	0x8004f3bf	0x3dbbf	0x6	string	byte-pattern		ascii	investigation:string-census	escaped text: <pp!$!
GAME.EXE	0x8004f3e7	0x3dbe7	0x6	string	byte-pattern		ascii	investigation:string-census	escaped text: <ph!$!
GAME.EXE	0x8004f417	0x3dc17	0x6	string	byte-pattern		ascii	investigation:string-census	escaped text: <pp!$!
GAME.EXE	0x8004f443	0x3dc43	0x6	string	byte-pattern		ascii	investigation:string-census	escaped text: <pX!$!
GAME.EXE	0x8004f458	0x3dc58	0x34	unclassified	coverage-gap			payload-complement	may contain missed code, tables, constants, padding, or writable data
GAME.EXE	0x8004f7db	0x3dfdb	0x6	string	byte-pattern		ascii	investigation:string-census	escaped text: <4>!$!
GAME.EXE	0x8004f85b	0x3e05b	0x4	string	byte-pattern		ascii	investigation:string-census	escaped text: '!\x20\x20
GAME.EXE	0x8004f89f	0x3e09f	0x4	string	byte-pattern		ascii	investigation:string-census	escaped text: '!(\x20
GAME.EXE	0x8004fa59	0x3e259	0x4	string	byte-pattern		ascii	investigation:string-census	escaped text: ?C0%
GAME.EXE	0x8004fcc9	0x3e4c9	0x6	string	byte-pattern		ascii	investigation:string-census	escaped text: Bc$!0C
GAME.EXE	0x8004ffb2	0x3e7b2	0x4	string	byte-pattern		ascii	investigation:string-census	escaped text: 1&CA
GAME.EXE	0x80050067	0x3e867	0x4	string	byte-pattern		ascii	investigation:string-census	escaped text: <$}1
GAME.EXE	0x8005009b	0x3e89b	0x4	string	byte-pattern		ascii	investigation:string-census	escaped text: <$}0
GAME.EXE	0x8005012f	0x3e92f	0x6	string	byte-pattern		shift_jis	investigation:string-census	escaped text: <或B瑚
GAME.EXE	0x80050173	0x3e973	0x6	string	byte-pattern		shift_jis	investigation:string-census	escaped text: <或B瑚
GAME.EXE	0x80050248	0x3ea48	0x4	unclassified	coverage-gap			payload-complement	may contain missed code, tables, constants, padding, or writable data
GAME.EXE	0x80050258	0x3ea58	0x4	unclassified	coverage-gap			payload-complement	may contain missed code, tables, constants, padding, or writable data
GAME.EXE	0x80050268	0x3ea68	0x4	unclassified	coverage-gap			payload-complement	may contain missed code, tables, constants, padding, or writable data
GAME.EXE	0x80050288	0x3ea88	0x4	unclassified	coverage-gap			payload-complement	may contain missed code, tables, constants, padding, or writable data
GAME.EXE	0x80050298	0x3ea98	0x4	unclassified	coverage-gap			payload-complement	may contain missed code, tables, constants, padding, or writable data
GAME.EXE	0x800502a8	0x3eaa8	0x4	unclassified	coverage-gap			payload-complement	may contain missed code, tables, constants, padding, or writable data
GAME.EXE	0x800502b8	0x3eab8	0x4	unclassified	coverage-gap			payload-complement	may contain missed code, tables, constants, padding, or writable data
GAME.EXE	0x800502c8	0x3eac8	0x4	unclassified	coverage-gap			payload-complement	may contain missed code, tables, constants, padding, or writable data
GAME.EXE	0x800502d8	0x3ead8	0x4	unclassified	coverage-gap			payload-complement	may contain missed code, tables, constants, padding, or writable data
GAME.EXE	0x800502e8	0x3eae8	0x4	unclassified	coverage-gap			payload-complement	may contain missed code, tables, constants, padding, or writable data
GAME.EXE	0x800502f8	0x3eaf8	0x4	unclassified	coverage-gap			payload-complement	may contain missed code, tables, constants, padding, or writable data
GAME.EXE	0x80050308	0x3eb08	0x4	unclassified	coverage-gap			payload-complement	may contain missed code, tables, constants, padding, or writable data
GAME.EXE	0x80050318	0x3eb18	0x4	unclassified	coverage-gap			payload-complement	may contain missed code, tables, constants, padding, or writable data
GAME.EXE	0x80050328	0x3eb28	0x4	unclassified	coverage-gap			payload-complement	may contain missed code, tables, constants, padding, or writable data
GAME.EXE	0x80050338	0x3eb38	0x4	unclassified	coverage-gap			payload-complement	may contain missed code, tables, constants, padding, or writable data
GAME.EXE	0x80050348	0x3eb48	0x4	unclassified	coverage-gap			payload-complement	may contain missed code, tables, constants, padding, or writable data
GAME.EXE	0x80050358	0x3eb58	0x4	unclassified	coverage-gap			payload-complement	may contain missed code, tables, constants, padding, or writable data
GAME.EXE	0x80050368	0x3eb68	0x4	unclassified	coverage-gap			payload-complement	may contain missed code, tables, constants, padding, or writable data
GAME.EXE	0x80050378	0x3eb78	0x4	unclassified	coverage-gap			payload-complement	may contain missed code, tables, constants, padding, or writable data
GAME.EXE	0x80050388	0x3eb88	0x4	unclassified	coverage-gap			payload-complement	may contain missed code, tables, constants, padding, or writable data
GAME.EXE	0x80050398	0x3eb98	0x4	unclassified	coverage-gap			payload-complement	may contain missed code, tables, constants, padding, or writable data
GAME.EXE	0x800503a8	0x3eba8	0x4	unclassified	coverage-gap			payload-complement	may contain missed code, tables, constants, padding, or writable data
GAME.EXE	0x800503b8	0x3ebb8	0x4	unclassified	coverage-gap			payload-complement	may contain missed code, tables, constants, padding, or writable data
GAME.EXE	0x800503c8	0x3ebc8	0x4	unclassified	coverage-gap			payload-complement	may contain missed code, tables, constants, padding, or writable data
GAME.EXE	0x800503d8	0x3ebd8	0x4	unclassified	coverage-gap			payload-complement	may contain missed code, tables, constants, padding, or writable data
GAME.EXE	0x800503e8	0x3ebe8	0x4	unclassified	coverage-gap			payload-complement	may contain missed code, tables, constants, padding, or writable data
GAME.EXE	0x800503f8	0x3ebf8	0x4	unclassified	coverage-gap			payload-complement	may contain missed code, tables, constants, padding, or writable data
GAME.EXE	0x80050408	0x3ec08	0x4	unclassified	coverage-gap			payload-complement	may contain missed code, tables, constants, padding, or writable data
GAME.EXE	0x80050418	0x3ec18	0x4	unclassified	coverage-gap			payload-complement	may contain missed code, tables, constants, padding, or writable data
GAME.EXE	0x80050428	0x3ec28	0x4	unclassified	coverage-gap			payload-complement	may contain missed code, tables, constants, padding, or writable data
GAME.EXE	0x80050438	0x3ec38	0x4	unclassified	coverage-gap			payload-complement	may contain missed code, tables, constants, padding, or writable data
GAME.EXE	0x80050448	0x3ec48	0x4	unclassified	coverage-gap			payload-complement	may contain missed code, tables, constants, padding, or writable data
GAME.EXE	0x80050458	0x3ec58	0x4	unclassified	coverage-gap			payload-complement	may contain missed code, tables, constants, padding, or writable data
GAME.EXE	0x80050468	0x3ec68	0x4	unclassified	coverage-gap			payload-complement	may contain missed code, tables, constants, padding, or writable data
GAME.EXE	0x80050478	0x3ec78	0x4	unclassified	coverage-gap			payload-complement	may contain missed code, tables, constants, padding, or writable data
GAME.EXE	0x80050488	0x3ec88	0x4	unclassified	coverage-gap			payload-complement	may contain missed code, tables, constants, padding, or writable data
GAME.EXE	0x80050498	0x3ec98	0x4	unclassified	coverage-gap			payload-complement	may contain missed code, tables, constants, padding, or writable data
GAME.EXE	0x800504a8	0x3eca8	0x4	unclassified	coverage-gap			payload-complement	may contain missed code, tables, constants, padding, or writable data
GAME.EXE	0x800504b8	0x3ecb8	0x4	unclassified	coverage-gap			payload-complement	may contain missed code, tables, constants, padding, or writable data
GAME.EXE	0x800504c8	0x3ecc8	0x4	unclassified	coverage-gap			payload-complement	may contain missed code, tables, constants, padding, or writable data
GAME.EXE	0x800504e8	0x3ece8	0x4	unclassified	coverage-gap			payload-complement	may contain missed code, tables, constants, padding, or writable data
GAME.EXE	0x800504f8	0x3ecf8	0x4	unclassified	coverage-gap			payload-complement	may contain missed code, tables, constants, padding, or writable data
GAME.EXE	0x80050508	0x3ed08	0x4	unclassified	coverage-gap			payload-complement	may contain missed code, tables, constants, padding, or writable data
GAME.EXE	0x80050518	0x3ed18	0x4	unclassified	coverage-gap			payload-complement	may contain missed code, tables, constants, padding, or writable data
GAME.EXE	0x8005052a	0x3ed2a	0x4	string	byte-pattern		ascii	investigation:string-census	escaped text: B4dJ
GAME.EXE	0x8005059b	0x3ed9b	0x7	string	byte-pattern		shift_jis	investigation:string-census	escaped text: <(}ъGA
GAME.EXE	0x800505ab	0x3edab	0x4	string	byte-pattern		ascii	investigation:string-census	escaped text: <(}B
GAME.EXE	0x800505c7	0x3edc7	0x4	string	byte-pattern		ascii	investigation:string-census	"escaped text: <4}"""
GAME.EXE	0x800505ef	0x3edef	0x4	string	byte-pattern		ascii	investigation:string-census	escaped text: <(}B
GAME.EXE	0x80050613	0x3ee13	0x4	string	byte-pattern		ascii	investigation:string-census	escaped text: <(}B
GAME.EXE	0x80050637	0x3ee37	0x4	string	byte-pattern		ascii	investigation:string-census	escaped text: <(}B
GAME.EXE	0x8005064f	0x3ee4f	0x4	string	byte-pattern		ascii	investigation:string-census	escaped text: <(}B
GAME.EXE	0x8005066b	0x3ee6b	0x4	string	byte-pattern		ascii	investigation:string-census	escaped text: <8}c
GAME.EXE	0x80050683	0x3ee83	0x4	string	byte-pattern		ascii	investigation:string-census	escaped text: <(}B
GAME.EXE	0x800506af	0x3eeaf	0x4	string	byte-pattern		ascii	investigation:string-census	"escaped text: <4}"""
GAME.EXE	0x800506b7	0x3eeb7	0x4	string	byte-pattern		ascii	investigation:string-census	escaped text: <(}c
GAME.EXE	0x800506bf	0x3eebf	0x4	string	byte-pattern		ascii	investigation:string-census	escaped text: <8}B
GAME.EXE	0x800506f8	0x3eef8	0x3	unclassified	coverage-gap			payload-complement	may contain missed code, tables, constants, padding, or writable data
GAME.EXE	0x800506fb	0x3eefb	0x6	string	byte-pattern		shift_jis	investigation:string-census	escaped text: <(}B瑚
GAME.EXE	0x8005071b	0x3ef1b	0x4	string	byte-pattern		ascii	investigation:string-census	escaped text: <8}$
GAME.EXE	0x8005072b	0x3ef2b	0x4	string	byte-pattern		ascii	investigation:string-census	escaped text: <8}c
GAME.EXE	0x80050743	0x3ef43	0x4	string	byte-pattern		ascii	investigation:string-census	escaped text: <(}B
GAME.EXE	0x8005075f	0x3ef5f	0x4	string	byte-pattern		ascii	investigation:string-census	escaped text: <4}c
GAME.EXE	0x80050773	0x3ef73	0x4	string	byte-pattern		ascii	investigation:string-census	escaped text: <(}c
GAME.EXE	0x8005077b	0x3ef7b	0x4	string	byte-pattern		ascii	investigation:string-census	escaped text: <8}B
GAME.EXE	0x800507d3	0x3efd3	0x4	string	byte-pattern		ascii	investigation:string-census	escaped text: <0}%
GAME.EXE	0x800507eb	0x3efeb	0x5	string	byte-pattern		shift_jis	investigation:string-census	escaped text: <8}迪
GAME.EXE	0x800507f3	0x3eff3	0x4	string	byte-pattern		ascii	investigation:string-census	escaped text: <,}B
GAME.EXE	0x8005081f	0x3f01f	0x4	string	byte-pattern		ascii	investigation:string-census	escaped text: <4}B
GAME.EXE	0x8005082f	0x3f02f	0x4	string	byte-pattern		ascii	investigation:string-census	escaped text: <0}B
GAME.EXE	0x8005083f	0x3f03f	0x4	string	byte-pattern		ascii	investigation:string-census	escaped text: <<}B
GAME.EXE	0x80050847	0x3f047	0x4	string	byte-pattern		ascii	investigation:string-census	escaped text: <<}$
GAME.EXE	0x8005085f	0x3f05f	0x4	string	byte-pattern		ascii	investigation:string-census	escaped text: <(}B
GAME.EXE	0x80050897	0x3f097	0x6	string	byte-pattern		shift_jis	investigation:string-census	escaped text: <(}B瑚
GAME.EXE	0x80050917	0x3f117	0x4	string	byte-pattern		ascii	investigation:string-census	escaped text: <(}c
GAME.EXE	0x80050983	0x3f183	0x4	string	byte-pattern		ascii	investigation:string-census	escaped text: <(}c
GAME.EXE	0x800509e7	0x3f1e7	0x4	string	byte-pattern		ascii	investigation:string-census	escaped text: <(}c
GAME.EXE	0x80050ad7	0x3f2d7	0x4	string	byte-pattern		ascii	investigation:string-census	escaped text: <0}c
GAME.EXE	0x80050b3b	0x3f33b	0x4	string	byte-pattern		ascii	investigation:string-census	escaped text: <,}B
GAME.EXE	0x80050b67	0x3f367	0x4	string	byte-pattern		ascii	investigation:string-census	escaped text: <,}B
GAME.EXE	0x80050b87	0x3f387	0x4	string	byte-pattern		ascii	investigation:string-census	escaped text: <0}c
GAME.EXE	0x80050b9b	0x3f39b	0x4	string	byte-pattern		ascii	investigation:string-census	escaped text: <,}B
GAME.EXE	0x80050bc7	0x3f3c7	0x4	string	byte-pattern		ascii	investigation:string-census	escaped text: <,}B
GAME.EXE	0x80050c47	0x3f447	0x6	string	byte-pattern		shift_jis	investigation:string-census	escaped text: <(}B瑚
GAME.EXE	0x80050c7f	0x3f47f	0x6	string	byte-pattern		shift_jis	investigation:string-census	escaped text: <0}B瑚
GAME.EXE	0x80050cab	0x3f4ab	0x4	string	byte-pattern		ascii	investigation:string-census	escaped text: <(}B
GAME.EXE	0x80050cc7	0x3f4c7	0x4	string	byte-pattern		ascii	investigation:string-census	escaped text: <(}B
GAME.EXE	0x80050cf3	0x3f4f3	0x6	string	byte-pattern		shift_jis	investigation:string-census	escaped text: <0}B瑚
GAME.EXE	0x80050d1b	0x3f51b	0x4	string	byte-pattern		ascii	investigation:string-census	escaped text: <(}B
GAME.EXE	0x80050d5e	0x3f55e	0x4	string	byte-pattern		ascii	investigation:string-census	escaped text: 0&!\x20
GAME.EXE	0x80050d77	0x3f577	0x4	string	byte-pattern		ascii	investigation:string-census	escaped text: <(}c
GAME.EXE	0x80050da3	0x3f5a3	0x4	string	byte-pattern		ascii	investigation:string-census	escaped text: $!0\x20
GAME.EXE	0x80050e8f	0x3f68f	0x4	string	byte-pattern		ascii	investigation:string-census	escaped text: <8}B
GAME.EXE	0x80050edf	0x3f6df	0x4	string	byte-pattern		ascii	investigation:string-census	escaped text: 4!8`
GAME.EXE	0x80050f53	0x3f753	0x4	string	byte-pattern		ascii	investigation:string-census	escaped text: 4#(H
GAME.EXE	0x80051023	0x3f823	0x4	string	byte-pattern		ascii	investigation:string-census	escaped text: <(}B
GAME.EXE	0x8005103f	0x3f83f	0x4	string	byte-pattern		ascii	investigation:string-census	escaped text: <4}B
GAME.EXE	0x80051093	0x3f893	0x4	string	byte-pattern		ascii	investigation:string-census	escaped text: <(}B
GAME.EXE	0x800514d2	0x3fcd2	0x4	string	byte-pattern		ascii	investigation:string-census	escaped text: J%!(
GAME.EXE	0x80051537	0x3fd37	0x4	string	byte-pattern		ascii	investigation:string-census	escaped text: <4}B
GAME.EXE	0x80051587	0x3fd87	0x4	string	byte-pattern		ascii	investigation:string-census	escaped text: <4}B
GAME.EXE	0x80051617	0x3fe17	0x4	string	byte-pattern		ascii	investigation:string-census	escaped text: <4}B
GAME.EXE	0x800516a7	0x3fea7	0x4	string	byte-pattern		ascii	investigation:string-census	escaped text: <4}B
GAME.EXE	0x80051767	0x3ff67	0x4	string	byte-pattern		ascii	investigation:string-census	escaped text: <4}c
GAME.EXE	0x800517b3	0x3ffb3	0x4	string	byte-pattern		ascii	investigation:string-census	escaped text: <8}B
GAME.EXE	0x800517e7	0x3ffe7	0x4	string	byte-pattern		ascii	investigation:string-census	escaped text: <8}B
GAME.EXE	0x8005185f	0x4005f	0x6	string	byte-pattern		shift_jis	investigation:string-census	escaped text: <\\}ъ$
GAME.EXE	0x8005190b	0x4010b	0x4	string	byte-pattern		ascii	investigation:string-census	escaped text: <h}B
GAME.EXE	0x8005191f	0x4011f	0x6	string	byte-pattern		shift_jis	investigation:string-census	escaped text: <`}c向
GAME.EXE	0x80051926	0x40126	0x4	string	byte-pattern		ascii	investigation:string-census	escaped text: B$!\x20
GAME.EXE	0x80051933	0x40133	0x4	string	byte-pattern		ascii	investigation:string-census	escaped text: <d}B
GAME.EXE	0x80051943	0x40143	0x4	string	byte-pattern		ascii	investigation:string-census	escaped text: <h}c
GAME.EXE	0x80051957	0x40157	0x4	string	byte-pattern		ascii	investigation:string-census	escaped text: <h}B
GAME.EXE	0x8005199f	0x4019f	0x4	string	byte-pattern		ascii	investigation:string-census	escaped text: <h}B
GAME.EXE	0x800519bf	0x401bf	0x5	string	byte-pattern		shift_jis	investigation:string-census	escaped text: <l}ъ
GAME.EXE	0x80051abf	0x402bf	0x4	string	byte-pattern		ascii	investigation:string-census	"escaped text: < C"""
GAME.EXE	0x80051acb	0x402cb	0x4	string	byte-pattern		ascii	investigation:string-census	escaped text: <$C0
GAME.EXE	0x80051adb	0x402db	0x4	string	byte-pattern		ascii	investigation:string-census	"escaped text: <(C"""
GAME.EXE	0x80051ae7	0x402e7	0x4	string	byte-pattern		ascii	investigation:string-census	escaped text: <,C1
GAME.EXE	0x80051af3	0x402f3	0x4	string	byte-pattern		ascii	investigation:string-census	"escaped text: <0C"""
GAME.EXE	0x80051b07	0x40307	0x4	string	byte-pattern		ascii	investigation:string-census	escaped text: <4C$
GAME.EXE	0x80051b23	0x40323	0x4	string	byte-pattern		ascii	investigation:string-census	escaped text: <8C#
GAME.EXE	0x80051b2b	0x4032b	0x4	string	byte-pattern		ascii	investigation:string-census	escaped text: <<C%
GAME.EXE	0x80051b3f	0x4033f	0x4	string	byte-pattern		ascii	investigation:string-census	"escaped text: <DC"""
GAME.EXE	0x80051b57	0x40357	0x4	string	byte-pattern		ascii	investigation:string-census	"escaped text: <HC"""
GAME.EXE	0x80051b6b	0x4036b	0x4	string	byte-pattern		ascii	investigation:string-census	"escaped text: <LC"""
GAME.EXE	0x80051b7f	0x4037f	0x4	string	byte-pattern		ascii	investigation:string-census	"escaped text: < C"""
GAME.EXE	0x80051b8b	0x4038b	0x4	string	byte-pattern		ascii	investigation:string-census	"escaped text: <$C"""
GAME.EXE	0x80051baf	0x403af	0x4	string	byte-pattern		ascii	investigation:string-census	escaped text: <(C#
GAME.EXE	0x80051bb7	0x403b7	0x4	string	byte-pattern		ascii	investigation:string-census	escaped text: <,C$
GAME.EXE	0x80051bbf	0x403bf	0x4	string	byte-pattern		ascii	investigation:string-census	escaped text: <0C%
GAME.EXE	0x80051d1b	0x4051b	0x4	string	byte-pattern		ascii	investigation:string-census	escaped text: <P}B
GAME.EXE	0x80051d6b	0x4056b	0x4	string	byte-pattern		ascii	investigation:string-census	escaped text: <P}B
GAME.EXE	0x80051d8b	0x4058b	0x4	string	byte-pattern		ascii	investigation:string-census	escaped text: <L}c
GAME.EXE	0x80051d9b	0x4059b	0x4	string	byte-pattern		ascii	investigation:string-census	escaped text: <L}c
GAME.EXE	0x80051db3	0x405b3	0x4	string	byte-pattern		ascii	investigation:string-census	escaped text: <L}c
GAME.EXE	0x80051dc7	0x405c7	0x4	string	byte-pattern		ascii	investigation:string-census	escaped text: <L}c
GAME.EXE	0x80051def	0x405ef	0x4	string	byte-pattern		ascii	investigation:string-census	escaped text: <L}B
GAME.EXE	0x80051e13	0x40613	0x4	string	byte-pattern		ascii	investigation:string-census	escaped text: <P}c
GAME.EXE	0x80051e23	0x40623	0x4	string	byte-pattern		ascii	investigation:string-census	escaped text: <l}c
GAME.EXE	0x80051e3f	0x4063f	0x4	string	byte-pattern		ascii	investigation:string-census	escaped text: <T}B
GAME.EXE	0x80051e4f	0x4064f	0x4	string	byte-pattern		ascii	investigation:string-census	escaped text: <X}c
GAME.EXE	0x80051e63	0x40663	0x4	string	byte-pattern		ascii	investigation:string-census	escaped text: <\\}c
GAME.EXE	0x80051fab	0x407ab	0x4	string	byte-pattern		ascii	investigation:string-census	escaped text: <P}B
GAME.EXE	0x80051ffb	0x407fb	0x4	string	byte-pattern		ascii	investigation:string-census	escaped text: <P}B
GAME.EXE	0x8005201b	0x4081b	0x4	string	byte-pattern		ascii	investigation:string-census	escaped text: <L}c
GAME.EXE	0x8005202b	0x4082b	0x4	string	byte-pattern		ascii	investigation:string-census	escaped text: <L}c
GAME.EXE	0x8005203b	0x4083b	0x4	string	byte-pattern		ascii	investigation:string-census	escaped text: <L}c
GAME.EXE	0x8005204f	0x4084f	0x4	string	byte-pattern		ascii	investigation:string-census	escaped text: <L}c
GAME.EXE	0x80052063	0x40863	0x4	string	byte-pattern		ascii	investigation:string-census	escaped text: <P}c
GAME.EXE	0x80052093	0x40893	0x4	string	byte-pattern		ascii	investigation:string-census	escaped text: <L}B
GAME.EXE	0x800520bb	0x408bb	0x4	string	byte-pattern		ascii	investigation:string-census	escaped text: <P}c
GAME.EXE	0x800520cb	0x408cb	0x4	string	byte-pattern		ascii	investigation:string-census	escaped text: <l}c
GAME.EXE	0x800520e7	0x408e7	0x4	string	byte-pattern		ascii	investigation:string-census	escaped text: <T}B
GAME.EXE	0x800520f7	0x408f7	0x4	string	byte-pattern		ascii	investigation:string-census	escaped text: <X}c
GAME.EXE	0x8005210b	0x4090b	0x4	string	byte-pattern		ascii	investigation:string-census	escaped text: <\\}c
GAME.EXE	0x80052143	0x40943	0x4	string	byte-pattern		ascii	investigation:string-census	escaped text: <P}B
GAME.EXE	0x80052165	0x40965	0x4	string	byte-pattern		ascii	investigation:string-census	escaped text: O!$!
GAME.EXE	0x80052181	0x40981	0x4	string	byte-pattern		ascii	investigation:string-census	escaped text: O!$!
GAME.EXE	0x800521af	0x409af	0x4	string	byte-pattern		ascii	investigation:string-census	escaped text: <L}B
GAME.EXE	0x800521d7	0x409d7	0x4	string	byte-pattern		ascii	investigation:string-census	escaped text: <P}c
GAME.EXE	0x800521eb	0x409eb	0x4	string	byte-pattern		ascii	investigation:string-census	escaped text: <l}c
GAME.EXE	0x80052207	0x40a07	0x4	string	byte-pattern		ascii	investigation:string-census	escaped text: <T}B
GAME.EXE	0x80052217	0x40a17	0x4	string	byte-pattern		ascii	investigation:string-census	escaped text: <X}B
GAME.EXE	0x80052227	0x40a27	0x4	string	byte-pattern		ascii	investigation:string-census	escaped text: <\\}c
GAME.EXE	0x80052243	0x40a43	0x4	string	byte-pattern		ascii	investigation:string-census	escaped text: <P}B
GAME.EXE	0x8005225b	0x40a5b	0x4	string	byte-pattern		ascii	investigation:string-census	escaped text: <P}c
GAME.EXE	0x8005226f	0x40a6f	0x4	string	byte-pattern		ascii	investigation:string-census	escaped text: <L}B
GAME.EXE	0x800522a7	0x40aa7	0x8	string	byte-pattern		shift_jis	investigation:string-census	escaped text: <p}ъ!謂
GAME.EXE	0x800522e3	0x40ae3	0x4	string	byte-pattern		ascii	investigation:string-census	escaped text: <p}c
GAME.EXE	0x800522f7	0x40af7	0x4	string	byte-pattern		ascii	investigation:string-census	escaped text: <p}#
GAME.EXE	0x80052323	0x40b23	0x4	string	byte-pattern		ascii	investigation:string-census	escaped text: <D}B
GAME.EXE	0x8005233f	0x40b3f	0x4	string	byte-pattern		ascii	investigation:string-census	escaped text: <H}B
GAME.EXE	0x8005238b	0x40b8b	0x4	string	byte-pattern		ascii	investigation:string-census	escaped text: <H}B
GAME.EXE	0x8005239f	0x40b9f	0x4	string	byte-pattern		ascii	investigation:string-census	escaped text: <D}B
GAME.EXE	0x800523b1	0x40bb1	0x4	string	byte-pattern		ascii	investigation:string-census	escaped text: K!$!
GAME.EXE	0x800523bf	0x40bbf	0x4	string	byte-pattern		ascii	investigation:string-census	escaped text: <D}B
GAME.EXE	0x800523d1	0x40bd1	0x4	string	byte-pattern		ascii	investigation:string-census	escaped text: K!$!
GAME.EXE	0x800523df	0x40bdf	0x4	string	byte-pattern		ascii	investigation:string-census	escaped text: <D}B
GAME.EXE	0x800523e7	0x40be7	0x4	string	byte-pattern		ascii	investigation:string-census	escaped text: <\\}c
GAME.EXE	0x800523f3	0x40bf3	0x6	string	byte-pattern		shift_jis	investigation:string-census	escaped text: <潭!$!
GAME.EXE	0x8005240b	0x40c0b	0x4	string	byte-pattern		ascii	investigation:string-census	"escaped text: <D}"""
GAME.EXE	0x8005242f	0x40c2f	0x4	string	byte-pattern		ascii	investigation:string-census	escaped text: <D}B
GAME.EXE	0x80052437	0x40c37	0x4	string	byte-pattern		ascii	investigation:string-census	escaped text: <H}c
GAME.EXE	0x8005245b	0x40c5b	0x6	string	byte-pattern		shift_jis	investigation:string-census	escaped text: <t}B呉
GAME.EXE	0x8005247b	0x40c7b	0x4	string	byte-pattern		ascii	investigation:string-census	escaped text: <\\}c
GAME.EXE	0x80052487	0x40c87	0x4	string	byte-pattern		ascii	investigation:string-census	"escaped text: <t}"""
GAME.EXE	0x8005249f	0x40c9f	0x4	string	byte-pattern		ascii	investigation:string-census	escaped text: <D}c
GAME.EXE	0x800524a7	0x40ca7	0x4	string	byte-pattern		ascii	investigation:string-census	escaped text: <H}B
GAME.EXE	0x800524bb	0x40cbb	0x4	string	byte-pattern		ascii	investigation:string-census	escaped text: <P}c
GAME.EXE	0x8005250b	0x40d0b	0x4	string	byte-pattern		ascii	investigation:string-census	escaped text: <P}B
GAME.EXE	0x8005252b	0x40d2b	0x4	string	byte-pattern		ascii	investigation:string-census	escaped text: <P}c
GAME.EXE	0x80052543	0x40d43	0x4	string	byte-pattern		ascii	investigation:string-census	escaped text: <H}B
GAME.EXE	0x8005254b	0x40d4b	0x4	string	byte-pattern		ascii	investigation:string-census	escaped text: <H}c
GAME.EXE	0x80052559	0x40d59	0x4	string	byte-pattern		ascii	investigation:string-census	escaped text: K!$!
GAME.EXE	0x8005256b	0x40d6b	0x6	string	byte-pattern		shift_jis	investigation:string-census	escaped text: <潭!$!
GAME.EXE	0x80052581	0x40d81	0x4	string	byte-pattern		ascii	investigation:string-census	escaped text: K!$!
GAME.EXE	0x8005259b	0x40d9b	0x4	string	byte-pattern		ascii	investigation:string-census	escaped text: <H}B
GAME.EXE	0x800525a3	0x40da3	0x4	string	byte-pattern		ascii	investigation:string-census	escaped text: <\\}c
GAME.EXE	0x800525b3	0x40db3	0x4	string	byte-pattern		ascii	investigation:string-census	"escaped text: <H}"""
GAME.EXE	0x800525cf	0x40dcf	0x4	string	byte-pattern		ascii	investigation:string-census	escaped text: <t}\x20
GAME.EXE	0x800525df	0x40ddf	0x4	string	byte-pattern		ascii	investigation:string-census	escaped text: <<}B
GAME.EXE	0x8005262b	0x40e2b	0x4	string	byte-pattern		ascii	investigation:string-census	escaped text: <\\}c
GAME.EXE	0x8005263b	0x40e3b	0x4	string	byte-pattern		ascii	investigation:string-census	escaped text: <P}B
GAME.EXE	0x80052653	0x40e53	0x4	string	byte-pattern		ascii	investigation:string-census	escaped text: <\\}c
GAME.EXE	0x80052663	0x40e63	0x4	string	byte-pattern		ascii	investigation:string-census	escaped text: <P}c
GAME.EXE	0x80052673	0x40e73	0x4	string	byte-pattern		ascii	investigation:string-census	escaped text: <P}c
GAME.EXE	0x80052683	0x40e83	0x4	string	byte-pattern		ascii	investigation:string-census	escaped text: <P}c
GAME.EXE	0x80052693	0x40e93	0x4	string	byte-pattern		ascii	investigation:string-census	escaped text: <H}\x20
GAME.EXE	0x8005269b	0x40e9b	0x4	string	byte-pattern		ascii	investigation:string-census	escaped text: <H}B
GAME.EXE	0x800526a7	0x40ea7	0x4	string	byte-pattern		ascii	investigation:string-census	"escaped text: <D}"""
GAME.EXE	0x800526af	0x40eaf	0x4	string	byte-pattern		ascii	investigation:string-census	escaped text: <P}B
GAME.EXE	0x800526c3	0x40ec3	0x4	string	byte-pattern		ascii	investigation:string-census	escaped text: <L}c
GAME.EXE	0x800526c9	0x40ec9	0x4	string	byte-pattern		ascii	investigation:string-census	escaped text: ?B0%
GAME.EXE	0x800526d7	0x40ed7	0x4	string	byte-pattern		ascii	investigation:string-census	escaped text: <L}B
GAME.EXE	0x800526eb	0x40eeb	0x4	string	byte-pattern		ascii	investigation:string-census	escaped text: <P}B
GAME.EXE	0x80052727	0x40f27	0x4	string	byte-pattern		ascii	investigation:string-census	escaped text: <D}c
GAME.EXE	0x8005272f	0x40f2f	0x4	string	byte-pattern		ascii	investigation:string-census	escaped text: <H}B
GAME.EXE	0x80052757	0x40f57	0x4	string	byte-pattern		ascii	investigation:string-census	escaped text: <\\}B
GAME.EXE	0x8005277f	0x40f7f	0x4	string	byte-pattern		ascii	investigation:string-census	escaped text: <D}c
GAME.EXE	0x80052787	0x40f87	0x4	string	byte-pattern		ascii	investigation:string-census	escaped text: <H}B
GAME.EXE	0x800527bf	0x40fbf	0x4	string	byte-pattern		ascii	investigation:string-census	escaped text: <P}c
GAME.EXE	0x800527fb	0x40ffb	0x4	string	byte-pattern		ascii	investigation:string-census	escaped text: <\\}B
GAME.EXE	0x80052823	0x41023	0x5	string	byte-pattern		shift_jis	investigation:string-census	escaped text: <P}ъ
GAME.EXE	0x80052877	0x41077	0x4	string	byte-pattern		ascii	investigation:string-census	escaped text: <D}c
GAME.EXE	0x8005287f	0x4107f	0x4	string	byte-pattern		ascii	investigation:string-census	escaped text: <H}B
GAME.EXE	0x80052893	0x41093	0x4	string	byte-pattern		ascii	investigation:string-census	escaped text: <D}B
GAME.EXE	0x8005289b	0x4109b	0x4	string	byte-pattern		ascii	investigation:string-census	escaped text: <H}c
GAME.EXE	0x800528b3	0x410b3	0x5	string	byte-pattern		shift_jis	investigation:string-census	escaped text: <P}ъ
GAME.EXE	0x8005299c	0x4119c	0x4	unclassified	coverage-gap			payload-complement	may contain missed code, tables, constants, padding, or writable data
GAME.EXE	0x80054122	0x42922	0x4	string	byte-pattern		ascii	investigation:string-census	escaped text: B2QP
GAME.EXE	0x800541f7	0x429f7	0x7	string	byte-pattern		shift_jis	investigation:string-census	escaped text: <,}B劇9
GAME.EXE	0x80054237	0x42a37	0x4	string	byte-pattern		ascii	investigation:string-census	escaped text: <,}B
GAME.EXE	0x80054527	0x42d27	0x5	string	byte-pattern		ascii	investigation:string-census	escaped text: <UUB4
GAME.EXE	0x80054547	0x42d47	0x5	string	byte-pattern		ascii	investigation:string-census	escaped text: <UUB4
GAME.EXE	0x80054567	0x42d67	0x5	string	byte-pattern		ascii	investigation:string-census	escaped text: <UUB4
GAME.EXE	0x800545d3	0x42dd3	0x4	string	byte-pattern		ascii	investigation:string-census	escaped text: <,}B
GAME.EXE	0x800545f3	0x42df3	0x4	string	byte-pattern		ascii	investigation:string-census	escaped text: <,}B
GAME.EXE	0x8005461f	0x42e1f	0x4	string	byte-pattern		ascii	investigation:string-census	escaped text: <,}B
GAME.EXE	0x8005463b	0x42e3b	0x4	string	byte-pattern		ascii	investigation:string-census	escaped text: <,}B
GAME.EXE	0x80054657	0x42e57	0x4	string	byte-pattern		ascii	investigation:string-census	escaped text: <,}B
GAME.EXE	0x800546cf	0x42ecf	0x7	string	byte-pattern		shift_jis	investigation:string-census	escaped text: <,}B劇9
GAME.EXE	0x80054717	0x42f17	0x4	string	byte-pattern		ascii	investigation:string-census	escaped text: <,}B
GAME.EXE	0x80054743	0x42f43	0x4	string	byte-pattern		ascii	investigation:string-census	escaped text: <,}B
GAME.EXE	0x8005475f	0x42f5f	0x4	string	byte-pattern		ascii	investigation:string-census	escaped text: <,}B
GAME.EXE	0x8005477b	0x42f7b	0x4	string	byte-pattern		ascii	investigation:string-census	escaped text: <,}B
GAME.EXE	0x800549c3	0x431c3	0x7	string	byte-pattern		shift_jis	investigation:string-census	escaped text: <0~B$軍
GAME.EXE	0x800549fb	0x431fb	0x6	string	byte-pattern		ascii	investigation:string-census	escaped text: <Tz!$!
GAME.EXE	0x80054a7d	0x4327d	0x4	string	byte-pattern		ascii	investigation:string-census	escaped text: z!$!
GAME.EXE	0x80054b67	0x43367	0x4	string	byte-pattern		ascii	investigation:string-census	escaped text: <,}B
GAME.EXE	0x80054bc7	0x433c7	0x4	string	byte-pattern		ascii	investigation:string-census	escaped text: <,}B
GAME.EXE	0x80054c03	0x43403	0x4	string	byte-pattern		ascii	investigation:string-census	escaped text: <,}c
GAME.EXE	0x80054c5b	0x4345b	0x4	string	byte-pattern		ascii	investigation:string-census	escaped text: <,}c
GAME.EXE	0x80054ce3	0x434e3	0x4	string	byte-pattern		ascii	investigation:string-census	escaped text: $!(\x20
GAME.EXE	0x80054cef	0x434ef	0x4	string	byte-pattern		ascii	investigation:string-census	escaped text: <,}c
GAME.EXE	0x80054d47	0x43547	0x5	string	byte-pattern		ascii	investigation:string-census	escaped text: <`PB$
GAME.EXE	0x80054e12	0x43612	0x4	string	byte-pattern		ascii	investigation:string-census	escaped text: B4zS
GAME.EXE	0x80054e2e	0x4362e	0x4	string	byte-pattern		ascii	investigation:string-census	escaped text: B4zS
GAME.EXE	0x80054e5a	0x4365a	0x4	string	byte-pattern		ascii	investigation:string-census	escaped text: B4zS
GAME.EXE	0x80054e76	0x43676	0x4	string	byte-pattern		ascii	investigation:string-census	escaped text: B4zS
GAME.EXE	0x80055015	0x43815	0x4	string	byte-pattern		ascii	investigation:string-census	escaped text: A!$!
GAME.EXE	0x800552b2	0x43ab2	0x4	string	byte-pattern		ascii	investigation:string-census	escaped text: 1&3U
GAME.EXE	0x80055516	0x43d16	0x4	string	byte-pattern		ascii	investigation:string-census	escaped text: s&!\x20
GAME.EXE	0x800555bc	0x43dbc	0x4	unclassified	coverage-gap			payload-complement	may contain missed code, tables, constants, padding, or writable data
GAME.EXE	0x800555cc	0x43dcc	0x4	unclassified	coverage-gap			payload-complement	may contain missed code, tables, constants, padding, or writable data
GAME.EXE	0x800555dc	0x43ddc	0x4	unclassified	coverage-gap			payload-complement	may contain missed code, tables, constants, padding, or writable data
GAME.EXE	0x80055647	0x43e47	0x6	string	byte-pattern		shift_jis	investigation:string-census	escaped text: <T~B呉
GAME.EXE	0x80055663	0x43e63	0x4	string	byte-pattern		ascii	investigation:string-census	escaped text: <`~c
GAME.EXE	0x80055677	0x43e77	0x4	string	byte-pattern		ascii	investigation:string-census	escaped text: <`~\x20
GAME.EXE	0x800556b3	0x43eb3	0x4	string	byte-pattern		ascii	investigation:string-census	escaped text: <T~c
GAME.EXE	0x800556f3	0x43ef3	0x5	string	byte-pattern		shift_jis	investigation:string-census	escaped text: <\\~ъ
GAME.EXE	0x80055713	0x43f13	0x4	string	byte-pattern		ascii	investigation:string-census	escaped text: <X~c
GAME.EXE	0x80055747	0x43f47	0x4	string	byte-pattern		ascii	investigation:string-census	escaped text: <X~c
GAME.EXE	0x8005577b	0x43f7b	0x4	string	byte-pattern		ascii	investigation:string-census	escaped text: <\\~c
GAME.EXE	0x800557a3	0x43fa3	0x4	string	byte-pattern		ascii	investigation:string-census	escaped text: <d~c
GAME.EXE	0x800557bf	0x43fbf	0x4	string	byte-pattern		ascii	investigation:string-census	escaped text: <d~#
GAME.EXE	0x800557db	0x43fdb	0x4	string	byte-pattern		ascii	investigation:string-census	escaped text: <d~c
GAME.EXE	0x8005580c	0x4400c	0x4	unclassified	coverage-gap			payload-complement	may contain missed code, tables, constants, padding, or writable data
GAME.EXE	0x80055810	0x44010	0x9	data	direct-bytes	player_sound_refs	SoundRef[3]	game_semantic_player_stats.tsv	packed weapon-attack, death, and level-up sound references
GAME.EXE	0x80055819	0x44019	0x3	unclassified	coverage-gap			payload-complement	may contain missed code, tables, constants, padding, or writable data
GAME.EXE	0x8005581c	0x4401c	0x10	string	reviewed	weapon_image_path_template	char[16]	game_player_data.md	escaped text: WEPON\\WEP00.MIM; complete mutable path including terminating NUL; decimal weapon digits at offsets 9 and 10
GAME.EXE	0x8005582c	0x4402c	0xa	data	direct-bytes	floor_entry_cells	KfFloorEntryCell[5]	game_semantic_player_interactions.tsv;game_player_data.md	one x-then-z cell for floors one through five; player_warp_to_floor_entry deliberately indexes from address two bytes before this one-based table
GAME.EXE	0x80055836	0x44036	0x2	unclassified	coverage-gap			payload-complement	alignment bytes between the floor-entry table and the next mutable path
GAME.EXE	0x80055838	0x44038	0xe	string	reviewed	enemy_info_image_path_template	char[14]	game_player_data.md	escaped text: ENE0\\EI00.TIM; complete mutable path including terminating NUL; floor and actor definition ID digits are rewritten before display
GAME.EXE	0x80055846	0x44046	0x2	unclassified	coverage-gap			payload-complement	zero bytes between the complete actor-info and person-info paths; allocation ownership unresolved
GAME.EXE	0x80055848	0x44048	0xf	string	reviewed	person_image_path_template	char[15]	game_player_data.md	escaped text: PRSN\\PER00.TIM; complete mutable path including terminating NUL; map-event kind digits are rewritten before display
GAME.EXE	0x80055857	0x44057	0x1	unclassified	coverage-gap			payload-complement	zero byte between the complete person-info path and the following matrix; allocation ownership unresolved
GAME.EXE	0x80055858	0x44058	0x20	defined	reviewed	DAT_80055858	MATRIX	manual:game_semantic_player_update	color matrix blended toward color_matrix_table[0] while status effect 1 fades
GAME.EXE	0x80055878	0x44078	0x40	defined	reviewed	DAT_80055878	SVECTOR[8]	manual:game_semantic_player_update	view_rotation_offset table indexed by player_state.update_state
GAME.EXE	0x800558b8	0x440b8	0x238	defined	reviewed	map_cell_attribute_height_table	s16[284]	manual:game_semantic_player_interactions	per-attribute height offsets indexed by map_cell_attribute_grid values; extent is the remaining span and stays WIP
GAME.EXE	0x80055af0	0x442f0	0xc	defined	reviewed	map_resource_path	char[12]	manual:game_semantic_map_resources	mutable B0\\ path; floor digit is byte one and a filename of at most nine bytes including NUL begins at byte three
GAME.EXE	0x80055afc	0x442fc	0x95	unclassified	coverage-gap			payload-complement	may contain missed code, tables, constants, padding, or writable data
GAME.EXE	0x80055b91	0x44391	0x4	string	byte-pattern		ascii	investigation:string-census	escaped text: 0//4
GAME.EXE	0x80055b95	0x44395	0x13	unclassified	coverage-gap			payload-complement	may contain missed code, tables, constants, padding, or writable data
GAME.EXE	0x80055ba8	0x443a8	0x4	string	byte-pattern		ascii	investigation:string-census	escaped text: 0`//
GAME.EXE	0x80055bac	0x443ac	0x8	unclassified	coverage-gap			payload-complement	may contain missed code, tables, constants, padding, or writable data
GAME.EXE	0x80055bb4	0x443b4	0x4	string	byte-pattern		ascii	investigation:string-census	escaped text: `0//
GAME.EXE	0x80055bb8	0x443b8	0x8	unclassified	coverage-gap			payload-complement	may contain missed code, tables, constants, padding, or writable data
GAME.EXE	0x80055bc0	0x443c0	0x4	string	byte-pattern		ascii	investigation:string-census	escaped text: 00//
GAME.EXE	0x80055bc4	0x443c4	0x8	unclassified	coverage-gap			payload-complement	may contain missed code, tables, constants, padding, or writable data
GAME.EXE	0x80055bcc	0x443cc	0x4	string	byte-pattern		ascii	investigation:string-census	escaped text: ``//
GAME.EXE	0x80055bd0	0x443d0	0x8c	unclassified	coverage-gap			payload-complement	may contain missed code, tables, constants, padding, or writable data
GAME.EXE	0x80055c5c	0x4445c	0xc4	data	reviewed	hud_sprites	KfHudSprite[14]	manual:game_semantic_hud_sprites	thirteen initialized HUD gauge/status sprite rows followed by a 0xff sentinel row; consumed by render_hud_gauges and updated by render_frame
GAME.EXE	0x80055d20	0x44520	0x54	data	reviewed	notification_sprites	KfNotificationSprite[6]	manual:game_semantic_notification_sprites	six initialized 14-byte notification sprite descriptors consumed by notify_effect_update and render_frame
GAME.EXE	0x80055d74	0x44574	0x38	data	reviewed	effect_sprites	KfEffectSprite[2]	manual:game_semantic_effect_sprites	one initialized live sprite followed by a zeroed 0xff terminator record; 28-byte runtime stride proven by render_effect_sprites
GAME.EXE	0x80055dac	0x445ac	0x2	defined	ghidra-defined		undefined2	Ghidra-12.0.4/ghidra_psx_ldr-2026.07.08	machine-assisted WIP datum
GAME.EXE	0x80055dae	0x445ae	0x2	defined	ghidra-defined		undefined2	Ghidra-12.0.4/ghidra_psx_ldr-2026.07.08	machine-assisted WIP datum
GAME.EXE	0x80055db0	0x445b0	0x4	unclassified	coverage-gap			payload-complement	may contain missed code, tables, constants, padding, or writable data
GAME.EXE	0x80055db4	0x445b4	0x2	defined	ghidra-defined		undefined2	Ghidra-12.0.4/ghidra_psx_ldr-2026.07.08	machine-assisted WIP datum
GAME.EXE	0x80055db6	0x445b6	0x2	defined	ghidra-defined		undefined2	Ghidra-12.0.4/ghidra_psx_ldr-2026.07.08	machine-assisted WIP datum
GAME.EXE	0x80055db8	0x445b8	0x4	unclassified	coverage-gap			payload-complement	may contain missed code, tables, constants, padding, or writable data
GAME.EXE	0x80055dbc	0x445bc	0xe0	defined	reviewed	color_matrix_table	MATRIX[7]	manual:game_semantic_player_death	seven 32-byte colour matrices indexed by base plus 32/128 from player_death fades
GAME.EXE	0x80055e9c	0x4469c	0x2	defined	ghidra-defined		undefined2	Ghidra-12.0.4/ghidra_psx_ldr-2026.07.08	machine-assisted WIP datum
GAME.EXE	0x80055e9e	0x4469e	0x1	defined	ghidra-defined		undefined1	Ghidra-12.0.4/ghidra_psx_ldr-2026.07.08	machine-assisted WIP datum
GAME.EXE	0x80055e9f	0x4469f	0x1	unclassified	coverage-gap			payload-complement	may contain missed code, tables, constants, padding, or writable data
GAME.EXE	0x80055ea0	0x446a0	0x2	defined	ghidra-defined		undefined2	Ghidra-12.0.4/ghidra_psx_ldr-2026.07.08	machine-assisted WIP datum
GAME.EXE	0x80055ea2	0x446a2	0x2	defined	ghidra-defined		undefined2	Ghidra-12.0.4/ghidra_psx_ldr-2026.07.08	machine-assisted WIP datum
GAME.EXE	0x80055ea4	0x446a4	0x1	defined	ghidra-defined		undefined1	Ghidra-12.0.4/ghidra_psx_ldr-2026.07.08	machine-assisted WIP datum
GAME.EXE	0x80055ea5	0x446a5	0x1	defined	ghidra-defined		undefined1	Ghidra-12.0.4/ghidra_psx_ldr-2026.07.08	machine-assisted WIP datum
GAME.EXE	0x80055ea6	0x446a6	0x1	defined	ghidra-defined		undefined1	Ghidra-12.0.4/ghidra_psx_ldr-2026.07.08	machine-assisted WIP datum
GAME.EXE	0x80055ea7	0x446a7	0xc1	unclassified	coverage-gap			payload-complement	may contain missed code, tables, constants, padding, or writable data
GAME.EXE	0x80055f68	0x44768	0xc0	data	direct-references	render_light_matrices	MATRIX[6]	asm;SetLightMatrix-references;32-byte-stride	six GTE light matrices fed to SetLightMatrix, one per render subsystem
GAME.EXE	0x80056028	0x44828	0xc	unclassified	coverage-gap			payload-complement	may contain missed code, tables, constants, padding, or writable data
GAME.EXE	0x80056034	0x44834	0x19	string	byte-pattern	save_main_file_path	ascii	investigation:string-census	escaped text: bu00:BISLPS-00017KF\x20\x20\x20\x20\x20\x20
GAME.EXE	0x8005604d	0x4484d	0x3	unclassified	coverage-gap			payload-complement	may contain missed code, tables, constants, padding, or writable data
GAME.EXE	0x80056050	0x44850	0x19	string	byte-pattern	save_temporary_file_path	ascii	investigation:string-census	escaped text: bu00:BISLPS-00017KFTMP\x20\x20\x20
GAME.EXE	0x80056069	0x44869	0x3	unclassified	coverage-gap			payload-complement	may contain missed code, tables, constants, padding, or writable data
GAME.EXE	0x8005606c	0x4486c	0x13	string	byte-pattern	talk_image_path_template	ascii	investigation:string-census;game_semantic_screen_talk.tsv	mutable path template patched by talk_show_indexed_image: TALK\\C00\\T00000.TIM
GAME.EXE	0x8005607f	0x4487f	0x1	unclassified	coverage-gap			payload-complement	alignment byte before actor action profiles
GAME.EXE	0x80056080	0x44880	0xfa	data	direct-references	actor_action_profiles	KfActorActionProfile[25]	game_semantic_actor_ai.tsv;game_semantic_actor_actions.tsv	25 ten-byte distance/weight profiles; the former 26th record was a false overlap with packed sound references
GAME.EXE	0x8005617a	0x4497a	0x2	unclassified	coverage-gap			payload-complement	padding between actor action profiles and boss-death sound references
GAME.EXE	0x8005617c	0x4497c	0xc	data	direct-references	boss_death_phase_sounds	SoundRef[4]	game_semantic_actor_actions.tsv;game_semantic_audio_spatial.tsv	four packed program/tone/note references; the death handler directly uses entries one through three
GAME.EXE	0x80056188	0x44988	0x3	data	direct-references	gameplay_sound_ref_0	SoundRef[13]	game_semantic_map_runtime.tsv;game_semantic_audio_spatial.tsv	one SoundRef; retail forms each address independently, so the entries are separate objects
GAME.EXE	0x8005618b	0x4498b	0x3	data	direct-references	gameplay_sound_ref_1	SoundRef[13]	game_semantic_map_runtime.tsv;game_semantic_audio_spatial.tsv	one SoundRef; retail forms each address independently, so the entries are separate objects
GAME.EXE	0x8005618e	0x4498e	0x3	data	direct-references	gameplay_sound_ref_2	SoundRef[13]	game_semantic_map_runtime.tsv;game_semantic_audio_spatial.tsv	one SoundRef; retail forms each address independently, so the entries are separate objects
GAME.EXE	0x80056191	0x44991	0x3	data	direct-references	gameplay_sound_ref_3	SoundRef[13]	game_semantic_map_runtime.tsv;game_semantic_audio_spatial.tsv	one SoundRef; retail forms each address independently, so the entries are separate objects
GAME.EXE	0x80056194	0x44994	0x3	data	direct-references	gameplay_sound_ref_4	SoundRef[13]	game_semantic_map_runtime.tsv;game_semantic_audio_spatial.tsv	one SoundRef; retail forms each address independently, so the entries are separate objects
GAME.EXE	0x80056197	0x44997	0x3	data	direct-references	gameplay_sound_ref_5	SoundRef[13]	game_semantic_map_runtime.tsv;game_semantic_audio_spatial.tsv	one SoundRef; retail forms each address independently, so the entries are separate objects
GAME.EXE	0x8005619a	0x4499a	0x3	data	direct-references	gameplay_sound_ref_6	SoundRef[13]	game_semantic_map_runtime.tsv;game_semantic_audio_spatial.tsv	one SoundRef; retail forms each address independently, so the entries are separate objects
GAME.EXE	0x8005619d	0x4499d	0x3	data	direct-references	gameplay_sound_ref_7	SoundRef[13]	game_semantic_map_runtime.tsv;game_semantic_audio_spatial.tsv	one SoundRef; retail forms each address independently, so the entries are separate objects
GAME.EXE	0x800561a0	0x449a0	0x3	data	direct-references	gameplay_sound_ref_8	SoundRef[13]	game_semantic_map_runtime.tsv;game_semantic_audio_spatial.tsv	one SoundRef; retail forms each address independently, so the entries are separate objects
GAME.EXE	0x800561a3	0x449a3	0x3	data	direct-references	gameplay_sound_ref_9	SoundRef[13]	game_semantic_map_runtime.tsv;game_semantic_audio_spatial.tsv	one SoundRef; retail forms each address independently, so the entries are separate objects
GAME.EXE	0x800561a6	0x449a6	0x3	data	direct-references	gameplay_sound_ref_10	SoundRef[13]	game_semantic_map_runtime.tsv;game_semantic_audio_spatial.tsv	one SoundRef; retail forms each address independently, so the entries are separate objects
GAME.EXE	0x800561a9	0x449a9	0x3	data	direct-references	gameplay_sound_ref_11	SoundRef[13]	game_semantic_map_runtime.tsv;game_semantic_audio_spatial.tsv	one SoundRef; retail forms each address independently, so the entries are separate objects
GAME.EXE	0x800561ac	0x449ac	0x3	data	direct-references	gameplay_sound_ref_12	SoundRef[13]	game_semantic_map_runtime.tsv;game_semantic_audio_spatial.tsv	one SoundRef; retail forms each address independently, so the entries are separate objects
GAME.EXE	0x800561af	0x449af	0x1	unclassified	coverage-gap			payload-complement	padding before map_copy_regions
GAME.EXE	0x800561b0	0x449b0	0x18	data	direct-references	map_copy_regions	KfMapCopyRegion[4]	game_semantic_map_objects.tsv	four six-byte source/destination rectangle descriptors; former short strings were false byte patterns inside the table
GAME.EXE	0x800561c8	0x449c8	0x70	unclassified	coverage-gap			payload-complement	may contain missed code, tables, constants, padding, or writable data
GAME.EXE	0x80056238	0x44a38	0xf	string	byte-pattern		ascii	investigation:string-census	escaped text: KAN\\B0\\K000.TIM
GAME.EXE	0x80056247	0x44a47	0xc5	unclassified	coverage-gap			payload-complement	may contain missed code, tables, constants, padding, or writable data
GAME.EXE	0x8005630c	0x44b0c	0x4	pointer	ghidra-defined		undefined *	Ghidra-12.0.4/ghidra_psx_ldr-2026.07.08	machine-assisted WIP datum
GAME.EXE	0x80056310	0x44b10	0x4	pointer	ghidra-defined		undefined *	Ghidra-12.0.4/ghidra_psx_ldr-2026.07.08	machine-assisted WIP datum
GAME.EXE	0x80056314	0x44b14	0x4	pointer	ghidra-defined		undefined *	Ghidra-12.0.4/ghidra_psx_ldr-2026.07.08	machine-assisted WIP datum
GAME.EXE	0x80056318	0x44b18	0x4	pointer	ghidra-defined		undefined *	Ghidra-12.0.4/ghidra_psx_ldr-2026.07.08	machine-assisted WIP datum
GAME.EXE	0x8005631c	0x44b1c	0x4	pointer	ghidra-defined		undefined *	Ghidra-12.0.4/ghidra_psx_ldr-2026.07.08	machine-assisted WIP datum
GAME.EXE	0x80056320	0x44b20	0x4	pointer	ghidra-defined		undefined *	Ghidra-12.0.4/ghidra_psx_ldr-2026.07.08	machine-assisted WIP datum
GAME.EXE	0x80056324	0x44b24	0x4	pointer	ghidra-defined		undefined *	Ghidra-12.0.4/ghidra_psx_ldr-2026.07.08	machine-assisted WIP datum
GAME.EXE	0x80056328	0x44b28	0x4	pointer	ghidra-defined		undefined *	Ghidra-12.0.4/ghidra_psx_ldr-2026.07.08	machine-assisted WIP datum
GAME.EXE	0x8005632c	0x44b2c	0x4	pointer	ghidra-defined		undefined *	Ghidra-12.0.4/ghidra_psx_ldr-2026.07.08	machine-assisted WIP datum
GAME.EXE	0x80056330	0x44b30	0x4	pointer	ghidra-defined		undefined *	Ghidra-12.0.4/ghidra_psx_ldr-2026.07.08	machine-assisted WIP datum
GAME.EXE	0x80056334	0x44b34	0x4	pointer	ghidra-defined		undefined *	Ghidra-12.0.4/ghidra_psx_ldr-2026.07.08	machine-assisted WIP datum
GAME.EXE	0x80056338	0x44b38	0x4	pointer	ghidra-defined		undefined *	Ghidra-12.0.4/ghidra_psx_ldr-2026.07.08	machine-assisted WIP datum
GAME.EXE	0x8005633c	0x44b3c	0x4	pointer	ghidra-defined		undefined *	Ghidra-12.0.4/ghidra_psx_ldr-2026.07.08	machine-assisted WIP datum
GAME.EXE	0x80056340	0x44b40	0x4	pointer	ghidra-defined		undefined *	Ghidra-12.0.4/ghidra_psx_ldr-2026.07.08	machine-assisted WIP datum
GAME.EXE	0x80056344	0x44b44	0x4	pointer	ghidra-defined		undefined *	Ghidra-12.0.4/ghidra_psx_ldr-2026.07.08	machine-assisted WIP datum
GAME.EXE	0x80056348	0x44b48	0x4	pointer	ghidra-defined		undefined *	Ghidra-12.0.4/ghidra_psx_ldr-2026.07.08	machine-assisted WIP datum
GAME.EXE	0x8005634c	0x44b4c	0x4	pointer	ghidra-defined		undefined *	Ghidra-12.0.4/ghidra_psx_ldr-2026.07.08	machine-assisted WIP datum
GAME.EXE	0x80056350	0x44b50	0x4	pointer	ghidra-defined		undefined *	Ghidra-12.0.4/ghidra_psx_ldr-2026.07.08	machine-assisted WIP datum
GAME.EXE	0x80056354	0x44b54	0x4	pointer	ghidra-defined		undefined *	Ghidra-12.0.4/ghidra_psx_ldr-2026.07.08	machine-assisted WIP datum
GAME.EXE	0x80056358	0x44b58	0x4	pointer	ghidra-defined		undefined *	Ghidra-12.0.4/ghidra_psx_ldr-2026.07.08	machine-assisted WIP datum
GAME.EXE	0x8005635c	0x44b5c	0x4	pointer	ghidra-defined		undefined *	Ghidra-12.0.4/ghidra_psx_ldr-2026.07.08	machine-assisted WIP datum
GAME.EXE	0x80056360	0x44b60	0x4	pointer	ghidra-defined		undefined *	Ghidra-12.0.4/ghidra_psx_ldr-2026.07.08	machine-assisted WIP datum
GAME.EXE	0x80056364	0x44b64	0x4	pointer	ghidra-defined		undefined *	Ghidra-12.0.4/ghidra_psx_ldr-2026.07.08	machine-assisted WIP datum
GAME.EXE	0x80056368	0x44b68	0x4	pointer	ghidra-defined		undefined *	Ghidra-12.0.4/ghidra_psx_ldr-2026.07.08	machine-assisted WIP datum
GAME.EXE	0x8005636c	0x44b6c	0x4	pointer	ghidra-defined		undefined *	Ghidra-12.0.4/ghidra_psx_ldr-2026.07.08	machine-assisted WIP datum
GAME.EXE	0x80056370	0x44b70	0x4	pointer	ghidra-defined		undefined *	Ghidra-12.0.4/ghidra_psx_ldr-2026.07.08	machine-assisted WIP datum
GAME.EXE	0x80056374	0x44b74	0x4	pointer	ghidra-defined		undefined *	Ghidra-12.0.4/ghidra_psx_ldr-2026.07.08	machine-assisted WIP datum
GAME.EXE	0x80056378	0x44b78	0x4	pointer	ghidra-defined		undefined *	Ghidra-12.0.4/ghidra_psx_ldr-2026.07.08	machine-assisted WIP datum
GAME.EXE	0x8005637c	0x44b7c	0x4	pointer	ghidra-defined		undefined *	Ghidra-12.0.4/ghidra_psx_ldr-2026.07.08	machine-assisted WIP datum
GAME.EXE	0x80056380	0x44b80	0x4	pointer	ghidra-defined		pointer	Ghidra-12.0.4/ghidra_psx_ldr-2026.07.08	machine-assisted WIP datum
GAME.EXE	0x80056384	0x44b84	0x4	pointer	ghidra-defined		undefined *	Ghidra-12.0.4/ghidra_psx_ldr-2026.07.08	machine-assisted WIP datum
GAME.EXE	0x80056388	0x44b88	0x4	pointer	ghidra-defined		undefined *	Ghidra-12.0.4/ghidra_psx_ldr-2026.07.08	machine-assisted WIP datum
GAME.EXE	0x8005638c	0x44b8c	0x4	pointer	ghidra-defined		undefined *	Ghidra-12.0.4/ghidra_psx_ldr-2026.07.08	machine-assisted WIP datum
GAME.EXE	0x80056390	0x44b90	0x4	pointer	ghidra-defined		pointer	Ghidra-12.0.4/ghidra_psx_ldr-2026.07.08	machine-assisted WIP datum
GAME.EXE	0x80056394	0x44b94	0x4	pointer	ghidra-defined		undefined *	Ghidra-12.0.4/ghidra_psx_ldr-2026.07.08	machine-assisted WIP datum
GAME.EXE	0x80056398	0x44b98	0x4	pointer	ghidra-defined		undefined *	Ghidra-12.0.4/ghidra_psx_ldr-2026.07.08	machine-assisted WIP datum
GAME.EXE	0x8005639c	0x44b9c	0x4	pointer	ghidra-defined		undefined *	Ghidra-12.0.4/ghidra_psx_ldr-2026.07.08	machine-assisted WIP datum
GAME.EXE	0x800563a0	0x44ba0	0x180	unclassified	coverage-gap			payload-complement	may contain missed code, tables, constants, padding, or writable data
GAME.EXE	0x80056520	0x44d20	0x2	defined	ghidra-defined		undefined2	Ghidra-12.0.4/ghidra_psx_ldr-2026.07.08	machine-assisted WIP datum
GAME.EXE	0x80056522	0x44d22	0x2	defined	ghidra-defined		undefined2	Ghidra-12.0.4/ghidra_psx_ldr-2026.07.08	machine-assisted WIP datum
GAME.EXE	0x80056524	0x44d24	0xc	unclassified	coverage-gap			payload-complement	may contain missed code, tables, constants, padding, or writable data
GAME.EXE	0x80056530	0x44d30	0x2	defined	ghidra-defined		undefined2	Ghidra-12.0.4/ghidra_psx_ldr-2026.07.08	machine-assisted WIP datum
GAME.EXE	0x80056532	0x44d32	0x2	defined	ghidra-defined		undefined2	Ghidra-12.0.4/ghidra_psx_ldr-2026.07.08	machine-assisted WIP datum
GAME.EXE	0x80056534	0x44d34	0x2c	unclassified	coverage-gap			payload-complement	may contain missed code, tables, constants, padding, or writable data
GAME.EXE	0x80056560	0x44d60	0x4	defined	ghidra-defined		undefined4	Ghidra-12.0.4/ghidra_psx_ldr-2026.07.08	machine-assisted WIP datum
GAME.EXE	0x80056564	0x44d64	0x478	unclassified	coverage-gap			payload-complement	may contain missed code, tables, constants, padding, or writable data
GAME.EXE	0x800569dc	0x451dc	0x4	defined	ghidra-defined		undefined4	Ghidra-12.0.4/ghidra_psx_ldr-2026.07.08	machine-assisted WIP datum
GAME.EXE	0x800569e0	0x451e0	0x4	defined	ghidra-defined		undefined4	Ghidra-12.0.4/ghidra_psx_ldr-2026.07.08	machine-assisted WIP datum
GAME.EXE	0x800569e4	0x451e4	0x60	unclassified	coverage-gap			payload-complement	may contain missed code, tables, constants, padding, or writable data
GAME.EXE	0x80056a44	0x45244	0x4	defined	ghidra-defined		undefined4	Ghidra-12.0.4/ghidra_psx_ldr-2026.07.08	machine-assisted WIP datum
GAME.EXE	0x80056a48	0x45248	0x4	unclassified	coverage-gap			payload-complement	may contain missed code, tables, constants, padding, or writable data
GAME.EXE	0x80056a4c	0x4524c	0x4	defined	ghidra-defined		undefined4	Ghidra-12.0.4/ghidra_psx_ldr-2026.07.08	machine-assisted WIP datum
GAME.EXE	0x80056a50	0x45250	0x4	defined	ghidra-defined		undefined4	Ghidra-12.0.4/ghidra_psx_ldr-2026.07.08	machine-assisted WIP datum
GAME.EXE	0x80056a54	0x45254	0x26b	unclassified	coverage-gap			payload-complement	may contain missed code, tables, constants, padding, or writable data
GAME.EXE	0x80056cbf	0x454bf	0x1f	string	byte-pattern		ascii	investigation:string-census	escaped text: \t|\tv\to\ti\tb\t\\\tU\tO\tI\tC\t<\t6\t0\t*\t$\t
GAME.EXE	0x80056cde	0x454de	0x82	unclassified	coverage-gap			payload-complement	padding or unclassified SDK data before LIBGTE MTX state
GAME.EXE	0x80056d60	0x45560	0x4	data	cross-overlay-sdk-lineage	libgte_mtx_saved_ra	u32	config/evidence/overlay_lineage.tsv	LIBGTE MTX private error-path return-address save
GAME.EXE	0x80056d64	0x45564	0x8	unclassified	coverage-gap			payload-complement	padding between LIBGTE MTX private objects
GAME.EXE	0x80056d6c	0x4556c	0x4	data	cross-overlay-sdk-lineage	libgte_mtx_stack_offset	s32	config/evidence/overlay_lineage.tsv	byte offset into the 20-entry matrix stack
GAME.EXE	0x80056d70	0x45570	0x280	data	cross-overlay-sdk-lineage	libgte_mtx_stack	MATRIX[20]	config/evidence/overlay_lineage.tsv	20 entries of 0x20 bytes, bounded by PushMatrix's 0x280 check and following error string
GAME.EXE	0x80056ff0	0x457f0	0x2f	string	byte-pattern		ascii	investigation:string-census	escaped text: Error: Can't push matrix,stack(max 20) is full!
GAME.EXE	0x8005701f	0x4581f	0x2	unclassified	coverage-gap			payload-complement	may contain missed code, tables, constants, padding, or writable data
GAME.EXE	0x80057021	0x45821	0x27	string	byte-pattern		ascii	investigation:string-census	escaped text: Error: Can't pop matrix,stack is empty!
GAME.EXE	0x80057048	0x45848	0x2	unclassified	coverage-gap			payload-complement	may contain missed code, tables, constants, padding, or writable data
GAME.EXE	0x8005704a	0x4584a	0x21	string	byte-pattern		ascii	investigation:string-census	escaped text: This function is not implemented.
GAME.EXE	0x8005706b	0x4586b	0x5	unclassified	coverage-gap			payload-complement	may contain missed code, tables, constants, padding, or writable data
GAME.EXE	0x80057070	0x45870	0x800	array	reviewed	rsin_tbl	s16[1024]	manual:psyq_rsin_table	Sony LIBGTE.LIB/GEO.OBJ .data+0; complete 1024-entry quarter-wave table; SDK XDEF and exact payload; signed halfword consumers
GAME.EXE	0x80057870	0x46070	0x6b	string	byte-pattern		ascii	investigation:string-census	escaped text: $Id: intr.c,v 1.29 1994/10/14 01:04:07 suzu Exp $ : \tCopyright (C) by 1994 Sony Computer Entertainment Inc.
GAME.EXE	0x800578db	0x460db	0x1	unclassified	coverage-gap			payload-complement	may contain missed code, tables, constants, padding, or writable data
GAME.EXE	0x800578dc	0x460dc	0x30	string	byte-pattern		ascii	investigation:string-census	escaped text: $Id: pad.c,v 1.17 1994/10/14 01:04:10 suzu Exp $
GAME.EXE	0x8005790c	0x4610c	0x4	unclassified	coverage-gap			payload-complement	may contain missed code, tables, constants, padding, or writable data
GAME.EXE	0x80057910	0x46110	0x35	string	byte-pattern		ascii	investigation:string-census	escaped text: $Id: sys.c,v 1.89 1994/10/17 06:25:57 suzu Exp suzu $
GAME.EXE	0x80057945	0x46145	0x3	unclassified	coverage-gap			payload-complement	may contain missed code, tables, constants, padding, or writable data
GAME.EXE	0x80057948	0x46148	0x4	pointer	ghidra-defined		pointer	Ghidra-12.0.4/ghidra_psx_ldr-2026.07.08	machine-assisted WIP datum
GAME.EXE	0x8005794c	0x4614c	0x4	pointer	ghidra-defined		pointer	Ghidra-12.0.4/ghidra_psx_ldr-2026.07.08	machine-assisted WIP datum
GAME.EXE	0x80057950	0x46150	0x4	pointer	ghidra-defined		pointer	Ghidra-12.0.4/ghidra_psx_ldr-2026.07.08	machine-assisted WIP datum
GAME.EXE	0x80057954	0x46154	0x4	pointer	ghidra-defined		undefined *	Ghidra-12.0.4/ghidra_psx_ldr-2026.07.08	machine-assisted WIP datum
GAME.EXE	0x80057958	0x46158	0x4	pointer	ghidra-defined		pointer	Ghidra-12.0.4/ghidra_psx_ldr-2026.07.08	machine-assisted WIP datum
GAME.EXE	0x8005795c	0x4615c	0x4	pointer	ghidra-defined		pointer	Ghidra-12.0.4/ghidra_psx_ldr-2026.07.08	machine-assisted WIP datum
GAME.EXE	0x80057960	0x46160	0x4	pointer	ghidra-defined		pointer	Ghidra-12.0.4/ghidra_psx_ldr-2026.07.08	machine-assisted WIP datum
GAME.EXE	0x80057964	0x46164	0x4	pointer	ghidra-defined		undefined *	Ghidra-12.0.4/ghidra_psx_ldr-2026.07.08	machine-assisted WIP datum
GAME.EXE	0x80057968	0x46168	0x4	pointer	ghidra-defined		pointer	Ghidra-12.0.4/ghidra_psx_ldr-2026.07.08	machine-assisted WIP datum
GAME.EXE	0x8005796c	0x4616c	0x4	pointer	ghidra-defined		pointer	Ghidra-12.0.4/ghidra_psx_ldr-2026.07.08	machine-assisted WIP datum
GAME.EXE	0x80057970	0x46170	0x4	pointer	ghidra-defined		pointer	Ghidra-12.0.4/ghidra_psx_ldr-2026.07.08	machine-assisted WIP datum
GAME.EXE	0x80057974	0x46174	0x4	pointer	ghidra-defined		pointer	Ghidra-12.0.4/ghidra_psx_ldr-2026.07.08	machine-assisted WIP datum
GAME.EXE	0x80057978	0x46178	0x4	pointer	ghidra-defined		undefined *	Ghidra-12.0.4/ghidra_psx_ldr-2026.07.08	machine-assisted WIP datum
GAME.EXE	0x8005797c	0x4617c	0x4	pointer	ghidra-defined		pointer	Ghidra-12.0.4/ghidra_psx_ldr-2026.07.08	machine-assisted WIP datum
GAME.EXE	0x80057980	0x46180	0x4	pointer	ghidra-defined		undefined *	Ghidra-12.0.4/ghidra_psx_ldr-2026.07.08	machine-assisted WIP datum
GAME.EXE	0x80057984	0x46184	0x4	pointer	ghidra-defined		pointer	Ghidra-12.0.4/ghidra_psx_ldr-2026.07.08	machine-assisted WIP datum
GAME.EXE	0x80057988	0x46188	0x30	string	byte-pattern		ascii	investigation:string-census	escaped text: $Id: tmd.c,v 1.16 1994/10/15 11:32:14 suzu Exp $
GAME.EXE	0x800579b8	0x461b8	0x4	unclassified	coverage-gap			payload-complement	may contain missed code, tables, constants, padding, or writable data
GAME.EXE	0x800579bc	0x461bc	0x31	string	byte-pattern		ascii	investigation:string-census	escaped text: $Id: prim.c,v 1.14 1994/10/15 06:26:38 suzu Exp $
GAME.EXE	0x800579ed	0x461ed	0x3	unclassified	coverage-gap			payload-complement	may contain missed code, tables, constants, padding, or writable data
GAME.EXE	0x800579f0	0x461f0	0x2f	string	byte-pattern		ascii	investigation:string-census	escaped text: $Id: ext.c,v 1.5 1994/10/04 06:40:39 suzu Exp $
GAME.EXE	0x80057a1f	0x4621f	0x1	unclassified	coverage-gap			payload-complement	may contain missed code, tables, constants, padding, or writable data
GAME.EXE	0x80057a20	0x46220	0x30	string	byte-pattern		ascii	investigation:string-census	escaped text: $Id: otag.c,v 1.3 1994/10/15 08:34:13 suzu Exp $
GAME.EXE	0x80057a50	0x46250	0x4	unclassified	coverage-gap			payload-complement	may contain missed code, tables, constants, padding, or writable data
GAME.EXE	0x80057a54	0x46254	0x4	pointer	ghidra-defined		undefined *	Ghidra-12.0.4/ghidra_psx_ldr-2026.07.08	machine-assisted WIP datum
GAME.EXE	0x80057a58	0x46258	0x4	pointer	ghidra-defined		undefined *	Ghidra-12.0.4/ghidra_psx_ldr-2026.07.08	machine-assisted WIP datum
GAME.EXE	0x80057a5c	0x4625c	0x4	pointer	ghidra-defined		undefined *	Ghidra-12.0.4/ghidra_psx_ldr-2026.07.08	machine-assisted WIP datum
GAME.EXE	0x80057a60	0x46260	0x4	pointer	ghidra-defined		undefined *	Ghidra-12.0.4/ghidra_psx_ldr-2026.07.08	machine-assisted WIP datum
GAME.EXE	0x80057a64	0x46264	0x4	pointer	ghidra-defined		undefined *	Ghidra-12.0.4/ghidra_psx_ldr-2026.07.08	machine-assisted WIP datum
GAME.EXE	0x80057a68	0x46268	0x4	pointer	ghidra-defined		undefined *	Ghidra-12.0.4/ghidra_psx_ldr-2026.07.08	machine-assisted WIP datum
GAME.EXE	0x80057a6c	0x4626c	0x4	pointer	ghidra-defined		undefined *	Ghidra-12.0.4/ghidra_psx_ldr-2026.07.08	machine-assisted WIP datum
GAME.EXE	0x80057a70	0x46270	0x4	pointer	ghidra-defined		undefined *	Ghidra-12.0.4/ghidra_psx_ldr-2026.07.08	machine-assisted WIP datum
GAME.EXE	0x80057a74	0x46274	0x4	pointer	ghidra-defined		undefined *	Ghidra-12.0.4/ghidra_psx_ldr-2026.07.08	machine-assisted WIP datum
GAME.EXE	0x80057a78	0x46278	0x4	pointer	ghidra-defined		undefined *	Ghidra-12.0.4/ghidra_psx_ldr-2026.07.08	machine-assisted WIP datum
GAME.EXE	0x80057a7c	0x4627c	0x4	pointer	ghidra-defined		undefined *	Ghidra-12.0.4/ghidra_psx_ldr-2026.07.08	machine-assisted WIP datum
GAME.EXE	0x80057a80	0x46280	0x4	pointer	ghidra-defined		undefined *	Ghidra-12.0.4/ghidra_psx_ldr-2026.07.08	machine-assisted WIP datum
GAME.EXE	0x80057a84	0x46284	0x4	pointer	ghidra-defined		undefined *	Ghidra-12.0.4/ghidra_psx_ldr-2026.07.08	machine-assisted WIP datum
GAME.EXE	0x80057a88	0x46288	0x4	pointer	ghidra-defined		undefined *	Ghidra-12.0.4/ghidra_psx_ldr-2026.07.08	machine-assisted WIP datum
GAME.EXE	0x80057a8c	0x4628c	0x4	pointer	ghidra-defined		undefined *	Ghidra-12.0.4/ghidra_psx_ldr-2026.07.08	machine-assisted WIP datum
GAME.EXE	0x80057a90	0x46290	0x4	pointer	ghidra-defined		undefined *	Ghidra-12.0.4/ghidra_psx_ldr-2026.07.08	machine-assisted WIP datum
GAME.EXE	0x80057a94	0x46294	0x4	pointer	ghidra-defined		undefined *	Ghidra-12.0.4/ghidra_psx_ldr-2026.07.08	machine-assisted WIP datum
GAME.EXE	0x80057a98	0x46298	0x4	pointer	ghidra-defined		undefined *	Ghidra-12.0.4/ghidra_psx_ldr-2026.07.08	machine-assisted WIP datum
GAME.EXE	0x80057a9c	0x4629c	0x4	pointer	ghidra-defined		undefined *	Ghidra-12.0.4/ghidra_psx_ldr-2026.07.08	machine-assisted WIP datum
GAME.EXE	0x80057aa0	0x462a0	0x4	pointer	ghidra-defined		undefined *	Ghidra-12.0.4/ghidra_psx_ldr-2026.07.08	machine-assisted WIP datum
GAME.EXE	0x80057aa4	0x462a4	0x4	pointer	ghidra-defined		undefined *	Ghidra-12.0.4/ghidra_psx_ldr-2026.07.08	machine-assisted WIP datum
GAME.EXE	0x80057aa8	0x462a8	0x4	pointer	ghidra-defined		undefined *	Ghidra-12.0.4/ghidra_psx_ldr-2026.07.08	machine-assisted WIP datum
GAME.EXE	0x80057aac	0x462ac	0x4	pointer	ghidra-defined		undefined *	Ghidra-12.0.4/ghidra_psx_ldr-2026.07.08	machine-assisted WIP datum
GAME.EXE	0x80057ab0	0x462b0	0x4	pointer	ghidra-defined		undefined *	Ghidra-12.0.4/ghidra_psx_ldr-2026.07.08	machine-assisted WIP datum
GAME.EXE	0x80057ab4	0x462b4	0x18	unclassified	coverage-gap			payload-complement	may contain missed code, tables, constants, padding, or writable data
GAME.EXE	0x80057acc	0x462cc	0x4	defined	ghidra-defined		undefined4	Ghidra-12.0.4/ghidra_psx_ldr-2026.07.08	machine-assisted WIP datum
GAME.EXE	0x80057ad0	0x462d0	0x4	defined	ghidra-defined		undefined4	Ghidra-12.0.4/ghidra_psx_ldr-2026.07.08	machine-assisted WIP datum
GAME.EXE	0x80057ad4	0x462d4	0x4	defined	ghidra-defined		undefined4	Ghidra-12.0.4/ghidra_psx_ldr-2026.07.08	machine-assisted WIP datum
GAME.EXE	0x80057ad8	0x462d8	0x32	string	byte-pattern		ascii	investigation:string-census	escaped text: $Id: vsync.c,v 1.11 1994/10/15 12:31:01 suzu Exp $
GAME.EXE	0x80057b0a	0x4630a	0x2	unclassified	coverage-gap			payload-complement	may contain missed code, tables, constants, padding, or writable data
GAME.EXE	0x80057b0c	0x4630c	0x4	defined	ghidra-defined		undefined4	Ghidra-12.0.4/ghidra_psx_ldr-2026.07.08	machine-assisted WIP datum
GAME.EXE	0x80057b10	0x46310	0x4	defined	ghidra-defined		undefined4	Ghidra-12.0.4/ghidra_psx_ldr-2026.07.08	machine-assisted WIP datum
GAME.EXE	0x80057b14	0x46314	0x8	defined	ghidra-defined		undefined4	Ghidra-12.0.4/ghidra_psx_ldr-2026.07.08	machine-assisted WIP datum
GAME.EXE	0x80057b1c	0x4631c	0x8	defined	ghidra-defined		undefined4	Ghidra-12.0.4/ghidra_psx_ldr-2026.07.08	machine-assisted WIP datum
GAME.EXE	0x80057b24	0x46324	0x4	defined	ghidra-defined		undefined4	Ghidra-12.0.4/ghidra_psx_ldr-2026.07.08	machine-assisted WIP datum
GAME.EXE	0x80057b28	0x46328	0x7	string	byte-pattern		ascii	investigation:string-census	escaped text: B0\\L0.
GAME.EXE	0x80057b2f	0x4632f	0x1	unclassified	coverage-gap			payload-complement	may contain missed code, tables, constants, padding, or writable data
GAME.EXE	0x80057b30	0x46330	0x4	defined	reviewed	player_previous_input	u32	manual:game_semantic_player_update	zero-initialized previous frame input bits held exclusively by player_update for edge detection
GAME.EXE	0x80057b34	0x46334	0x8	unclassified	coverage-gap			payload-complement	may contain missed code, tables, constants, padding, or writable data
GAME.EXE	0x80057b3c	0x4633c	0x5	string	byte-pattern		ascii	investigation:string-census	escaped text: \\KF\\
GAME.EXE	0x80057b41	0x46341	0x3	unclassified	coverage-gap			payload-complement	may contain missed code, tables, constants, padding, or writable data
GAME.EXE	0x80057b44	0x46344	0x3	string	byte-pattern		ascii	manual:cd_file	escaped text: ;1 (CD file version suffix appended by cd_file_load_allocated)
GAME.EXE	0x80057b47	0x46347	0x1	unclassified	coverage-gap			payload-complement	may contain missed code, tables, constants, padding, or writable data
GAME.EXE	0x80057b48	0x46348	0x8	string	byte-pattern		ascii	investigation:string-census	escaped text: MIX.TIM
GAME.EXE	0x80057b50	0x46350	0x7	string	byte-pattern		ascii	investigation:string-census	escaped text: \\E0.;1
GAME.EXE	0x80057b57	0x46357	0x1	unclassified	coverage-gap			payload-complement	may contain missed code, tables, constants, padding, or writable data
GAME.EXE	0x80057b58	0x46358	0x4	data	reviewed	tmd_textured_primitive_color	CVECTOR	manual:game_render_enqueuers	initialized neutral-grey color; retail stores each emitted textured packet code in the cd field at +3 before lighting
GAME.EXE	0x80057b5c	0x4635c	0x4	data	reviewed	model_textured_primitive_color	CVECTOR	manual:game_render_enqueuers	initialized neutral-grey color; retail stores each emitted model packet code in the cd field at +3 before lighting
GAME.EXE	0x80057b60	0x46360	0x4	data	reviewed	map_textured_primitive_color	CVECTOR	manual:game_render_enqueuers	third consecutive neutral-grey color; its cd byte at +3 carries the current map primitive code into NormalColorCol
GAME.EXE	0x80057b64	0x46364	0x8	data	reviewed	render_sprite_light_normal	SVECTOR	manual:game_render_enqueuers	initialized {0, 0, 0x1000, 0} light normal passed by the following sprite enqueuer to NormalColorDpq
GAME.EXE	0x80057b6c	0x4636c	0x4	defined	ghidra-defined		undefined4	Ghidra-12.0.4/ghidra_psx_ldr-2026.07.08	machine-assisted WIP datum
GAME.EXE	0x80057b70	0x46370	0x2	unclassified	coverage-gap			payload-complement	may contain missed code, tables, constants, padding, or writable data
GAME.EXE	0x80057b72	0x46372	0x2	defined	ghidra-defined		undefined2	Ghidra-12.0.4/ghidra_psx_ldr-2026.07.08	machine-assisted WIP datum
GAME.EXE	0x80057b74	0x46374	0x4	unclassified	coverage-gap			payload-complement	may contain missed code, tables, constants, padding, or writable data
GAME.EXE	0x80057b78	0x46378	0x5	string	byte-pattern	memory_card_root_path	ascii	investigation:string-census	escaped text: bu00:
GAME.EXE	0x80057b7d	0x4637d	0x3	unclassified	coverage-gap			payload-complement	unclassified bytes before boss-death loop sound
GAME.EXE	0x80057b80	0x46380	0x3	data	direct-references	boss_death_loop_sound	SoundRef	game_semantic_actor_actions.tsv;game_semantic_audio_spatial.tsv	program/tone/note reference played periodically during the boss death sequence
GAME.EXE	0x80057b83	0x46383	0x1	unclassified	coverage-gap			payload-complement	padding after boss-death loop sound
GAME.EXE	0x80057b84	0x46384	0x4	defined	direct-references	audio_voice_slot_index	s32	game_semantic_audio_spatial.tsv	loaded ring index initialized to nine and advanced modulo ten before each managed sound-effect voice
GAME.EXE	0x80057b88	0x46388	0x10	data	direct-references	effect_projectile_velocities	SVECTOR[2]	asm;effect_update_dispatch;retail-bytes	two initialized vertical-velocity vectors used by effect kinds 15 and 16
GAME.EXE	0x80057b98	0x46398	0x4	defined	direct-references	debug_stop_flag	s32	asm;debug_stop	debug-stop toggle flag read and inverted by debug_stop
GAME.EXE	0x80057b9c	0x4639c	0x4	string	byte-pattern		ascii	investigation:string-census	escaped text: none
GAME.EXE	0x80057ba0	0x463a0	0x4	unclassified	coverage-gap			payload-complement	may contain missed code, tables, constants, padding, or writable data
GAME.EXE	0x80057ba4	0x463a4	0x4	defined	ghidra-defined		undefined4	Ghidra-12.0.4/ghidra_psx_ldr-2026.07.08	machine-assisted WIP datum
GAME.EXE	0x80057ba8	0x463a8	0x7	string	byte-pattern		ascii	investigation:string-census	escaped text: CdlInit
GAME.EXE	0x80057baf	0x463af	0x1	unclassified	coverage-gap			payload-complement	may contain missed code, tables, constants, padding, or writable data
GAME.EXE	0x80057bb0	0x463b0	0x5	string	byte-pattern		ascii	investigation:string-census	escaped text: CdlId
GAME.EXE	0x80057bb5	0x463b5	0x3	unclassified	coverage-gap			payload-complement	may contain missed code, tables, constants, padding, or writable data
GAME.EXE	0x80057bb8	0x463b8	0x7	string	byte-pattern		ascii	investigation:string-census	escaped text: CdlTest
GAME.EXE	0x80057bbf	0x463bf	0x1	unclassified	coverage-gap			payload-complement	may contain missed code, tables, constants, padding, or writable data
GAME.EXE	0x80057bc0	0x463c0	0x7	string	byte-pattern		ascii	investigation:string-census	escaped text: CdlMute
GAME.EXE	0x80057bc7	0x463c7	0x1	unclassified	coverage-gap			payload-complement	may contain missed code, tables, constants, padding, or writable data
GAME.EXE	0x80057bc8	0x463c8	0x7	string	byte-pattern		ascii	investigation:string-census	escaped text: CdlStop
GAME.EXE	0x80057bcf	0x463cf	0x1	unclassified	coverage-gap			payload-complement	may contain missed code, tables, constants, padding, or writable data
GAME.EXE	0x80057bd0	0x463d0	0x7	string	byte-pattern		ascii	investigation:string-census	escaped text: CdlPlay
GAME.EXE	0x80057bd7	0x463d7	0x1	unclassified	coverage-gap			payload-complement	may contain missed code, tables, constants, padding, or writable data
GAME.EXE	0x80057bd8	0x463d8	0x6	string	byte-pattern		ascii	investigation:string-census	escaped text: CdlNop
GAME.EXE	0x80057bde	0x463de	0x2	unclassified	coverage-gap			payload-complement	may contain missed code, tables, constants, padding, or writable data
GAME.EXE	0x80057be0	0x463e0	0x7	string	byte-pattern		ascii	investigation:string-census	escaped text: CdlSync
GAME.EXE	0x80057be7	0x463e7	0x1	unclassified	coverage-gap			payload-complement	may contain missed code, tables, constants, padding, or writable data
GAME.EXE	0x80057be8	0x463e8	0x6	string	byte-pattern		ascii	investigation:string-census	escaped text: Unkown
GAME.EXE	0x80057bee	0x463ee	0x2	unclassified	coverage-gap			payload-complement	may contain missed code, tables, constants, padding, or writable data
GAME.EXE	0x80057bf0	0x463f0	0x7	string	byte-pattern		ascii	investigation:string-census	escaped text: DataEnd
GAME.EXE	0x80057bf7	0x463f7	0x1	unclassified	coverage-gap			payload-complement	may contain missed code, tables, constants, padding, or writable data
GAME.EXE	0x80057bf8	0x463f8	0x6	string	byte-pattern		ascii	investigation:string-census	escaped text: NoIntr
GAME.EXE	0x80057bfe	0x463fe	0x1	unclassified	coverage-gap			payload-complement	may contain missed code, tables, constants, padding, or writable data
GAME.EXE	0x80057bff	0x463ff	0x1	defined	ghidra-defined		undefined1	Ghidra-12.0.4/ghidra_psx_ldr-2026.07.08	machine-assisted WIP datum
GAME.EXE	0x80057c00	0x46400	0x4	defined	ghidra-defined		undefined4	Ghidra-12.0.4/ghidra_psx_ldr-2026.07.08	machine-assisted WIP datum
GAME.EXE	0x80057c04	0x46404	0x4	defined	ghidra-defined		undefined4	Ghidra-12.0.4/ghidra_psx_ldr-2026.07.08	machine-assisted WIP datum
GAME.EXE	0x80057c08	0x46408	0x4	pointer	ghidra-defined		pointer	Ghidra-12.0.4/ghidra_psx_ldr-2026.07.08	machine-assisted WIP datum
GAME.EXE	0x80057c0c	0x4640c	0x4	pointer	ghidra-defined		pointer	Ghidra-12.0.4/ghidra_psx_ldr-2026.07.08	machine-assisted WIP datum
GAME.EXE	0x80057c10	0x46410	0x4	pointer	ghidra-defined		pointer	Ghidra-12.0.4/ghidra_psx_ldr-2026.07.08	machine-assisted WIP datum
GAME.EXE	0x80057c14	0x46414	0x4	pointer	ghidra-defined		pointer	Ghidra-12.0.4/ghidra_psx_ldr-2026.07.08	machine-assisted WIP datum
GAME.EXE	0x80057c18	0x46418	0x4	pointer	ghidra-defined		pointer	Ghidra-12.0.4/ghidra_psx_ldr-2026.07.08	machine-assisted WIP datum
GAME.EXE	0x80057c1c	0x4641c	0x6	string	byte-pattern		ascii	investigation:string-census	escaped text: %s: %d
GAME.EXE	0x80057c22	0x46422	0x2	unclassified	coverage-gap			payload-complement	may contain missed code, tables, constants, padding, or writable data
GAME.EXE	0x80057c24	0x46424	0x5	string	byte-pattern		ascii	investigation:string-census	escaped text: %s...
GAME.EXE	0x80057c29	0x46429	0x3	unclassified	coverage-gap			payload-complement	may contain missed code, tables, constants, padding, or writable data
GAME.EXE	0x80057c2c	0x4642c	0x4	pointer	ghidra-defined		pointer	Ghidra-12.0.4/ghidra_psx_ldr-2026.07.08	machine-assisted WIP datum
GAME.EXE	0x80057c30	0x46430	0x4	pointer	ghidra-defined		pointer	Ghidra-12.0.4/ghidra_psx_ldr-2026.07.08	machine-assisted WIP datum
GAME.EXE	0x80057c34	0x46434	0x4	pointer	ghidra-defined		pointer	Ghidra-12.0.4/ghidra_psx_ldr-2026.07.08	machine-assisted WIP datum
GAME.EXE	0x80057c38	0x46438	0x4	pointer	ghidra-defined		pointer	Ghidra-12.0.4/ghidra_psx_ldr-2026.07.08	machine-assisted WIP datum
GAME.EXE	0x80057c3c	0x4643c	0x4	pointer	ghidra-defined		pointer	Ghidra-12.0.4/ghidra_psx_ldr-2026.07.08	machine-assisted WIP datum
GAME.EXE	0x80057c40	0x46440	0x4	pointer	ghidra-defined		pointer	Ghidra-12.0.4/ghidra_psx_ldr-2026.07.08	machine-assisted WIP datum
GAME.EXE	0x80057c44	0x46444	0x4	defined	ghidra-defined		undefined4	Ghidra-12.0.4/ghidra_psx_ldr-2026.07.08	machine-assisted WIP datum
GAME.EXE	0x80057c48	0x46448	0x5	string	byte-pattern		ascii	investigation:string-census	escaped text: CD001
GAME.EXE	0x80057c4d	0x4644d	0x3	unclassified	coverage-gap			payload-complement	may contain missed code, tables, constants, padding, or writable data
GAME.EXE	0x80057c50	0x46450	0x4	pointer	ghidra-defined		undefined *	Ghidra-12.0.4/ghidra_psx_ldr-2026.07.08	machine-assisted WIP datum
GAME.EXE	0x80057c54	0x46454	0x4	pointer	ghidra-defined		undefined *	Ghidra-12.0.4/ghidra_psx_ldr-2026.07.08	machine-assisted WIP datum
GAME.EXE	0x80057c58	0x46458	0x4	pointer	ghidra-defined		undefined *	Ghidra-12.0.4/ghidra_psx_ldr-2026.07.08	machine-assisted WIP datum
GAME.EXE	0x80057c5c	0x4645c	0x4	pointer	ghidra-defined		undefined *	Ghidra-12.0.4/ghidra_psx_ldr-2026.07.08	machine-assisted WIP datum
GAME.EXE	0x80057c60	0x46460	0x4	pointer	ghidra-defined		undefined *	Ghidra-12.0.4/ghidra_psx_ldr-2026.07.08	machine-assisted WIP datum
GAME.EXE	0x80057c64	0x46464	0x4	pointer	ghidra-defined		undefined *	Ghidra-12.0.4/ghidra_psx_ldr-2026.07.08	machine-assisted WIP datum
GAME.EXE	0x80057c68	0x46468	0x4	pointer	ghidra-defined		undefined *	Ghidra-12.0.4/ghidra_psx_ldr-2026.07.08	machine-assisted WIP datum
GAME.EXE	0x80057c6c	0x4646c	0x4	pointer	ghidra-defined		undefined *	Ghidra-12.0.4/ghidra_psx_ldr-2026.07.08	machine-assisted WIP datum
GAME.EXE	0x80057c70	0x46470	0x4	pointer	ghidra-defined		undefined *	Ghidra-12.0.4/ghidra_psx_ldr-2026.07.08	machine-assisted WIP datum
GAME.EXE	0x80057c74	0x46474	0x4	pointer	ghidra-defined		undefined *	Ghidra-12.0.4/ghidra_psx_ldr-2026.07.08	machine-assisted WIP datum
GAME.EXE	0x80057c78	0x46478	0x4	pointer	ghidra-defined		undefined *	Ghidra-12.0.4/ghidra_psx_ldr-2026.07.08	machine-assisted WIP datum
GAME.EXE	0x80057c7c	0x4647c	0x4	pointer	ghidra-defined		undefined *	Ghidra-12.0.4/ghidra_psx_ldr-2026.07.08	machine-assisted WIP datum
GAME.EXE	0x80057c80	0x46480	0x4	pointer	ghidra-defined		undefined *	Ghidra-12.0.4/ghidra_psx_ldr-2026.07.08	machine-assisted WIP datum
GAME.EXE	0x80057c84	0x46484	0x4	pointer	ghidra-defined		undefined *	Ghidra-12.0.4/ghidra_psx_ldr-2026.07.08	machine-assisted WIP datum
GAME.EXE	0x80057c88	0x46488	0x4	pointer	ghidra-defined		undefined *	Ghidra-12.0.4/ghidra_psx_ldr-2026.07.08	machine-assisted WIP datum
GAME.EXE	0x80057c8c	0x4648c	0x4	pointer	ghidra-defined		undefined *	Ghidra-12.0.4/ghidra_psx_ldr-2026.07.08	machine-assisted WIP datum
GAME.EXE	0x80057c90	0x46490	0x4	unclassified	coverage-gap			payload-complement	may contain missed code, tables, constants, padding, or writable data
GAME.EXE	0x80057c94	0x46494	0x4	pointer	ghidra-defined		undefined *	Ghidra-12.0.4/ghidra_psx_ldr-2026.07.08	machine-assisted WIP datum
GAME.EXE	0x80057c98	0x46498	0x4	pointer	ghidra-defined		undefined *	Ghidra-12.0.4/ghidra_psx_ldr-2026.07.08	machine-assisted WIP datum
GAME.EXE	0x80057c9c	0x4649c	0x20	unclassified	coverage-gap			payload-complement	may contain missed code, tables, constants, padding, or writable data
GAME.EXE	0x80057cbc	0x464bc	0x4	defined	ghidra-defined		undefined4	Ghidra-12.0.4/ghidra_psx_ldr-2026.07.08	machine-assisted WIP datum
GAME.EXE	0x80057cc0	0x464c0	0x4	string	byte-pattern		ascii	investigation:string-census	escaped text: spu0
GAME.EXE	0x80057cc4	0x464c4	0x4	unclassified	coverage-gap			payload-complement	may contain missed code, tables, constants, padding, or writable data
GAME.EXE	0x80057cc8	0x464c8	0x4	pointer	ghidra-defined		pointer	Ghidra-12.0.4/ghidra_psx_ldr-2026.07.08	machine-assisted WIP datum
GAME.EXE	0x80057ccc	0x464cc	0x4	pointer	ghidra-defined		pointer	Ghidra-12.0.4/ghidra_psx_ldr-2026.07.08	machine-assisted WIP datum
GAME.EXE	0x80057cd0	0x464d0	0x4	pointer	ghidra-defined		pointer	Ghidra-12.0.4/ghidra_psx_ldr-2026.07.08	machine-assisted WIP datum
GAME.EXE	0x80057cd4	0x464d4	0x4	pointer	ghidra-defined		pointer	Ghidra-12.0.4/ghidra_psx_ldr-2026.07.08	machine-assisted WIP datum
GAME.EXE	0x80057cd8	0x464d8	0x4	pointer	ghidra-defined		pointer	Ghidra-12.0.4/ghidra_psx_ldr-2026.07.08	machine-assisted WIP datum
GAME.EXE	0x80057cdc	0x464dc	0x4	pointer	ghidra-defined		pointer	Ghidra-12.0.4/ghidra_psx_ldr-2026.07.08	machine-assisted WIP datum
GAME.EXE	0x80057ce0	0x464e0	0x4	pointer	ghidra-defined		pointer	Ghidra-12.0.4/ghidra_psx_ldr-2026.07.08	machine-assisted WIP datum
GAME.EXE	0x80057ce4	0x464e4	0x4	pointer	ghidra-defined		pointer	Ghidra-12.0.4/ghidra_psx_ldr-2026.07.08	machine-assisted WIP datum
GAME.EXE	0x80057ce8	0x464e8	0x4	pointer	ghidra-defined		pointer	Ghidra-12.0.4/ghidra_psx_ldr-2026.07.08	machine-assisted WIP datum
GAME.EXE	0x80057cec	0x464ec	0x4	defined	ghidra-defined		undefined4	Ghidra-12.0.4/ghidra_psx_ldr-2026.07.08	machine-assisted WIP datum
GAME.EXE	0x80057cf0	0x464f0	0x4	defined	ghidra-defined		undefined4	Ghidra-12.0.4/ghidra_psx_ldr-2026.07.08	machine-assisted WIP datum
GAME.EXE	0x80057cf4	0x464f4	0x2	defined	ghidra-defined		undefined2	Ghidra-12.0.4/ghidra_psx_ldr-2026.07.08	machine-assisted WIP datum
GAME.EXE	0x80057cf6	0x464f6	0x2	unclassified	coverage-gap			payload-complement	may contain missed code, tables, constants, padding, or writable data
GAME.EXE	0x80057cf8	0x464f8	0x4	pointer	ghidra-defined		pointer	Ghidra-12.0.4/ghidra_psx_ldr-2026.07.08	machine-assisted WIP datum
GAME.EXE	0x80057cfc	0x464fc	0x2	defined	ghidra-defined		undefined2	Ghidra-12.0.4/ghidra_psx_ldr-2026.07.08	machine-assisted WIP datum
GAME.EXE	0x80057cfe	0x464fe	0x2	defined	ghidra-defined		undefined2	Ghidra-12.0.4/ghidra_psx_ldr-2026.07.08	machine-assisted WIP datum
GAME.EXE	0x80057d00	0x46500	0x8	unclassified	coverage-gap			payload-complement	may contain missed code, tables, constants, padding, or writable data
GAME.EXE	0x80057d08	0x46508	0x4	defined	ghidra-defined		undefined4	Ghidra-12.0.4/ghidra_psx_ldr-2026.07.08	machine-assisted WIP datum
GAME.EXE	0x80057d0c	0x4650c	0x4	defined	ghidra-defined		undefined4	Ghidra-12.0.4/ghidra_psx_ldr-2026.07.08	machine-assisted WIP datum
GAME.EXE	0x80057d10	0x46510	0x4	pointer	ghidra-defined		pointer	Ghidra-12.0.4/ghidra_psx_ldr-2026.07.08	machine-assisted WIP datum
GAME.EXE	0x80057d14	0x46514	0x4	pointer	ghidra-defined		pointer	Ghidra-12.0.4/ghidra_psx_ldr-2026.07.08	machine-assisted WIP datum
GAME.EXE	0x80057d18	0x46518	0x4	pointer	ghidra-defined		undefined *	Ghidra-12.0.4/ghidra_psx_ldr-2026.07.08	machine-assisted WIP datum
GAME.EXE	0x80057d1c	0x4651c	0x4	pointer	ghidra-defined		pointer	Ghidra-12.0.4/ghidra_psx_ldr-2026.07.08	machine-assisted WIP datum
GAME.EXE	0x80057d20	0x46520	0x4	unclassified	coverage-gap			payload-complement	may contain missed code, tables, constants, padding, or writable data
GAME.EXE	0x80057d24	0x46524	0x4	defined	ghidra-defined		undefined4	Ghidra-12.0.4/ghidra_psx_ldr-2026.07.08	machine-assisted WIP datum
GAME.EXE	0x80057d28	0x46528	0x4	pointer	ghidra-defined		pointer	Ghidra-12.0.4/ghidra_psx_ldr-2026.07.08	machine-assisted WIP datum
GAME.EXE	0x80057d2c	0x4652c	0x4	pointer	ghidra-defined		pointer	Ghidra-12.0.4/ghidra_psx_ldr-2026.07.08	machine-assisted WIP datum
GAME.EXE	0x80057d30	0x46530	0x4	defined	ghidra-defined		undefined4	Ghidra-12.0.4/ghidra_psx_ldr-2026.07.08	machine-assisted WIP datum
GAME.EXE	0x80057d34	0x46534	0x4	defined	ghidra-defined		undefined4	Ghidra-12.0.4/ghidra_psx_ldr-2026.07.08	machine-assisted WIP datum
GAME.EXE	0x80057d38	0x46538	0x4	defined	ghidra-defined		undefined4	Ghidra-12.0.4/ghidra_psx_ldr-2026.07.08	machine-assisted WIP datum
GAME.EXE	0x80057d3c	0x4653c	0x4	defined	ghidra-defined		undefined4	Ghidra-12.0.4/ghidra_psx_ldr-2026.07.08	machine-assisted WIP datum
GAME.EXE	0x80057d40	0x46540	0x4	unclassified	coverage-gap			payload-complement	may contain missed code, tables, constants, padding, or writable data
GAME.EXE	0x80057d44	0x46544	0x4	defined	ghidra-defined		undefined4	Ghidra-12.0.4/ghidra_psx_ldr-2026.07.08	machine-assisted WIP datum
GAME.EXE	0x80057d48	0x46548	0x4	defined	ghidra-defined		undefined4	Ghidra-12.0.4/ghidra_psx_ldr-2026.07.08	machine-assisted WIP datum
GAME.EXE	0x80057d4c	0x4654c	0x4	pointer	ghidra-defined		pointer	Ghidra-12.0.4/ghidra_psx_ldr-2026.07.08	machine-assisted WIP datum
GAME.EXE	0x80057d50	0x46550	0x4	pointer	ghidra-defined		pointer	Ghidra-12.0.4/ghidra_psx_ldr-2026.07.08	machine-assisted WIP datum
GAME.EXE	0x80057d54	0x46554	0x4	pointer	ghidra-defined		pointer	Ghidra-12.0.4/ghidra_psx_ldr-2026.07.08	machine-assisted WIP datum
GAME.EXE	0x80057d58	0x46558	0x4	pointer	ghidra-defined		pointer	Ghidra-12.0.4/ghidra_psx_ldr-2026.07.08	machine-assisted WIP datum
GAME.EXE	0x80057d5c	0x4655c	0x4	pointer	ghidra-defined		pointer	Ghidra-12.0.4/ghidra_psx_ldr-2026.07.08	machine-assisted WIP datum
GAME.EXE	0x80057d60	0x46560	0x4	pointer	ghidra-defined		pointer	Ghidra-12.0.4/ghidra_psx_ldr-2026.07.08	machine-assisted WIP datum
GAME.EXE	0x80057d64	0x46564	0x4	pointer	ghidra-defined		pointer	Ghidra-12.0.4/ghidra_psx_ldr-2026.07.08	machine-assisted WIP datum
GAME.EXE	0x80057d68	0x46568	0x4	pointer	ghidra-defined		pointer	Ghidra-12.0.4/ghidra_psx_ldr-2026.07.08	machine-assisted WIP datum
GAME.EXE	0x80057d6c	0x4656c	0x4	pointer	ghidra-defined		pointer	Ghidra-12.0.4/ghidra_psx_ldr-2026.07.08	machine-assisted WIP datum
GAME.EXE	0x80057d70	0x46570	0x4	defined	ghidra-defined		undefined4	Ghidra-12.0.4/ghidra_psx_ldr-2026.07.08	machine-assisted WIP datum
GAME.EXE	0x80057d74	0x46574	0x4	defined	ghidra-defined		undefined4	Ghidra-12.0.4/ghidra_psx_ldr-2026.07.08	machine-assisted WIP datum
GAME.EXE	0x80057d78	0x46578	0x4	string	byte-pattern		ascii	investigation:string-census	escaped text: F3L\x20
GAME.EXE	0x80057d7c	0x4657c	0x4	unclassified	coverage-gap			payload-complement	may contain missed code, tables, constants, padding, or writable data
GAME.EXE	0x80057d80	0x46580	0x4	string	byte-pattern		ascii	investigation:string-census	escaped text: G3L\x20
GAME.EXE	0x80057d84	0x46584	0x4	unclassified	coverage-gap			payload-complement	may contain missed code, tables, constants, padding, or writable data
GAME.EXE	0x80057d88	0x46588	0x5	string	byte-pattern		ascii	investigation:string-census	escaped text: FT3L\x20
GAME.EXE	0x80057d8d	0x4658d	0x3	unclassified	coverage-gap			payload-complement	may contain missed code, tables, constants, padding, or writable data
GAME.EXE	0x80057d90	0x46590	0x5	string	byte-pattern		ascii	investigation:string-census	escaped text: GT3L\x20
GAME.EXE	0x80057d95	0x46595	0xb	unclassified	coverage-gap			payload-complement	may contain missed code, tables, constants, padding, or writable data
GAME.EXE	0x80057da0	0x465a0	0x4	string	byte-pattern		ascii	investigation:string-census	escaped text: FT3\x20
GAME.EXE	0x80057da4	0x465a4	0x4	unclassified	coverage-gap			payload-complement	may contain missed code, tables, constants, padding, or writable data
GAME.EXE	0x80057da8	0x465a8	0x4	string	byte-pattern		ascii	investigation:string-census	escaped text: GT3\x20
GAME.EXE	0x80057dac	0x465ac	0x4	unclassified	coverage-gap			payload-complement	may contain missed code, tables, constants, padding, or writable data
GAME.EXE	0x80057db0	0x465b0	0x4	string	byte-pattern		ascii	investigation:string-census	escaped text: F4L\x20
GAME.EXE	0x80057db4	0x465b4	0x4	unclassified	coverage-gap			payload-complement	may contain missed code, tables, constants, padding, or writable data
GAME.EXE	0x80057db8	0x465b8	0x4	string	byte-pattern		ascii	investigation:string-census	escaped text: G4L\x20
GAME.EXE	0x80057dbc	0x465bc	0x4	unclassified	coverage-gap			payload-complement	may contain missed code, tables, constants, padding, or writable data
GAME.EXE	0x80057dc0	0x465c0	0x5	string	byte-pattern		ascii	investigation:string-census	escaped text: FT4L\x20
GAME.EXE	0x80057dc5	0x465c5	0x3	unclassified	coverage-gap			payload-complement	may contain missed code, tables, constants, padding, or writable data
GAME.EXE	0x80057dc8	0x465c8	0x5	string	byte-pattern		ascii	investigation:string-census	escaped text: GT4L\x20
GAME.EXE	0x80057dcd	0x465cd	0xb	unclassified	coverage-gap			payload-complement	may contain missed code, tables, constants, padding, or writable data
GAME.EXE	0x80057dd8	0x465d8	0x4	string	byte-pattern		ascii	investigation:string-census	escaped text: FT4\x20
GAME.EXE	0x80057ddc	0x465dc	0x4	unclassified	coverage-gap			payload-complement	may contain missed code, tables, constants, padding, or writable data
GAME.EXE	0x80057de0	0x465e0	0x4	string	byte-pattern		ascii	investigation:string-census	escaped text: GT4\x20
GAME.EXE	0x80057de4	0x465e4	0x50	unclassified	coverage-gap			payload-complement	may contain missed code, tables, constants, padding, or writable data
GAME.EXE	0x80057e34	0x46634	0x4	string	byte-pattern		ascii	investigation:string-census	escaped text: %02X
GAME.EXE	0x80057e38	0x46638	0x5	unclassified	coverage-gap			payload-complement	may contain missed code, tables, constants, padding, or writable data
GAME.EXE	0x80057e3d	0x4663d	0x4	string	byte-pattern		ascii	investigation:string-census	escaped text: %5d:
GAME.EXE	0x80057e41	0x46641	0x13	unclassified	coverage-gap			payload-complement	may contain missed code, tables, constants, padding, or writable data
GAME.EXE	0x80057e54	0x46654	0x4	pointer	ghidra-defined		pointer	Ghidra-12.0.4/ghidra_psx_ldr-2026.07.08	machine-assisted WIP datum
GAME.EXE	0x80057e58	0x46658	0x4	pointer	ghidra-defined		pointer	Ghidra-12.0.4/ghidra_psx_ldr-2026.07.08	machine-assisted WIP datum
GAME.EXE	0x80057e5c	0x4665c	0x4	pointer	ghidra-defined		pointer	Ghidra-12.0.4/ghidra_psx_ldr-2026.07.08	machine-assisted WIP datum
GAME.EXE	0x80057e60	0x46660	0x4	defined	ghidra-defined		undefined4	Ghidra-12.0.4/ghidra_psx_ldr-2026.07.08	machine-assisted WIP datum
GAME.EXE	0x80057e64	0x46664	0x4	defined	ghidra-defined		undefined4	Ghidra-12.0.4/ghidra_psx_ldr-2026.07.08	machine-assisted WIP datum
GAME.EXE	0x80057e68	0x46668	0x4	bss	reviewed	player_movement_velocity_limit	s32	manual:game_semantic_player_update	TU-private write-before-read horizontal velocity limit; apparent load bytes are the CPE header at the source-data tail, not an initializer
GAME.EXE	0x80057e6c	0x4666c	0x4	unclassified	coverage-gap			payload-complement	may contain missed code, tables, constants, padding, or writable data
GAME.EXE	0x80057e70	0x46670	0x4	bss	reviewed	player_turn_step_limit	s32	manual:game_semantic_player_update	TU-private write-before-read yaw-step limit; address lies in the CPE residue/zero-filled tail rather than initialized source data
GAME.EXE	0x80057e74	0x46674	0x4	unclassified	coverage-gap			payload-complement	may contain missed code, tables, constants, padding, or writable data
GAME.EXE	0x80057e78	0x46678	0x4	defined	ghidra-defined		undefined4	Ghidra-12.0.4/ghidra_psx_ldr-2026.07.08	machine-assisted WIP datum
GAME.EXE	0x80057e7c	0x4667c	0x4	unclassified	coverage-gap			payload-complement	may contain missed code, tables, constants, padding, or writable data
GAME.EXE	0x80057e80	0x46680	0x4	bss	reviewed	cd_read_location	CdlLOC	manual:cd_resource_bss	CPE-tail storage shared by CD and error-screen loaders; all three CdlSetloc bytes written before use
GAME.EXE	0x80057e84	0x46684	0x4	unclassified	coverage-gap			payload-complement	may contain missed code, tables, constants, padding, or writable data
GAME.EXE	0x80057e88	0x46688	0x4	defined	reviewed	current_poly_ft4	POLY_FT4 *	manual:game_semantic_menu_frame	zero-initialized current menu textured-quad allocation cursor
GAME.EXE	0x80057e8c	0x4668c	0x4	unclassified	coverage-gap			payload-complement	may contain missed code, tables, constants, padding, or writable data
GAME.EXE	0x80057e90	0x46690	0x4	defined	ghidra-defined		undefined4	Ghidra-12.0.4/ghidra_psx_ldr-2026.07.08	machine-assisted WIP datum
GAME.EXE	0x80057e94	0x46694	0x4	unclassified	coverage-gap			payload-complement	may contain missed code, tables, constants, padding, or writable data
GAME.EXE	0x80057e98	0x46698	0x4	defined	ghidra-defined		undefined4	Ghidra-12.0.4/ghidra_psx_ldr-2026.07.08	machine-assisted WIP datum
GAME.EXE	0x80057e9c	0x4669c	0x4	unclassified	coverage-gap			payload-complement	may contain missed code, tables, constants, padding, or writable data
GAME.EXE	0x80057ea0	0x466a0	0x4	defined	ghidra-defined		undefined4	Ghidra-12.0.4/ghidra_psx_ldr-2026.07.08	machine-assisted WIP datum
GAME.EXE	0x80057ea4	0x466a4	0x4	unclassified	coverage-gap			payload-complement	may contain missed code, tables, constants, padding, or writable data
GAME.EXE	0x80057ea8	0x466a8	0x4	defined	ghidra-defined		undefined4	Ghidra-12.0.4/ghidra_psx_ldr-2026.07.08	machine-assisted WIP datum
GAME.EXE	0x80057eac	0x466ac	0x4	unclassified	coverage-gap			payload-complement	may contain missed code, tables, constants, padding, or writable data
GAME.EXE	0x80057eb0	0x466b0	0x1	defined	ghidra-defined		undefined1	Ghidra-12.0.4/ghidra_psx_ldr-2026.07.08	machine-assisted WIP datum
GAME.EXE	0x80057eb1	0x466b1	0x1	defined	ghidra-defined		undefined1	Ghidra-12.0.4/ghidra_psx_ldr-2026.07.08	machine-assisted WIP datum
GAME.EXE	0x80057eb2	0x466b2	0x1	defined	ghidra-defined		undefined1	Ghidra-12.0.4/ghidra_psx_ldr-2026.07.08	machine-assisted WIP datum
GAME.EXE	0x80057eb3	0x466b3	0x5	unclassified	coverage-gap			payload-complement	may contain missed code, tables, constants, padding, or writable data
GAME.EXE	0x80057eb8	0x466b8	0x1	defined	ghidra-defined		undefined1	Ghidra-12.0.4/ghidra_psx_ldr-2026.07.08	machine-assisted WIP datum
GAME.EXE	0x80057eb9	0x466b9	0x1	defined	ghidra-defined		undefined1	Ghidra-12.0.4/ghidra_psx_ldr-2026.07.08	machine-assisted WIP datum
GAME.EXE	0x80057eba	0x466ba	0x1	defined	ghidra-defined		undefined1	Ghidra-12.0.4/ghidra_psx_ldr-2026.07.08	machine-assisted WIP datum
GAME.EXE	0x80057ebb	0x466bb	0x1	defined	ghidra-defined		undefined1	Ghidra-12.0.4/ghidra_psx_ldr-2026.07.08	machine-assisted WIP datum
GAME.EXE	0x80057ebc	0x466bc	0x1	defined	ghidra-defined		undefined1	Ghidra-12.0.4/ghidra_psx_ldr-2026.07.08	machine-assisted WIP datum
GAME.EXE	0x80057ebd	0x466bd	0x1	defined	ghidra-defined		undefined1	Ghidra-12.0.4/ghidra_psx_ldr-2026.07.08	machine-assisted WIP datum
GAME.EXE	0x80057ebe	0x466be	0x1	unclassified	coverage-gap			payload-complement	may contain missed code, tables, constants, padding, or writable data
GAME.EXE	0x80057ebf	0x466bf	0x1	defined	ghidra-defined		undefined1	Ghidra-12.0.4/ghidra_psx_ldr-2026.07.08	machine-assisted WIP datum
GAME.EXE	0x80057ec0	0x466c0	0x4	defined	ghidra-defined		undefined4	Ghidra-12.0.4/ghidra_psx_ldr-2026.07.08	machine-assisted WIP datum
GAME.EXE	0x80057ec4	0x466c4	0x4	unclassified	coverage-gap			payload-complement	may contain missed code, tables, constants, padding, or writable data
GAME.EXE	0x80057ec8	0x466c8	0x4	defined	ghidra-defined		undefined4	Ghidra-12.0.4/ghidra_psx_ldr-2026.07.08	machine-assisted WIP datum
GAME.EXE	0x80057ecc	0x466cc	0x4	unclassified	coverage-gap			payload-complement	may contain missed code, tables, constants, padding, or writable data
GAME.EXE	0x80057ed0	0x466d0	0x4	defined	ghidra-defined		undefined4	Ghidra-12.0.4/ghidra_psx_ldr-2026.07.08	machine-assisted WIP datum
GAME.EXE	0x80057ed4	0x466d4	0x4	unclassified	coverage-gap			payload-complement	may contain missed code, tables, constants, padding, or writable data
GAME.EXE	0x80057ed8	0x466d8	0x4	defined	ghidra-defined		undefined4	Ghidra-12.0.4/ghidra_psx_ldr-2026.07.08	machine-assisted WIP datum
GAME.EXE	0x80057edc	0x466dc	0x4	unclassified	coverage-gap			payload-complement	may contain missed code, tables, constants, padding, or writable data
GAME.EXE	0x80057ee0	0x466e0	0x4	defined	ghidra-defined		undefined4	Ghidra-12.0.4/ghidra_psx_ldr-2026.07.08	machine-assisted WIP datum
GAME.EXE	0x80057ee4	0x466e4	0x4	unclassified	coverage-gap			payload-complement	may contain missed code, tables, constants, padding, or writable data
GAME.EXE	0x80057ee8	0x466e8	0x4	defined	ghidra-defined		undefined4	Ghidra-12.0.4/ghidra_psx_ldr-2026.07.08	machine-assisted WIP datum
GAME.EXE	0x80057eec	0x466ec	0xc	unclassified	coverage-gap			payload-complement	may contain missed code, tables, constants, padding, or writable data
GAME.EXE	0x80057ef8	0x466f8	0x4	defined	ghidra-defined		undefined4	Ghidra-12.0.4/ghidra_psx_ldr-2026.07.08	machine-assisted WIP datum
GAME.EXE	0x80057efc	0x466fc	0x84	unclassified	coverage-gap			payload-complement	may contain missed code, tables, constants, padding, or writable data
GAME.EXE	0x80057f80	0x46780	0x4	defined	ghidra-defined		undefined4	Ghidra-12.0.4/ghidra_psx_ldr-2026.07.08	machine-assisted WIP datum
GAME.EXE	0x80057f84	0x46784	0x4	unclassified	coverage-gap			payload-complement	may contain missed code, tables, constants, padding, or writable data
GAME.EXE	0x80057f88	0x46788	0x4	defined	ghidra-defined		undefined4	Ghidra-12.0.4/ghidra_psx_ldr-2026.07.08	machine-assisted WIP datum
GAME.EXE	0x80057f8c	0x4678c	0x4	unclassified	coverage-gap			payload-complement	may contain missed code, tables, constants, padding, or writable data
GAME.EXE	0x80057f90	0x46790	0x2	defined	ghidra-defined		undefined2	Ghidra-12.0.4/ghidra_psx_ldr-2026.07.08	machine-assisted WIP datum
GAME.EXE	0x80057f92	0x46792	0x6	unclassified	coverage-gap			payload-complement	may contain missed code, tables, constants, padding, or writable data
GAME.EXE	0x80057f98	0x46798	0x4	defined	ghidra-defined		undefined4	Ghidra-12.0.4/ghidra_psx_ldr-2026.07.08	machine-assisted WIP datum
GAME.EXE	0x80057f9c	0x4679c	0x4	unclassified	coverage-gap			payload-complement	may contain missed code, tables, constants, padding, or writable data
GAME.EXE	0x80057fa0	0x467a0	0x4	defined	ghidra-defined		undefined4	Ghidra-12.0.4/ghidra_psx_ldr-2026.07.08	machine-assisted WIP datum
GAME.EXE	0x80057fa4	0x467a4	0x4	unclassified	coverage-gap			payload-complement	may contain missed code, tables, constants, padding, or writable data
GAME.EXE	0x80057fa8	0x467a8	0x4	defined	ghidra-defined		undefined4	Ghidra-12.0.4/ghidra_psx_ldr-2026.07.08	machine-assisted WIP datum
GAME.EXE	0x80057fac	0x467ac	0x4	unclassified	coverage-gap			payload-complement	may contain missed code, tables, constants, padding, or writable data
GAME.EXE	0x80057fb0	0x467b0	0x4	defined	ghidra-defined		undefined4	Ghidra-12.0.4/ghidra_psx_ldr-2026.07.08	machine-assisted WIP datum
GAME.EXE	0x80057fb4	0x467b4	0x4	unclassified	coverage-gap			payload-complement	may contain missed code, tables, constants, padding, or writable data
GAME.EXE	0x80057fb8	0x467b8	0x4	defined	ghidra-defined		undefined4	Ghidra-12.0.4/ghidra_psx_ldr-2026.07.08	machine-assisted WIP datum
GAME.EXE	0x80057fbc	0x467bc	0x4	unclassified	coverage-gap			payload-complement	may contain missed code, tables, constants, padding, or writable data
GAME.EXE	0x80057fc0	0x467c0	0x4	defined	ghidra-defined		undefined4	Ghidra-12.0.4/ghidra_psx_ldr-2026.07.08	machine-assisted WIP datum
GAME.EXE	0x80057fc4	0x467c4	0xc	unclassified	coverage-gap			payload-complement	may contain missed code, tables, constants, padding, or writable data
GAME.EXE	0x80057fd0	0x467d0	0x4	defined	ghidra-defined		undefined4	Ghidra-12.0.4/ghidra_psx_ldr-2026.07.08	machine-assisted WIP datum
GAME.EXE	0x80057fd4	0x467d4	0x4	unclassified	coverage-gap			payload-complement	may contain missed code, tables, constants, padding, or writable data
GAME.EXE	0x80057fd8	0x467d8	0x4	defined	ghidra-defined		undefined4	Ghidra-12.0.4/ghidra_psx_ldr-2026.07.08	machine-assisted WIP datum
GAME.EXE	0x80057fdc	0x467dc	0x4	unclassified	coverage-gap			payload-complement	may contain missed code, tables, constants, padding, or writable data
GAME.EXE	0x80057fe0	0x467e0	0x1	defined	ghidra-defined		undefined1	Ghidra-12.0.4/ghidra_psx_ldr-2026.07.08	machine-assisted WIP datum
GAME.EXE	0x80057fe1	0x467e1	0x7	unclassified	coverage-gap			payload-complement	may contain missed code, tables, constants, padding, or writable data
GAME.EXE	0x80057fe8	0x467e8	0x2	defined	ghidra-defined		undefined2	Ghidra-12.0.4/ghidra_psx_ldr-2026.07.08	machine-assisted WIP datum
GAME.EXE	0x80057fea	0x467ea	0x6	unclassified	coverage-gap			payload-complement	may contain missed code, tables, constants, padding, or writable data
GAME.EXE	0x80057ff0	0x467f0	0x2	defined	ghidra-defined		undefined2	Ghidra-12.0.4/ghidra_psx_ldr-2026.07.08	machine-assisted WIP datum
GAME.EXE	0x80057ff2	0x467f2	0x6	unclassified	coverage-gap			payload-complement	may contain missed code, tables, constants, padding, or writable data
GAME.EXE	0x80057ff8	0x467f8	0x4	defined	ghidra-defined		undefined4	Ghidra-12.0.4/ghidra_psx_ldr-2026.07.08	machine-assisted WIP datum
GAME.EXE	0x80057ffc	0x467fc	0x4	unclassified	coverage-gap			payload-complement	may contain missed code, tables, constants, padding, or writable data
OPEN.EXE	0x80012000	0x800	0x20	data	reviewed		MATRIX	manual:open_semantic_ending_scroll	compiler-owned local MATRIX initializer in opening_ending_scroll RODATA; no separate source identity
OPEN.EXE	0x80012020	0x820	0x8	string	byte-pattern		ascii	investigation:string-census	escaped text: B0\\MIX0.
OPEN.EXE	0x80012028	0x828	0x4	unclassified	coverage-gap			payload-complement	may contain missed code, tables, constants, padding, or writable data
OPEN.EXE	0x8001202c	0x82c	0x8	string	byte-pattern		ascii	investigation:string-census	escaped text: B0\\MIX3.
OPEN.EXE	0x80012034	0x834	0x4	unclassified	coverage-gap			payload-complement	may contain missed code, tables, constants, padding, or writable data
OPEN.EXE	0x80012038	0x838	0xb	string	byte-pattern		ascii	investigation:string-census	escaped text: Dump Matrix
OPEN.EXE	0x80012043	0x843	0x5	unclassified	coverage-gap			payload-complement	may contain missed code, tables, constants, padding, or writable data
OPEN.EXE	0x80012048	0x848	0x12	string	byte-pattern		ascii	investigation:string-census	escaped text:   [%05d,%05d,%05d]
OPEN.EXE	0x8001205a	0x85a	0x2	unclassified	coverage-gap			payload-complement	may contain missed code, tables, constants, padding, or writable data
OPEN.EXE	0x8001205c	0x85c	0x9	string	byte-pattern		ascii	investigation:string-census	escaped text: B0\\MIXA0.
OPEN.EXE	0x80012065	0x865	0x3	unclassified	coverage-gap			payload-complement	may contain missed code, tables, constants, padding, or writable data
OPEN.EXE	0x80012068	0x868	0x9	string	byte-pattern		ascii	investigation:string-census	escaped text: B0\\OPEN0.
OPEN.EXE	0x80012071	0x871	0x3	unclassified	coverage-gap			payload-complement	may contain missed code, tables, constants, padding, or writable data
OPEN.EXE	0x80012074	0x874	0x9	string	byte-pattern		ascii	investigation:string-census	escaped text: B0\\MIXB0.
OPEN.EXE	0x8001207d	0x87d	0x3	unclassified	coverage-gap			payload-complement	may contain missed code, tables, constants, padding, or writable data
OPEN.EXE	0x80012080	0x880	0x9	string	byte-pattern		ascii	investigation:string-census	escaped text: B0\\MIXA1.
OPEN.EXE	0x80012089	0x889	0x3	unclassified	coverage-gap			payload-complement	may contain missed code, tables, constants, padding, or writable data
OPEN.EXE	0x8001208c	0x88c	0x9	string	byte-pattern		ascii	investigation:string-census	escaped text: B0\\OPEN1.
OPEN.EXE	0x80012095	0x895	0x3	unclassified	coverage-gap			payload-complement	may contain missed code, tables, constants, padding, or writable data
OPEN.EXE	0x80012098	0x898	0x9	string	byte-pattern		ascii	investigation:string-census	escaped text: B0\\OPEN3.
OPEN.EXE	0x800120a1	0x8a1	0x3	unclassified	coverage-gap			payload-complement	may contain missed code, tables, constants, padding, or writable data
OPEN.EXE	0x800120a4	0x8a4	0x8	string	byte-pattern		ascii	investigation:string-census	escaped text: B0\\MIX3.
OPEN.EXE	0x800120ac	0x8ac	0x4	unclassified	coverage-gap			payload-complement	may contain missed code, tables, constants, padding, or writable data
OPEN.EXE	0x800120b0	0x8b0	0x9	string	byte-pattern		ascii	investigation:string-census	escaped text: B0\\MIXA3.
OPEN.EXE	0x800120b9	0x8b9	0x3	unclassified	coverage-gap			payload-complement	may contain missed code, tables, constants, padding, or writable data
OPEN.EXE	0x800120bc	0x8bc	0x9	string	byte-pattern		ascii	investigation:string-census	escaped text: B0\\MIXB3.
OPEN.EXE	0x800120c5	0x8c5	0x3	unclassified	coverage-gap			payload-complement	may contain missed code, tables, constants, padding, or writable data
OPEN.EXE	0x800120c8	0x8c8	0x8	string	byte-pattern		ascii	investigation:string-census	escaped text: B0\\MIX9.
OPEN.EXE	0x800120d0	0x8d0	0x4	unclassified	coverage-gap			payload-complement	may contain missed code, tables, constants, padding, or writable data
OPEN.EXE	0x800120d4	0x8d4	0x9	string	byte-pattern		ascii	investigation:string-census	escaped text: B0\\MIXAE.
OPEN.EXE	0x800120dd	0x8dd	0x3	unclassified	coverage-gap			payload-complement	may contain missed code, tables, constants, padding, or writable data
OPEN.EXE	0x800120e0	0x8e0	0x9	string	byte-pattern		ascii	investigation:string-census	escaped text: B0\\MIXBE.
OPEN.EXE	0x800120e9	0x8e9	0x3	unclassified	coverage-gap			payload-complement	may contain missed code, tables, constants, padding, or writable data
OPEN.EXE	0x800120ec	0x8ec	0x9	string	byte-pattern		ascii	investigation:string-census	escaped text: B0\\MIXAF.
OPEN.EXE	0x800120f5	0x8f5	0x3	unclassified	coverage-gap			payload-complement	may contain missed code, tables, constants, padding, or writable data
OPEN.EXE	0x800120f8	0x8f8	0x9	string	byte-pattern		ascii	investigation:string-census	escaped text: B0\\MIXAG.
OPEN.EXE	0x80012101	0x901	0x3	unclassified	coverage-gap			payload-complement	may contain missed code, tables, constants, padding, or writable data
OPEN.EXE	0x80012104	0x904	0x8	string	byte-pattern		ascii	investigation:string-census	escaped text: B0\\ENDG.
OPEN.EXE	0x8001210c	0x90c	0x4	unclassified	coverage-gap			payload-complement	may contain missed code, tables, constants, padding, or writable data
OPEN.EXE	0x80012110	0x910	0x8	string	byte-pattern		ascii	investigation:string-census	escaped text: B0\\RTBL.
OPEN.EXE	0x80012118	0x918	0x4	unclassified	coverage-gap			payload-complement	may contain missed code, tables, constants, padding, or writable data
OPEN.EXE	0x8001211c	0x91c	0x19	string	reviewed		ascii	manual:open_semantic_render_init	escaped text including newline and terminating NUL: primitive over fllow!!!\n
OPEN.EXE	0x80012135	0x935	0x3	unclassified	coverage-gap			payload-complement	alignment padding after the primitive overflow diagnostic
OPEN.EXE	0x80012138	0x938	0x4	pointer	ghidra-defined		pointer	Ghidra-12.0.4/ghidra_psx_ldr-2026.07.08	machine-assisted WIP datum
OPEN.EXE	0x8001213c	0x93c	0x4	pointer	ghidra-defined		pointer	Ghidra-12.0.4/ghidra_psx_ldr-2026.07.08	machine-assisted WIP datum
OPEN.EXE	0x80012140	0x940	0x4	pointer	ghidra-defined		pointer	Ghidra-12.0.4/ghidra_psx_ldr-2026.07.08	machine-assisted WIP datum
OPEN.EXE	0x80012144	0x944	0x4	pointer	ghidra-defined		pointer	Ghidra-12.0.4/ghidra_psx_ldr-2026.07.08	machine-assisted WIP datum
OPEN.EXE	0x80012148	0x948	0x4	pointer	ghidra-defined		pointer	Ghidra-12.0.4/ghidra_psx_ldr-2026.07.08	machine-assisted WIP datum
OPEN.EXE	0x8001214c	0x94c	0x4	pointer	ghidra-defined		pointer	Ghidra-12.0.4/ghidra_psx_ldr-2026.07.08	machine-assisted WIP datum
OPEN.EXE	0x80012150	0x950	0x4	pointer	ghidra-defined		pointer	Ghidra-12.0.4/ghidra_psx_ldr-2026.07.08	machine-assisted WIP datum
OPEN.EXE	0x80012154	0x954	0x4	pointer	ghidra-defined		pointer	Ghidra-12.0.4/ghidra_psx_ldr-2026.07.08	machine-assisted WIP datum
OPEN.EXE	0x80012158	0x958	0x4	pointer	ghidra-defined		pointer	Ghidra-12.0.4/ghidra_psx_ldr-2026.07.08	machine-assisted WIP datum
OPEN.EXE	0x8001215c	0x95c	0x4	pointer	ghidra-defined		pointer	Ghidra-12.0.4/ghidra_psx_ldr-2026.07.08	machine-assisted WIP datum
OPEN.EXE	0x80012160	0x960	0x4	pointer	ghidra-defined		pointer	Ghidra-12.0.4/ghidra_psx_ldr-2026.07.08	machine-assisted WIP datum
OPEN.EXE	0x80012164	0x964	0x4	pointer	ghidra-defined		pointer	Ghidra-12.0.4/ghidra_psx_ldr-2026.07.08	machine-assisted WIP datum
OPEN.EXE	0x80012168	0x968	0x4	pointer	ghidra-defined		pointer	Ghidra-12.0.4/ghidra_psx_ldr-2026.07.08	machine-assisted WIP datum
OPEN.EXE	0x8001216c	0x96c	0x4	pointer	ghidra-defined		pointer	Ghidra-12.0.4/ghidra_psx_ldr-2026.07.08	machine-assisted WIP datum
OPEN.EXE	0x80012170	0x970	0x4	pointer	ghidra-defined		pointer	Ghidra-12.0.4/ghidra_psx_ldr-2026.07.08	machine-assisted WIP datum
OPEN.EXE	0x80012174	0x974	0x4	pointer	ghidra-defined		pointer	Ghidra-12.0.4/ghidra_psx_ldr-2026.07.08	machine-assisted WIP datum
OPEN.EXE	0x80012178	0x978	0x4	pointer	ghidra-defined		pointer	Ghidra-12.0.4/ghidra_psx_ldr-2026.07.08	machine-assisted WIP datum
OPEN.EXE	0x8001217c	0x97c	0x4	pointer	ghidra-defined		pointer	Ghidra-12.0.4/ghidra_psx_ldr-2026.07.08	machine-assisted WIP datum
OPEN.EXE	0x80012180	0x980	0x4	pointer	ghidra-defined		pointer	Ghidra-12.0.4/ghidra_psx_ldr-2026.07.08	machine-assisted WIP datum
OPEN.EXE	0x80012184	0x984	0x4	pointer	ghidra-defined		pointer	Ghidra-12.0.4/ghidra_psx_ldr-2026.07.08	machine-assisted WIP datum
OPEN.EXE	0x80012188	0x988	0x4	pointer	ghidra-defined		pointer	Ghidra-12.0.4/ghidra_psx_ldr-2026.07.08	machine-assisted WIP datum
OPEN.EXE	0x8001218c	0x98c	0x4	pointer	ghidra-defined		pointer	Ghidra-12.0.4/ghidra_psx_ldr-2026.07.08	machine-assisted WIP datum
OPEN.EXE	0x80012190	0x990	0x4	pointer	ghidra-defined		pointer	Ghidra-12.0.4/ghidra_psx_ldr-2026.07.08	machine-assisted WIP datum
OPEN.EXE	0x80012194	0x994	0x4	pointer	ghidra-defined		pointer	Ghidra-12.0.4/ghidra_psx_ldr-2026.07.08	machine-assisted WIP datum
OPEN.EXE	0x80012198	0x998	0x4	pointer	ghidra-defined		pointer	Ghidra-12.0.4/ghidra_psx_ldr-2026.07.08	machine-assisted WIP datum
OPEN.EXE	0x8001219c	0x99c	0x4	pointer	ghidra-defined		pointer	Ghidra-12.0.4/ghidra_psx_ldr-2026.07.08	machine-assisted WIP datum
OPEN.EXE	0x800121a0	0x9a0	0x4	pointer	ghidra-defined		pointer	Ghidra-12.0.4/ghidra_psx_ldr-2026.07.08	machine-assisted WIP datum
OPEN.EXE	0x800121a4	0x9a4	0x4	pointer	ghidra-defined		pointer	Ghidra-12.0.4/ghidra_psx_ldr-2026.07.08	machine-assisted WIP datum
OPEN.EXE	0x800121a8	0x9a8	0x4	pointer	ghidra-defined		pointer	Ghidra-12.0.4/ghidra_psx_ldr-2026.07.08	machine-assisted WIP datum
OPEN.EXE	0x800121ac	0x9ac	0x13	string	reviewed		ascii	manual:open_semantic_projection	escaped text including newline and terminating NUL: POINT OVER !!!!!!\n
OPEN.EXE	0x800121bf	0x9bf	0x1	unclassified	coverage-gap			payload-complement	alignment padding after the projection-capacity diagnostic
OPEN.EXE	0x800121c0	0x9c0	0x74	data	reviewed		pointer[29]	manual:open_semantic_tmd_enqueue	compiler-owned switch table for modes 0x20..0x3c; twelve cases plus packet-advance default; unit RODATA, no separate source identity
OPEN.EXE	0x80012234	0xa34	0x4	unclassified	coverage-gap			payload-complement	may contain missed code, tables, constants, padding, or writable data
OPEN.EXE	0x80012238	0xa38	0x4	pointer	ghidra-defined		pointer	Ghidra-12.0.4/ghidra_psx_ldr-2026.07.08	machine-assisted WIP datum
OPEN.EXE	0x8001223c	0xa3c	0x4	pointer	ghidra-defined		pointer	Ghidra-12.0.4/ghidra_psx_ldr-2026.07.08	machine-assisted WIP datum
OPEN.EXE	0x80012240	0xa40	0x4	pointer	ghidra-defined		pointer	Ghidra-12.0.4/ghidra_psx_ldr-2026.07.08	machine-assisted WIP datum
OPEN.EXE	0x80012244	0xa44	0x4	pointer	ghidra-defined		pointer	Ghidra-12.0.4/ghidra_psx_ldr-2026.07.08	machine-assisted WIP datum
OPEN.EXE	0x80012248	0xa48	0x4	pointer	ghidra-defined		pointer	Ghidra-12.0.4/ghidra_psx_ldr-2026.07.08	machine-assisted WIP datum
OPEN.EXE	0x8001224c	0xa4c	0x4	pointer	ghidra-defined		pointer	Ghidra-12.0.4/ghidra_psx_ldr-2026.07.08	machine-assisted WIP datum
OPEN.EXE	0x80012250	0xa50	0x4	pointer	ghidra-defined		pointer	Ghidra-12.0.4/ghidra_psx_ldr-2026.07.08	machine-assisted WIP datum
OPEN.EXE	0x80012254	0xa54	0x4	pointer	ghidra-defined		pointer	Ghidra-12.0.4/ghidra_psx_ldr-2026.07.08	machine-assisted WIP datum
OPEN.EXE	0x80012258	0xa58	0x4	pointer	ghidra-defined		pointer	Ghidra-12.0.4/ghidra_psx_ldr-2026.07.08	machine-assisted WIP datum
OPEN.EXE	0x8001225c	0xa5c	0x4	pointer	ghidra-defined		pointer	Ghidra-12.0.4/ghidra_psx_ldr-2026.07.08	machine-assisted WIP datum
OPEN.EXE	0x80012260	0xa60	0x4	pointer	ghidra-defined		pointer	Ghidra-12.0.4/ghidra_psx_ldr-2026.07.08	machine-assisted WIP datum
OPEN.EXE	0x80012264	0xa64	0x4	pointer	ghidra-defined		pointer	Ghidra-12.0.4/ghidra_psx_ldr-2026.07.08	machine-assisted WIP datum
OPEN.EXE	0x80012268	0xa68	0x4	pointer	ghidra-defined		pointer	Ghidra-12.0.4/ghidra_psx_ldr-2026.07.08	machine-assisted WIP datum
OPEN.EXE	0x8001226c	0xa6c	0x4	pointer	ghidra-defined		pointer	Ghidra-12.0.4/ghidra_psx_ldr-2026.07.08	machine-assisted WIP datum
OPEN.EXE	0x80012270	0xa70	0x4	pointer	ghidra-defined		pointer	Ghidra-12.0.4/ghidra_psx_ldr-2026.07.08	machine-assisted WIP datum
OPEN.EXE	0x80012274	0xa74	0x4	pointer	ghidra-defined		pointer	Ghidra-12.0.4/ghidra_psx_ldr-2026.07.08	machine-assisted WIP datum
OPEN.EXE	0x80012278	0xa78	0x4	pointer	ghidra-defined		pointer	Ghidra-12.0.4/ghidra_psx_ldr-2026.07.08	machine-assisted WIP datum
OPEN.EXE	0x8001227c	0xa7c	0x17	string	byte-pattern		ascii	investigation:string-census	escaped text: VAB headder open failed
OPEN.EXE	0x80012293	0xa93	0x5	unclassified	coverage-gap			payload-complement	may contain missed code, tables, constants, padding, or writable data
OPEN.EXE	0x80012298	0xa98	0x14	string	byte-pattern		ascii	investigation:string-census	escaped text: VAB body open failed
OPEN.EXE	0x800122ac	0xaac	0x4	unclassified	coverage-gap			payload-complement	may contain missed code, tables, constants, padding, or writable data
OPEN.EXE	0x800122b0	0xab0	0x8	string	byte-pattern		ascii	investigation:string-census	escaped text: CdlReadS
OPEN.EXE	0x800122b8	0xab8	0x4	unclassified	coverage-gap			payload-complement	may contain missed code, tables, constants, padding, or writable data
OPEN.EXE	0x800122bc	0xabc	0xb	string	byte-pattern		ascii	investigation:string-census	escaped text: CdlGetclock
OPEN.EXE	0x800122c7	0xac7	0x1	unclassified	coverage-gap			payload-complement	may contain missed code, tables, constants, padding, or writable data
OPEN.EXE	0x800122c8	0xac8	0xb	string	byte-pattern		ascii	investigation:string-census	escaped text: CdlSetclock
OPEN.EXE	0x800122d3	0xad3	0x1	unclassified	coverage-gap			payload-complement	may contain missed code, tables, constants, padding, or writable data
OPEN.EXE	0x800122d4	0xad4	0x8	string	byte-pattern		ascii	investigation:string-census	escaped text: CdlSeekP
OPEN.EXE	0x800122dc	0xadc	0x4	unclassified	coverage-gap			payload-complement	may contain missed code, tables, constants, padding, or writable data
OPEN.EXE	0x800122e0	0xae0	0x8	string	byte-pattern		ascii	investigation:string-census	escaped text: CdlSeekL
OPEN.EXE	0x800122e8	0xae8	0x4	unclassified	coverage-gap			payload-complement	may contain missed code, tables, constants, padding, or writable data
OPEN.EXE	0x800122ec	0xaec	0x8	string	byte-pattern		ascii	investigation:string-census	escaped text: CdlGetTD
OPEN.EXE	0x800122f4	0xaf4	0x4	unclassified	coverage-gap			payload-complement	may contain missed code, tables, constants, padding, or writable data
OPEN.EXE	0x800122f8	0xaf8	0x8	string	byte-pattern		ascii	investigation:string-census	escaped text: CdlGetTN
OPEN.EXE	0x80012300	0xb00	0x4	unclassified	coverage-gap			payload-complement	may contain missed code, tables, constants, padding, or writable data
OPEN.EXE	0x80012304	0xb04	0x8	string	byte-pattern		ascii	investigation:string-census	escaped text: CdlReadT
OPEN.EXE	0x8001230c	0xb0c	0x4	unclassified	coverage-gap			payload-complement	may contain missed code, tables, constants, padding, or writable data
OPEN.EXE	0x80012310	0xb10	0xa	string	byte-pattern		ascii	investigation:string-census	escaped text: CdlGetlocP
OPEN.EXE	0x8001231a	0xb1a	0x2	unclassified	coverage-gap			payload-complement	may contain missed code, tables, constants, padding, or writable data
OPEN.EXE	0x8001231c	0xb1c	0xa	string	byte-pattern		ascii	investigation:string-census	escaped text: CdlGetlocL
OPEN.EXE	0x80012326	0xb26	0x2	unclassified	coverage-gap			payload-complement	may contain missed code, tables, constants, padding, or writable data
OPEN.EXE	0x80012328	0xb28	0xb	string	byte-pattern		ascii	investigation:string-census	escaped text: CdlGetparam
OPEN.EXE	0x80012333	0xb33	0x1	unclassified	coverage-gap			payload-complement	may contain missed code, tables, constants, padding, or writable data
OPEN.EXE	0x80012334	0xb34	0xa	string	byte-pattern		ascii	investigation:string-census	escaped text: CdlSetmode
OPEN.EXE	0x8001233e	0xb3e	0x2	unclassified	coverage-gap			payload-complement	may contain missed code, tables, constants, padding, or writable data
OPEN.EXE	0x80012340	0xb40	0xc	string	byte-pattern		ascii	investigation:string-census	escaped text: CdlSetfilter
OPEN.EXE	0x8001234c	0xb4c	0x4	unclassified	coverage-gap			payload-complement	may contain missed code, tables, constants, padding, or writable data
OPEN.EXE	0x80012350	0xb50	0x9	string	byte-pattern		ascii	investigation:string-census	escaped text: CdlDemute
OPEN.EXE	0x80012359	0xb59	0x3	unclassified	coverage-gap			payload-complement	may contain missed code, tables, constants, padding, or writable data
OPEN.EXE	0x8001235c	0xb5c	0x8	string	byte-pattern		ascii	investigation:string-census	escaped text: CdlReset
OPEN.EXE	0x80012364	0xb64	0x4	unclassified	coverage-gap			payload-complement	may contain missed code, tables, constants, padding, or writable data
OPEN.EXE	0x80012368	0xb68	0x8	string	byte-pattern		ascii	investigation:string-census	escaped text: CdlPause
OPEN.EXE	0x80012370	0xb70	0x4	unclassified	coverage-gap			payload-complement	may contain missed code, tables, constants, padding, or writable data
OPEN.EXE	0x80012374	0xb74	0xa	string	byte-pattern		ascii	investigation:string-census	escaped text: CdlStandby
OPEN.EXE	0x8001237e	0xb7e	0x2	unclassified	coverage-gap			payload-complement	may contain missed code, tables, constants, padding, or writable data
OPEN.EXE	0x80012380	0xb80	0x8	string	byte-pattern		ascii	investigation:string-census	escaped text: CdlReadN
OPEN.EXE	0x80012388	0xb88	0x4	unclassified	coverage-gap			payload-complement	may contain missed code, tables, constants, padding, or writable data
OPEN.EXE	0x8001238c	0xb8c	0xb	string	byte-pattern		ascii	investigation:string-census	escaped text: CdlBackword
OPEN.EXE	0x80012397	0xb97	0x1	unclassified	coverage-gap			payload-complement	may contain missed code, tables, constants, padding, or writable data
OPEN.EXE	0x80012398	0xb98	0xa	string	byte-pattern		ascii	investigation:string-census	escaped text: CdlForward
OPEN.EXE	0x800123a2	0xba2	0x2	unclassified	coverage-gap			payload-complement	may contain missed code, tables, constants, padding, or writable data
OPEN.EXE	0x800123a4	0xba4	0x9	string	byte-pattern		ascii	investigation:string-census	escaped text: CdlSetloc
OPEN.EXE	0x800123ad	0xbad	0x3	unclassified	coverage-gap			payload-complement	may contain missed code, tables, constants, padding, or writable data
OPEN.EXE	0x800123b0	0xbb0	0x9	string	byte-pattern		ascii	investigation:string-census	escaped text: DiskError
OPEN.EXE	0x800123b9	0xbb9	0x3	unclassified	coverage-gap			payload-complement	may contain missed code, tables, constants, padding, or writable data
OPEN.EXE	0x800123bc	0xbbc	0xb	string	byte-pattern		ascii	investigation:string-census	escaped text: Acknowledge
OPEN.EXE	0x800123c7	0xbc7	0x1	unclassified	coverage-gap			payload-complement	may contain missed code, tables, constants, padding, or writable data
OPEN.EXE	0x800123c8	0xbc8	0x8	string	byte-pattern		ascii	investigation:string-census	escaped text: Complete
OPEN.EXE	0x800123d0	0xbd0	0x4	unclassified	coverage-gap			payload-complement	may contain missed code, tables, constants, padding, or writable data
OPEN.EXE	0x800123d4	0xbd4	0x9	string	byte-pattern		ascii	investigation:string-census	escaped text: DataReady
OPEN.EXE	0x800123dd	0xbdd	0x3	unclassified	coverage-gap			payload-complement	may contain missed code, tables, constants, padding, or writable data
OPEN.EXE	0x800123e0	0xbe0	0xb	string	byte-pattern		ascii	investigation:string-census	escaped text: %s: timeout
OPEN.EXE	0x800123eb	0xbeb	0x5	unclassified	coverage-gap			payload-complement	may contain missed code, tables, constants, padding, or writable data
OPEN.EXE	0x800123f0	0xbf0	0x4	pointer	ghidra-defined		pointer	Ghidra-12.0.4/ghidra_psx_ldr-2026.07.08	machine-assisted WIP datum
OPEN.EXE	0x800123f4	0xbf4	0x4	pointer	ghidra-defined		pointer	Ghidra-12.0.4/ghidra_psx_ldr-2026.07.08	machine-assisted WIP datum
OPEN.EXE	0x800123f8	0xbf8	0x4	pointer	ghidra-defined		pointer	Ghidra-12.0.4/ghidra_psx_ldr-2026.07.08	machine-assisted WIP datum
OPEN.EXE	0x800123fc	0xbfc	0x4	pointer	ghidra-defined		pointer	Ghidra-12.0.4/ghidra_psx_ldr-2026.07.08	machine-assisted WIP datum
OPEN.EXE	0x80012400	0xc00	0x4	pointer	ghidra-defined		pointer	Ghidra-12.0.4/ghidra_psx_ldr-2026.07.08	machine-assisted WIP datum
OPEN.EXE	0x80012404	0xc04	0x17	string	byte-pattern		ascii	investigation:string-census	escaped text: CD_sync: %s: DiskError:
OPEN.EXE	0x8001241b	0xc1b	0x5	unclassified	coverage-gap			payload-complement	may contain missed code, tables, constants, padding, or writable data
OPEN.EXE	0x80012420	0xc20	0x10	string	byte-pattern		ascii	investigation:string-census	escaped text: CD_ready: %s: %s
OPEN.EXE	0x80012430	0xc30	0x4	unclassified	coverage-gap			payload-complement	may contain missed code, tables, constants, padding, or writable data
OPEN.EXE	0x80012434	0xc34	0x11	string	byte-pattern		ascii	investigation:string-census	escaped text: CD_ready: %s (%d)
OPEN.EXE	0x80012445	0xc45	0x3	unclassified	coverage-gap			payload-complement	may contain missed code, tables, constants, padding, or writable data
OPEN.EXE	0x80012448	0xc48	0xd	string	byte-pattern		ascii	investigation:string-census	escaped text: %s: DiskError
OPEN.EXE	0x80012455	0xc55	0x3	unclassified	coverage-gap			payload-complement	may contain missed code, tables, constants, padding, or writable data
OPEN.EXE	0x80012458	0xc58	0x8	string	byte-pattern		ascii	investigation:string-census	escaped text: [%s] ...
OPEN.EXE	0x80012460	0xc60	0x4	unclassified	coverage-gap			payload-complement	may contain missed code, tables, constants, padding, or writable data
OPEN.EXE	0x80012464	0xc64	0xd	string	byte-pattern		ascii	investigation:string-census	escaped text: %s: bad param
OPEN.EXE	0x80012471	0xc71	0x3	unclassified	coverage-gap			payload-complement	may contain missed code, tables, constants, padding, or writable data
OPEN.EXE	0x80012474	0xc74	0x18	string	byte-pattern		ascii	investigation:string-census	escaped text: CD_readm: skipping %s...
OPEN.EXE	0x8001248c	0xc8c	0x4	unclassified	coverage-gap			payload-complement	may contain missed code, tables, constants, padding, or writable data
OPEN.EXE	0x80012490	0xc90	0x1b	string	byte-pattern		ascii	investigation:string-census	escaped text: CD_readm: error (sector=%d)
OPEN.EXE	0x800124ab	0xcab	0x5	unclassified	coverage-gap			payload-complement	may contain missed code, tables, constants, padding, or writable data
OPEN.EXE	0x800124b0	0xcb0	0x23	string	byte-pattern		ascii	investigation:string-census	escaped text: CD_sarchfile: path level (%d) error
OPEN.EXE	0x800124d3	0xcd3	0x5	unclassified	coverage-gap			payload-complement	may contain missed code, tables, constants, padding, or writable data
OPEN.EXE	0x800124d8	0xcd8	0x24	string	byte-pattern		ascii	investigation:string-census	escaped text: CD_sarchfile: dir (%s) was not found
OPEN.EXE	0x800124fc	0xcfc	0x4	unclassified	coverage-gap			payload-complement	may contain missed code, tables, constants, padding, or writable data
OPEN.EXE	0x80012500	0xd00	0x18	string	byte-pattern		ascii	investigation:string-census	escaped text: CD_sarchfile: disc error
OPEN.EXE	0x80012518	0xd18	0x4	unclassified	coverage-gap			payload-complement	may contain missed code, tables, constants, padding, or writable data
OPEN.EXE	0x8001251c	0xd1c	0x1d	string	byte-pattern		ascii	investigation:string-census	escaped text: CD_sarchfile: searching %s...
OPEN.EXE	0x80012539	0xd39	0x3	unclassified	coverage-gap			payload-complement	may contain missed code, tables, constants, padding, or writable data
OPEN.EXE	0x8001253c	0xd3c	0x18	string	byte-pattern		ascii	investigation:string-census	escaped text: CD_searchifile: %s found
OPEN.EXE	0x80012554	0xd54	0x4	unclassified	coverage-gap			payload-complement	may contain missed code, tables, constants, padding, or writable data
OPEN.EXE	0x80012558	0xd58	0x1b	string	byte-pattern		ascii	investigation:string-census	escaped text: CD_searchfile: %s not found
OPEN.EXE	0x80012573	0xd73	0x5	unclassified	coverage-gap			payload-complement	may contain missed code, tables, constants, padding, or writable data
OPEN.EXE	0x80012578	0xd78	0x29	string	byte-pattern		ascii	investigation:string-census	escaped text: CD_newmedia: Read error in cd_read( PVD )
OPEN.EXE	0x800125a1	0xda1	0x3	unclassified	coverage-gap			payload-complement	may contain missed code, tables, constants, padding, or writable data
OPEN.EXE	0x800125a4	0xda4	0x30	string	byte-pattern		ascii	investigation:string-census	escaped text: CD_newmedia: Disc format error in cd_read( PVD )
OPEN.EXE	0x800125d4	0xdd4	0x4	unclassified	coverage-gap			payload-complement	may contain missed code, tables, constants, padding, or writable data
OPEN.EXE	0x800125d8	0xdd8	0x23	string	byte-pattern		ascii	investigation:string-census	escaped text: CD_newmedia: Read error ( PT:%08x )
OPEN.EXE	0x800125fb	0xdfb	0x5	unclassified	coverage-gap			payload-complement	may contain missed code, tables, constants, padding, or writable data
OPEN.EXE	0x80012600	0xe00	0x1b	string	byte-pattern		ascii	investigation:string-census	escaped text: CD_newmedia: sarching dir..
OPEN.EXE	0x8001261b	0xe1b	0x5	unclassified	coverage-gap			payload-complement	may contain missed code, tables, constants, padding, or writable data
OPEN.EXE	0x80012620	0xe20	0x12	string	byte-pattern		ascii	investigation:string-census	escaped text: \t%08x,%04x,%04x,%s
OPEN.EXE	0x80012632	0xe32	0x2	unclassified	coverage-gap			payload-complement	may contain missed code, tables, constants, padding, or writable data
OPEN.EXE	0x80012634	0xe34	0x21	string	byte-pattern		ascii	investigation:string-census	escaped text: CD_newmedia: %d dir entries found
OPEN.EXE	0x80012655	0xe55	0x3	unclassified	coverage-gap			payload-complement	may contain missed code, tables, constants, padding, or writable data
OPEN.EXE	0x80012658	0xe58	0x1b	string	byte-pattern		ascii	investigation:string-census	escaped text: CD_cachefile: dir not found
OPEN.EXE	0x80012673	0xe73	0x5	unclassified	coverage-gap			payload-complement	may contain missed code, tables, constants, padding, or writable data
OPEN.EXE	0x80012678	0xe78	0x1a	string	byte-pattern		ascii	investigation:string-census	escaped text: CD_cachefile: searching...
OPEN.EXE	0x80012692	0xe92	0x2	unclassified	coverage-gap			payload-complement	may contain missed code, tables, constants, padding, or writable data
OPEN.EXE	0x80012694	0xe94	0x18	string	byte-pattern		ascii	investigation:string-census	escaped text: \t(%02x:%02x:%02x) %8d %s
OPEN.EXE	0x800126ac	0xeac	0x4	unclassified	coverage-gap			payload-complement	may contain missed code, tables, constants, padding, or writable data
OPEN.EXE	0x800126b0	0xeb0	0x1c	string	byte-pattern		ascii	investigation:string-census	escaped text: CD_cachefile: %d files found
OPEN.EXE	0x800126cc	0xecc	0x4	unclassified	coverage-gap			payload-complement	may contain missed code, tables, constants, padding, or writable data
OPEN.EXE	0x800126d0	0xed0	0x2a	string	byte-pattern		ascii	investigation:string-census	escaped text: cd_read: (%02x:%02x:%02x), %d sector(s)...
OPEN.EXE	0x800126fa	0xefa	0x2	unclassified	coverage-gap			payload-complement	may contain missed code, tables, constants, padding, or writable data
OPEN.EXE	0x800126fc	0xefc	0x2b	string	byte-pattern		ascii	investigation:string-census	escaped text: Final Sector is on %08x %08x %08x %04x %04x
OPEN.EXE	0x80012727	0xf27	0x5	unclassified	coverage-gap			payload-complement	may contain missed code, tables, constants, padding, or writable data
OPEN.EXE	0x8001272c	0xf2c	0x13	string	byte-pattern		ascii	investigation:string-census	escaped text: DMA STATUS ERROR %x
OPEN.EXE	0x8001273f	0xf3f	0x5	unclassified	coverage-gap			payload-complement	may contain missed code, tables, constants, padding, or writable data
OPEN.EXE	0x80012744	0xf44	0x12	string	byte-pattern		ascii	investigation:string-census	escaped text: SPU : Timeout [%s]
OPEN.EXE	0x80012756	0xf56	0x2	unclassified	coverage-gap			payload-complement	may contain missed code, tables, constants, padding, or writable data
OPEN.EXE	0x80012758	0xf58	0xc	string	byte-pattern		ascii	investigation:string-census	escaped text: wait (reset)
OPEN.EXE	0x80012764	0xf64	0x4	unclassified	coverage-gap			payload-complement	may contain missed code, tables, constants, padding, or writable data
OPEN.EXE	0x80012768	0xf68	0x1b	string	byte-pattern		ascii	investigation:string-census	escaped text: wait (dmaf clear/W [start])
OPEN.EXE	0x80012783	0xf83	0x1	unclassified	coverage-gap			payload-complement	may contain missed code, tables, constants, padding, or writable data
OPEN.EXE	0x80012784	0xf84	0x10	string	byte-pattern		ascii	investigation:string-census	escaped text: wait (tsa/W-I/O)
OPEN.EXE	0x80012794	0xf94	0x4	unclassified	coverage-gap			payload-complement	may contain missed code, tables, constants, padding, or writable data
OPEN.EXE	0x80012798	0xf98	0x12	string	byte-pattern		ascii	investigation:string-census	escaped text: wait (wrdy H -> L)
OPEN.EXE	0x800127aa	0xfaa	0x2	unclassified	coverage-gap			payload-complement	may contain missed code, tables, constants, padding, or writable data
OPEN.EXE	0x800127ac	0xfac	0x13	string	byte-pattern		ascii	investigation:string-census	escaped text: wait (dmaf clear/W)
OPEN.EXE	0x800127bf	0xfbf	0x1	unclassified	coverage-gap			payload-complement	may contain missed code, tables, constants, padding, or writable data
OPEN.EXE	0x800127c0	0xfc0	0x12	string	byte-pattern		ascii	investigation:string-census	escaped text: wait (ioctl/tsa-1)
OPEN.EXE	0x800127d2	0xfd2	0x2	unclassified	coverage-gap			payload-complement	may contain missed code, tables, constants, padding, or writable data
OPEN.EXE	0x800127d4	0xfd4	0x12	string	byte-pattern		ascii	investigation:string-census	escaped text: wait (ioctl/tsa-2)
OPEN.EXE	0x800127e6	0xfe6	0x6	unclassified	coverage-gap			payload-complement	may contain missed code, tables, constants, padding, or writable data
OPEN.EXE	0x800127ec	0xfec	0x4	pointer	ghidra-defined		pointer	Ghidra-12.0.4/ghidra_psx_ldr-2026.07.08	machine-assisted WIP datum
OPEN.EXE	0x800127f0	0xff0	0x4	pointer	ghidra-defined		pointer	Ghidra-12.0.4/ghidra_psx_ldr-2026.07.08	machine-assisted WIP datum
OPEN.EXE	0x800127f4	0xff4	0x4	pointer	ghidra-defined		pointer	Ghidra-12.0.4/ghidra_psx_ldr-2026.07.08	machine-assisted WIP datum
OPEN.EXE	0x800127f8	0xff8	0x4	pointer	ghidra-defined		pointer	Ghidra-12.0.4/ghidra_psx_ldr-2026.07.08	machine-assisted WIP datum
OPEN.EXE	0x800127fc	0xffc	0x4	pointer	ghidra-defined		pointer	Ghidra-12.0.4/ghidra_psx_ldr-2026.07.08	machine-assisted WIP datum
OPEN.EXE	0x80012800	0x1000	0x4	pointer	ghidra-defined		pointer	Ghidra-12.0.4/ghidra_psx_ldr-2026.07.08	machine-assisted WIP datum
OPEN.EXE	0x80012804	0x1004	0x4	pointer	ghidra-defined		pointer	Ghidra-12.0.4/ghidra_psx_ldr-2026.07.08	machine-assisted WIP datum
OPEN.EXE	0x80012808	0x1008	0x4	pointer	ghidra-defined		pointer	Ghidra-12.0.4/ghidra_psx_ldr-2026.07.08	machine-assisted WIP datum
OPEN.EXE	0x8001280c	0x100c	0x4	pointer	ghidra-defined		pointer	Ghidra-12.0.4/ghidra_psx_ldr-2026.07.08	machine-assisted WIP datum
OPEN.EXE	0x80012810	0x1010	0x4	pointer	ghidra-defined		pointer	Ghidra-12.0.4/ghidra_psx_ldr-2026.07.08	machine-assisted WIP datum
OPEN.EXE	0x80012814	0x1014	0x4	pointer	ghidra-defined		pointer	Ghidra-12.0.4/ghidra_psx_ldr-2026.07.08	machine-assisted WIP datum
OPEN.EXE	0x80012818	0x1018	0x4	pointer	ghidra-defined		pointer	Ghidra-12.0.4/ghidra_psx_ldr-2026.07.08	machine-assisted WIP datum
OPEN.EXE	0x8001281c	0x101c	0x4	pointer	ghidra-defined		pointer	Ghidra-12.0.4/ghidra_psx_ldr-2026.07.08	machine-assisted WIP datum
OPEN.EXE	0x80012820	0x1020	0x4	pointer	ghidra-defined		pointer	Ghidra-12.0.4/ghidra_psx_ldr-2026.07.08	machine-assisted WIP datum
OPEN.EXE	0x80012824	0x1024	0x4	pointer	ghidra-defined		pointer	Ghidra-12.0.4/ghidra_psx_ldr-2026.07.08	machine-assisted WIP datum
OPEN.EXE	0x80012828	0x1028	0x4	pointer	ghidra-defined		pointer	Ghidra-12.0.4/ghidra_psx_ldr-2026.07.08	machine-assisted WIP datum
OPEN.EXE	0x8001282c	0x102c	0x4	pointer	ghidra-defined		pointer	Ghidra-12.0.4/ghidra_psx_ldr-2026.07.08	machine-assisted WIP datum
OPEN.EXE	0x80012830	0x1030	0x4	pointer	ghidra-defined		pointer	Ghidra-12.0.4/ghidra_psx_ldr-2026.07.08	machine-assisted WIP datum
OPEN.EXE	0x80012834	0x1034	0x4	pointer	ghidra-defined		pointer	Ghidra-12.0.4/ghidra_psx_ldr-2026.07.08	machine-assisted WIP datum
OPEN.EXE	0x80012838	0x1038	0x4	pointer	ghidra-defined		pointer	Ghidra-12.0.4/ghidra_psx_ldr-2026.07.08	machine-assisted WIP datum
OPEN.EXE	0x8001283c	0x103c	0x4	pointer	ghidra-defined		pointer	Ghidra-12.0.4/ghidra_psx_ldr-2026.07.08	machine-assisted WIP datum
OPEN.EXE	0x80012840	0x1040	0x4	pointer	ghidra-defined		pointer	Ghidra-12.0.4/ghidra_psx_ldr-2026.07.08	machine-assisted WIP datum
OPEN.EXE	0x80012844	0x1044	0x4	pointer	ghidra-defined		pointer	Ghidra-12.0.4/ghidra_psx_ldr-2026.07.08	machine-assisted WIP datum
OPEN.EXE	0x80012848	0x1048	0x4	pointer	ghidra-defined		pointer	Ghidra-12.0.4/ghidra_psx_ldr-2026.07.08	machine-assisted WIP datum
OPEN.EXE	0x8001284c	0x104c	0x4	pointer	ghidra-defined		pointer	Ghidra-12.0.4/ghidra_psx_ldr-2026.07.08	machine-assisted WIP datum
OPEN.EXE	0x80012850	0x1050	0x4	pointer	ghidra-defined		pointer	Ghidra-12.0.4/ghidra_psx_ldr-2026.07.08	machine-assisted WIP datum
OPEN.EXE	0x80012854	0x1054	0x4	pointer	ghidra-defined		pointer	Ghidra-12.0.4/ghidra_psx_ldr-2026.07.08	machine-assisted WIP datum
OPEN.EXE	0x80012858	0x1058	0x4	pointer	ghidra-defined		pointer	Ghidra-12.0.4/ghidra_psx_ldr-2026.07.08	machine-assisted WIP datum
OPEN.EXE	0x8001285c	0x105c	0x4	pointer	ghidra-defined		pointer	Ghidra-12.0.4/ghidra_psx_ldr-2026.07.08	machine-assisted WIP datum
OPEN.EXE	0x80012860	0x1060	0x4	pointer	ghidra-defined		pointer	Ghidra-12.0.4/ghidra_psx_ldr-2026.07.08	machine-assisted WIP datum
OPEN.EXE	0x80012864	0x1064	0x4	pointer	ghidra-defined		pointer	Ghidra-12.0.4/ghidra_psx_ldr-2026.07.08	machine-assisted WIP datum
OPEN.EXE	0x80012868	0x1068	0x4	pointer	ghidra-defined		pointer	Ghidra-12.0.4/ghidra_psx_ldr-2026.07.08	machine-assisted WIP datum
OPEN.EXE	0x8001286c	0x106c	0x4	pointer	ghidra-defined		pointer	Ghidra-12.0.4/ghidra_psx_ldr-2026.07.08	machine-assisted WIP datum
OPEN.EXE	0x80012870	0x1070	0x4	pointer	ghidra-defined		pointer	Ghidra-12.0.4/ghidra_psx_ldr-2026.07.08	machine-assisted WIP datum
OPEN.EXE	0x80012874	0x1074	0x4	pointer	ghidra-defined		pointer	Ghidra-12.0.4/ghidra_psx_ldr-2026.07.08	machine-assisted WIP datum
OPEN.EXE	0x80012878	0x1078	0x4	pointer	ghidra-defined		pointer	Ghidra-12.0.4/ghidra_psx_ldr-2026.07.08	machine-assisted WIP datum
OPEN.EXE	0x8001287c	0x107c	0x4	pointer	ghidra-defined		pointer	Ghidra-12.0.4/ghidra_psx_ldr-2026.07.08	machine-assisted WIP datum
OPEN.EXE	0x80012880	0x1080	0x4	pointer	ghidra-defined		pointer	Ghidra-12.0.4/ghidra_psx_ldr-2026.07.08	machine-assisted WIP datum
OPEN.EXE	0x80012884	0x1084	0x4	pointer	ghidra-defined		pointer	Ghidra-12.0.4/ghidra_psx_ldr-2026.07.08	machine-assisted WIP datum
OPEN.EXE	0x80012888	0x1088	0x4	pointer	ghidra-defined		pointer	Ghidra-12.0.4/ghidra_psx_ldr-2026.07.08	machine-assisted WIP datum
OPEN.EXE	0x8001288c	0x108c	0x4	pointer	ghidra-defined		pointer	Ghidra-12.0.4/ghidra_psx_ldr-2026.07.08	machine-assisted WIP datum
OPEN.EXE	0x80012890	0x1090	0x4	pointer	ghidra-defined		pointer	Ghidra-12.0.4/ghidra_psx_ldr-2026.07.08	machine-assisted WIP datum
OPEN.EXE	0x80012894	0x1094	0x4	pointer	ghidra-defined		pointer	Ghidra-12.0.4/ghidra_psx_ldr-2026.07.08	machine-assisted WIP datum
OPEN.EXE	0x80012898	0x1098	0x4	pointer	ghidra-defined		pointer	Ghidra-12.0.4/ghidra_psx_ldr-2026.07.08	machine-assisted WIP datum
OPEN.EXE	0x8001289c	0x109c	0x4	pointer	ghidra-defined		pointer	Ghidra-12.0.4/ghidra_psx_ldr-2026.07.08	machine-assisted WIP datum
OPEN.EXE	0x800128a0	0x10a0	0x4	pointer	ghidra-defined		pointer	Ghidra-12.0.4/ghidra_psx_ldr-2026.07.08	machine-assisted WIP datum
OPEN.EXE	0x800128a4	0x10a4	0x4	pointer	ghidra-defined		pointer	Ghidra-12.0.4/ghidra_psx_ldr-2026.07.08	machine-assisted WIP datum
OPEN.EXE	0x800128a8	0x10a8	0x4	pointer	ghidra-defined		pointer	Ghidra-12.0.4/ghidra_psx_ldr-2026.07.08	machine-assisted WIP datum
OPEN.EXE	0x800128ac	0x10ac	0x4	pointer	ghidra-defined		pointer	Ghidra-12.0.4/ghidra_psx_ldr-2026.07.08	machine-assisted WIP datum
OPEN.EXE	0x800128b0	0x10b0	0x4	pointer	ghidra-defined		pointer	Ghidra-12.0.4/ghidra_psx_ldr-2026.07.08	machine-assisted WIP datum
OPEN.EXE	0x800128b4	0x10b4	0x4	pointer	ghidra-defined		pointer	Ghidra-12.0.4/ghidra_psx_ldr-2026.07.08	machine-assisted WIP datum
OPEN.EXE	0x800128b8	0x10b8	0x4	pointer	ghidra-defined		pointer	Ghidra-12.0.4/ghidra_psx_ldr-2026.07.08	machine-assisted WIP datum
OPEN.EXE	0x800128bc	0x10bc	0x4	pointer	ghidra-defined		pointer	Ghidra-12.0.4/ghidra_psx_ldr-2026.07.08	machine-assisted WIP datum
OPEN.EXE	0x800128c0	0x10c0	0x4	pointer	ghidra-defined		pointer	Ghidra-12.0.4/ghidra_psx_ldr-2026.07.08	machine-assisted WIP datum
OPEN.EXE	0x800128c4	0x10c4	0x4	pointer	ghidra-defined		pointer	Ghidra-12.0.4/ghidra_psx_ldr-2026.07.08	machine-assisted WIP datum
OPEN.EXE	0x800128c8	0x10c8	0x4	pointer	ghidra-defined		pointer	Ghidra-12.0.4/ghidra_psx_ldr-2026.07.08	machine-assisted WIP datum
OPEN.EXE	0x800128cc	0x10cc	0x4	pointer	ghidra-defined		pointer	Ghidra-12.0.4/ghidra_psx_ldr-2026.07.08	machine-assisted WIP datum
OPEN.EXE	0x800128d0	0x10d0	0x4	pointer	ghidra-defined		pointer	Ghidra-12.0.4/ghidra_psx_ldr-2026.07.08	machine-assisted WIP datum
OPEN.EXE	0x800128d4	0x10d4	0x4	pointer	ghidra-defined		pointer	Ghidra-12.0.4/ghidra_psx_ldr-2026.07.08	machine-assisted WIP datum
OPEN.EXE	0x800128d8	0x10d8	0x4	pointer	ghidra-defined		pointer	Ghidra-12.0.4/ghidra_psx_ldr-2026.07.08	machine-assisted WIP datum
OPEN.EXE	0x800128dc	0x10dc	0x4	pointer	ghidra-defined		pointer	Ghidra-12.0.4/ghidra_psx_ldr-2026.07.08	machine-assisted WIP datum
OPEN.EXE	0x800128e0	0x10e0	0x4	pointer	ghidra-defined		pointer	Ghidra-12.0.4/ghidra_psx_ldr-2026.07.08	machine-assisted WIP datum
OPEN.EXE	0x800128e4	0x10e4	0x4	pointer	ghidra-defined		pointer	Ghidra-12.0.4/ghidra_psx_ldr-2026.07.08	machine-assisted WIP datum
OPEN.EXE	0x800128e8	0x10e8	0x4	pointer	ghidra-defined		pointer	Ghidra-12.0.4/ghidra_psx_ldr-2026.07.08	machine-assisted WIP datum
OPEN.EXE	0x800128ec	0x10ec	0x4	pointer	ghidra-defined		pointer	Ghidra-12.0.4/ghidra_psx_ldr-2026.07.08	machine-assisted WIP datum
OPEN.EXE	0x800128f0	0x10f0	0x4	pointer	ghidra-defined		pointer	Ghidra-12.0.4/ghidra_psx_ldr-2026.07.08	machine-assisted WIP datum
OPEN.EXE	0x800128f4	0x10f4	0x4	pointer	ghidra-defined		pointer	Ghidra-12.0.4/ghidra_psx_ldr-2026.07.08	machine-assisted WIP datum
OPEN.EXE	0x800128f8	0x10f8	0x4	pointer	ghidra-defined		pointer	Ghidra-12.0.4/ghidra_psx_ldr-2026.07.08	machine-assisted WIP datum
OPEN.EXE	0x800128fc	0x10fc	0x4	pointer	ghidra-defined		pointer	Ghidra-12.0.4/ghidra_psx_ldr-2026.07.08	machine-assisted WIP datum
OPEN.EXE	0x80012900	0x1100	0x4	pointer	ghidra-defined		pointer	Ghidra-12.0.4/ghidra_psx_ldr-2026.07.08	machine-assisted WIP datum
OPEN.EXE	0x80012904	0x1104	0x4	pointer	ghidra-defined		pointer	Ghidra-12.0.4/ghidra_psx_ldr-2026.07.08	machine-assisted WIP datum
OPEN.EXE	0x80012908	0x1108	0x4	pointer	ghidra-defined		pointer	Ghidra-12.0.4/ghidra_psx_ldr-2026.07.08	machine-assisted WIP datum
OPEN.EXE	0x8001290c	0x110c	0x4	pointer	ghidra-defined		pointer	Ghidra-12.0.4/ghidra_psx_ldr-2026.07.08	machine-assisted WIP datum
OPEN.EXE	0x80012910	0x1110	0x4	pointer	ghidra-defined		pointer	Ghidra-12.0.4/ghidra_psx_ldr-2026.07.08	machine-assisted WIP datum
OPEN.EXE	0x80012914	0x1114	0x4	pointer	ghidra-defined		pointer	Ghidra-12.0.4/ghidra_psx_ldr-2026.07.08	machine-assisted WIP datum
OPEN.EXE	0x80012918	0x1118	0x4	pointer	ghidra-defined		pointer	Ghidra-12.0.4/ghidra_psx_ldr-2026.07.08	machine-assisted WIP datum
OPEN.EXE	0x8001291c	0x111c	0x4	pointer	ghidra-defined		pointer	Ghidra-12.0.4/ghidra_psx_ldr-2026.07.08	machine-assisted WIP datum
OPEN.EXE	0x80012920	0x1120	0x4	pointer	ghidra-defined		pointer	Ghidra-12.0.4/ghidra_psx_ldr-2026.07.08	machine-assisted WIP datum
OPEN.EXE	0x80012924	0x1124	0x4	pointer	ghidra-defined		pointer	Ghidra-12.0.4/ghidra_psx_ldr-2026.07.08	machine-assisted WIP datum
OPEN.EXE	0x80012928	0x1128	0x4	pointer	ghidra-defined		pointer	Ghidra-12.0.4/ghidra_psx_ldr-2026.07.08	machine-assisted WIP datum
OPEN.EXE	0x8001292c	0x112c	0x4	pointer	ghidra-defined		pointer	Ghidra-12.0.4/ghidra_psx_ldr-2026.07.08	machine-assisted WIP datum
OPEN.EXE	0x80012930	0x1130	0x4	pointer	ghidra-defined		pointer	Ghidra-12.0.4/ghidra_psx_ldr-2026.07.08	machine-assisted WIP datum
OPEN.EXE	0x80012934	0x1134	0x4	pointer	ghidra-defined		pointer	Ghidra-12.0.4/ghidra_psx_ldr-2026.07.08	machine-assisted WIP datum
OPEN.EXE	0x80012938	0x1138	0x4	pointer	ghidra-defined		pointer	Ghidra-12.0.4/ghidra_psx_ldr-2026.07.08	machine-assisted WIP datum
OPEN.EXE	0x8001293c	0x113c	0x4	pointer	ghidra-defined		pointer	Ghidra-12.0.4/ghidra_psx_ldr-2026.07.08	machine-assisted WIP datum
OPEN.EXE	0x80012940	0x1140	0x4	pointer	ghidra-defined		pointer	Ghidra-12.0.4/ghidra_psx_ldr-2026.07.08	machine-assisted WIP datum
OPEN.EXE	0x80012944	0x1144	0x4	pointer	ghidra-defined		pointer	Ghidra-12.0.4/ghidra_psx_ldr-2026.07.08	machine-assisted WIP datum
OPEN.EXE	0x80012948	0x1148	0x4	pointer	ghidra-defined		pointer	Ghidra-12.0.4/ghidra_psx_ldr-2026.07.08	machine-assisted WIP datum
OPEN.EXE	0x8001294c	0x114c	0x4	pointer	ghidra-defined		pointer	Ghidra-12.0.4/ghidra_psx_ldr-2026.07.08	machine-assisted WIP datum
OPEN.EXE	0x80012950	0x1150	0x4	pointer	ghidra-defined		pointer	Ghidra-12.0.4/ghidra_psx_ldr-2026.07.08	machine-assisted WIP datum
OPEN.EXE	0x80012954	0x1154	0x4	pointer	ghidra-defined		pointer	Ghidra-12.0.4/ghidra_psx_ldr-2026.07.08	machine-assisted WIP datum
OPEN.EXE	0x80012958	0x1158	0x4	pointer	ghidra-defined		pointer	Ghidra-12.0.4/ghidra_psx_ldr-2026.07.08	machine-assisted WIP datum
OPEN.EXE	0x8001295c	0x115c	0x4	pointer	ghidra-defined		pointer	Ghidra-12.0.4/ghidra_psx_ldr-2026.07.08	machine-assisted WIP datum
OPEN.EXE	0x80012960	0x1160	0x4	pointer	ghidra-defined		pointer	Ghidra-12.0.4/ghidra_psx_ldr-2026.07.08	machine-assisted WIP datum
OPEN.EXE	0x80012964	0x1164	0x4	pointer	ghidra-defined		pointer	Ghidra-12.0.4/ghidra_psx_ldr-2026.07.08	machine-assisted WIP datum
OPEN.EXE	0x80012968	0x1168	0x4	pointer	ghidra-defined		pointer	Ghidra-12.0.4/ghidra_psx_ldr-2026.07.08	machine-assisted WIP datum
OPEN.EXE	0x8001296c	0x116c	0x4	pointer	ghidra-defined		pointer	Ghidra-12.0.4/ghidra_psx_ldr-2026.07.08	machine-assisted WIP datum
OPEN.EXE	0x80012970	0x1170	0x4	pointer	ghidra-defined		pointer	Ghidra-12.0.4/ghidra_psx_ldr-2026.07.08	machine-assisted WIP datum
OPEN.EXE	0x80012974	0x1174	0x4	pointer	ghidra-defined		pointer	Ghidra-12.0.4/ghidra_psx_ldr-2026.07.08	machine-assisted WIP datum
OPEN.EXE	0x80012978	0x1178	0x4	pointer	ghidra-defined		pointer	Ghidra-12.0.4/ghidra_psx_ldr-2026.07.08	machine-assisted WIP datum
OPEN.EXE	0x8001297c	0x117c	0x4	pointer	ghidra-defined		pointer	Ghidra-12.0.4/ghidra_psx_ldr-2026.07.08	machine-assisted WIP datum
OPEN.EXE	0x80012980	0x1180	0x4	pointer	ghidra-defined		pointer	Ghidra-12.0.4/ghidra_psx_ldr-2026.07.08	machine-assisted WIP datum
OPEN.EXE	0x80012984	0x1184	0x4	pointer	ghidra-defined		pointer	Ghidra-12.0.4/ghidra_psx_ldr-2026.07.08	machine-assisted WIP datum
OPEN.EXE	0x80012988	0x1188	0x4	pointer	ghidra-defined		pointer	Ghidra-12.0.4/ghidra_psx_ldr-2026.07.08	machine-assisted WIP datum
OPEN.EXE	0x8001298c	0x118c	0x4	pointer	ghidra-defined		pointer	Ghidra-12.0.4/ghidra_psx_ldr-2026.07.08	machine-assisted WIP datum
OPEN.EXE	0x80012990	0x1190	0x4	pointer	ghidra-defined		pointer	Ghidra-12.0.4/ghidra_psx_ldr-2026.07.08	machine-assisted WIP datum
OPEN.EXE	0x80012994	0x1194	0x4	pointer	ghidra-defined		pointer	Ghidra-12.0.4/ghidra_psx_ldr-2026.07.08	machine-assisted WIP datum
OPEN.EXE	0x80012998	0x1198	0x4	pointer	ghidra-defined		pointer	Ghidra-12.0.4/ghidra_psx_ldr-2026.07.08	machine-assisted WIP datum
OPEN.EXE	0x8001299c	0x119c	0x4	pointer	ghidra-defined		pointer	Ghidra-12.0.4/ghidra_psx_ldr-2026.07.08	machine-assisted WIP datum
OPEN.EXE	0x800129a0	0x11a0	0x4	pointer	ghidra-defined		pointer	Ghidra-12.0.4/ghidra_psx_ldr-2026.07.08	machine-assisted WIP datum
OPEN.EXE	0x800129a4	0x11a4	0x4	pointer	ghidra-defined		pointer	Ghidra-12.0.4/ghidra_psx_ldr-2026.07.08	machine-assisted WIP datum
OPEN.EXE	0x800129a8	0x11a8	0x4	pointer	ghidra-defined		pointer	Ghidra-12.0.4/ghidra_psx_ldr-2026.07.08	machine-assisted WIP datum
OPEN.EXE	0x800129ac	0x11ac	0x4	pointer	ghidra-defined		pointer	Ghidra-12.0.4/ghidra_psx_ldr-2026.07.08	machine-assisted WIP datum
OPEN.EXE	0x800129b0	0x11b0	0x4	pointer	ghidra-defined		pointer	Ghidra-12.0.4/ghidra_psx_ldr-2026.07.08	machine-assisted WIP datum
OPEN.EXE	0x800129b4	0x11b4	0x4	pointer	ghidra-defined		pointer	Ghidra-12.0.4/ghidra_psx_ldr-2026.07.08	machine-assisted WIP datum
OPEN.EXE	0x800129b8	0x11b8	0x4	pointer	ghidra-defined		pointer	Ghidra-12.0.4/ghidra_psx_ldr-2026.07.08	machine-assisted WIP datum
OPEN.EXE	0x800129bc	0x11bc	0x4	pointer	ghidra-defined		pointer	Ghidra-12.0.4/ghidra_psx_ldr-2026.07.08	machine-assisted WIP datum
OPEN.EXE	0x800129c0	0x11c0	0x4	pointer	ghidra-defined		pointer	Ghidra-12.0.4/ghidra_psx_ldr-2026.07.08	machine-assisted WIP datum
OPEN.EXE	0x800129c4	0x11c4	0x4	pointer	ghidra-defined		pointer	Ghidra-12.0.4/ghidra_psx_ldr-2026.07.08	machine-assisted WIP datum
OPEN.EXE	0x800129c8	0x11c8	0x4	pointer	ghidra-defined		pointer	Ghidra-12.0.4/ghidra_psx_ldr-2026.07.08	machine-assisted WIP datum
OPEN.EXE	0x800129cc	0x11cc	0x4	pointer	ghidra-defined		pointer	Ghidra-12.0.4/ghidra_psx_ldr-2026.07.08	machine-assisted WIP datum
OPEN.EXE	0x800129d0	0x11d0	0x4	pointer	ghidra-defined		pointer	Ghidra-12.0.4/ghidra_psx_ldr-2026.07.08	machine-assisted WIP datum
OPEN.EXE	0x800129d4	0x11d4	0x4	pointer	ghidra-defined		pointer	Ghidra-12.0.4/ghidra_psx_ldr-2026.07.08	machine-assisted WIP datum
OPEN.EXE	0x800129d8	0x11d8	0x4	pointer	ghidra-defined		pointer	Ghidra-12.0.4/ghidra_psx_ldr-2026.07.08	machine-assisted WIP datum
OPEN.EXE	0x800129dc	0x11dc	0x4	pointer	ghidra-defined		pointer	Ghidra-12.0.4/ghidra_psx_ldr-2026.07.08	machine-assisted WIP datum
OPEN.EXE	0x800129e0	0x11e0	0x4	pointer	ghidra-defined		pointer	Ghidra-12.0.4/ghidra_psx_ldr-2026.07.08	machine-assisted WIP datum
OPEN.EXE	0x800129e4	0x11e4	0x4	pointer	ghidra-defined		pointer	Ghidra-12.0.4/ghidra_psx_ldr-2026.07.08	machine-assisted WIP datum
OPEN.EXE	0x800129e8	0x11e8	0x4	pointer	ghidra-defined		pointer	Ghidra-12.0.4/ghidra_psx_ldr-2026.07.08	machine-assisted WIP datum
OPEN.EXE	0x800129ec	0x11ec	0x4	pointer	ghidra-defined		pointer	Ghidra-12.0.4/ghidra_psx_ldr-2026.07.08	machine-assisted WIP datum
OPEN.EXE	0x800129f0	0x11f0	0x4	pointer	ghidra-defined		pointer	Ghidra-12.0.4/ghidra_psx_ldr-2026.07.08	machine-assisted WIP datum
OPEN.EXE	0x800129f4	0x11f4	0x4	pointer	ghidra-defined		pointer	Ghidra-12.0.4/ghidra_psx_ldr-2026.07.08	machine-assisted WIP datum
OPEN.EXE	0x800129f8	0x11f8	0x4	pointer	ghidra-defined		pointer	Ghidra-12.0.4/ghidra_psx_ldr-2026.07.08	machine-assisted WIP datum
OPEN.EXE	0x800129fc	0x11fc	0x4	pointer	ghidra-defined		pointer	Ghidra-12.0.4/ghidra_psx_ldr-2026.07.08	machine-assisted WIP datum
OPEN.EXE	0x80012a00	0x1200	0x4	pointer	ghidra-defined		pointer	Ghidra-12.0.4/ghidra_psx_ldr-2026.07.08	machine-assisted WIP datum
OPEN.EXE	0x80012a04	0x1204	0x4	pointer	ghidra-defined		pointer	Ghidra-12.0.4/ghidra_psx_ldr-2026.07.08	machine-assisted WIP datum
OPEN.EXE	0x80012a08	0x1208	0x4	pointer	ghidra-defined		pointer	Ghidra-12.0.4/ghidra_psx_ldr-2026.07.08	machine-assisted WIP datum
OPEN.EXE	0x80012a0c	0x120c	0x4	pointer	ghidra-defined		pointer	Ghidra-12.0.4/ghidra_psx_ldr-2026.07.08	machine-assisted WIP datum
OPEN.EXE	0x80012a10	0x1210	0x4	pointer	ghidra-defined		pointer	Ghidra-12.0.4/ghidra_psx_ldr-2026.07.08	machine-assisted WIP datum
OPEN.EXE	0x80012a14	0x1214	0x4	pointer	ghidra-defined		pointer	Ghidra-12.0.4/ghidra_psx_ldr-2026.07.08	machine-assisted WIP datum
OPEN.EXE	0x80012a18	0x1218	0x4	pointer	ghidra-defined		pointer	Ghidra-12.0.4/ghidra_psx_ldr-2026.07.08	machine-assisted WIP datum
OPEN.EXE	0x80012a1c	0x121c	0x4	pointer	ghidra-defined		pointer	Ghidra-12.0.4/ghidra_psx_ldr-2026.07.08	machine-assisted WIP datum
OPEN.EXE	0x80012a20	0x1220	0x4	pointer	ghidra-defined		pointer	Ghidra-12.0.4/ghidra_psx_ldr-2026.07.08	machine-assisted WIP datum
OPEN.EXE	0x80012a24	0x1224	0x4	pointer	ghidra-defined		pointer	Ghidra-12.0.4/ghidra_psx_ldr-2026.07.08	machine-assisted WIP datum
OPEN.EXE	0x80012a28	0x1228	0x4	pointer	ghidra-defined		pointer	Ghidra-12.0.4/ghidra_psx_ldr-2026.07.08	machine-assisted WIP datum
OPEN.EXE	0x80012a2c	0x122c	0x4	pointer	ghidra-defined		pointer	Ghidra-12.0.4/ghidra_psx_ldr-2026.07.08	machine-assisted WIP datum
OPEN.EXE	0x80012a30	0x1230	0x4	pointer	ghidra-defined		pointer	Ghidra-12.0.4/ghidra_psx_ldr-2026.07.08	machine-assisted WIP datum
OPEN.EXE	0x80012a34	0x1234	0x4	pointer	ghidra-defined		pointer	Ghidra-12.0.4/ghidra_psx_ldr-2026.07.08	machine-assisted WIP datum
OPEN.EXE	0x80012a38	0x1238	0x4	pointer	ghidra-defined		pointer	Ghidra-12.0.4/ghidra_psx_ldr-2026.07.08	machine-assisted WIP datum
OPEN.EXE	0x80012a3c	0x123c	0x4	pointer	ghidra-defined		pointer	Ghidra-12.0.4/ghidra_psx_ldr-2026.07.08	machine-assisted WIP datum
OPEN.EXE	0x80012a40	0x1240	0x4	pointer	ghidra-defined		pointer	Ghidra-12.0.4/ghidra_psx_ldr-2026.07.08	machine-assisted WIP datum
OPEN.EXE	0x80012a44	0x1244	0x4	pointer	ghidra-defined		pointer	Ghidra-12.0.4/ghidra_psx_ldr-2026.07.08	machine-assisted WIP datum
OPEN.EXE	0x80012a48	0x1248	0x4	pointer	ghidra-defined		pointer	Ghidra-12.0.4/ghidra_psx_ldr-2026.07.08	machine-assisted WIP datum
OPEN.EXE	0x80012a4c	0x124c	0x4	pointer	ghidra-defined		pointer	Ghidra-12.0.4/ghidra_psx_ldr-2026.07.08	machine-assisted WIP datum
OPEN.EXE	0x80012a50	0x1250	0x4	pointer	ghidra-defined		pointer	Ghidra-12.0.4/ghidra_psx_ldr-2026.07.08	machine-assisted WIP datum
OPEN.EXE	0x80012a54	0x1254	0x4	pointer	ghidra-defined		pointer	Ghidra-12.0.4/ghidra_psx_ldr-2026.07.08	machine-assisted WIP datum
OPEN.EXE	0x80012a58	0x1258	0x4	pointer	ghidra-defined		pointer	Ghidra-12.0.4/ghidra_psx_ldr-2026.07.08	machine-assisted WIP datum
OPEN.EXE	0x80012a5c	0x125c	0x4	pointer	ghidra-defined		pointer	Ghidra-12.0.4/ghidra_psx_ldr-2026.07.08	machine-assisted WIP datum
OPEN.EXE	0x80012a60	0x1260	0x4	pointer	ghidra-defined		pointer	Ghidra-12.0.4/ghidra_psx_ldr-2026.07.08	machine-assisted WIP datum
OPEN.EXE	0x80012a64	0x1264	0x4	pointer	ghidra-defined		pointer	Ghidra-12.0.4/ghidra_psx_ldr-2026.07.08	machine-assisted WIP datum
OPEN.EXE	0x80012a68	0x1268	0x4	pointer	ghidra-defined		pointer	Ghidra-12.0.4/ghidra_psx_ldr-2026.07.08	machine-assisted WIP datum
OPEN.EXE	0x80012a6c	0x126c	0x4	pointer	ghidra-defined		pointer	Ghidra-12.0.4/ghidra_psx_ldr-2026.07.08	machine-assisted WIP datum
OPEN.EXE	0x80012a70	0x1270	0x4	pointer	ghidra-defined		pointer	Ghidra-12.0.4/ghidra_psx_ldr-2026.07.08	machine-assisted WIP datum
OPEN.EXE	0x80012a74	0x1274	0x4	pointer	ghidra-defined		pointer	Ghidra-12.0.4/ghidra_psx_ldr-2026.07.08	machine-assisted WIP datum
OPEN.EXE	0x80012a78	0x1278	0x4	pointer	ghidra-defined		pointer	Ghidra-12.0.4/ghidra_psx_ldr-2026.07.08	machine-assisted WIP datum
OPEN.EXE	0x80012a7c	0x127c	0x4	pointer	ghidra-defined		pointer	Ghidra-12.0.4/ghidra_psx_ldr-2026.07.08	machine-assisted WIP datum
OPEN.EXE	0x80012a80	0x1280	0x4	pointer	ghidra-defined		pointer	Ghidra-12.0.4/ghidra_psx_ldr-2026.07.08	machine-assisted WIP datum
OPEN.EXE	0x80012a84	0x1284	0x4	pointer	ghidra-defined		pointer	Ghidra-12.0.4/ghidra_psx_ldr-2026.07.08	machine-assisted WIP datum
OPEN.EXE	0x80012a88	0x1288	0x4	pointer	ghidra-defined		pointer	Ghidra-12.0.4/ghidra_psx_ldr-2026.07.08	machine-assisted WIP datum
OPEN.EXE	0x80012a8c	0x128c	0x4	pointer	ghidra-defined		pointer	Ghidra-12.0.4/ghidra_psx_ldr-2026.07.08	machine-assisted WIP datum
OPEN.EXE	0x80012a90	0x1290	0x4	pointer	ghidra-defined		pointer	Ghidra-12.0.4/ghidra_psx_ldr-2026.07.08	machine-assisted WIP datum
OPEN.EXE	0x80012a94	0x1294	0x4	pointer	ghidra-defined		pointer	Ghidra-12.0.4/ghidra_psx_ldr-2026.07.08	machine-assisted WIP datum
OPEN.EXE	0x80012a98	0x1298	0x4	pointer	ghidra-defined		pointer	Ghidra-12.0.4/ghidra_psx_ldr-2026.07.08	machine-assisted WIP datum
OPEN.EXE	0x80012a9c	0x129c	0x4	pointer	ghidra-defined		pointer	Ghidra-12.0.4/ghidra_psx_ldr-2026.07.08	machine-assisted WIP datum
OPEN.EXE	0x80012aa0	0x12a0	0x4	pointer	ghidra-defined		pointer	Ghidra-12.0.4/ghidra_psx_ldr-2026.07.08	machine-assisted WIP datum
OPEN.EXE	0x80012aa4	0x12a4	0x4	pointer	ghidra-defined		pointer	Ghidra-12.0.4/ghidra_psx_ldr-2026.07.08	machine-assisted WIP datum
OPEN.EXE	0x80012aa8	0x12a8	0x4	pointer	ghidra-defined		pointer	Ghidra-12.0.4/ghidra_psx_ldr-2026.07.08	machine-assisted WIP datum
OPEN.EXE	0x80012aac	0x12ac	0x4	pointer	ghidra-defined		pointer	Ghidra-12.0.4/ghidra_psx_ldr-2026.07.08	machine-assisted WIP datum
OPEN.EXE	0x80012ab0	0x12b0	0x4	pointer	ghidra-defined		pointer	Ghidra-12.0.4/ghidra_psx_ldr-2026.07.08	machine-assisted WIP datum
OPEN.EXE	0x80012ab4	0x12b4	0x4	pointer	ghidra-defined		pointer	Ghidra-12.0.4/ghidra_psx_ldr-2026.07.08	machine-assisted WIP datum
OPEN.EXE	0x80012ab8	0x12b8	0x4	pointer	ghidra-defined		pointer	Ghidra-12.0.4/ghidra_psx_ldr-2026.07.08	machine-assisted WIP datum
OPEN.EXE	0x80012abc	0x12bc	0x4	pointer	ghidra-defined		pointer	Ghidra-12.0.4/ghidra_psx_ldr-2026.07.08	machine-assisted WIP datum
OPEN.EXE	0x80012ac0	0x12c0	0x4	pointer	ghidra-defined		pointer	Ghidra-12.0.4/ghidra_psx_ldr-2026.07.08	machine-assisted WIP datum
OPEN.EXE	0x80012ac4	0x12c4	0x4	pointer	ghidra-defined		pointer	Ghidra-12.0.4/ghidra_psx_ldr-2026.07.08	machine-assisted WIP datum
OPEN.EXE	0x80012ac8	0x12c8	0x4	pointer	ghidra-defined		pointer	Ghidra-12.0.4/ghidra_psx_ldr-2026.07.08	machine-assisted WIP datum
OPEN.EXE	0x80012acc	0x12cc	0x4	pointer	ghidra-defined		pointer	Ghidra-12.0.4/ghidra_psx_ldr-2026.07.08	machine-assisted WIP datum
OPEN.EXE	0x80012ad0	0x12d0	0x4	pointer	ghidra-defined		pointer	Ghidra-12.0.4/ghidra_psx_ldr-2026.07.08	machine-assisted WIP datum
OPEN.EXE	0x80012ad4	0x12d4	0x4	pointer	ghidra-defined		pointer	Ghidra-12.0.4/ghidra_psx_ldr-2026.07.08	machine-assisted WIP datum
OPEN.EXE	0x80012ad8	0x12d8	0x4	pointer	ghidra-defined		pointer	Ghidra-12.0.4/ghidra_psx_ldr-2026.07.08	machine-assisted WIP datum
OPEN.EXE	0x80012adc	0x12dc	0x4	pointer	ghidra-defined		pointer	Ghidra-12.0.4/ghidra_psx_ldr-2026.07.08	machine-assisted WIP datum
OPEN.EXE	0x80012ae0	0x12e0	0x4	pointer	ghidra-defined		pointer	Ghidra-12.0.4/ghidra_psx_ldr-2026.07.08	machine-assisted WIP datum
OPEN.EXE	0x80012ae4	0x12e4	0x4	pointer	ghidra-defined		pointer	Ghidra-12.0.4/ghidra_psx_ldr-2026.07.08	machine-assisted WIP datum
OPEN.EXE	0x80012ae8	0x12e8	0x4	pointer	ghidra-defined		pointer	Ghidra-12.0.4/ghidra_psx_ldr-2026.07.08	machine-assisted WIP datum
OPEN.EXE	0x80012aec	0x12ec	0x4	pointer	ghidra-defined		pointer	Ghidra-12.0.4/ghidra_psx_ldr-2026.07.08	machine-assisted WIP datum
OPEN.EXE	0x80012af0	0x12f0	0x4	pointer	ghidra-defined		pointer	Ghidra-12.0.4/ghidra_psx_ldr-2026.07.08	machine-assisted WIP datum
OPEN.EXE	0x80012af4	0x12f4	0x4	pointer	ghidra-defined		pointer	Ghidra-12.0.4/ghidra_psx_ldr-2026.07.08	machine-assisted WIP datum
OPEN.EXE	0x80012af8	0x12f8	0x4	pointer	ghidra-defined		pointer	Ghidra-12.0.4/ghidra_psx_ldr-2026.07.08	machine-assisted WIP datum
OPEN.EXE	0x80012afc	0x12fc	0x4	pointer	ghidra-defined		pointer	Ghidra-12.0.4/ghidra_psx_ldr-2026.07.08	machine-assisted WIP datum
OPEN.EXE	0x80012b00	0x1300	0x4	pointer	ghidra-defined		pointer	Ghidra-12.0.4/ghidra_psx_ldr-2026.07.08	machine-assisted WIP datum
OPEN.EXE	0x80012b04	0x1304	0x4	pointer	ghidra-defined		pointer	Ghidra-12.0.4/ghidra_psx_ldr-2026.07.08	machine-assisted WIP datum
OPEN.EXE	0x80012b08	0x1308	0x4	pointer	ghidra-defined		pointer	Ghidra-12.0.4/ghidra_psx_ldr-2026.07.08	machine-assisted WIP datum
OPEN.EXE	0x80012b0c	0x130c	0x4	pointer	ghidra-defined		pointer	Ghidra-12.0.4/ghidra_psx_ldr-2026.07.08	machine-assisted WIP datum
OPEN.EXE	0x80012b10	0x1310	0x4	pointer	ghidra-defined		pointer	Ghidra-12.0.4/ghidra_psx_ldr-2026.07.08	machine-assisted WIP datum
OPEN.EXE	0x80012b14	0x1314	0x4	pointer	ghidra-defined		pointer	Ghidra-12.0.4/ghidra_psx_ldr-2026.07.08	machine-assisted WIP datum
OPEN.EXE	0x80012b18	0x1318	0x4	pointer	ghidra-defined		pointer	Ghidra-12.0.4/ghidra_psx_ldr-2026.07.08	machine-assisted WIP datum
OPEN.EXE	0x80012b1c	0x131c	0x4	pointer	ghidra-defined		pointer	Ghidra-12.0.4/ghidra_psx_ldr-2026.07.08	machine-assisted WIP datum
OPEN.EXE	0x80012b20	0x1320	0x4	pointer	ghidra-defined		pointer	Ghidra-12.0.4/ghidra_psx_ldr-2026.07.08	machine-assisted WIP datum
OPEN.EXE	0x80012b24	0x1324	0x4	pointer	ghidra-defined		pointer	Ghidra-12.0.4/ghidra_psx_ldr-2026.07.08	machine-assisted WIP datum
OPEN.EXE	0x80012b28	0x1328	0x4	pointer	ghidra-defined		pointer	Ghidra-12.0.4/ghidra_psx_ldr-2026.07.08	machine-assisted WIP datum
OPEN.EXE	0x80012b2c	0x132c	0x4	pointer	ghidra-defined		pointer	Ghidra-12.0.4/ghidra_psx_ldr-2026.07.08	machine-assisted WIP datum
OPEN.EXE	0x80012b30	0x1330	0x4	pointer	ghidra-defined		pointer	Ghidra-12.0.4/ghidra_psx_ldr-2026.07.08	machine-assisted WIP datum
OPEN.EXE	0x80012b34	0x1334	0x4	pointer	ghidra-defined		pointer	Ghidra-12.0.4/ghidra_psx_ldr-2026.07.08	machine-assisted WIP datum
OPEN.EXE	0x80012b38	0x1338	0x4	pointer	ghidra-defined		pointer	Ghidra-12.0.4/ghidra_psx_ldr-2026.07.08	machine-assisted WIP datum
OPEN.EXE	0x80012b3c	0x133c	0x4	pointer	ghidra-defined		pointer	Ghidra-12.0.4/ghidra_psx_ldr-2026.07.08	machine-assisted WIP datum
OPEN.EXE	0x80012b40	0x1340	0x4	pointer	ghidra-defined		pointer	Ghidra-12.0.4/ghidra_psx_ldr-2026.07.08	machine-assisted WIP datum
OPEN.EXE	0x80012b44	0x1344	0x4	pointer	ghidra-defined		pointer	Ghidra-12.0.4/ghidra_psx_ldr-2026.07.08	machine-assisted WIP datum
OPEN.EXE	0x80012b48	0x1348	0x4	pointer	ghidra-defined		pointer	Ghidra-12.0.4/ghidra_psx_ldr-2026.07.08	machine-assisted WIP datum
OPEN.EXE	0x80012b4c	0x134c	0x4	pointer	ghidra-defined		pointer	Ghidra-12.0.4/ghidra_psx_ldr-2026.07.08	machine-assisted WIP datum
OPEN.EXE	0x80012b50	0x1350	0x4	pointer	ghidra-defined		pointer	Ghidra-12.0.4/ghidra_psx_ldr-2026.07.08	machine-assisted WIP datum
OPEN.EXE	0x80012b54	0x1354	0x4	pointer	ghidra-defined		pointer	Ghidra-12.0.4/ghidra_psx_ldr-2026.07.08	machine-assisted WIP datum
OPEN.EXE	0x80012b58	0x1358	0x4	pointer	ghidra-defined		pointer	Ghidra-12.0.4/ghidra_psx_ldr-2026.07.08	machine-assisted WIP datum
OPEN.EXE	0x80012b5c	0x135c	0x4	pointer	ghidra-defined		pointer	Ghidra-12.0.4/ghidra_psx_ldr-2026.07.08	machine-assisted WIP datum
OPEN.EXE	0x80012b60	0x1360	0x4	pointer	ghidra-defined		pointer	Ghidra-12.0.4/ghidra_psx_ldr-2026.07.08	machine-assisted WIP datum
OPEN.EXE	0x80012b64	0x1364	0x4	pointer	ghidra-defined		pointer	Ghidra-12.0.4/ghidra_psx_ldr-2026.07.08	machine-assisted WIP datum
OPEN.EXE	0x80012b68	0x1368	0x4	pointer	ghidra-defined		pointer	Ghidra-12.0.4/ghidra_psx_ldr-2026.07.08	machine-assisted WIP datum
OPEN.EXE	0x80012b6c	0x136c	0x4	pointer	ghidra-defined		pointer	Ghidra-12.0.4/ghidra_psx_ldr-2026.07.08	machine-assisted WIP datum
OPEN.EXE	0x80012b70	0x1370	0x4	pointer	ghidra-defined		pointer	Ghidra-12.0.4/ghidra_psx_ldr-2026.07.08	machine-assisted WIP datum
OPEN.EXE	0x80012b74	0x1374	0x4	pointer	ghidra-defined		pointer	Ghidra-12.0.4/ghidra_psx_ldr-2026.07.08	machine-assisted WIP datum
OPEN.EXE	0x80012b78	0x1378	0x4	pointer	ghidra-defined		pointer	Ghidra-12.0.4/ghidra_psx_ldr-2026.07.08	machine-assisted WIP datum
OPEN.EXE	0x80012b7c	0x137c	0x4	pointer	ghidra-defined		pointer	Ghidra-12.0.4/ghidra_psx_ldr-2026.07.08	machine-assisted WIP datum
OPEN.EXE	0x80012b80	0x1380	0x4	pointer	ghidra-defined		pointer	Ghidra-12.0.4/ghidra_psx_ldr-2026.07.08	machine-assisted WIP datum
OPEN.EXE	0x80012b84	0x1384	0x4	pointer	ghidra-defined		pointer	Ghidra-12.0.4/ghidra_psx_ldr-2026.07.08	machine-assisted WIP datum
OPEN.EXE	0x80012b88	0x1388	0x4	pointer	ghidra-defined		pointer	Ghidra-12.0.4/ghidra_psx_ldr-2026.07.08	machine-assisted WIP datum
OPEN.EXE	0x80012b8c	0x138c	0x4	pointer	ghidra-defined		pointer	Ghidra-12.0.4/ghidra_psx_ldr-2026.07.08	machine-assisted WIP datum
OPEN.EXE	0x80012b90	0x1390	0x4	pointer	ghidra-defined		pointer	Ghidra-12.0.4/ghidra_psx_ldr-2026.07.08	machine-assisted WIP datum
OPEN.EXE	0x80012b94	0x1394	0x4	pointer	ghidra-defined		pointer	Ghidra-12.0.4/ghidra_psx_ldr-2026.07.08	machine-assisted WIP datum
OPEN.EXE	0x80012b98	0x1398	0x4	pointer	ghidra-defined		pointer	Ghidra-12.0.4/ghidra_psx_ldr-2026.07.08	machine-assisted WIP datum
OPEN.EXE	0x80012b9c	0x139c	0x4	pointer	ghidra-defined		pointer	Ghidra-12.0.4/ghidra_psx_ldr-2026.07.08	machine-assisted WIP datum
OPEN.EXE	0x80012ba0	0x13a0	0x4	pointer	ghidra-defined		pointer	Ghidra-12.0.4/ghidra_psx_ldr-2026.07.08	machine-assisted WIP datum
OPEN.EXE	0x80012ba4	0x13a4	0x4	pointer	ghidra-defined		pointer	Ghidra-12.0.4/ghidra_psx_ldr-2026.07.08	machine-assisted WIP datum
OPEN.EXE	0x80012ba8	0x13a8	0x4	pointer	ghidra-defined		pointer	Ghidra-12.0.4/ghidra_psx_ldr-2026.07.08	machine-assisted WIP datum
OPEN.EXE	0x80012bac	0x13ac	0x4	pointer	ghidra-defined		pointer	Ghidra-12.0.4/ghidra_psx_ldr-2026.07.08	machine-assisted WIP datum
OPEN.EXE	0x80012bb0	0x13b0	0x4	pointer	ghidra-defined		pointer	Ghidra-12.0.4/ghidra_psx_ldr-2026.07.08	machine-assisted WIP datum
OPEN.EXE	0x80012bb4	0x13b4	0x4	pointer	ghidra-defined		pointer	Ghidra-12.0.4/ghidra_psx_ldr-2026.07.08	machine-assisted WIP datum
OPEN.EXE	0x80012bb8	0x13b8	0x4	pointer	ghidra-defined		pointer	Ghidra-12.0.4/ghidra_psx_ldr-2026.07.08	machine-assisted WIP datum
OPEN.EXE	0x80012bbc	0x13bc	0x4	pointer	ghidra-defined		pointer	Ghidra-12.0.4/ghidra_psx_ldr-2026.07.08	machine-assisted WIP datum
OPEN.EXE	0x80012bc0	0x13c0	0x4	pointer	ghidra-defined		pointer	Ghidra-12.0.4/ghidra_psx_ldr-2026.07.08	machine-assisted WIP datum
OPEN.EXE	0x80012bc4	0x13c4	0x4	pointer	ghidra-defined		pointer	Ghidra-12.0.4/ghidra_psx_ldr-2026.07.08	machine-assisted WIP datum
OPEN.EXE	0x80012bc8	0x13c8	0x4	pointer	ghidra-defined		pointer	Ghidra-12.0.4/ghidra_psx_ldr-2026.07.08	machine-assisted WIP datum
OPEN.EXE	0x80012bcc	0x13cc	0x4	pointer	ghidra-defined		pointer	Ghidra-12.0.4/ghidra_psx_ldr-2026.07.08	machine-assisted WIP datum
OPEN.EXE	0x80012bd0	0x13d0	0x4	pointer	ghidra-defined		pointer	Ghidra-12.0.4/ghidra_psx_ldr-2026.07.08	machine-assisted WIP datum
OPEN.EXE	0x80012bd4	0x13d4	0x4	pointer	ghidra-defined		pointer	Ghidra-12.0.4/ghidra_psx_ldr-2026.07.08	machine-assisted WIP datum
OPEN.EXE	0x80012bd8	0x13d8	0x4	pointer	ghidra-defined		pointer	Ghidra-12.0.4/ghidra_psx_ldr-2026.07.08	machine-assisted WIP datum
OPEN.EXE	0x80012bdc	0x13dc	0x4	pointer	ghidra-defined		pointer	Ghidra-12.0.4/ghidra_psx_ldr-2026.07.08	machine-assisted WIP datum
OPEN.EXE	0x80012be0	0x13e0	0x4	pointer	ghidra-defined		pointer	Ghidra-12.0.4/ghidra_psx_ldr-2026.07.08	machine-assisted WIP datum
OPEN.EXE	0x80012be4	0x13e4	0x4	pointer	ghidra-defined		pointer	Ghidra-12.0.4/ghidra_psx_ldr-2026.07.08	machine-assisted WIP datum
OPEN.EXE	0x80012be8	0x13e8	0x4	pointer	ghidra-defined		pointer	Ghidra-12.0.4/ghidra_psx_ldr-2026.07.08	machine-assisted WIP datum
OPEN.EXE	0x80012bec	0x13ec	0x4	pointer	ghidra-defined		pointer	Ghidra-12.0.4/ghidra_psx_ldr-2026.07.08	machine-assisted WIP datum
OPEN.EXE	0x80012bf0	0x13f0	0x4	pointer	ghidra-defined		pointer	Ghidra-12.0.4/ghidra_psx_ldr-2026.07.08	machine-assisted WIP datum
OPEN.EXE	0x80012bf4	0x13f4	0x4	pointer	ghidra-defined		pointer	Ghidra-12.0.4/ghidra_psx_ldr-2026.07.08	machine-assisted WIP datum
OPEN.EXE	0x80012bf8	0x13f8	0x4	pointer	ghidra-defined		pointer	Ghidra-12.0.4/ghidra_psx_ldr-2026.07.08	machine-assisted WIP datum
OPEN.EXE	0x80012bfc	0x13fc	0x4	pointer	ghidra-defined		pointer	Ghidra-12.0.4/ghidra_psx_ldr-2026.07.08	machine-assisted WIP datum
OPEN.EXE	0x80012c00	0x1400	0x4	pointer	ghidra-defined		pointer	Ghidra-12.0.4/ghidra_psx_ldr-2026.07.08	machine-assisted WIP datum
OPEN.EXE	0x80012c04	0x1404	0x4	pointer	ghidra-defined		pointer	Ghidra-12.0.4/ghidra_psx_ldr-2026.07.08	machine-assisted WIP datum
OPEN.EXE	0x80012c08	0x1408	0x4	pointer	ghidra-defined		pointer	Ghidra-12.0.4/ghidra_psx_ldr-2026.07.08	machine-assisted WIP datum
OPEN.EXE	0x80012c0c	0x140c	0x4	pointer	ghidra-defined		pointer	Ghidra-12.0.4/ghidra_psx_ldr-2026.07.08	machine-assisted WIP datum
OPEN.EXE	0x80012c10	0x1410	0x4	pointer	ghidra-defined		pointer	Ghidra-12.0.4/ghidra_psx_ldr-2026.07.08	machine-assisted WIP datum
OPEN.EXE	0x80012c14	0x1414	0x4	pointer	ghidra-defined		pointer	Ghidra-12.0.4/ghidra_psx_ldr-2026.07.08	machine-assisted WIP datum
OPEN.EXE	0x80012c18	0x1418	0x4	pointer	ghidra-defined		pointer	Ghidra-12.0.4/ghidra_psx_ldr-2026.07.08	machine-assisted WIP datum
OPEN.EXE	0x80012c1c	0x141c	0x4	pointer	ghidra-defined		pointer	Ghidra-12.0.4/ghidra_psx_ldr-2026.07.08	machine-assisted WIP datum
OPEN.EXE	0x80012c20	0x1420	0x4	pointer	ghidra-defined		pointer	Ghidra-12.0.4/ghidra_psx_ldr-2026.07.08	machine-assisted WIP datum
OPEN.EXE	0x80012c24	0x1424	0x4	pointer	ghidra-defined		pointer	Ghidra-12.0.4/ghidra_psx_ldr-2026.07.08	machine-assisted WIP datum
OPEN.EXE	0x80012c28	0x1428	0x4	pointer	ghidra-defined		pointer	Ghidra-12.0.4/ghidra_psx_ldr-2026.07.08	machine-assisted WIP datum
OPEN.EXE	0x80012c2c	0x142c	0x4	pointer	ghidra-defined		pointer	Ghidra-12.0.4/ghidra_psx_ldr-2026.07.08	machine-assisted WIP datum
OPEN.EXE	0x80012c30	0x1430	0x4	pointer	ghidra-defined		pointer	Ghidra-12.0.4/ghidra_psx_ldr-2026.07.08	machine-assisted WIP datum
OPEN.EXE	0x80012c34	0x1434	0x4	pointer	ghidra-defined		pointer	Ghidra-12.0.4/ghidra_psx_ldr-2026.07.08	machine-assisted WIP datum
OPEN.EXE	0x80012c38	0x1438	0x4	pointer	ghidra-defined		pointer	Ghidra-12.0.4/ghidra_psx_ldr-2026.07.08	machine-assisted WIP datum
OPEN.EXE	0x80012c3c	0x143c	0x4	pointer	ghidra-defined		pointer	Ghidra-12.0.4/ghidra_psx_ldr-2026.07.08	machine-assisted WIP datum
OPEN.EXE	0x80012c40	0x1440	0x4	pointer	ghidra-defined		pointer	Ghidra-12.0.4/ghidra_psx_ldr-2026.07.08	machine-assisted WIP datum
OPEN.EXE	0x80012c44	0x1444	0x4	pointer	ghidra-defined		pointer	Ghidra-12.0.4/ghidra_psx_ldr-2026.07.08	machine-assisted WIP datum
OPEN.EXE	0x80012c48	0x1448	0x4	pointer	ghidra-defined		pointer	Ghidra-12.0.4/ghidra_psx_ldr-2026.07.08	machine-assisted WIP datum
OPEN.EXE	0x80012c4c	0x144c	0x4	pointer	ghidra-defined		pointer	Ghidra-12.0.4/ghidra_psx_ldr-2026.07.08	machine-assisted WIP datum
OPEN.EXE	0x80012c50	0x1450	0x4	pointer	ghidra-defined		pointer	Ghidra-12.0.4/ghidra_psx_ldr-2026.07.08	machine-assisted WIP datum
OPEN.EXE	0x80012c54	0x1454	0x4	pointer	ghidra-defined		pointer	Ghidra-12.0.4/ghidra_psx_ldr-2026.07.08	machine-assisted WIP datum
OPEN.EXE	0x80012c58	0x1458	0x4	pointer	ghidra-defined		pointer	Ghidra-12.0.4/ghidra_psx_ldr-2026.07.08	machine-assisted WIP datum
OPEN.EXE	0x80012c5c	0x145c	0x4	pointer	ghidra-defined		pointer	Ghidra-12.0.4/ghidra_psx_ldr-2026.07.08	machine-assisted WIP datum
OPEN.EXE	0x80012c60	0x1460	0x4	pointer	ghidra-defined		pointer	Ghidra-12.0.4/ghidra_psx_ldr-2026.07.08	machine-assisted WIP datum
OPEN.EXE	0x80012c64	0x1464	0x4	pointer	ghidra-defined		pointer	Ghidra-12.0.4/ghidra_psx_ldr-2026.07.08	machine-assisted WIP datum
OPEN.EXE	0x80012c68	0x1468	0x4	pointer	ghidra-defined		pointer	Ghidra-12.0.4/ghidra_psx_ldr-2026.07.08	machine-assisted WIP datum
OPEN.EXE	0x80012c6c	0x146c	0x4	pointer	ghidra-defined		pointer	Ghidra-12.0.4/ghidra_psx_ldr-2026.07.08	machine-assisted WIP datum
OPEN.EXE	0x80012c70	0x1470	0x4	pointer	ghidra-defined		pointer	Ghidra-12.0.4/ghidra_psx_ldr-2026.07.08	machine-assisted WIP datum
OPEN.EXE	0x80012c74	0x1474	0x4	pointer	ghidra-defined		pointer	Ghidra-12.0.4/ghidra_psx_ldr-2026.07.08	machine-assisted WIP datum
OPEN.EXE	0x80012c78	0x1478	0x4	pointer	ghidra-defined		pointer	Ghidra-12.0.4/ghidra_psx_ldr-2026.07.08	machine-assisted WIP datum
OPEN.EXE	0x80012c7c	0x147c	0x4	pointer	ghidra-defined		pointer	Ghidra-12.0.4/ghidra_psx_ldr-2026.07.08	machine-assisted WIP datum
OPEN.EXE	0x80012c80	0x1480	0x4	pointer	ghidra-defined		pointer	Ghidra-12.0.4/ghidra_psx_ldr-2026.07.08	machine-assisted WIP datum
OPEN.EXE	0x80012c84	0x1484	0x4	pointer	ghidra-defined		pointer	Ghidra-12.0.4/ghidra_psx_ldr-2026.07.08	machine-assisted WIP datum
OPEN.EXE	0x80012c88	0x1488	0x4	pointer	ghidra-defined		pointer	Ghidra-12.0.4/ghidra_psx_ldr-2026.07.08	machine-assisted WIP datum
OPEN.EXE	0x80012c8c	0x148c	0x4	pointer	ghidra-defined		pointer	Ghidra-12.0.4/ghidra_psx_ldr-2026.07.08	machine-assisted WIP datum
OPEN.EXE	0x80012c90	0x1490	0x4	pointer	ghidra-defined		pointer	Ghidra-12.0.4/ghidra_psx_ldr-2026.07.08	machine-assisted WIP datum
OPEN.EXE	0x80012c94	0x1494	0x4	pointer	ghidra-defined		pointer	Ghidra-12.0.4/ghidra_psx_ldr-2026.07.08	machine-assisted WIP datum
OPEN.EXE	0x80012c98	0x1498	0x4	pointer	ghidra-defined		pointer	Ghidra-12.0.4/ghidra_psx_ldr-2026.07.08	machine-assisted WIP datum
OPEN.EXE	0x80012c9c	0x149c	0x4	pointer	ghidra-defined		pointer	Ghidra-12.0.4/ghidra_psx_ldr-2026.07.08	machine-assisted WIP datum
OPEN.EXE	0x80012ca0	0x14a0	0x4	pointer	ghidra-defined		pointer	Ghidra-12.0.4/ghidra_psx_ldr-2026.07.08	machine-assisted WIP datum
OPEN.EXE	0x80012ca4	0x14a4	0x4	pointer	ghidra-defined		pointer	Ghidra-12.0.4/ghidra_psx_ldr-2026.07.08	machine-assisted WIP datum
OPEN.EXE	0x80012ca8	0x14a8	0x4	pointer	ghidra-defined		pointer	Ghidra-12.0.4/ghidra_psx_ldr-2026.07.08	machine-assisted WIP datum
OPEN.EXE	0x80012cac	0x14ac	0x4	pointer	ghidra-defined		pointer	Ghidra-12.0.4/ghidra_psx_ldr-2026.07.08	machine-assisted WIP datum
OPEN.EXE	0x80012cb0	0x14b0	0x4	pointer	ghidra-defined		pointer	Ghidra-12.0.4/ghidra_psx_ldr-2026.07.08	machine-assisted WIP datum
OPEN.EXE	0x80012cb4	0x14b4	0x4	pointer	ghidra-defined		pointer	Ghidra-12.0.4/ghidra_psx_ldr-2026.07.08	machine-assisted WIP datum
OPEN.EXE	0x80012cb8	0x14b8	0x4	pointer	ghidra-defined		pointer	Ghidra-12.0.4/ghidra_psx_ldr-2026.07.08	machine-assisted WIP datum
OPEN.EXE	0x80012cbc	0x14bc	0x4	pointer	ghidra-defined		pointer	Ghidra-12.0.4/ghidra_psx_ldr-2026.07.08	machine-assisted WIP datum
OPEN.EXE	0x80012cc0	0x14c0	0x4	pointer	ghidra-defined		pointer	Ghidra-12.0.4/ghidra_psx_ldr-2026.07.08	machine-assisted WIP datum
OPEN.EXE	0x80012cc4	0x14c4	0x4	pointer	ghidra-defined		pointer	Ghidra-12.0.4/ghidra_psx_ldr-2026.07.08	machine-assisted WIP datum
OPEN.EXE	0x80012cc8	0x14c8	0x4	pointer	ghidra-defined		pointer	Ghidra-12.0.4/ghidra_psx_ldr-2026.07.08	machine-assisted WIP datum
OPEN.EXE	0x80012ccc	0x14cc	0x4	pointer	ghidra-defined		pointer	Ghidra-12.0.4/ghidra_psx_ldr-2026.07.08	machine-assisted WIP datum
OPEN.EXE	0x80012cd0	0x14d0	0x4	pointer	ghidra-defined		pointer	Ghidra-12.0.4/ghidra_psx_ldr-2026.07.08	machine-assisted WIP datum
OPEN.EXE	0x80012cd4	0x14d4	0x4	pointer	ghidra-defined		pointer	Ghidra-12.0.4/ghidra_psx_ldr-2026.07.08	machine-assisted WIP datum
OPEN.EXE	0x80012cd8	0x14d8	0x4	pointer	ghidra-defined		pointer	Ghidra-12.0.4/ghidra_psx_ldr-2026.07.08	machine-assisted WIP datum
OPEN.EXE	0x80012cdc	0x14dc	0x4	pointer	ghidra-defined		pointer	Ghidra-12.0.4/ghidra_psx_ldr-2026.07.08	machine-assisted WIP datum
OPEN.EXE	0x80012ce0	0x14e0	0x4	pointer	ghidra-defined		pointer	Ghidra-12.0.4/ghidra_psx_ldr-2026.07.08	machine-assisted WIP datum
OPEN.EXE	0x80012ce4	0x14e4	0x4	pointer	ghidra-defined		pointer	Ghidra-12.0.4/ghidra_psx_ldr-2026.07.08	machine-assisted WIP datum
OPEN.EXE	0x80012ce8	0x14e8	0x4	pointer	ghidra-defined		pointer	Ghidra-12.0.4/ghidra_psx_ldr-2026.07.08	machine-assisted WIP datum
OPEN.EXE	0x80012cec	0x14ec	0x4	pointer	ghidra-defined		pointer	Ghidra-12.0.4/ghidra_psx_ldr-2026.07.08	machine-assisted WIP datum
OPEN.EXE	0x80012cf0	0x14f0	0x4	pointer	ghidra-defined		pointer	Ghidra-12.0.4/ghidra_psx_ldr-2026.07.08	machine-assisted WIP datum
OPEN.EXE	0x80012cf4	0x14f4	0x4	pointer	ghidra-defined		pointer	Ghidra-12.0.4/ghidra_psx_ldr-2026.07.08	machine-assisted WIP datum
OPEN.EXE	0x80012cf8	0x14f8	0x4	pointer	ghidra-defined		pointer	Ghidra-12.0.4/ghidra_psx_ldr-2026.07.08	machine-assisted WIP datum
OPEN.EXE	0x80012cfc	0x14fc	0x4	pointer	ghidra-defined		pointer	Ghidra-12.0.4/ghidra_psx_ldr-2026.07.08	machine-assisted WIP datum
OPEN.EXE	0x80012d00	0x1500	0x4	pointer	ghidra-defined		pointer	Ghidra-12.0.4/ghidra_psx_ldr-2026.07.08	machine-assisted WIP datum
OPEN.EXE	0x80012d04	0x1504	0x4	pointer	ghidra-defined		pointer	Ghidra-12.0.4/ghidra_psx_ldr-2026.07.08	machine-assisted WIP datum
OPEN.EXE	0x80012d08	0x1508	0x4	pointer	ghidra-defined		pointer	Ghidra-12.0.4/ghidra_psx_ldr-2026.07.08	machine-assisted WIP datum
OPEN.EXE	0x80012d0c	0x150c	0x4	pointer	ghidra-defined		pointer	Ghidra-12.0.4/ghidra_psx_ldr-2026.07.08	machine-assisted WIP datum
OPEN.EXE	0x80012d10	0x1510	0x4	pointer	ghidra-defined		pointer	Ghidra-12.0.4/ghidra_psx_ldr-2026.07.08	machine-assisted WIP datum
OPEN.EXE	0x80012d14	0x1514	0x4	pointer	ghidra-defined		pointer	Ghidra-12.0.4/ghidra_psx_ldr-2026.07.08	machine-assisted WIP datum
OPEN.EXE	0x80012d18	0x1518	0x4	pointer	ghidra-defined		pointer	Ghidra-12.0.4/ghidra_psx_ldr-2026.07.08	machine-assisted WIP datum
OPEN.EXE	0x80012d1c	0x151c	0x4	pointer	ghidra-defined		pointer	Ghidra-12.0.4/ghidra_psx_ldr-2026.07.08	machine-assisted WIP datum
OPEN.EXE	0x80012d20	0x1520	0x4	pointer	ghidra-defined		pointer	Ghidra-12.0.4/ghidra_psx_ldr-2026.07.08	machine-assisted WIP datum
OPEN.EXE	0x80012d24	0x1524	0x4	pointer	ghidra-defined		pointer	Ghidra-12.0.4/ghidra_psx_ldr-2026.07.08	machine-assisted WIP datum
OPEN.EXE	0x80012d28	0x1528	0x4	pointer	ghidra-defined		pointer	Ghidra-12.0.4/ghidra_psx_ldr-2026.07.08	machine-assisted WIP datum
OPEN.EXE	0x80012d2c	0x152c	0x4	pointer	ghidra-defined		pointer	Ghidra-12.0.4/ghidra_psx_ldr-2026.07.08	machine-assisted WIP datum
OPEN.EXE	0x80012d30	0x1530	0x4	pointer	ghidra-defined		pointer	Ghidra-12.0.4/ghidra_psx_ldr-2026.07.08	machine-assisted WIP datum
OPEN.EXE	0x80012d34	0x1534	0x4	pointer	ghidra-defined		pointer	Ghidra-12.0.4/ghidra_psx_ldr-2026.07.08	machine-assisted WIP datum
OPEN.EXE	0x80012d38	0x1538	0x4	pointer	ghidra-defined		pointer	Ghidra-12.0.4/ghidra_psx_ldr-2026.07.08	machine-assisted WIP datum
OPEN.EXE	0x80012d3c	0x153c	0x4	pointer	ghidra-defined		pointer	Ghidra-12.0.4/ghidra_psx_ldr-2026.07.08	machine-assisted WIP datum
OPEN.EXE	0x80012d40	0x1540	0x4	pointer	ghidra-defined		pointer	Ghidra-12.0.4/ghidra_psx_ldr-2026.07.08	machine-assisted WIP datum
OPEN.EXE	0x80012d44	0x1544	0x4	pointer	ghidra-defined		pointer	Ghidra-12.0.4/ghidra_psx_ldr-2026.07.08	machine-assisted WIP datum
OPEN.EXE	0x80012d48	0x1548	0x4	pointer	ghidra-defined		pointer	Ghidra-12.0.4/ghidra_psx_ldr-2026.07.08	machine-assisted WIP datum
OPEN.EXE	0x80012d4c	0x154c	0x4	pointer	ghidra-defined		pointer	Ghidra-12.0.4/ghidra_psx_ldr-2026.07.08	machine-assisted WIP datum
OPEN.EXE	0x80012d50	0x1550	0x4	pointer	ghidra-defined		pointer	Ghidra-12.0.4/ghidra_psx_ldr-2026.07.08	machine-assisted WIP datum
OPEN.EXE	0x80012d54	0x1554	0x4	pointer	ghidra-defined		pointer	Ghidra-12.0.4/ghidra_psx_ldr-2026.07.08	machine-assisted WIP datum
OPEN.EXE	0x80012d58	0x1558	0x4	pointer	ghidra-defined		pointer	Ghidra-12.0.4/ghidra_psx_ldr-2026.07.08	machine-assisted WIP datum
OPEN.EXE	0x80012d5c	0x155c	0x4	pointer	ghidra-defined		pointer	Ghidra-12.0.4/ghidra_psx_ldr-2026.07.08	machine-assisted WIP datum
OPEN.EXE	0x80012d60	0x1560	0x4	pointer	ghidra-defined		pointer	Ghidra-12.0.4/ghidra_psx_ldr-2026.07.08	machine-assisted WIP datum
OPEN.EXE	0x80012d64	0x1564	0x4	pointer	ghidra-defined		pointer	Ghidra-12.0.4/ghidra_psx_ldr-2026.07.08	machine-assisted WIP datum
OPEN.EXE	0x80012d68	0x1568	0x4	pointer	ghidra-defined		pointer	Ghidra-12.0.4/ghidra_psx_ldr-2026.07.08	machine-assisted WIP datum
OPEN.EXE	0x80012d6c	0x156c	0x4	pointer	ghidra-defined		pointer	Ghidra-12.0.4/ghidra_psx_ldr-2026.07.08	machine-assisted WIP datum
OPEN.EXE	0x80012d70	0x1570	0x4	pointer	ghidra-defined		pointer	Ghidra-12.0.4/ghidra_psx_ldr-2026.07.08	machine-assisted WIP datum
OPEN.EXE	0x80012d74	0x1574	0x4	pointer	ghidra-defined		pointer	Ghidra-12.0.4/ghidra_psx_ldr-2026.07.08	machine-assisted WIP datum
OPEN.EXE	0x80012d78	0x1578	0x4	pointer	ghidra-defined		pointer	Ghidra-12.0.4/ghidra_psx_ldr-2026.07.08	machine-assisted WIP datum
OPEN.EXE	0x80012d7c	0x157c	0x4	pointer	ghidra-defined		pointer	Ghidra-12.0.4/ghidra_psx_ldr-2026.07.08	machine-assisted WIP datum
OPEN.EXE	0x80012d80	0x1580	0x4	pointer	ghidra-defined		pointer	Ghidra-12.0.4/ghidra_psx_ldr-2026.07.08	machine-assisted WIP datum
OPEN.EXE	0x80012d84	0x1584	0x4	pointer	ghidra-defined		pointer	Ghidra-12.0.4/ghidra_psx_ldr-2026.07.08	machine-assisted WIP datum
OPEN.EXE	0x80012d88	0x1588	0x4	pointer	ghidra-defined		pointer	Ghidra-12.0.4/ghidra_psx_ldr-2026.07.08	machine-assisted WIP datum
OPEN.EXE	0x80012d8c	0x158c	0x4	pointer	ghidra-defined		pointer	Ghidra-12.0.4/ghidra_psx_ldr-2026.07.08	machine-assisted WIP datum
OPEN.EXE	0x80012d90	0x1590	0x4	pointer	ghidra-defined		pointer	Ghidra-12.0.4/ghidra_psx_ldr-2026.07.08	machine-assisted WIP datum
OPEN.EXE	0x80012d94	0x1594	0x4	pointer	ghidra-defined		pointer	Ghidra-12.0.4/ghidra_psx_ldr-2026.07.08	machine-assisted WIP datum
OPEN.EXE	0x80012d98	0x1598	0x4	pointer	ghidra-defined		pointer	Ghidra-12.0.4/ghidra_psx_ldr-2026.07.08	machine-assisted WIP datum
OPEN.EXE	0x80012d9c	0x159c	0x4	pointer	ghidra-defined		pointer	Ghidra-12.0.4/ghidra_psx_ldr-2026.07.08	machine-assisted WIP datum
OPEN.EXE	0x80012da0	0x15a0	0x4	pointer	ghidra-defined		pointer	Ghidra-12.0.4/ghidra_psx_ldr-2026.07.08	machine-assisted WIP datum
OPEN.EXE	0x80012da4	0x15a4	0x4	pointer	ghidra-defined		pointer	Ghidra-12.0.4/ghidra_psx_ldr-2026.07.08	machine-assisted WIP datum
OPEN.EXE	0x80012da8	0x15a8	0x4	pointer	ghidra-defined		pointer	Ghidra-12.0.4/ghidra_psx_ldr-2026.07.08	machine-assisted WIP datum
OPEN.EXE	0x80012dac	0x15ac	0x4	pointer	ghidra-defined		pointer	Ghidra-12.0.4/ghidra_psx_ldr-2026.07.08	machine-assisted WIP datum
OPEN.EXE	0x80012db0	0x15b0	0x4	pointer	ghidra-defined		pointer	Ghidra-12.0.4/ghidra_psx_ldr-2026.07.08	machine-assisted WIP datum
OPEN.EXE	0x80012db4	0x15b4	0x4	pointer	ghidra-defined		pointer	Ghidra-12.0.4/ghidra_psx_ldr-2026.07.08	machine-assisted WIP datum
OPEN.EXE	0x80012db8	0x15b8	0x4	pointer	ghidra-defined		pointer	Ghidra-12.0.4/ghidra_psx_ldr-2026.07.08	machine-assisted WIP datum
OPEN.EXE	0x80012dbc	0x15bc	0x4	pointer	ghidra-defined		pointer	Ghidra-12.0.4/ghidra_psx_ldr-2026.07.08	machine-assisted WIP datum
OPEN.EXE	0x80012dc0	0x15c0	0x4	pointer	ghidra-defined		pointer	Ghidra-12.0.4/ghidra_psx_ldr-2026.07.08	machine-assisted WIP datum
OPEN.EXE	0x80012dc4	0x15c4	0x4	pointer	ghidra-defined		pointer	Ghidra-12.0.4/ghidra_psx_ldr-2026.07.08	machine-assisted WIP datum
OPEN.EXE	0x80012dc8	0x15c8	0x4	pointer	ghidra-defined		pointer	Ghidra-12.0.4/ghidra_psx_ldr-2026.07.08	machine-assisted WIP datum
OPEN.EXE	0x80012dcc	0x15cc	0x4	pointer	ghidra-defined		pointer	Ghidra-12.0.4/ghidra_psx_ldr-2026.07.08	machine-assisted WIP datum
OPEN.EXE	0x80012dd0	0x15d0	0x4	pointer	ghidra-defined		pointer	Ghidra-12.0.4/ghidra_psx_ldr-2026.07.08	machine-assisted WIP datum
OPEN.EXE	0x80012dd4	0x15d4	0x4	pointer	ghidra-defined		pointer	Ghidra-12.0.4/ghidra_psx_ldr-2026.07.08	machine-assisted WIP datum
OPEN.EXE	0x80012dd8	0x15d8	0x4	pointer	ghidra-defined		pointer	Ghidra-12.0.4/ghidra_psx_ldr-2026.07.08	machine-assisted WIP datum
OPEN.EXE	0x80012ddc	0x15dc	0x4	pointer	ghidra-defined		pointer	Ghidra-12.0.4/ghidra_psx_ldr-2026.07.08	machine-assisted WIP datum
OPEN.EXE	0x80012de0	0x15e0	0x4	pointer	ghidra-defined		pointer	Ghidra-12.0.4/ghidra_psx_ldr-2026.07.08	machine-assisted WIP datum
OPEN.EXE	0x80012de4	0x15e4	0x4	pointer	ghidra-defined		pointer	Ghidra-12.0.4/ghidra_psx_ldr-2026.07.08	machine-assisted WIP datum
OPEN.EXE	0x80012de8	0x15e8	0x4	pointer	ghidra-defined		pointer	Ghidra-12.0.4/ghidra_psx_ldr-2026.07.08	machine-assisted WIP datum
OPEN.EXE	0x80012dec	0x15ec	0x4	pointer	ghidra-defined		pointer	Ghidra-12.0.4/ghidra_psx_ldr-2026.07.08	machine-assisted WIP datum
OPEN.EXE	0x80012df0	0x15f0	0x4	pointer	ghidra-defined		pointer	Ghidra-12.0.4/ghidra_psx_ldr-2026.07.08	machine-assisted WIP datum
OPEN.EXE	0x80012df4	0x15f4	0x4	pointer	ghidra-defined		pointer	Ghidra-12.0.4/ghidra_psx_ldr-2026.07.08	machine-assisted WIP datum
OPEN.EXE	0x80012df8	0x15f8	0x4	pointer	ghidra-defined		pointer	Ghidra-12.0.4/ghidra_psx_ldr-2026.07.08	machine-assisted WIP datum
OPEN.EXE	0x80012dfc	0x15fc	0x4	pointer	ghidra-defined		pointer	Ghidra-12.0.4/ghidra_psx_ldr-2026.07.08	machine-assisted WIP datum
OPEN.EXE	0x80012e00	0x1600	0x4	pointer	ghidra-defined		pointer	Ghidra-12.0.4/ghidra_psx_ldr-2026.07.08	machine-assisted WIP datum
OPEN.EXE	0x80012e04	0x1604	0x4	pointer	ghidra-defined		pointer	Ghidra-12.0.4/ghidra_psx_ldr-2026.07.08	machine-assisted WIP datum
OPEN.EXE	0x80012e08	0x1608	0x4	pointer	ghidra-defined		pointer	Ghidra-12.0.4/ghidra_psx_ldr-2026.07.08	machine-assisted WIP datum
OPEN.EXE	0x80012e0c	0x160c	0x4	pointer	ghidra-defined		pointer	Ghidra-12.0.4/ghidra_psx_ldr-2026.07.08	machine-assisted WIP datum
OPEN.EXE	0x80012e10	0x1610	0x4	pointer	ghidra-defined		pointer	Ghidra-12.0.4/ghidra_psx_ldr-2026.07.08	machine-assisted WIP datum
OPEN.EXE	0x80012e14	0x1614	0x4	pointer	ghidra-defined		pointer	Ghidra-12.0.4/ghidra_psx_ldr-2026.07.08	machine-assisted WIP datum
OPEN.EXE	0x80012e18	0x1618	0x4	pointer	ghidra-defined		pointer	Ghidra-12.0.4/ghidra_psx_ldr-2026.07.08	machine-assisted WIP datum
OPEN.EXE	0x80012e1c	0x161c	0x4	pointer	ghidra-defined		pointer	Ghidra-12.0.4/ghidra_psx_ldr-2026.07.08	machine-assisted WIP datum
OPEN.EXE	0x80012e20	0x1620	0x4	pointer	ghidra-defined		pointer	Ghidra-12.0.4/ghidra_psx_ldr-2026.07.08	machine-assisted WIP datum
OPEN.EXE	0x80012e24	0x1624	0x4	pointer	ghidra-defined		pointer	Ghidra-12.0.4/ghidra_psx_ldr-2026.07.08	machine-assisted WIP datum
OPEN.EXE	0x80012e28	0x1628	0x4	pointer	ghidra-defined		pointer	Ghidra-12.0.4/ghidra_psx_ldr-2026.07.08	machine-assisted WIP datum
OPEN.EXE	0x80012e2c	0x162c	0x4	pointer	ghidra-defined		pointer	Ghidra-12.0.4/ghidra_psx_ldr-2026.07.08	machine-assisted WIP datum
OPEN.EXE	0x80012e30	0x1630	0x4	pointer	ghidra-defined		pointer	Ghidra-12.0.4/ghidra_psx_ldr-2026.07.08	machine-assisted WIP datum
OPEN.EXE	0x80012e34	0x1634	0x4	pointer	ghidra-defined		pointer	Ghidra-12.0.4/ghidra_psx_ldr-2026.07.08	machine-assisted WIP datum
OPEN.EXE	0x80012e38	0x1638	0x4	pointer	ghidra-defined		pointer	Ghidra-12.0.4/ghidra_psx_ldr-2026.07.08	machine-assisted WIP datum
OPEN.EXE	0x80012e3c	0x163c	0x4	pointer	ghidra-defined		pointer	Ghidra-12.0.4/ghidra_psx_ldr-2026.07.08	machine-assisted WIP datum
OPEN.EXE	0x80012e40	0x1640	0x4	pointer	ghidra-defined		pointer	Ghidra-12.0.4/ghidra_psx_ldr-2026.07.08	machine-assisted WIP datum
OPEN.EXE	0x80012e44	0x1644	0x4	pointer	ghidra-defined		pointer	Ghidra-12.0.4/ghidra_psx_ldr-2026.07.08	machine-assisted WIP datum
OPEN.EXE	0x80012e48	0x1648	0x4	pointer	ghidra-defined		pointer	Ghidra-12.0.4/ghidra_psx_ldr-2026.07.08	machine-assisted WIP datum
OPEN.EXE	0x80012e4c	0x164c	0x4	pointer	ghidra-defined		pointer	Ghidra-12.0.4/ghidra_psx_ldr-2026.07.08	machine-assisted WIP datum
OPEN.EXE	0x80012e50	0x1650	0x4	pointer	ghidra-defined		pointer	Ghidra-12.0.4/ghidra_psx_ldr-2026.07.08	machine-assisted WIP datum
OPEN.EXE	0x80012e54	0x1654	0x4	pointer	ghidra-defined		pointer	Ghidra-12.0.4/ghidra_psx_ldr-2026.07.08	machine-assisted WIP datum
OPEN.EXE	0x80012e58	0x1658	0x4	pointer	ghidra-defined		pointer	Ghidra-12.0.4/ghidra_psx_ldr-2026.07.08	machine-assisted WIP datum
OPEN.EXE	0x80012e5c	0x165c	0x4	pointer	ghidra-defined		pointer	Ghidra-12.0.4/ghidra_psx_ldr-2026.07.08	machine-assisted WIP datum
OPEN.EXE	0x80012e60	0x1660	0x4	pointer	ghidra-defined		pointer	Ghidra-12.0.4/ghidra_psx_ldr-2026.07.08	machine-assisted WIP datum
OPEN.EXE	0x80012e64	0x1664	0x4	pointer	ghidra-defined		pointer	Ghidra-12.0.4/ghidra_psx_ldr-2026.07.08	machine-assisted WIP datum
OPEN.EXE	0x80012e68	0x1668	0x4	pointer	ghidra-defined		pointer	Ghidra-12.0.4/ghidra_psx_ldr-2026.07.08	machine-assisted WIP datum
OPEN.EXE	0x80012e6c	0x166c	0x4	pointer	ghidra-defined		pointer	Ghidra-12.0.4/ghidra_psx_ldr-2026.07.08	machine-assisted WIP datum
OPEN.EXE	0x80012e70	0x1670	0x4	pointer	ghidra-defined		pointer	Ghidra-12.0.4/ghidra_psx_ldr-2026.07.08	machine-assisted WIP datum
OPEN.EXE	0x80012e74	0x1674	0x4	pointer	ghidra-defined		pointer	Ghidra-12.0.4/ghidra_psx_ldr-2026.07.08	machine-assisted WIP datum
OPEN.EXE	0x80012e78	0x1678	0x4	pointer	ghidra-defined		pointer	Ghidra-12.0.4/ghidra_psx_ldr-2026.07.08	machine-assisted WIP datum
OPEN.EXE	0x80012e7c	0x167c	0x4	pointer	ghidra-defined		pointer	Ghidra-12.0.4/ghidra_psx_ldr-2026.07.08	machine-assisted WIP datum
OPEN.EXE	0x80012e80	0x1680	0x4	pointer	ghidra-defined		pointer	Ghidra-12.0.4/ghidra_psx_ldr-2026.07.08	machine-assisted WIP datum
OPEN.EXE	0x80012e84	0x1684	0x4	pointer	ghidra-defined		pointer	Ghidra-12.0.4/ghidra_psx_ldr-2026.07.08	machine-assisted WIP datum
OPEN.EXE	0x80012e88	0x1688	0x4	pointer	ghidra-defined		pointer	Ghidra-12.0.4/ghidra_psx_ldr-2026.07.08	machine-assisted WIP datum
OPEN.EXE	0x80012e8c	0x168c	0x4	pointer	ghidra-defined		pointer	Ghidra-12.0.4/ghidra_psx_ldr-2026.07.08	machine-assisted WIP datum
OPEN.EXE	0x80012e90	0x1690	0x4	pointer	ghidra-defined		pointer	Ghidra-12.0.4/ghidra_psx_ldr-2026.07.08	machine-assisted WIP datum
OPEN.EXE	0x80012e94	0x1694	0x4	pointer	ghidra-defined		pointer	Ghidra-12.0.4/ghidra_psx_ldr-2026.07.08	machine-assisted WIP datum
OPEN.EXE	0x80012e98	0x1698	0x4	pointer	ghidra-defined		pointer	Ghidra-12.0.4/ghidra_psx_ldr-2026.07.08	machine-assisted WIP datum
OPEN.EXE	0x80012e9c	0x169c	0x4	pointer	ghidra-defined		pointer	Ghidra-12.0.4/ghidra_psx_ldr-2026.07.08	machine-assisted WIP datum
OPEN.EXE	0x80012ea0	0x16a0	0x4	pointer	ghidra-defined		pointer	Ghidra-12.0.4/ghidra_psx_ldr-2026.07.08	machine-assisted WIP datum
OPEN.EXE	0x80012ea4	0x16a4	0x4	pointer	ghidra-defined		pointer	Ghidra-12.0.4/ghidra_psx_ldr-2026.07.08	machine-assisted WIP datum
OPEN.EXE	0x80012ea8	0x16a8	0x4	pointer	ghidra-defined		pointer	Ghidra-12.0.4/ghidra_psx_ldr-2026.07.08	machine-assisted WIP datum
OPEN.EXE	0x80012eac	0x16ac	0x4	pointer	ghidra-defined		pointer	Ghidra-12.0.4/ghidra_psx_ldr-2026.07.08	machine-assisted WIP datum
OPEN.EXE	0x80012eb0	0x16b0	0x4	pointer	ghidra-defined		pointer	Ghidra-12.0.4/ghidra_psx_ldr-2026.07.08	machine-assisted WIP datum
OPEN.EXE	0x80012eb4	0x16b4	0x4	pointer	ghidra-defined		pointer	Ghidra-12.0.4/ghidra_psx_ldr-2026.07.08	machine-assisted WIP datum
OPEN.EXE	0x80012eb8	0x16b8	0x4	pointer	ghidra-defined		pointer	Ghidra-12.0.4/ghidra_psx_ldr-2026.07.08	machine-assisted WIP datum
OPEN.EXE	0x80012ebc	0x16bc	0x4	pointer	ghidra-defined		pointer	Ghidra-12.0.4/ghidra_psx_ldr-2026.07.08	machine-assisted WIP datum
OPEN.EXE	0x80012ec0	0x16c0	0x4	pointer	ghidra-defined		pointer	Ghidra-12.0.4/ghidra_psx_ldr-2026.07.08	machine-assisted WIP datum
OPEN.EXE	0x80012ec4	0x16c4	0x4	pointer	ghidra-defined		pointer	Ghidra-12.0.4/ghidra_psx_ldr-2026.07.08	machine-assisted WIP datum
OPEN.EXE	0x80012ec8	0x16c8	0x4	pointer	ghidra-defined		pointer	Ghidra-12.0.4/ghidra_psx_ldr-2026.07.08	machine-assisted WIP datum
OPEN.EXE	0x80012ecc	0x16cc	0x4	pointer	ghidra-defined		pointer	Ghidra-12.0.4/ghidra_psx_ldr-2026.07.08	machine-assisted WIP datum
OPEN.EXE	0x80012ed0	0x16d0	0x4	pointer	ghidra-defined		pointer	Ghidra-12.0.4/ghidra_psx_ldr-2026.07.08	machine-assisted WIP datum
OPEN.EXE	0x80012ed4	0x16d4	0x4	pointer	ghidra-defined		pointer	Ghidra-12.0.4/ghidra_psx_ldr-2026.07.08	machine-assisted WIP datum
OPEN.EXE	0x80012ed8	0x16d8	0x4	pointer	ghidra-defined		pointer	Ghidra-12.0.4/ghidra_psx_ldr-2026.07.08	machine-assisted WIP datum
OPEN.EXE	0x80012edc	0x16dc	0x4	pointer	ghidra-defined		pointer	Ghidra-12.0.4/ghidra_psx_ldr-2026.07.08	machine-assisted WIP datum
OPEN.EXE	0x80012ee0	0x16e0	0x4	pointer	ghidra-defined		pointer	Ghidra-12.0.4/ghidra_psx_ldr-2026.07.08	machine-assisted WIP datum
OPEN.EXE	0x80012ee4	0x16e4	0x4	pointer	ghidra-defined		pointer	Ghidra-12.0.4/ghidra_psx_ldr-2026.07.08	machine-assisted WIP datum
OPEN.EXE	0x80012ee8	0x16e8	0x4	pointer	ghidra-defined		pointer	Ghidra-12.0.4/ghidra_psx_ldr-2026.07.08	machine-assisted WIP datum
OPEN.EXE	0x80012eec	0x16ec	0x4	pointer	ghidra-defined		pointer	Ghidra-12.0.4/ghidra_psx_ldr-2026.07.08	machine-assisted WIP datum
OPEN.EXE	0x80012ef0	0x16f0	0x4	pointer	ghidra-defined		pointer	Ghidra-12.0.4/ghidra_psx_ldr-2026.07.08	machine-assisted WIP datum
OPEN.EXE	0x80012ef4	0x16f4	0x4	pointer	ghidra-defined		pointer	Ghidra-12.0.4/ghidra_psx_ldr-2026.07.08	machine-assisted WIP datum
OPEN.EXE	0x80012ef8	0x16f8	0x4	pointer	ghidra-defined		pointer	Ghidra-12.0.4/ghidra_psx_ldr-2026.07.08	machine-assisted WIP datum
OPEN.EXE	0x80012efc	0x16fc	0x4	pointer	ghidra-defined		pointer	Ghidra-12.0.4/ghidra_psx_ldr-2026.07.08	machine-assisted WIP datum
OPEN.EXE	0x80012f00	0x1700	0x4	pointer	ghidra-defined		pointer	Ghidra-12.0.4/ghidra_psx_ldr-2026.07.08	machine-assisted WIP datum
OPEN.EXE	0x80012f04	0x1704	0x4	pointer	ghidra-defined		pointer	Ghidra-12.0.4/ghidra_psx_ldr-2026.07.08	machine-assisted WIP datum
OPEN.EXE	0x80012f08	0x1708	0x4	pointer	ghidra-defined		pointer	Ghidra-12.0.4/ghidra_psx_ldr-2026.07.08	machine-assisted WIP datum
OPEN.EXE	0x80012f0c	0x170c	0x4	pointer	ghidra-defined		pointer	Ghidra-12.0.4/ghidra_psx_ldr-2026.07.08	machine-assisted WIP datum
OPEN.EXE	0x80012f10	0x1710	0x4	pointer	ghidra-defined		pointer	Ghidra-12.0.4/ghidra_psx_ldr-2026.07.08	machine-assisted WIP datum
OPEN.EXE	0x80012f14	0x1714	0x4	pointer	ghidra-defined		pointer	Ghidra-12.0.4/ghidra_psx_ldr-2026.07.08	machine-assisted WIP datum
OPEN.EXE	0x80012f18	0x1718	0x4	pointer	ghidra-defined		pointer	Ghidra-12.0.4/ghidra_psx_ldr-2026.07.08	machine-assisted WIP datum
OPEN.EXE	0x80012f1c	0x171c	0x4	pointer	ghidra-defined		pointer	Ghidra-12.0.4/ghidra_psx_ldr-2026.07.08	machine-assisted WIP datum
OPEN.EXE	0x80012f20	0x1720	0x4	pointer	ghidra-defined		pointer	Ghidra-12.0.4/ghidra_psx_ldr-2026.07.08	machine-assisted WIP datum
OPEN.EXE	0x80012f24	0x1724	0x4	pointer	ghidra-defined		pointer	Ghidra-12.0.4/ghidra_psx_ldr-2026.07.08	machine-assisted WIP datum
OPEN.EXE	0x80012f28	0x1728	0x4	pointer	ghidra-defined		pointer	Ghidra-12.0.4/ghidra_psx_ldr-2026.07.08	machine-assisted WIP datum
OPEN.EXE	0x80012f2c	0x172c	0x4	pointer	ghidra-defined		pointer	Ghidra-12.0.4/ghidra_psx_ldr-2026.07.08	machine-assisted WIP datum
OPEN.EXE	0x80012f30	0x1730	0x4	pointer	ghidra-defined		pointer	Ghidra-12.0.4/ghidra_psx_ldr-2026.07.08	machine-assisted WIP datum
OPEN.EXE	0x80012f34	0x1734	0x4	pointer	ghidra-defined		pointer	Ghidra-12.0.4/ghidra_psx_ldr-2026.07.08	machine-assisted WIP datum
OPEN.EXE	0x80012f38	0x1738	0x4	pointer	ghidra-defined		pointer	Ghidra-12.0.4/ghidra_psx_ldr-2026.07.08	machine-assisted WIP datum
OPEN.EXE	0x80012f3c	0x173c	0x4	pointer	ghidra-defined		pointer	Ghidra-12.0.4/ghidra_psx_ldr-2026.07.08	machine-assisted WIP datum
OPEN.EXE	0x80012f40	0x1740	0x4	pointer	ghidra-defined		pointer	Ghidra-12.0.4/ghidra_psx_ldr-2026.07.08	machine-assisted WIP datum
OPEN.EXE	0x80012f44	0x1744	0x4	pointer	ghidra-defined		pointer	Ghidra-12.0.4/ghidra_psx_ldr-2026.07.08	machine-assisted WIP datum
OPEN.EXE	0x80012f48	0x1748	0x4	pointer	ghidra-defined		pointer	Ghidra-12.0.4/ghidra_psx_ldr-2026.07.08	machine-assisted WIP datum
OPEN.EXE	0x80012f4c	0x174c	0x4	pointer	ghidra-defined		pointer	Ghidra-12.0.4/ghidra_psx_ldr-2026.07.08	machine-assisted WIP datum
OPEN.EXE	0x80012f50	0x1750	0x4	pointer	ghidra-defined		pointer	Ghidra-12.0.4/ghidra_psx_ldr-2026.07.08	machine-assisted WIP datum
OPEN.EXE	0x80012f54	0x1754	0x4	pointer	ghidra-defined		pointer	Ghidra-12.0.4/ghidra_psx_ldr-2026.07.08	machine-assisted WIP datum
OPEN.EXE	0x80012f58	0x1758	0x4	pointer	ghidra-defined		pointer	Ghidra-12.0.4/ghidra_psx_ldr-2026.07.08	machine-assisted WIP datum
OPEN.EXE	0x80012f5c	0x175c	0x4	pointer	ghidra-defined		pointer	Ghidra-12.0.4/ghidra_psx_ldr-2026.07.08	machine-assisted WIP datum
OPEN.EXE	0x80012f60	0x1760	0x4	pointer	ghidra-defined		pointer	Ghidra-12.0.4/ghidra_psx_ldr-2026.07.08	machine-assisted WIP datum
OPEN.EXE	0x80012f64	0x1764	0x4	pointer	ghidra-defined		pointer	Ghidra-12.0.4/ghidra_psx_ldr-2026.07.08	machine-assisted WIP datum
OPEN.EXE	0x80012f68	0x1768	0x4	pointer	ghidra-defined		pointer	Ghidra-12.0.4/ghidra_psx_ldr-2026.07.08	machine-assisted WIP datum
OPEN.EXE	0x80012f6c	0x176c	0x4	pointer	ghidra-defined		pointer	Ghidra-12.0.4/ghidra_psx_ldr-2026.07.08	machine-assisted WIP datum
OPEN.EXE	0x80012f70	0x1770	0x4	pointer	ghidra-defined		pointer	Ghidra-12.0.4/ghidra_psx_ldr-2026.07.08	machine-assisted WIP datum
OPEN.EXE	0x80012f74	0x1774	0x4	pointer	ghidra-defined		pointer	Ghidra-12.0.4/ghidra_psx_ldr-2026.07.08	machine-assisted WIP datum
OPEN.EXE	0x80012f78	0x1778	0x4	pointer	ghidra-defined		pointer	Ghidra-12.0.4/ghidra_psx_ldr-2026.07.08	machine-assisted WIP datum
OPEN.EXE	0x80012f7c	0x177c	0x4	pointer	ghidra-defined		pointer	Ghidra-12.0.4/ghidra_psx_ldr-2026.07.08	machine-assisted WIP datum
OPEN.EXE	0x80012f80	0x1780	0x4	pointer	ghidra-defined		pointer	Ghidra-12.0.4/ghidra_psx_ldr-2026.07.08	machine-assisted WIP datum
OPEN.EXE	0x80012f84	0x1784	0x4	pointer	ghidra-defined		pointer	Ghidra-12.0.4/ghidra_psx_ldr-2026.07.08	machine-assisted WIP datum
OPEN.EXE	0x80012f88	0x1788	0x4	pointer	ghidra-defined		pointer	Ghidra-12.0.4/ghidra_psx_ldr-2026.07.08	machine-assisted WIP datum
OPEN.EXE	0x80012f8c	0x178c	0x4	pointer	ghidra-defined		pointer	Ghidra-12.0.4/ghidra_psx_ldr-2026.07.08	machine-assisted WIP datum
OPEN.EXE	0x80012f90	0x1790	0x4	pointer	ghidra-defined		pointer	Ghidra-12.0.4/ghidra_psx_ldr-2026.07.08	machine-assisted WIP datum
OPEN.EXE	0x80012f94	0x1794	0x4	pointer	ghidra-defined		pointer	Ghidra-12.0.4/ghidra_psx_ldr-2026.07.08	machine-assisted WIP datum
OPEN.EXE	0x80012f98	0x1798	0x4	pointer	ghidra-defined		pointer	Ghidra-12.0.4/ghidra_psx_ldr-2026.07.08	machine-assisted WIP datum
OPEN.EXE	0x80012f9c	0x179c	0x4	pointer	ghidra-defined		pointer	Ghidra-12.0.4/ghidra_psx_ldr-2026.07.08	machine-assisted WIP datum
OPEN.EXE	0x80012fa0	0x17a0	0x4	pointer	ghidra-defined		pointer	Ghidra-12.0.4/ghidra_psx_ldr-2026.07.08	machine-assisted WIP datum
OPEN.EXE	0x80012fa4	0x17a4	0x4	pointer	ghidra-defined		pointer	Ghidra-12.0.4/ghidra_psx_ldr-2026.07.08	machine-assisted WIP datum
OPEN.EXE	0x80012fa8	0x17a8	0x4	pointer	ghidra-defined		pointer	Ghidra-12.0.4/ghidra_psx_ldr-2026.07.08	machine-assisted WIP datum
OPEN.EXE	0x80012fac	0x17ac	0x4	pointer	ghidra-defined		pointer	Ghidra-12.0.4/ghidra_psx_ldr-2026.07.08	machine-assisted WIP datum
OPEN.EXE	0x80012fb0	0x17b0	0x4	pointer	ghidra-defined		pointer	Ghidra-12.0.4/ghidra_psx_ldr-2026.07.08	machine-assisted WIP datum
OPEN.EXE	0x80012fb4	0x17b4	0x4	pointer	ghidra-defined		pointer	Ghidra-12.0.4/ghidra_psx_ldr-2026.07.08	machine-assisted WIP datum
OPEN.EXE	0x80012fb8	0x17b8	0x4	pointer	ghidra-defined		pointer	Ghidra-12.0.4/ghidra_psx_ldr-2026.07.08	machine-assisted WIP datum
OPEN.EXE	0x80012fbc	0x17bc	0x4	pointer	ghidra-defined		pointer	Ghidra-12.0.4/ghidra_psx_ldr-2026.07.08	machine-assisted WIP datum
OPEN.EXE	0x80012fc0	0x17c0	0x4	pointer	ghidra-defined		pointer	Ghidra-12.0.4/ghidra_psx_ldr-2026.07.08	machine-assisted WIP datum
OPEN.EXE	0x80012fc4	0x17c4	0x4	pointer	ghidra-defined		pointer	Ghidra-12.0.4/ghidra_psx_ldr-2026.07.08	machine-assisted WIP datum
OPEN.EXE	0x80012fc8	0x17c8	0x4	pointer	ghidra-defined		pointer	Ghidra-12.0.4/ghidra_psx_ldr-2026.07.08	machine-assisted WIP datum
OPEN.EXE	0x80012fcc	0x17cc	0x4	pointer	ghidra-defined		pointer	Ghidra-12.0.4/ghidra_psx_ldr-2026.07.08	machine-assisted WIP datum
OPEN.EXE	0x80012fd0	0x17d0	0x4	pointer	ghidra-defined		pointer	Ghidra-12.0.4/ghidra_psx_ldr-2026.07.08	machine-assisted WIP datum
OPEN.EXE	0x80012fd4	0x17d4	0x4	pointer	ghidra-defined		pointer	Ghidra-12.0.4/ghidra_psx_ldr-2026.07.08	machine-assisted WIP datum
OPEN.EXE	0x80012fd8	0x17d8	0x4	pointer	ghidra-defined		pointer	Ghidra-12.0.4/ghidra_psx_ldr-2026.07.08	machine-assisted WIP datum
OPEN.EXE	0x80012fdc	0x17dc	0x4	pointer	ghidra-defined		pointer	Ghidra-12.0.4/ghidra_psx_ldr-2026.07.08	machine-assisted WIP datum
OPEN.EXE	0x80012fe0	0x17e0	0x4	pointer	ghidra-defined		pointer	Ghidra-12.0.4/ghidra_psx_ldr-2026.07.08	machine-assisted WIP datum
OPEN.EXE	0x80012fe4	0x17e4	0x4	pointer	ghidra-defined		pointer	Ghidra-12.0.4/ghidra_psx_ldr-2026.07.08	machine-assisted WIP datum
OPEN.EXE	0x80012fe8	0x17e8	0x4	pointer	ghidra-defined		pointer	Ghidra-12.0.4/ghidra_psx_ldr-2026.07.08	machine-assisted WIP datum
OPEN.EXE	0x80012fec	0x17ec	0x4	pointer	ghidra-defined		pointer	Ghidra-12.0.4/ghidra_psx_ldr-2026.07.08	machine-assisted WIP datum
OPEN.EXE	0x80012ff0	0x17f0	0x4	pointer	ghidra-defined		pointer	Ghidra-12.0.4/ghidra_psx_ldr-2026.07.08	machine-assisted WIP datum
OPEN.EXE	0x80012ff4	0x17f4	0x4	pointer	ghidra-defined		pointer	Ghidra-12.0.4/ghidra_psx_ldr-2026.07.08	machine-assisted WIP datum
OPEN.EXE	0x80012ff8	0x17f8	0x4	pointer	ghidra-defined		pointer	Ghidra-12.0.4/ghidra_psx_ldr-2026.07.08	machine-assisted WIP datum
OPEN.EXE	0x80012ffc	0x17fc	0x4	pointer	ghidra-defined		pointer	Ghidra-12.0.4/ghidra_psx_ldr-2026.07.08	machine-assisted WIP datum
OPEN.EXE	0x80013000	0x1800	0x4	pointer	ghidra-defined		pointer	Ghidra-12.0.4/ghidra_psx_ldr-2026.07.08	machine-assisted WIP datum
OPEN.EXE	0x80013004	0x1804	0x4	pointer	ghidra-defined		pointer	Ghidra-12.0.4/ghidra_psx_ldr-2026.07.08	machine-assisted WIP datum
OPEN.EXE	0x80013008	0x1808	0x4	pointer	ghidra-defined		pointer	Ghidra-12.0.4/ghidra_psx_ldr-2026.07.08	machine-assisted WIP datum
OPEN.EXE	0x8001300c	0x180c	0x4	pointer	ghidra-defined		pointer	Ghidra-12.0.4/ghidra_psx_ldr-2026.07.08	machine-assisted WIP datum
OPEN.EXE	0x80013010	0x1810	0x4	pointer	ghidra-defined		pointer	Ghidra-12.0.4/ghidra_psx_ldr-2026.07.08	machine-assisted WIP datum
OPEN.EXE	0x80013014	0x1814	0x4	pointer	ghidra-defined		pointer	Ghidra-12.0.4/ghidra_psx_ldr-2026.07.08	machine-assisted WIP datum
OPEN.EXE	0x80013018	0x1818	0x4	pointer	ghidra-defined		pointer	Ghidra-12.0.4/ghidra_psx_ldr-2026.07.08	machine-assisted WIP datum
OPEN.EXE	0x8001301c	0x181c	0x4	pointer	ghidra-defined		pointer	Ghidra-12.0.4/ghidra_psx_ldr-2026.07.08	machine-assisted WIP datum
OPEN.EXE	0x80013020	0x1820	0x4	pointer	ghidra-defined		pointer	Ghidra-12.0.4/ghidra_psx_ldr-2026.07.08	machine-assisted WIP datum
OPEN.EXE	0x80013024	0x1824	0x4	pointer	ghidra-defined		pointer	Ghidra-12.0.4/ghidra_psx_ldr-2026.07.08	machine-assisted WIP datum
OPEN.EXE	0x80013028	0x1828	0x4	pointer	ghidra-defined		pointer	Ghidra-12.0.4/ghidra_psx_ldr-2026.07.08	machine-assisted WIP datum
OPEN.EXE	0x8001302c	0x182c	0x4	pointer	ghidra-defined		pointer	Ghidra-12.0.4/ghidra_psx_ldr-2026.07.08	machine-assisted WIP datum
OPEN.EXE	0x80013030	0x1830	0x4	pointer	ghidra-defined		pointer	Ghidra-12.0.4/ghidra_psx_ldr-2026.07.08	machine-assisted WIP datum
OPEN.EXE	0x80013034	0x1834	0x4	pointer	ghidra-defined		pointer	Ghidra-12.0.4/ghidra_psx_ldr-2026.07.08	machine-assisted WIP datum
OPEN.EXE	0x80013038	0x1838	0x10	string	byte-pattern		ascii	investigation:string-census	escaped text: wait (tsa set/W)
OPEN.EXE	0x80013048	0x1848	0x4	unclassified	coverage-gap			payload-complement	may contain missed code, tables, constants, padding, or writable data
OPEN.EXE	0x8001304c	0x184c	0x17	string	byte-pattern		ascii	investigation:string-census	escaped text: [%d] %08x / %08x (%08d)
OPEN.EXE	0x80013063	0x1863	0x5	unclassified	coverage-gap			payload-complement	may contain missed code, tables, constants, padding, or writable data
OPEN.EXE	0x80013068	0x1868	0x21	string	byte-pattern		ascii	investigation:string-census	escaped text: Can't Open Sequence data any more
OPEN.EXE	0x80013089	0x1889	0x3	unclassified	coverage-gap			payload-complement	may contain missed code, tables, constants, padding, or writable data
OPEN.EXE	0x8001308c	0x188c	0x15	string	byte-pattern		ascii	investigation:string-census	escaped text: This is not SEQ Data.
OPEN.EXE	0x800130a1	0x18a1	0x3	unclassified	coverage-gap			payload-complement	may contain missed code, tables, constants, padding, or writable data
OPEN.EXE	0x800130a4	0x18a4	0x1f	string	byte-pattern		ascii	investigation:string-census	escaped text: This is an old SEQ Data Format.
OPEN.EXE	0x800130c3	0x18c3	0x5	unclassified	coverage-gap			payload-complement	may contain missed code, tables, constants, padding, or writable data
OPEN.EXE	0x800130c8	0x18c8	0x4	pointer	ghidra-defined		pointer	Ghidra-12.0.4/ghidra_psx_ldr-2026.07.08	machine-assisted WIP datum
OPEN.EXE	0x800130cc	0x18cc	0x4	pointer	ghidra-defined		pointer	Ghidra-12.0.4/ghidra_psx_ldr-2026.07.08	machine-assisted WIP datum
OPEN.EXE	0x800130d0	0x18d0	0x4	pointer	ghidra-defined		pointer	Ghidra-12.0.4/ghidra_psx_ldr-2026.07.08	machine-assisted WIP datum
OPEN.EXE	0x800130d4	0x18d4	0x4	pointer	ghidra-defined		pointer	Ghidra-12.0.4/ghidra_psx_ldr-2026.07.08	machine-assisted WIP datum
OPEN.EXE	0x800130d8	0x18d8	0x4	pointer	ghidra-defined		pointer	Ghidra-12.0.4/ghidra_psx_ldr-2026.07.08	machine-assisted WIP datum
OPEN.EXE	0x800130dc	0x18dc	0x4	pointer	ghidra-defined		pointer	Ghidra-12.0.4/ghidra_psx_ldr-2026.07.08	machine-assisted WIP datum
OPEN.EXE	0x800130e0	0x18e0	0x4	pointer	ghidra-defined		pointer	Ghidra-12.0.4/ghidra_psx_ldr-2026.07.08	machine-assisted WIP datum
OPEN.EXE	0x800130e4	0x18e4	0x4	pointer	ghidra-defined		pointer	Ghidra-12.0.4/ghidra_psx_ldr-2026.07.08	machine-assisted WIP datum
OPEN.EXE	0x800130e8	0x18e8	0x4	pointer	ghidra-defined		pointer	Ghidra-12.0.4/ghidra_psx_ldr-2026.07.08	machine-assisted WIP datum
OPEN.EXE	0x800130ec	0x18ec	0x4	pointer	ghidra-defined		pointer	Ghidra-12.0.4/ghidra_psx_ldr-2026.07.08	machine-assisted WIP datum
OPEN.EXE	0x800130f0	0x18f0	0x4	pointer	ghidra-defined		pointer	Ghidra-12.0.4/ghidra_psx_ldr-2026.07.08	machine-assisted WIP datum
OPEN.EXE	0x800130f4	0x18f4	0x4	pointer	ghidra-defined		pointer	Ghidra-12.0.4/ghidra_psx_ldr-2026.07.08	machine-assisted WIP datum
OPEN.EXE	0x800130f8	0x18f8	0x4	pointer	ghidra-defined		pointer	Ghidra-12.0.4/ghidra_psx_ldr-2026.07.08	machine-assisted WIP datum
OPEN.EXE	0x800130fc	0x18fc	0x4	pointer	ghidra-defined		pointer	Ghidra-12.0.4/ghidra_psx_ldr-2026.07.08	machine-assisted WIP datum
OPEN.EXE	0x80013100	0x1900	0x4	pointer	ghidra-defined		pointer	Ghidra-12.0.4/ghidra_psx_ldr-2026.07.08	machine-assisted WIP datum
OPEN.EXE	0x80013104	0x1904	0x4	pointer	ghidra-defined		pointer	Ghidra-12.0.4/ghidra_psx_ldr-2026.07.08	machine-assisted WIP datum
OPEN.EXE	0x80013108	0x1908	0x4	pointer	ghidra-defined		pointer	Ghidra-12.0.4/ghidra_psx_ldr-2026.07.08	machine-assisted WIP datum
OPEN.EXE	0x8001310c	0x190c	0x4	pointer	ghidra-defined		pointer	Ghidra-12.0.4/ghidra_psx_ldr-2026.07.08	machine-assisted WIP datum
OPEN.EXE	0x80013110	0x1910	0x4	pointer	ghidra-defined		pointer	Ghidra-12.0.4/ghidra_psx_ldr-2026.07.08	machine-assisted WIP datum
OPEN.EXE	0x80013114	0x1914	0x4	pointer	ghidra-defined		pointer	Ghidra-12.0.4/ghidra_psx_ldr-2026.07.08	machine-assisted WIP datum
OPEN.EXE	0x80013118	0x1918	0x4	pointer	ghidra-defined		pointer	Ghidra-12.0.4/ghidra_psx_ldr-2026.07.08	machine-assisted WIP datum
OPEN.EXE	0x8001311c	0x191c	0x4	pointer	ghidra-defined		pointer	Ghidra-12.0.4/ghidra_psx_ldr-2026.07.08	machine-assisted WIP datum
OPEN.EXE	0x80013120	0x1920	0x4	pointer	ghidra-defined		pointer	Ghidra-12.0.4/ghidra_psx_ldr-2026.07.08	machine-assisted WIP datum
OPEN.EXE	0x80013124	0x1924	0x4	pointer	ghidra-defined		pointer	Ghidra-12.0.4/ghidra_psx_ldr-2026.07.08	machine-assisted WIP datum
OPEN.EXE	0x80013128	0x1928	0x4	pointer	ghidra-defined		pointer	Ghidra-12.0.4/ghidra_psx_ldr-2026.07.08	machine-assisted WIP datum
OPEN.EXE	0x8001312c	0x192c	0x4	pointer	ghidra-defined		pointer	Ghidra-12.0.4/ghidra_psx_ldr-2026.07.08	machine-assisted WIP datum
OPEN.EXE	0x80013130	0x1930	0x4	pointer	ghidra-defined		pointer	Ghidra-12.0.4/ghidra_psx_ldr-2026.07.08	machine-assisted WIP datum
OPEN.EXE	0x80013134	0x1934	0x4	pointer	ghidra-defined		pointer	Ghidra-12.0.4/ghidra_psx_ldr-2026.07.08	machine-assisted WIP datum
OPEN.EXE	0x80013138	0x1938	0x4	pointer	ghidra-defined		pointer	Ghidra-12.0.4/ghidra_psx_ldr-2026.07.08	machine-assisted WIP datum
OPEN.EXE	0x8001313c	0x193c	0x4	pointer	ghidra-defined		pointer	Ghidra-12.0.4/ghidra_psx_ldr-2026.07.08	machine-assisted WIP datum
OPEN.EXE	0x80013140	0x1940	0x4	pointer	ghidra-defined		pointer	Ghidra-12.0.4/ghidra_psx_ldr-2026.07.08	machine-assisted WIP datum
OPEN.EXE	0x80013144	0x1944	0x4	pointer	ghidra-defined		pointer	Ghidra-12.0.4/ghidra_psx_ldr-2026.07.08	machine-assisted WIP datum
OPEN.EXE	0x80013148	0x1948	0x4	pointer	ghidra-defined		pointer	Ghidra-12.0.4/ghidra_psx_ldr-2026.07.08	machine-assisted WIP datum
OPEN.EXE	0x8001314c	0x194c	0x4	pointer	ghidra-defined		pointer	Ghidra-12.0.4/ghidra_psx_ldr-2026.07.08	machine-assisted WIP datum
OPEN.EXE	0x80013150	0x1950	0x4	pointer	ghidra-defined		pointer	Ghidra-12.0.4/ghidra_psx_ldr-2026.07.08	machine-assisted WIP datum
OPEN.EXE	0x80013154	0x1954	0x4	pointer	ghidra-defined		pointer	Ghidra-12.0.4/ghidra_psx_ldr-2026.07.08	machine-assisted WIP datum
OPEN.EXE	0x80013158	0x1958	0x4	pointer	ghidra-defined		pointer	Ghidra-12.0.4/ghidra_psx_ldr-2026.07.08	machine-assisted WIP datum
OPEN.EXE	0x8001315c	0x195c	0x4	pointer	ghidra-defined		pointer	Ghidra-12.0.4/ghidra_psx_ldr-2026.07.08	machine-assisted WIP datum
OPEN.EXE	0x80013160	0x1960	0x4	pointer	ghidra-defined		pointer	Ghidra-12.0.4/ghidra_psx_ldr-2026.07.08	machine-assisted WIP datum
OPEN.EXE	0x80013164	0x1964	0x4	pointer	ghidra-defined		pointer	Ghidra-12.0.4/ghidra_psx_ldr-2026.07.08	machine-assisted WIP datum
OPEN.EXE	0x80013168	0x1968	0x4	pointer	ghidra-defined		pointer	Ghidra-12.0.4/ghidra_psx_ldr-2026.07.08	machine-assisted WIP datum
OPEN.EXE	0x8001316c	0x196c	0x4	pointer	ghidra-defined		pointer	Ghidra-12.0.4/ghidra_psx_ldr-2026.07.08	machine-assisted WIP datum
OPEN.EXE	0x80013170	0x1970	0x4	pointer	ghidra-defined		pointer	Ghidra-12.0.4/ghidra_psx_ldr-2026.07.08	machine-assisted WIP datum
OPEN.EXE	0x80013174	0x1974	0x4	pointer	ghidra-defined		pointer	Ghidra-12.0.4/ghidra_psx_ldr-2026.07.08	machine-assisted WIP datum
OPEN.EXE	0x80013178	0x1978	0x4	pointer	ghidra-defined		pointer	Ghidra-12.0.4/ghidra_psx_ldr-2026.07.08	machine-assisted WIP datum
OPEN.EXE	0x8001317c	0x197c	0x4	pointer	ghidra-defined		pointer	Ghidra-12.0.4/ghidra_psx_ldr-2026.07.08	machine-assisted WIP datum
OPEN.EXE	0x80013180	0x1980	0x4	pointer	ghidra-defined		pointer	Ghidra-12.0.4/ghidra_psx_ldr-2026.07.08	machine-assisted WIP datum
OPEN.EXE	0x80013184	0x1984	0x4	pointer	ghidra-defined		pointer	Ghidra-12.0.4/ghidra_psx_ldr-2026.07.08	machine-assisted WIP datum
OPEN.EXE	0x80013188	0x1988	0x4	pointer	ghidra-defined		pointer	Ghidra-12.0.4/ghidra_psx_ldr-2026.07.08	machine-assisted WIP datum
OPEN.EXE	0x8001318c	0x198c	0x4	pointer	ghidra-defined		pointer	Ghidra-12.0.4/ghidra_psx_ldr-2026.07.08	machine-assisted WIP datum
OPEN.EXE	0x80013190	0x1990	0x4	pointer	ghidra-defined		pointer	Ghidra-12.0.4/ghidra_psx_ldr-2026.07.08	machine-assisted WIP datum
OPEN.EXE	0x80013194	0x1994	0x4	pointer	ghidra-defined		pointer	Ghidra-12.0.4/ghidra_psx_ldr-2026.07.08	machine-assisted WIP datum
OPEN.EXE	0x80013198	0x1998	0x4	pointer	ghidra-defined		pointer	Ghidra-12.0.4/ghidra_psx_ldr-2026.07.08	machine-assisted WIP datum
OPEN.EXE	0x8001319c	0x199c	0x4	pointer	ghidra-defined		pointer	Ghidra-12.0.4/ghidra_psx_ldr-2026.07.08	machine-assisted WIP datum
OPEN.EXE	0x800131a0	0x19a0	0x4	pointer	ghidra-defined		pointer	Ghidra-12.0.4/ghidra_psx_ldr-2026.07.08	machine-assisted WIP datum
OPEN.EXE	0x800131a4	0x19a4	0x4	pointer	ghidra-defined		pointer	Ghidra-12.0.4/ghidra_psx_ldr-2026.07.08	machine-assisted WIP datum
OPEN.EXE	0x800131a8	0x19a8	0x4	pointer	ghidra-defined		pointer	Ghidra-12.0.4/ghidra_psx_ldr-2026.07.08	machine-assisted WIP datum
OPEN.EXE	0x800131ac	0x19ac	0x4	pointer	ghidra-defined		pointer	Ghidra-12.0.4/ghidra_psx_ldr-2026.07.08	machine-assisted WIP datum
OPEN.EXE	0x800131b0	0x19b0	0x4	pointer	ghidra-defined		pointer	Ghidra-12.0.4/ghidra_psx_ldr-2026.07.08	machine-assisted WIP datum
OPEN.EXE	0x800131b4	0x19b4	0x4	pointer	ghidra-defined		pointer	Ghidra-12.0.4/ghidra_psx_ldr-2026.07.08	machine-assisted WIP datum
OPEN.EXE	0x800131b8	0x19b8	0x4	pointer	ghidra-defined		pointer	Ghidra-12.0.4/ghidra_psx_ldr-2026.07.08	machine-assisted WIP datum
OPEN.EXE	0x800131bc	0x19bc	0x4	pointer	ghidra-defined		pointer	Ghidra-12.0.4/ghidra_psx_ldr-2026.07.08	machine-assisted WIP datum
OPEN.EXE	0x800131c0	0x19c0	0x4	pointer	ghidra-defined		pointer	Ghidra-12.0.4/ghidra_psx_ldr-2026.07.08	machine-assisted WIP datum
OPEN.EXE	0x800131c4	0x19c4	0x4	pointer	ghidra-defined		pointer	Ghidra-12.0.4/ghidra_psx_ldr-2026.07.08	machine-assisted WIP datum
OPEN.EXE	0x800131c8	0x19c8	0x4	pointer	ghidra-defined		pointer	Ghidra-12.0.4/ghidra_psx_ldr-2026.07.08	machine-assisted WIP datum
OPEN.EXE	0x800131cc	0x19cc	0x4	pointer	ghidra-defined		pointer	Ghidra-12.0.4/ghidra_psx_ldr-2026.07.08	machine-assisted WIP datum
OPEN.EXE	0x800131d0	0x19d0	0x4	pointer	ghidra-defined		pointer	Ghidra-12.0.4/ghidra_psx_ldr-2026.07.08	machine-assisted WIP datum
OPEN.EXE	0x800131d4	0x19d4	0x4	pointer	ghidra-defined		pointer	Ghidra-12.0.4/ghidra_psx_ldr-2026.07.08	machine-assisted WIP datum
OPEN.EXE	0x800131d8	0x19d8	0x4	pointer	ghidra-defined		pointer	Ghidra-12.0.4/ghidra_psx_ldr-2026.07.08	machine-assisted WIP datum
OPEN.EXE	0x800131dc	0x19dc	0x4	pointer	ghidra-defined		pointer	Ghidra-12.0.4/ghidra_psx_ldr-2026.07.08	machine-assisted WIP datum
OPEN.EXE	0x800131e0	0x19e0	0x4	pointer	ghidra-defined		pointer	Ghidra-12.0.4/ghidra_psx_ldr-2026.07.08	machine-assisted WIP datum
OPEN.EXE	0x800131e4	0x19e4	0x4	pointer	ghidra-defined		pointer	Ghidra-12.0.4/ghidra_psx_ldr-2026.07.08	machine-assisted WIP datum
OPEN.EXE	0x800131e8	0x19e8	0x4	pointer	ghidra-defined		pointer	Ghidra-12.0.4/ghidra_psx_ldr-2026.07.08	machine-assisted WIP datum
OPEN.EXE	0x800131ec	0x19ec	0x4	pointer	ghidra-defined		pointer	Ghidra-12.0.4/ghidra_psx_ldr-2026.07.08	machine-assisted WIP datum
OPEN.EXE	0x800131f0	0x19f0	0x4	pointer	ghidra-defined		pointer	Ghidra-12.0.4/ghidra_psx_ldr-2026.07.08	machine-assisted WIP datum
OPEN.EXE	0x800131f4	0x19f4	0x4	pointer	ghidra-defined		pointer	Ghidra-12.0.4/ghidra_psx_ldr-2026.07.08	machine-assisted WIP datum
OPEN.EXE	0x800131f8	0x19f8	0x4	pointer	ghidra-defined		pointer	Ghidra-12.0.4/ghidra_psx_ldr-2026.07.08	machine-assisted WIP datum
OPEN.EXE	0x800131fc	0x19fc	0x4	pointer	ghidra-defined		pointer	Ghidra-12.0.4/ghidra_psx_ldr-2026.07.08	machine-assisted WIP datum
OPEN.EXE	0x80013200	0x1a00	0x4	pointer	ghidra-defined		pointer	Ghidra-12.0.4/ghidra_psx_ldr-2026.07.08	machine-assisted WIP datum
OPEN.EXE	0x80013204	0x1a04	0x4	pointer	ghidra-defined		pointer	Ghidra-12.0.4/ghidra_psx_ldr-2026.07.08	machine-assisted WIP datum
OPEN.EXE	0x80013208	0x1a08	0x4	pointer	ghidra-defined		pointer	Ghidra-12.0.4/ghidra_psx_ldr-2026.07.08	machine-assisted WIP datum
OPEN.EXE	0x8001320c	0x1a0c	0x4	pointer	ghidra-defined		pointer	Ghidra-12.0.4/ghidra_psx_ldr-2026.07.08	machine-assisted WIP datum
OPEN.EXE	0x80013210	0x1a10	0x4	pointer	ghidra-defined		pointer	Ghidra-12.0.4/ghidra_psx_ldr-2026.07.08	machine-assisted WIP datum
OPEN.EXE	0x80013214	0x1a14	0x4	pointer	ghidra-defined		pointer	Ghidra-12.0.4/ghidra_psx_ldr-2026.07.08	machine-assisted WIP datum
OPEN.EXE	0x80013218	0x1a18	0x4	pointer	ghidra-defined		pointer	Ghidra-12.0.4/ghidra_psx_ldr-2026.07.08	machine-assisted WIP datum
OPEN.EXE	0x8001321c	0x1a1c	0x4	pointer	ghidra-defined		pointer	Ghidra-12.0.4/ghidra_psx_ldr-2026.07.08	machine-assisted WIP datum
OPEN.EXE	0x80013220	0x1a20	0x4	pointer	ghidra-defined		pointer	Ghidra-12.0.4/ghidra_psx_ldr-2026.07.08	machine-assisted WIP datum
OPEN.EXE	0x80013224	0x1a24	0x4	pointer	ghidra-defined		pointer	Ghidra-12.0.4/ghidra_psx_ldr-2026.07.08	machine-assisted WIP datum
OPEN.EXE	0x80013228	0x1a28	0x4	pointer	ghidra-defined		pointer	Ghidra-12.0.4/ghidra_psx_ldr-2026.07.08	machine-assisted WIP datum
OPEN.EXE	0x8001322c	0x1a2c	0x4	pointer	ghidra-defined		pointer	Ghidra-12.0.4/ghidra_psx_ldr-2026.07.08	machine-assisted WIP datum
OPEN.EXE	0x80013230	0x1a30	0x4	pointer	ghidra-defined		pointer	Ghidra-12.0.4/ghidra_psx_ldr-2026.07.08	machine-assisted WIP datum
OPEN.EXE	0x80013234	0x1a34	0x4	pointer	ghidra-defined		pointer	Ghidra-12.0.4/ghidra_psx_ldr-2026.07.08	machine-assisted WIP datum
OPEN.EXE	0x80013238	0x1a38	0x4	pointer	ghidra-defined		pointer	Ghidra-12.0.4/ghidra_psx_ldr-2026.07.08	machine-assisted WIP datum
OPEN.EXE	0x8001323c	0x1a3c	0x4	pointer	ghidra-defined		pointer	Ghidra-12.0.4/ghidra_psx_ldr-2026.07.08	machine-assisted WIP datum
OPEN.EXE	0x80013240	0x1a40	0x4	pointer	ghidra-defined		pointer	Ghidra-12.0.4/ghidra_psx_ldr-2026.07.08	machine-assisted WIP datum
OPEN.EXE	0x80013244	0x1a44	0x4	pointer	ghidra-defined		pointer	Ghidra-12.0.4/ghidra_psx_ldr-2026.07.08	machine-assisted WIP datum
OPEN.EXE	0x80013248	0x1a48	0x4	pointer	ghidra-defined		pointer	Ghidra-12.0.4/ghidra_psx_ldr-2026.07.08	machine-assisted WIP datum
OPEN.EXE	0x8001324c	0x1a4c	0x4	pointer	ghidra-defined		pointer	Ghidra-12.0.4/ghidra_psx_ldr-2026.07.08	machine-assisted WIP datum
OPEN.EXE	0x80013250	0x1a50	0x4	pointer	ghidra-defined		pointer	Ghidra-12.0.4/ghidra_psx_ldr-2026.07.08	machine-assisted WIP datum
OPEN.EXE	0x80013254	0x1a54	0x4	pointer	ghidra-defined		pointer	Ghidra-12.0.4/ghidra_psx_ldr-2026.07.08	machine-assisted WIP datum
OPEN.EXE	0x80013258	0x1a58	0x4	pointer	ghidra-defined		pointer	Ghidra-12.0.4/ghidra_psx_ldr-2026.07.08	machine-assisted WIP datum
OPEN.EXE	0x8001325c	0x1a5c	0x4	pointer	ghidra-defined		pointer	Ghidra-12.0.4/ghidra_psx_ldr-2026.07.08	machine-assisted WIP datum
OPEN.EXE	0x80013260	0x1a60	0x4	pointer	ghidra-defined		pointer	Ghidra-12.0.4/ghidra_psx_ldr-2026.07.08	machine-assisted WIP datum
OPEN.EXE	0x80013264	0x1a64	0x4	pointer	ghidra-defined		pointer	Ghidra-12.0.4/ghidra_psx_ldr-2026.07.08	machine-assisted WIP datum
OPEN.EXE	0x80013268	0x1a68	0x4	pointer	ghidra-defined		pointer	Ghidra-12.0.4/ghidra_psx_ldr-2026.07.08	machine-assisted WIP datum
OPEN.EXE	0x8001326c	0x1a6c	0x4	pointer	ghidra-defined		pointer	Ghidra-12.0.4/ghidra_psx_ldr-2026.07.08	machine-assisted WIP datum
OPEN.EXE	0x80013270	0x1a70	0x4	pointer	ghidra-defined		pointer	Ghidra-12.0.4/ghidra_psx_ldr-2026.07.08	machine-assisted WIP datum
OPEN.EXE	0x80013274	0x1a74	0x4	pointer	ghidra-defined		pointer	Ghidra-12.0.4/ghidra_psx_ldr-2026.07.08	machine-assisted WIP datum
OPEN.EXE	0x80013278	0x1a78	0x4	pointer	ghidra-defined		pointer	Ghidra-12.0.4/ghidra_psx_ldr-2026.07.08	machine-assisted WIP datum
OPEN.EXE	0x8001327c	0x1a7c	0x4	pointer	ghidra-defined		pointer	Ghidra-12.0.4/ghidra_psx_ldr-2026.07.08	machine-assisted WIP datum
OPEN.EXE	0x80013280	0x1a80	0x4	pointer	ghidra-defined		pointer	Ghidra-12.0.4/ghidra_psx_ldr-2026.07.08	machine-assisted WIP datum
OPEN.EXE	0x80013284	0x1a84	0x4	pointer	ghidra-defined		pointer	Ghidra-12.0.4/ghidra_psx_ldr-2026.07.08	machine-assisted WIP datum
OPEN.EXE	0x80013288	0x1a88	0x4	pointer	ghidra-defined		pointer	Ghidra-12.0.4/ghidra_psx_ldr-2026.07.08	machine-assisted WIP datum
OPEN.EXE	0x8001328c	0x1a8c	0x4	pointer	ghidra-defined		pointer	Ghidra-12.0.4/ghidra_psx_ldr-2026.07.08	machine-assisted WIP datum
OPEN.EXE	0x80013290	0x1a90	0x4	pointer	ghidra-defined		pointer	Ghidra-12.0.4/ghidra_psx_ldr-2026.07.08	machine-assisted WIP datum
OPEN.EXE	0x80013294	0x1a94	0x4	pointer	ghidra-defined		pointer	Ghidra-12.0.4/ghidra_psx_ldr-2026.07.08	machine-assisted WIP datum
OPEN.EXE	0x80013298	0x1a98	0x4	pointer	ghidra-defined		pointer	Ghidra-12.0.4/ghidra_psx_ldr-2026.07.08	machine-assisted WIP datum
OPEN.EXE	0x8001329c	0x1a9c	0x4	pointer	ghidra-defined		pointer	Ghidra-12.0.4/ghidra_psx_ldr-2026.07.08	machine-assisted WIP datum
OPEN.EXE	0x800132a0	0x1aa0	0x4	pointer	ghidra-defined		pointer	Ghidra-12.0.4/ghidra_psx_ldr-2026.07.08	machine-assisted WIP datum
OPEN.EXE	0x800132a4	0x1aa4	0x4	pointer	ghidra-defined		pointer	Ghidra-12.0.4/ghidra_psx_ldr-2026.07.08	machine-assisted WIP datum
OPEN.EXE	0x800132a8	0x1aa8	0x4	pointer	ghidra-defined		pointer	Ghidra-12.0.4/ghidra_psx_ldr-2026.07.08	machine-assisted WIP datum
OPEN.EXE	0x800132ac	0x1aac	0x4	pointer	ghidra-defined		pointer	Ghidra-12.0.4/ghidra_psx_ldr-2026.07.08	machine-assisted WIP datum
OPEN.EXE	0x800132b0	0x1ab0	0x4	pointer	ghidra-defined		pointer	Ghidra-12.0.4/ghidra_psx_ldr-2026.07.08	machine-assisted WIP datum
OPEN.EXE	0x800132b4	0x1ab4	0x4	pointer	ghidra-defined		pointer	Ghidra-12.0.4/ghidra_psx_ldr-2026.07.08	machine-assisted WIP datum
OPEN.EXE	0x800132b8	0x1ab8	0x4	pointer	ghidra-defined		pointer	Ghidra-12.0.4/ghidra_psx_ldr-2026.07.08	machine-assisted WIP datum
OPEN.EXE	0x800132bc	0x1abc	0x4	pointer	ghidra-defined		pointer	Ghidra-12.0.4/ghidra_psx_ldr-2026.07.08	machine-assisted WIP datum
OPEN.EXE	0x800132c0	0x1ac0	0x4	pointer	ghidra-defined		pointer	Ghidra-12.0.4/ghidra_psx_ldr-2026.07.08	machine-assisted WIP datum
OPEN.EXE	0x800132c4	0x1ac4	0x4	pointer	ghidra-defined		pointer	Ghidra-12.0.4/ghidra_psx_ldr-2026.07.08	machine-assisted WIP datum
OPEN.EXE	0x800132c8	0x1ac8	0x4	pointer	ghidra-defined		pointer	Ghidra-12.0.4/ghidra_psx_ldr-2026.07.08	machine-assisted WIP datum
OPEN.EXE	0x800132cc	0x1acc	0x4	pointer	ghidra-defined		pointer	Ghidra-12.0.4/ghidra_psx_ldr-2026.07.08	machine-assisted WIP datum
OPEN.EXE	0x800132d0	0x1ad0	0x4	pointer	ghidra-defined		pointer	Ghidra-12.0.4/ghidra_psx_ldr-2026.07.08	machine-assisted WIP datum
OPEN.EXE	0x800132d4	0x1ad4	0x4	pointer	ghidra-defined		pointer	Ghidra-12.0.4/ghidra_psx_ldr-2026.07.08	machine-assisted WIP datum
OPEN.EXE	0x800132d8	0x1ad8	0x4	pointer	ghidra-defined		pointer	Ghidra-12.0.4/ghidra_psx_ldr-2026.07.08	machine-assisted WIP datum
OPEN.EXE	0x800132dc	0x1adc	0x4	pointer	ghidra-defined		pointer	Ghidra-12.0.4/ghidra_psx_ldr-2026.07.08	machine-assisted WIP datum
OPEN.EXE	0x800132e0	0x1ae0	0x4	pointer	ghidra-defined		pointer	Ghidra-12.0.4/ghidra_psx_ldr-2026.07.08	machine-assisted WIP datum
OPEN.EXE	0x800132e4	0x1ae4	0x4	pointer	ghidra-defined		pointer	Ghidra-12.0.4/ghidra_psx_ldr-2026.07.08	machine-assisted WIP datum
OPEN.EXE	0x800132e8	0x1ae8	0x4	pointer	ghidra-defined		pointer	Ghidra-12.0.4/ghidra_psx_ldr-2026.07.08	machine-assisted WIP datum
OPEN.EXE	0x800132ec	0x1aec	0x4	pointer	ghidra-defined		pointer	Ghidra-12.0.4/ghidra_psx_ldr-2026.07.08	machine-assisted WIP datum
OPEN.EXE	0x800132f0	0x1af0	0x4	pointer	ghidra-defined		pointer	Ghidra-12.0.4/ghidra_psx_ldr-2026.07.08	machine-assisted WIP datum
OPEN.EXE	0x800132f4	0x1af4	0x4	pointer	ghidra-defined		pointer	Ghidra-12.0.4/ghidra_psx_ldr-2026.07.08	machine-assisted WIP datum
OPEN.EXE	0x800132f8	0x1af8	0x4	pointer	ghidra-defined		pointer	Ghidra-12.0.4/ghidra_psx_ldr-2026.07.08	machine-assisted WIP datum
OPEN.EXE	0x800132fc	0x1afc	0x4	pointer	ghidra-defined		pointer	Ghidra-12.0.4/ghidra_psx_ldr-2026.07.08	machine-assisted WIP datum
OPEN.EXE	0x80013300	0x1b00	0x4	pointer	ghidra-defined		undefined *	Ghidra-12.0.4/ghidra_psx_ldr-2026.07.08	machine-assisted WIP datum
OPEN.EXE	0x80013304	0x1b04	0x4	pointer	ghidra-defined		undefined *	Ghidra-12.0.4/ghidra_psx_ldr-2026.07.08	machine-assisted WIP datum
OPEN.EXE	0x80013308	0x1b08	0x4	pointer	ghidra-defined		undefined *	Ghidra-12.0.4/ghidra_psx_ldr-2026.07.08	machine-assisted WIP datum
OPEN.EXE	0x8001330c	0x1b0c	0x4	pointer	ghidra-defined		undefined *	Ghidra-12.0.4/ghidra_psx_ldr-2026.07.08	machine-assisted WIP datum
OPEN.EXE	0x80013310	0x1b10	0x4	pointer	ghidra-defined		undefined *	Ghidra-12.0.4/ghidra_psx_ldr-2026.07.08	machine-assisted WIP datum
OPEN.EXE	0x80013314	0x1b14	0x4	pointer	ghidra-defined		undefined *	Ghidra-12.0.4/ghidra_psx_ldr-2026.07.08	machine-assisted WIP datum
OPEN.EXE	0x80013318	0x1b18	0x4	pointer	ghidra-defined		undefined *	Ghidra-12.0.4/ghidra_psx_ldr-2026.07.08	machine-assisted WIP datum
OPEN.EXE	0x8001331c	0x1b1c	0x4	pointer	ghidra-defined		undefined *	Ghidra-12.0.4/ghidra_psx_ldr-2026.07.08	machine-assisted WIP datum
OPEN.EXE	0x80013320	0x1b20	0x4	pointer	ghidra-defined		undefined *	Ghidra-12.0.4/ghidra_psx_ldr-2026.07.08	machine-assisted WIP datum
OPEN.EXE	0x80013324	0x1b24	0x1c	string	byte-pattern		ascii	investigation:string-census	escaped text: ResetCallback: _96_remove ..
OPEN.EXE	0x80013340	0x1b40	0x4	unclassified	coverage-gap			payload-complement	may contain missed code, tables, constants, padding, or writable data
OPEN.EXE	0x80013344	0x1b44	0x10	string	byte-pattern		ascii	investigation:string-census	escaped text: icr error = %08x
OPEN.EXE	0x80013354	0x1b54	0x4	unclassified	coverage-gap			payload-complement	may contain missed code, tables, constants, padding, or writable data
OPEN.EXE	0x80013358	0x1b58	0x1e	string	byte-pattern		ascii	investigation:string-census	escaped text: PAD_init: Bad PadIdentifier %d
OPEN.EXE	0x80013376	0x1b76	0x2	unclassified	coverage-gap			payload-complement	may contain missed code, tables, constants, padding, or writable data
OPEN.EXE	0x80013378	0x1b78	0x1e	string	byte-pattern		ascii	investigation:string-census	escaped text: PAD_dr  : Bad PadIdentifier %d
OPEN.EXE	0x80013396	0x1b96	0x2	unclassified	coverage-gap			payload-complement	may contain missed code, tables, constants, padding, or writable data
OPEN.EXE	0x80013398	0x1b98	0x1e	string	byte-pattern		ascii	investigation:string-census	escaped text: StopPAD : Bad PadIdentifier %d
OPEN.EXE	0x800133b6	0x1bb6	0x2	unclassified	coverage-gap			payload-complement	may contain missed code, tables, constants, padding, or writable data
OPEN.EXE	0x800133b8	0x1bb8	0x29	string	byte-pattern		ascii	investigation:string-census	escaped text: SetGraphDebug:level:%d,type:%d reverse:%d
OPEN.EXE	0x800133e1	0x1be1	0x3	unclassified	coverage-gap			payload-complement	may contain missed code, tables, constants, padding, or writable data
OPEN.EXE	0x800133e4	0x1be4	0xa	string	byte-pattern		ascii	investigation:string-census	escaped text: ClearImage
OPEN.EXE	0x800133ee	0x1bee	0x2	unclassified	coverage-gap			payload-complement	may contain missed code, tables, constants, padding, or writable data
OPEN.EXE	0x800133f0	0x1bf0	0x9	string	byte-pattern		ascii	investigation:string-census	escaped text: LoadImage
OPEN.EXE	0x800133f9	0x1bf9	0x3	unclassified	coverage-gap			payload-complement	may contain missed code, tables, constants, padding, or writable data
OPEN.EXE	0x800133fc	0x1bfc	0xa	string	byte-pattern		ascii	investigation:string-census	escaped text: StoreImage
OPEN.EXE	0x80013406	0x1c06	0x2	unclassified	coverage-gap			payload-complement	may contain missed code, tables, constants, padding, or writable data
OPEN.EXE	0x80013408	0x1c08	0x9	string	byte-pattern		ascii	investigation:string-census	escaped text: MoveImage
OPEN.EXE	0x80013411	0x1c11	0x3	unclassified	coverage-gap			payload-complement	may contain missed code, tables, constants, padding, or writable data
OPEN.EXE	0x80013414	0x1c14	0xb	string	byte-pattern		ascii	investigation:string-census	escaped text: %s:bad RECT
OPEN.EXE	0x8001341f	0x1c1f	0x1	unclassified	coverage-gap			payload-complement	may contain missed code, tables, constants, padding, or writable data
OPEN.EXE	0x80013420	0x1c20	0xf	string	byte-pattern		ascii	investigation:string-census	escaped text: (%d,%d)-(%d,%d)
OPEN.EXE	0x8001342f	0x1c2f	0x5	unclassified	coverage-gap			payload-complement	may contain missed code, tables, constants, padding, or writable data
OPEN.EXE	0x80013434	0x1c34	0x8	string	byte-pattern		ascii	investigation:string-census	escaped text: DrawPrim
OPEN.EXE	0x8001343c	0x1c3c	0x4	unclassified	coverage-gap			payload-complement	may contain missed code, tables, constants, padding, or writable data
OPEN.EXE	0x80013440	0x1c40	0x37	string	byte-pattern		ascii	investigation:string-census	escaped text: timeout:QUE=(%2d,%2d),FIFO=%d,IDEL=%d,MODE=%d,DMAC=%08X
OPEN.EXE	0x80013477	0x1c77	0x5	unclassified	coverage-gap			payload-complement	may contain missed code, tables, constants, padding, or writable data
OPEN.EXE	0x8001347c	0x1c7c	0x9	string	byte-pattern		ascii	investigation:string-census	escaped text: id  =%08x
OPEN.EXE	0x80013485	0x1c85	0x3	unclassified	coverage-gap			payload-complement	may contain missed code, tables, constants, padding, or writable data
OPEN.EXE	0x80013488	0x1c88	0x9	string	byte-pattern		ascii	investigation:string-census	escaped text: mode=%08x
OPEN.EXE	0x80013491	0x1c91	0x3	unclassified	coverage-gap			payload-complement	may contain missed code, tables, constants, padding, or writable data
OPEN.EXE	0x80013494	0x1c94	0xc	string	byte-pattern		ascii	investigation:string-census	escaped text: timaddr=%08x
OPEN.EXE	0x800134a0	0x1ca0	0x4	unclassified	coverage-gap			payload-complement	may contain missed code, tables, constants, padding, or writable data
OPEN.EXE	0x800134a4	0x1ca4	0x10	string	byte-pattern		ascii	investigation:string-census	escaped text: analizing TMD...
OPEN.EXE	0x800134b4	0x1cb4	0x4	unclassified	coverage-gap			payload-complement	may contain missed code, tables, constants, padding, or writable data
OPEN.EXE	0x800134b8	0x1cb8	0x25	string	byte-pattern		ascii	investigation:string-census	escaped text: \tid=%08X, flags=%d, nobj=%d, objid=%d
OPEN.EXE	0x800134dd	0x1cdd	0x3	unclassified	coverage-gap			payload-complement	may contain missed code, tables, constants, padding, or writable data
OPEN.EXE	0x800134e0	0x1ce0	0x14	string	byte-pattern		ascii	investigation:string-census	escaped text: \tvert=%08X, nvert=%d
OPEN.EXE	0x800134f4	0x1cf4	0x4	unclassified	coverage-gap			payload-complement	may contain missed code, tables, constants, padding, or writable data
OPEN.EXE	0x800134f8	0x1cf8	0x14	string	byte-pattern		ascii	investigation:string-census	escaped text: \tnorm=%08X, nnorm=%d
OPEN.EXE	0x8001350c	0x1d0c	0x4	unclassified	coverage-gap			payload-complement	may contain missed code, tables, constants, padding, or writable data
OPEN.EXE	0x80013510	0x1d10	0x14	string	byte-pattern		ascii	investigation:string-census	escaped text: \tprim=%08X, nprim=%d
OPEN.EXE	0x80013524	0x1d24	0x4	unclassified	coverage-gap			payload-complement	may contain missed code, tables, constants, padding, or writable data
OPEN.EXE	0x80013528	0x1d28	0x17	string	byte-pattern		ascii	investigation:string-census	escaped text: unsupported type (%08x)
OPEN.EXE	0x8001353f	0x1d3f	0x5	unclassified	coverage-gap			payload-complement	may contain missed code, tables, constants, padding, or writable data
OPEN.EXE	0x80013544	0x1d44	0x14	string	byte-pattern		ascii	investigation:string-census	escaped text: tpage: (%d,%d,%d,%d)
OPEN.EXE	0x80013558	0x1d58	0x4	unclassified	coverage-gap			payload-complement	may contain missed code, tables, constants, padding, or writable data
OPEN.EXE	0x8001355c	0x1d5c	0xd	string	byte-pattern		ascii	investigation:string-census	escaped text: clut: (%d,%d)
OPEN.EXE	0x80013569	0x1d69	0x3	unclassified	coverage-gap			payload-complement	may contain missed code, tables, constants, padding, or writable data
OPEN.EXE	0x8001356c	0x1d6c	0x16	string	byte-pattern		ascii	investigation:string-census	escaped text: clip (%3d,%3d)-(%d,%d)
OPEN.EXE	0x80013582	0x1d82	0x2	unclassified	coverage-gap			payload-complement	may contain missed code, tables, constants, padding, or writable data
OPEN.EXE	0x80013584	0x1d84	0xe	string	byte-pattern		ascii	investigation:string-census	escaped text: ofs  (%3d,%3d)
OPEN.EXE	0x80013592	0x1d92	0x2	unclassified	coverage-gap			payload-complement	may contain missed code, tables, constants, padding, or writable data
OPEN.EXE	0x80013594	0x1d94	0x14	string	byte-pattern		ascii	investigation:string-census	escaped text: tw   (%d,%d)-(%d,%d)
OPEN.EXE	0x800135a8	0x1da8	0x4	unclassified	coverage-gap			payload-complement	may contain missed code, tables, constants, padding, or writable data
OPEN.EXE	0x800135ac	0x1dac	0x8	string	byte-pattern		ascii	investigation:string-census	escaped text: dtd   %d
OPEN.EXE	0x800135b4	0x1db4	0x4	unclassified	coverage-gap			payload-complement	may contain missed code, tables, constants, padding, or writable data
OPEN.EXE	0x800135b8	0x1db8	0x8	string	byte-pattern		ascii	investigation:string-census	escaped text: dfe   %d
OPEN.EXE	0x800135c0	0x1dc0	0x4	unclassified	coverage-gap			payload-complement	may contain missed code, tables, constants, padding, or writable data
OPEN.EXE	0x800135c4	0x1dc4	0x18	string	byte-pattern		ascii	investigation:string-census	escaped text: disp   (%3d,%3d)-(%d,%d)
OPEN.EXE	0x800135dc	0x1ddc	0x4	unclassified	coverage-gap			payload-complement	may contain missed code, tables, constants, padding, or writable data
OPEN.EXE	0x800135e0	0x1de0	0x18	string	byte-pattern		ascii	investigation:string-census	escaped text: screen (%3d,%3d)-(%d,%d)
OPEN.EXE	0x800135f8	0x1df8	0x4	unclassified	coverage-gap			payload-complement	may contain missed code, tables, constants, padding, or writable data
OPEN.EXE	0x800135fc	0x1dfc	0xa	string	byte-pattern		ascii	investigation:string-census	escaped text: isinter %d
OPEN.EXE	0x80013606	0x1e06	0x2	unclassified	coverage-gap			payload-complement	may contain missed code, tables, constants, padding, or writable data
OPEN.EXE	0x80013608	0x1e08	0xa	string	byte-pattern		ascii	investigation:string-census	escaped text: isrgb24 %d
OPEN.EXE	0x80013612	0x1e12	0x2	unclassified	coverage-gap			payload-complement	may contain missed code, tables, constants, padding, or writable data
OPEN.EXE	0x80013614	0x1e14	0xa	string	byte-pattern		ascii	investigation:string-census	escaped text: OTag :prim
OPEN.EXE	0x8001361e	0x1e1e	0x1	unclassified	coverage-gap			payload-complement	may contain missed code, tables, constants, padding, or writable data
OPEN.EXE	0x8001361f	0x1e1f	0x4	string	byte-pattern		ascii	investigation:string-census	escaped text: %5d:
OPEN.EXE	0x80013623	0x1e23	0x1	unclassified	coverage-gap			payload-complement	may contain missed code, tables, constants, padding, or writable data
OPEN.EXE	0x80013624	0x1e24	0x9	string	byte-pattern		ascii	investigation:string-census	escaped text: DumpOTage
OPEN.EXE	0x8001362d	0x1e2d	0x3	unclassified	coverage-gap			payload-complement	may contain missed code, tables, constants, padding, or writable data
OPEN.EXE	0x80013630	0x1e30	0x25	string	byte-pattern		ascii	investigation:string-census	escaped text: %s: bad prim:addr=%08X,type=%s,len=%d
OPEN.EXE	0x80013655	0x1e55	0x3	unclassified	coverage-gap			payload-complement	may contain missed code, tables, constants, padding, or writable data
OPEN.EXE	0x80013658	0x1e58	0x10	string	byte-pattern		ascii	investigation:string-census	escaped text: 0123456789ABCDEF
OPEN.EXE	0x80013668	0x1e68	0x4	unclassified	coverage-gap			payload-complement	may contain missed code, tables, constants, padding, or writable data
OPEN.EXE	0x8001366c	0x1e6c	0x10	string	byte-pattern		ascii	investigation:string-census	escaped text: 0123456789abcdef
OPEN.EXE	0x8001367c	0x1e7c	0x4	unclassified	coverage-gap			payload-complement	may contain missed code, tables, constants, padding, or writable data
OPEN.EXE	0x80013680	0x1e80	0x4	pointer	ghidra-defined		pointer	Ghidra-12.0.4/ghidra_psx_ldr-2026.07.08	machine-assisted WIP datum
OPEN.EXE	0x80013684	0x1e84	0x4	pointer	ghidra-defined		pointer	Ghidra-12.0.4/ghidra_psx_ldr-2026.07.08	machine-assisted WIP datum
OPEN.EXE	0x80013688	0x1e88	0x4	pointer	ghidra-defined		pointer	Ghidra-12.0.4/ghidra_psx_ldr-2026.07.08	machine-assisted WIP datum
OPEN.EXE	0x8001368c	0x1e8c	0x4	pointer	ghidra-defined		pointer	Ghidra-12.0.4/ghidra_psx_ldr-2026.07.08	machine-assisted WIP datum
OPEN.EXE	0x80013690	0x1e90	0x4	pointer	ghidra-defined		pointer	Ghidra-12.0.4/ghidra_psx_ldr-2026.07.08	machine-assisted WIP datum
OPEN.EXE	0x80013694	0x1e94	0x4	pointer	ghidra-defined		pointer	Ghidra-12.0.4/ghidra_psx_ldr-2026.07.08	machine-assisted WIP datum
OPEN.EXE	0x80013698	0x1e98	0x4	pointer	ghidra-defined		pointer	Ghidra-12.0.4/ghidra_psx_ldr-2026.07.08	machine-assisted WIP datum
OPEN.EXE	0x8001369c	0x1e9c	0x4	pointer	ghidra-defined		pointer	Ghidra-12.0.4/ghidra_psx_ldr-2026.07.08	machine-assisted WIP datum
OPEN.EXE	0x800136a0	0x1ea0	0x4	pointer	ghidra-defined		pointer	Ghidra-12.0.4/ghidra_psx_ldr-2026.07.08	machine-assisted WIP datum
OPEN.EXE	0x800136a4	0x1ea4	0x4	pointer	ghidra-defined		pointer	Ghidra-12.0.4/ghidra_psx_ldr-2026.07.08	machine-assisted WIP datum
OPEN.EXE	0x800136a8	0x1ea8	0x4	pointer	ghidra-defined		pointer	Ghidra-12.0.4/ghidra_psx_ldr-2026.07.08	machine-assisted WIP datum
OPEN.EXE	0x800136ac	0x1eac	0x4	pointer	ghidra-defined		pointer	Ghidra-12.0.4/ghidra_psx_ldr-2026.07.08	machine-assisted WIP datum
OPEN.EXE	0x800136b0	0x1eb0	0x4	pointer	ghidra-defined		pointer	Ghidra-12.0.4/ghidra_psx_ldr-2026.07.08	machine-assisted WIP datum
OPEN.EXE	0x800136b4	0x1eb4	0x4	pointer	ghidra-defined		pointer	Ghidra-12.0.4/ghidra_psx_ldr-2026.07.08	machine-assisted WIP datum
OPEN.EXE	0x800136b8	0x1eb8	0x4	pointer	ghidra-defined		pointer	Ghidra-12.0.4/ghidra_psx_ldr-2026.07.08	machine-assisted WIP datum
OPEN.EXE	0x800136bc	0x1ebc	0x4	pointer	ghidra-defined		pointer	Ghidra-12.0.4/ghidra_psx_ldr-2026.07.08	machine-assisted WIP datum
OPEN.EXE	0x800136c0	0x1ec0	0x4	pointer	ghidra-defined		pointer	Ghidra-12.0.4/ghidra_psx_ldr-2026.07.08	machine-assisted WIP datum
OPEN.EXE	0x800136c4	0x1ec4	0x4	pointer	ghidra-defined		pointer	Ghidra-12.0.4/ghidra_psx_ldr-2026.07.08	machine-assisted WIP datum
OPEN.EXE	0x800136c8	0x1ec8	0x4	pointer	ghidra-defined		pointer	Ghidra-12.0.4/ghidra_psx_ldr-2026.07.08	machine-assisted WIP datum
OPEN.EXE	0x800136cc	0x1ecc	0x4	pointer	ghidra-defined		pointer	Ghidra-12.0.4/ghidra_psx_ldr-2026.07.08	machine-assisted WIP datum
OPEN.EXE	0x800136d0	0x1ed0	0x4	pointer	ghidra-defined		pointer	Ghidra-12.0.4/ghidra_psx_ldr-2026.07.08	machine-assisted WIP datum
OPEN.EXE	0x800136d4	0x1ed4	0x4	pointer	ghidra-defined		pointer	Ghidra-12.0.4/ghidra_psx_ldr-2026.07.08	machine-assisted WIP datum
OPEN.EXE	0x800136d8	0x1ed8	0x4	pointer	ghidra-defined		pointer	Ghidra-12.0.4/ghidra_psx_ldr-2026.07.08	machine-assisted WIP datum
OPEN.EXE	0x800136dc	0x1edc	0x4	pointer	ghidra-defined		pointer	Ghidra-12.0.4/ghidra_psx_ldr-2026.07.08	machine-assisted WIP datum
OPEN.EXE	0x800136e0	0x1ee0	0x4	pointer	ghidra-defined		pointer	Ghidra-12.0.4/ghidra_psx_ldr-2026.07.08	machine-assisted WIP datum
OPEN.EXE	0x800136e4	0x1ee4	0x4	pointer	ghidra-defined		pointer	Ghidra-12.0.4/ghidra_psx_ldr-2026.07.08	machine-assisted WIP datum
OPEN.EXE	0x800136e8	0x1ee8	0x4	pointer	ghidra-defined		pointer	Ghidra-12.0.4/ghidra_psx_ldr-2026.07.08	machine-assisted WIP datum
OPEN.EXE	0x800136ec	0x1eec	0x4	pointer	ghidra-defined		pointer	Ghidra-12.0.4/ghidra_psx_ldr-2026.07.08	machine-assisted WIP datum
OPEN.EXE	0x800136f0	0x1ef0	0x4	pointer	ghidra-defined		pointer	Ghidra-12.0.4/ghidra_psx_ldr-2026.07.08	machine-assisted WIP datum
OPEN.EXE	0x800136f4	0x1ef4	0x4	pointer	ghidra-defined		pointer	Ghidra-12.0.4/ghidra_psx_ldr-2026.07.08	machine-assisted WIP datum
OPEN.EXE	0x800136f8	0x1ef8	0x4	pointer	ghidra-defined		pointer	Ghidra-12.0.4/ghidra_psx_ldr-2026.07.08	machine-assisted WIP datum
OPEN.EXE	0x800136fc	0x1efc	0x4	pointer	ghidra-defined		pointer	Ghidra-12.0.4/ghidra_psx_ldr-2026.07.08	machine-assisted WIP datum
OPEN.EXE	0x80013700	0x1f00	0x4	pointer	ghidra-defined		pointer	Ghidra-12.0.4/ghidra_psx_ldr-2026.07.08	machine-assisted WIP datum
OPEN.EXE	0x80013704	0x1f04	0x4	pointer	ghidra-defined		pointer	Ghidra-12.0.4/ghidra_psx_ldr-2026.07.08	machine-assisted WIP datum
OPEN.EXE	0x80013708	0x1f08	0x4	pointer	ghidra-defined		pointer	Ghidra-12.0.4/ghidra_psx_ldr-2026.07.08	machine-assisted WIP datum
OPEN.EXE	0x8001370c	0x1f0c	0x4	pointer	ghidra-defined		pointer	Ghidra-12.0.4/ghidra_psx_ldr-2026.07.08	machine-assisted WIP datum
OPEN.EXE	0x80013710	0x1f10	0x4	pointer	ghidra-defined		pointer	Ghidra-12.0.4/ghidra_psx_ldr-2026.07.08	machine-assisted WIP datum
OPEN.EXE	0x80013714	0x1f14	0x4	pointer	ghidra-defined		pointer	Ghidra-12.0.4/ghidra_psx_ldr-2026.07.08	machine-assisted WIP datum
OPEN.EXE	0x80013718	0x1f18	0x4	pointer	ghidra-defined		pointer	Ghidra-12.0.4/ghidra_psx_ldr-2026.07.08	machine-assisted WIP datum
OPEN.EXE	0x8001371c	0x1f1c	0x4	pointer	ghidra-defined		pointer	Ghidra-12.0.4/ghidra_psx_ldr-2026.07.08	machine-assisted WIP datum
OPEN.EXE	0x80013720	0x1f20	0x4	pointer	ghidra-defined		pointer	Ghidra-12.0.4/ghidra_psx_ldr-2026.07.08	machine-assisted WIP datum
OPEN.EXE	0x80013724	0x1f24	0x4	pointer	ghidra-defined		pointer	Ghidra-12.0.4/ghidra_psx_ldr-2026.07.08	machine-assisted WIP datum
OPEN.EXE	0x80013728	0x1f28	0x4	pointer	ghidra-defined		pointer	Ghidra-12.0.4/ghidra_psx_ldr-2026.07.08	machine-assisted WIP datum
OPEN.EXE	0x8001372c	0x1f2c	0x4	pointer	ghidra-defined		pointer	Ghidra-12.0.4/ghidra_psx_ldr-2026.07.08	machine-assisted WIP datum
OPEN.EXE	0x80013730	0x1f30	0x4	pointer	ghidra-defined		pointer	Ghidra-12.0.4/ghidra_psx_ldr-2026.07.08	machine-assisted WIP datum
OPEN.EXE	0x80013967	0x2167	0x6	string	byte-pattern		shift_jis	investigation:string-census	escaped text: <l咤絃
OPEN.EXE	0x80013b23	0x2323	0x6	string	byte-pattern		shift_jis	investigation:string-census	escaped text: <l噪劇
OPEN.EXE	0x80013c43	0x2443	0x6	string	byte-pattern		shift_jis	investigation:string-census	escaped text: <l噪劇
OPEN.EXE	0x80013c97	0x2497	0x4	string	byte-pattern		ascii	investigation:string-census	"escaped text: <x1"""
OPEN.EXE	0x80013cca	0x24ca	0x4	string	byte-pattern		ascii	investigation:string-census	escaped text: b(9O
OPEN.EXE	0x80013ef3	0x26f3	0x4	string	byte-pattern		ascii	investigation:string-census	"escaped text: <8X"""
OPEN.EXE	0x80013f37	0x2737	0x4	string	byte-pattern		ascii	investigation:string-census	escaped text: <8Xc
OPEN.EXE	0x80013fd3	0x27d3	0x4	string	byte-pattern		ascii	investigation:string-census	escaped text: <$X%
OPEN.EXE	0x80013fdb	0x27db	0x4	string	byte-pattern		ascii	investigation:string-census	escaped text: <(X$
OPEN.EXE	0x80013fe3	0x27e3	0x4	string	byte-pattern		ascii	investigation:string-census	"escaped text: <,X"""
OPEN.EXE	0x8001406b	0x286b	0x4	string	byte-pattern		ascii	investigation:string-census	escaped text: <4X\x20
OPEN.EXE	0x80014117	0x2917	0x5	string	byte-pattern		ascii	investigation:string-census	escaped text: <8X1&
OPEN.EXE	0x8001418b	0x298b	0x8	string	byte-pattern		shift_jis	investigation:string-census	"escaped text: <,X迪!H"""
OPEN.EXE	0x800141cf	0x29cf	0x4	string	byte-pattern		ascii	investigation:string-census	escaped text: <$Xc
OPEN.EXE	0x80014287	0x2a87	0x7	string	byte-pattern		shift_jis	investigation:string-census	escaped text: <8符$xf
OPEN.EXE	0x80014297	0x2a97	0x5	string	byte-pattern		shift_jis	investigation:string-census	escaped text: <8符$
OPEN.EXE	0x800142d7	0x2ad7	0x4	string	byte-pattern		ascii	investigation:string-census	escaped text: <4XB
OPEN.EXE	0x8001432f	0x2b2f	0x4	string	byte-pattern		ascii	investigation:string-census	escaped text: <4XB
OPEN.EXE	0x80014347	0x2b47	0x4	string	byte-pattern		ascii	investigation:string-census	escaped text: <x1B
OPEN.EXE	0x8001451f	0x2d1f	0x5	string	byte-pattern		shift_jis	investigation:string-census	escaped text: <l啌&
OPEN.EXE	0x800145b7	0x2db7	0x4	string	byte-pattern		ascii	investigation:string-census	escaped text: <x1B
OPEN.EXE	0x800146eb	0x2eeb	0x4	string	byte-pattern		ascii	investigation:string-census	escaped text: %!@@
OPEN.EXE	0x80014757	0x2f57	0x4	string	byte-pattern		ascii	investigation:string-census	escaped text: %!@`
OPEN.EXE	0x800147d7	0x2fd7	0x4	string	byte-pattern		ascii	investigation:string-census	escaped text: %!@@
OPEN.EXE	0x8001488b	0x308b	0x7	string	byte-pattern		shift_jis	investigation:string-census	escaped text: <8符$xf
OPEN.EXE	0x8001489b	0x309b	0x5	string	byte-pattern		shift_jis	investigation:string-census	escaped text: <8符$
OPEN.EXE	0x80014932	0x3132	0x4	string	byte-pattern		ascii	investigation:string-census	escaped text: B$lh
OPEN.EXE	0x80014957	0x3157	0x4	string	byte-pattern		ascii	investigation:string-census	escaped text: <x1B
OPEN.EXE	0x8001497f	0x317f	0x5	string	byte-pattern		ascii	investigation:string-census	escaped text: <8Xs&
OPEN.EXE	0x800149b2	0x31b2	0x4	string	byte-pattern		ascii	investigation:string-census	escaped text: e&N[
OPEN.EXE	0x800149cf	0x31cf	0x5	string	byte-pattern		ascii	investigation:string-census	escaped text: <xX1&
OPEN.EXE	0x800149fb	0x31fb	0x5	string	byte-pattern		shift_jis	investigation:string-census	escaped text: <罫B$
OPEN.EXE	0x80014a36	0x3236	0x5	string	byte-pattern		shift_jis	investigation:string-census	escaped text: B&!拭
OPEN.EXE	0x80014a52	0x3252	0x4	string	byte-pattern		ascii	investigation:string-census	escaped text: 1&t[
OPEN.EXE	0x80014a67	0x3267	0x4	string	byte-pattern		ascii	investigation:string-census	escaped text: <x1B
OPEN.EXE	0x80014afb	0x32fb	0x4	string	byte-pattern		ascii	investigation:string-census	escaped text: <x1B
OPEN.EXE	0x80014b63	0x3363	0x7	string	byte-pattern		shift_jis	investigation:string-census	escaped text: <8符$xf
OPEN.EXE	0x80014b73	0x3373	0x5	string	byte-pattern		shift_jis	investigation:string-census	escaped text: <8符$
OPEN.EXE	0x80014bfe	0x33fe	0x5	string	byte-pattern		shift_jis	investigation:string-census	escaped text: B&!拭
OPEN.EXE	0x80014c2b	0x342b	0x5	string	byte-pattern		ascii	investigation:string-census	escaped text: <8Xs&
OPEN.EXE	0x80014c8e	0x348e	0x4	string	byte-pattern		ascii	investigation:string-census	escaped text: B$lh
OPEN.EXE	0x80014d26	0x3526	0x4	string	byte-pattern		ascii	investigation:string-census	escaped text: R&MS
OPEN.EXE	0x80014de6	0x35e6	0x5	string	byte-pattern		shift_jis	investigation:string-census	escaped text: B&!拭
OPEN.EXE	0x8001509f	0x389f	0x7	string	byte-pattern		shift_jis	investigation:string-census	escaped text: <8符$xf
OPEN.EXE	0x800150af	0x38af	0x5	string	byte-pattern		shift_jis	investigation:string-census	escaped text: <8符$
OPEN.EXE	0x800152df	0x3adf	0x4	string	byte-pattern		ascii	investigation:string-census	escaped text: <8Xc
OPEN.EXE	0x800154ce	0x3cce	0x4	string	byte-pattern		ascii	investigation:string-census	escaped text: B$;U
OPEN.EXE	0x80015546	0x3d46	0x5	string	byte-pattern		shift_jis	investigation:string-census	escaped text: B&!拭
OPEN.EXE	0x8001565b	0x3e5b	0x4	string	byte-pattern		ascii	investigation:string-census	escaped text: $!0@
OPEN.EXE	0x800156df	0x3edf	0x7	string	byte-pattern		shift_jis	investigation:string-census	escaped text: <H噪$!(
OPEN.EXE	0x800156f7	0x3ef7	0x7	string	byte-pattern		shift_jis	investigation:string-census	escaped text: <8符$!(
OPEN.EXE	0x800157cb	0x3fcb	0x4	string	byte-pattern		ascii	investigation:string-census	escaped text: <x1\x20
OPEN.EXE	0x800157db	0x3fdb	0x4	string	byte-pattern		ascii	investigation:string-census	escaped text: <x1B
OPEN.EXE	0x8001582f	0x402f	0x4	string	byte-pattern		ascii	investigation:string-census	escaped text: <x1\x20
OPEN.EXE	0x8001583f	0x403f	0x4	string	byte-pattern		ascii	investigation:string-census	escaped text: <x1B
OPEN.EXE	0x8001586b	0x406b	0x4	string	byte-pattern		ascii	investigation:string-census	escaped text: <x1\x20
OPEN.EXE	0x80015b57	0x4357	0x4	string	byte-pattern		ascii	investigation:string-census	escaped text: '!(`
OPEN.EXE	0x80015def	0x45ef	0x4	string	byte-pattern		ascii	investigation:string-census	escaped text: <! D
OPEN.EXE	0x80015e0f	0x460f	0x4	string	byte-pattern		ascii	investigation:string-census	escaped text: <HXB
OPEN.EXE	0x80015e17	0x4617	0x4	string	byte-pattern		ascii	investigation:string-census	escaped text: <TX\x20
OPEN.EXE	0x80015e1f	0x461f	0x4	string	byte-pattern		ascii	investigation:string-census	"escaped text: <PX"""
OPEN.EXE	0x80015e77	0x4677	0x4	string	byte-pattern		ascii	investigation:string-census	"escaped text: <HX"""
OPEN.EXE	0x80015e8f	0x468f	0x4	string	byte-pattern		ascii	investigation:string-census	escaped text: <PXB
OPEN.EXE	0x80015e9b	0x469b	0x4	string	byte-pattern		ascii	investigation:string-census	"escaped text: <HX"""
OPEN.EXE	0x80015ea7	0x46a7	0x4	string	byte-pattern		ascii	investigation:string-census	"escaped text: <LX"""
OPEN.EXE	0x80015ebf	0x46bf	0x4	string	byte-pattern		ascii	investigation:string-census	escaped text: <PX\x20
OPEN.EXE	0x80015ed7	0x46d7	0x4	string	byte-pattern		ascii	investigation:string-census	escaped text: <LXB
OPEN.EXE	0x80015f6f	0x476f	0x4	string	byte-pattern		ascii	investigation:string-census	escaped text: $$0C
OPEN.EXE	0x80015f7f	0x477f	0x5	string	byte-pattern		ascii	investigation:string-census	escaped text: <TXc$
OPEN.EXE	0x80015fbb	0x47bb	0x5	string	byte-pattern		ascii	investigation:string-census	escaped text: <TXc$
OPEN.EXE	0x80015fdb	0x47db	0x4	string	byte-pattern		ascii	investigation:string-census	escaped text: <PXB
OPEN.EXE	0x80015fff	0x47ff	0x4	string	byte-pattern		ascii	investigation:string-census	"escaped text: <PX"""
OPEN.EXE	0x800163cb	0x4bcb	0x8	string	byte-pattern		shift_jis	investigation:string-census	escaped text: <`邃$!(@
OPEN.EXE	0x800163e3	0x4be3	0x4	string	byte-pattern		ascii	investigation:string-census	escaped text: $!(@
OPEN.EXE	0x800163f7	0x4bf7	0x4	string	byte-pattern		ascii	investigation:string-census	escaped text: $!(@
OPEN.EXE	0x8001640b	0x4c0b	0x4	string	byte-pattern		ascii	investigation:string-census	escaped text: $!(@
OPEN.EXE	0x80016487	0x4c87	0x4	string	byte-pattern		ascii	investigation:string-census	escaped text: <PX0
OPEN.EXE	0x80016597	0x4d97	0x4	string	byte-pattern		ascii	investigation:string-census	escaped text: <PX0
OPEN.EXE	0x800165e7	0x4de7	0x4	string	byte-pattern		ascii	investigation:string-census	"escaped text: <PX"""
OPEN.EXE	0x8001676f	0x4f6f	0x5	string	byte-pattern		ascii	investigation:string-census	escaped text: <PX1&
OPEN.EXE	0x8001687f	0x507f	0x5	string	byte-pattern		ascii	investigation:string-census	escaped text: <PX1&
OPEN.EXE	0x80016957	0x5157	0x6	string	byte-pattern		ascii	investigation:string-census	escaped text: <`ac4!
OPEN.EXE	0x800169ab	0x51ab	0x7	string	byte-pattern		shift_jis	investigation:string-census	escaped text: <(皈$羯
OPEN.EXE	0x80016b37	0x5337	0x7	string	byte-pattern		shift_jis	investigation:string-census	escaped text: <p噪$!(
OPEN.EXE	0x80016b53	0x5353	0x7	string	byte-pattern		shift_jis	investigation:string-census	escaped text: <(寇$!(
OPEN.EXE	0x80016b71	0x5371	0x5	string	byte-pattern		shift_jis	investigation:string-census	escaped text: 噪$!(
OPEN.EXE	0x80016b8b	0x538b	0x7	string	byte-pattern		shift_jis	investigation:string-census	escaped text: <<寇$!(
OPEN.EXE	0x80016cb7	0x54b7	0x6	string	byte-pattern		shift_jis	investigation:string-census	escaped text: <h咤瑚
OPEN.EXE	0x80016d13	0x5513	0x4	string	byte-pattern		ascii	investigation:string-census	escaped text: <(Yc
OPEN.EXE	0x80016d23	0x5523	0x4	string	byte-pattern		ascii	investigation:string-census	escaped text: <(Y#
OPEN.EXE	0x80016d43	0x5543	0x5	string	byte-pattern		shift_jis	investigation:string-census	escaped text: <H喞$
OPEN.EXE	0x80016dab	0x55ab	0x4	string	byte-pattern		ascii	investigation:string-census	escaped text: <(Y\x20
OPEN.EXE	0x80016e13	0x5613	0x7	string	byte-pattern		shift_jis	investigation:string-census	escaped text: <p咤$仰
OPEN.EXE	0x80016e37	0x5637	0x5	string	byte-pattern		shift_jis	investigation:string-census	escaped text: <(妝$
OPEN.EXE	0x80016e47	0x5647	0x6	string	byte-pattern		shift_jis	investigation:string-census	escaped text: <l咤向
OPEN.EXE	0x80017033	0x5833	0x6	string	byte-pattern		shift_jis	investigation:string-census	escaped text: <`妝効
OPEN.EXE	0x80017043	0x5843	0x6	string	byte-pattern		shift_jis	investigation:string-census	escaped text: <`嫩弦
OPEN.EXE	0x8001706a	0x586a	0x5	string	byte-pattern		ascii	investigation:string-census	escaped text: B$!0C
OPEN.EXE	0x800170af	0x58af	0x6	string	byte-pattern		ascii	investigation:string-census	escaped text: <8!!$!
OPEN.EXE	0x8001733b	0x5b3b	0x5	string	byte-pattern		shift_jis	investigation:string-census	escaped text: <`嫩$
OPEN.EXE	0x800173e6	0x5be6	0x5	string	byte-pattern		ascii	investigation:string-census	escaped text: P&! `
OPEN.EXE	0x8001748a	0x5c8a	0x5	string	byte-pattern		ascii	investigation:string-census	escaped text: Q&! `
OPEN.EXE	0x80017536	0x5d36	0x5	string	byte-pattern		ascii	investigation:string-census	escaped text: Q&! `
OPEN.EXE	0x800175e2	0x5de2	0x5	string	byte-pattern		ascii	investigation:string-census	escaped text: P&! `
OPEN.EXE	0x8001768b	0x5e8b	0x6	string	byte-pattern		shift_jis	investigation:string-census	escaped text: <`屶$0
OPEN.EXE	0x800176f5	0x5ef5	0x4	string	byte-pattern		ascii	investigation:string-census	escaped text: !!$!
OPEN.EXE	0x8001791e	0x611e	0x5	string	byte-pattern		shift_jis	investigation:string-census	escaped text: ｎ!8\x20
OPEN.EXE	0x80017d6e	0x656e	0x5	string	byte-pattern		shift_jis	investigation:string-census	escaped text: ｎ!8\x20
OPEN.EXE	0x8001805a	0x685a	0x5	string	byte-pattern		shift_jis	investigation:string-census	escaped text: ｎ!(\x20
OPEN.EXE	0x8001825e	0x6a5e	0x5	string	byte-pattern		shift_jis	investigation:string-census	escaped text: ｎ!(\x20
OPEN.EXE	0x80018383	0x6b83	0x5	string	byte-pattern		shift_jis	investigation:string-census	escaped text: <`寇$
OPEN.EXE	0x80018652	0x6e52	0x5	string	byte-pattern		shift_jis	investigation:string-census	escaped text: B$!燭
OPEN.EXE	0x8001895e	0x715e	0x5	string	byte-pattern		shift_jis	investigation:string-census	escaped text: B0!殖
OPEN.EXE	0x80018b8b	0x738b	0x7	string	byte-pattern		shift_jis	investigation:string-census	escaped text: <l咤劇\x20
OPEN.EXE	0x80018c0a	0x740a	0x5	string	byte-pattern		shift_jis	investigation:string-census	escaped text: C&!秦
OPEN.EXE	0x80018c25	0x7425	0x4	string	byte-pattern		ascii	investigation:string-census	escaped text: mB$!
OPEN.EXE	0x80018c8b	0x748b	0x6	string	byte-pattern		shift_jis	investigation:string-census	escaped text: <`磽$!
OPEN.EXE	0x80018cff	0x74ff	0x6	string	byte-pattern		shift_jis	investigation:string-census	escaped text: <H焙$V
OPEN.EXE	0x80018d0f	0x750f	0x6	string	byte-pattern		shift_jis	investigation:string-census	escaped text: <H焙$z
OPEN.EXE	0x80018d37	0x7537	0x4	string	byte-pattern		ascii	investigation:string-census	escaped text: &!(0
OPEN.EXE	0x80018dd9	0x75d9	0x4	string	byte-pattern		ascii	investigation:string-census	escaped text: 9c$!
OPEN.EXE	0x80018ee7	0x76e7	0x6	string	byte-pattern		shift_jis	investigation:string-census	escaped text: <H焙$V
OPEN.EXE	0x80018ef7	0x76f7	0x6	string	byte-pattern		shift_jis	investigation:string-census	escaped text: <H焙$z
OPEN.EXE	0x80018f8e	0x778e	0x4	string	byte-pattern		ascii	investigation:string-census	escaped text: $&!(
OPEN.EXE	0x80018fe7	0x77e7	0x6	string	byte-pattern		ascii	investigation:string-census	"escaped text: <8""!$!"
OPEN.EXE	0x80019022	0x7822	0x4	string	byte-pattern		ascii	investigation:string-census	escaped text: B0*d
OPEN.EXE	0x8001910b	0x790b	0x6	string	byte-pattern		shift_jis	investigation:string-census	escaped text: <H焙$V
OPEN.EXE	0x8001911b	0x791b	0x6	string	byte-pattern		shift_jis	investigation:string-census	escaped text: <H焙$z
OPEN.EXE	0x800191f3	0x79f3	0x7	string	byte-pattern		shift_jis	investigation:string-census	escaped text: <濆B$hb
OPEN.EXE	0x80019332	0x7b32	0x5	string	byte-pattern		shift_jis	investigation:string-census	escaped text: b&!蓮
OPEN.EXE	0x800193a6	0x7ba6	0x5	string	byte-pattern		shift_jis	investigation:string-census	escaped text: b&!蓮
OPEN.EXE	0x80019496	0x7c96	0x5	string	byte-pattern		shift_jis	investigation:string-census	escaped text: b&!蓮
OPEN.EXE	0x800195ce	0x7dce	0x5	string	byte-pattern		ascii	investigation:string-census	escaped text: #%!H`
OPEN.EXE	0x80019852	0x8052	0x5	string	byte-pattern		shift_jis	investigation:string-census	escaped text: s&!摺
OPEN.EXE	0x8001986b	0x806b	0x5	string	byte-pattern		shift_jis	investigation:string-census	escaped text: <`笏&
OPEN.EXE	0x80019997	0x8197	0x5	string	byte-pattern		shift_jis	investigation:string-census	escaped text: <8符$
OPEN.EXE	0x80019a43	0x8243	0x5	string	byte-pattern		shift_jis	investigation:string-census	escaped text: <`簧%
OPEN.EXE	0x8001a4cf	0x8ccf	0x5	string	byte-pattern		ascii	investigation:string-census	escaped text: <xyB$
OPEN.EXE	0x8001a55b	0x8d5b	0x5	string	byte-pattern		ascii	investigation:string-census	escaped text: <xyB$
OPEN.EXE	0x8001a712	0x8f12	0x5	string	byte-pattern		ascii	investigation:string-census	escaped text: R&! @
OPEN.EXE	0x8001a747	0x8f47	0x4	string	byte-pattern		ascii	investigation:string-census	escaped text: 4! @
OPEN.EXE	0x8001a8db	0x90db	0x7	string	byte-pattern		shift_jis	investigation:string-census	escaped text: <p咤$仰
OPEN.EXE	0x8001aad7	0x92d7	0x6	string	byte-pattern		shift_jis	investigation:string-census	escaped text: <Щ!$!
OPEN.EXE	0x8001ab11	0x9311	0x4	string	byte-pattern		ascii	investigation:string-census	escaped text: Z!$!
OPEN.EXE	0x8001abaf	0x93af	0x4	string	byte-pattern		ascii	investigation:string-census	escaped text: < YB
OPEN.EXE	0x8001abb7	0x93b7	0x4	string	byte-pattern		ascii	investigation:string-census	escaped text: < Y$
OPEN.EXE	0x8001abc7	0x93c7	0x4	string	byte-pattern		ascii	investigation:string-census	escaped text: <p\tB
OPEN.EXE	0x8001abcf	0x93cf	0x4	string	byte-pattern		ascii	investigation:string-census	escaped text: <p\t$
OPEN.EXE	0x8001ac1d	0x941d	0x4	string	byte-pattern		ascii	investigation:string-census	escaped text: Z!$!
OPEN.EXE	0x8001b32f	0x9b2f	0x6	string	byte-pattern		shift_jis	investigation:string-census	escaped text: <Щ!$!
OPEN.EXE	0x8001b349	0x9b49	0x4	string	byte-pattern		ascii	investigation:string-census	escaped text: Z1&$
OPEN.EXE	0x8001b3a3	0x9ba3	0x6	string	byte-pattern		shift_jis	investigation:string-census	escaped text: <tsB瑚
OPEN.EXE	0x8001b3cf	0x9bcf	0x6	string	byte-pattern		shift_jis	investigation:string-census	escaped text: <xsc己
OPEN.EXE	0x8001b43b	0x9c3b	0x4	string	byte-pattern		ascii	investigation:string-census	escaped text: <xsB
OPEN.EXE	0x8001b463	0x9c63	0x4	string	byte-pattern		ascii	investigation:string-census	escaped text: <|sB
OPEN.EXE	0x8001b48b	0x9c8b	0x4	string	byte-pattern		ascii	investigation:string-census	escaped text: <xsB
OPEN.EXE	0x8001b4ad	0x9cad	0x4	string	byte-pattern		ascii	investigation:string-census	escaped text: u!$!
OPEN.EXE	0x8001b4d9	0x9cd9	0x4	string	byte-pattern		ascii	investigation:string-census	escaped text: #!$!
OPEN.EXE	0x8001b503	0x9d03	0x4	string	byte-pattern		ascii	investigation:string-census	escaped text: <osB
OPEN.EXE	0x8001b515	0x9d15	0x4	string	byte-pattern		ascii	investigation:string-census	escaped text: [!$!
OPEN.EXE	0x8001b555	0x9d55	0x4	string	byte-pattern		ascii	investigation:string-census	escaped text: y!$!
OPEN.EXE	0x8001b59d	0x9d9d	0x4	string	byte-pattern		ascii	investigation:string-census	escaped text: y!$!
OPEN.EXE	0x8001b607	0x9e07	0x4	string	byte-pattern		ascii	investigation:string-census	escaped text: < YB
OPEN.EXE	0x8001b64f	0x9e4f	0x4	string	byte-pattern		ascii	investigation:string-census	escaped text: <xsB
OPEN.EXE	0x8001b67f	0x9e7f	0x4	string	byte-pattern		ascii	investigation:string-census	escaped text: <xsB
OPEN.EXE	0x8001b6af	0x9eaf	0x4	string	byte-pattern		ascii	investigation:string-census	escaped text: <xsB
OPEN.EXE	0x8001b6f7	0x9ef7	0x4	string	byte-pattern		ascii	investigation:string-census	"escaped text: <ts"""
OPEN.EXE	0x8001b707	0x9f07	0x4	string	byte-pattern		ascii	investigation:string-census	escaped text: <ts\x20
OPEN.EXE	0x8001b773	0x9f73	0x4	string	byte-pattern		ascii	investigation:string-census	escaped text: < Y\x20
OPEN.EXE	0x8001b78b	0x9f8b	0x4	string	byte-pattern		ascii	investigation:string-census	escaped text: <ps\x20
OPEN.EXE	0x8001b8a7	0xa0a7	0x4	string	byte-pattern		ascii	investigation:string-census	escaped text: <osB
OPEN.EXE	0x8001b92f	0xa12f	0x5	string	byte-pattern		shift_jis	investigation:string-census	escaped text: <osю
OPEN.EXE	0x8001b995	0xa195	0x5	string	byte-pattern		shift_jis	investigation:string-census	escaped text: uR&鑞
OPEN.EXE	0x8001b9fb	0xa1fb	0x6	string	byte-pattern		shift_jis	investigation:string-census	escaped text: <osc逗
OPEN.EXE	0x8001ba09	0xa209	0x4	string	byte-pattern		ascii	investigation:string-census	escaped text: Z!$!
OPEN.EXE	0x8001ba1b	0xa21b	0x6	string	byte-pattern		shift_jis	investigation:string-census	escaped text: <Щ!$!
OPEN.EXE	0x8001ba3d	0xa23d	0x4	string	byte-pattern		ascii	investigation:string-census	escaped text: u!$!
OPEN.EXE	0x8001ba87	0xa287	0x5	string	byte-pattern		shift_jis	investigation:string-census	escaped text: <osю
OPEN.EXE	0x8001bb51	0xa351	0x4	string	byte-pattern		ascii	investigation:string-census	escaped text: u!$!
OPEN.EXE	0x8001bb87	0xa387	0x4	string	byte-pattern		ascii	investigation:string-census	escaped text: <psB
OPEN.EXE	0x8001bb9b	0xa39b	0x7	string	byte-pattern		shift_jis	investigation:string-census	escaped text: <psB侯n
OPEN.EXE	0x8001bbb7	0xa3b7	0x5	string	byte-pattern		shift_jis	investigation:string-census	escaped text: <osю
OPEN.EXE	0x8001bc37	0xa437	0x4	string	byte-pattern		ascii	investigation:string-census	escaped text: <osB
OPEN.EXE	0x8001bc47	0xa447	0x6	string	byte-pattern		shift_jis	investigation:string-census	escaped text: <Щ!$!
OPEN.EXE	0x8001bc87	0xa487	0x6	string	byte-pattern		shift_jis	investigation:string-census	escaped text: <Щ!$!
OPEN.EXE	0x8001bcb1	0xa4b1	0x4	string	byte-pattern		ascii	investigation:string-census	escaped text: \\!$!
OPEN.EXE	0x8001bce7	0xa4e7	0x6	string	byte-pattern		shift_jis	investigation:string-census	escaped text: <Щ!$!
OPEN.EXE	0x8001bd0f	0xa50f	0x4	string	byte-pattern		ascii	investigation:string-census	escaped text: <xsc
OPEN.EXE	0x8001bd7f	0xa57f	0x4	string	byte-pattern		ascii	investigation:string-census	escaped text: <xsB
OPEN.EXE	0x8001bdef	0xa5ef	0x6	string	byte-pattern		shift_jis	investigation:string-census	escaped text: <麓!$!
OPEN.EXE	0x8001be13	0xa613	0x4	string	byte-pattern		ascii	investigation:string-census	escaped text: <xsc
OPEN.EXE	0x8001be5b	0xa65b	0x4	string	byte-pattern		ascii	investigation:string-census	escaped text: <xsB
OPEN.EXE	0x8001be6b	0xa66b	0x4	string	byte-pattern		ascii	investigation:string-census	escaped text: <|sB
OPEN.EXE	0x8001be73	0xa673	0x4	string	byte-pattern		ascii	investigation:string-census	escaped text: <os2
OPEN.EXE	0x8001bf0b	0xa70b	0x6	string	byte-pattern		shift_jis	investigation:string-census	escaped text: <Щ!$!
OPEN.EXE	0x8001bfaf	0xa7af	0x4	string	byte-pattern		ascii	investigation:string-census	escaped text: <osB
OPEN.EXE	0x8001bfbf	0xa7bf	0x6	string	byte-pattern		shift_jis	investigation:string-census	escaped text: <Щ!$!
OPEN.EXE	0x8001bfdf	0xa7df	0x4	string	byte-pattern		ascii	investigation:string-census	escaped text: <xsc
OPEN.EXE	0x8001c017	0xa817	0x4	string	byte-pattern		ascii	investigation:string-census	escaped text: <xsc
OPEN.EXE	0x8001c027	0xa827	0x4	string	byte-pattern		ascii	investigation:string-census	escaped text: <|sc
OPEN.EXE	0x8001c04f	0xa84f	0x6	string	byte-pattern		shift_jis	investigation:string-census	escaped text: <гъ!
OPEN.EXE	0x8001c0db	0xa8db	0x4	string	byte-pattern		ascii	investigation:string-census	escaped text: <xsB
OPEN.EXE	0x8001c0eb	0xa8eb	0x6	string	byte-pattern		shift_jis	investigation:string-census	escaped text: <гc劇
OPEN.EXE	0x8001c103	0xa903	0x5	string	byte-pattern		ascii	investigation:string-census	escaped text: <C\tB4
OPEN.EXE	0x8001c1a7	0xa9a7	0x4	string	byte-pattern		ascii	investigation:string-census	escaped text: <ps%
OPEN.EXE	0x8001c217	0xaa17	0x4	string	byte-pattern		ascii	investigation:string-census	escaped text: < Yc
OPEN.EXE	0x8001c227	0xaa27	0x4	string	byte-pattern		ascii	investigation:string-census	"escaped text: < Y"""
OPEN.EXE	0x8001c27b	0xaa7b	0x4	string	byte-pattern		ascii	investigation:string-census	escaped text: <psB
OPEN.EXE	0x8001c2a7	0xaaa7	0x4	string	byte-pattern		ascii	investigation:string-census	escaped text: <psB
OPEN.EXE	0x8001c2b7	0xaab7	0x4	string	byte-pattern		ascii	investigation:string-census	"escaped text: <ps"""
OPEN.EXE	0x8001c2cf	0xaacf	0x5	string	byte-pattern		shift_jis	investigation:string-census	escaped text: <psъ
OPEN.EXE	0x8001c31b	0xab1b	0x4	string	byte-pattern		ascii	investigation:string-census	escaped text: <ps\x20
OPEN.EXE	0x8001c323	0xab23	0x4	string	byte-pattern		ascii	investigation:string-census	escaped text: <psB
OPEN.EXE	0x8001c34f	0xab4f	0x4	string	byte-pattern		ascii	investigation:string-census	escaped text: <p\tc
OPEN.EXE	0x8001c357	0xab57	0x4	string	byte-pattern		ascii	investigation:string-census	"escaped text: < Y"""
OPEN.EXE	0x8001c383	0xab83	0x4	string	byte-pattern		ascii	investigation:string-census	escaped text: <|\\$
OPEN.EXE	0x8001c50b	0xad0b	0x5	string	byte-pattern		shift_jis	investigation:string-census	escaped text: <菁B$
OPEN.EXE	0x8001c70b	0xaf0b	0x4	string	byte-pattern		ascii	investigation:string-census	escaped text: '! @
OPEN.EXE	0x8001c80b	0xb00b	0x4	string	byte-pattern		ascii	investigation:string-census	escaped text: < vB
OPEN.EXE	0x8001c825	0xb025	0x4	string	byte-pattern		ascii	investigation:string-census	escaped text: yB$!
OPEN.EXE	0x8001c84b	0xb04b	0x4	string	byte-pattern		ascii	investigation:string-census	escaped text: <8v1
OPEN.EXE	0x8001c89f	0xb09f	0x4	string	byte-pattern		ascii	investigation:string-census	escaped text: < vB
OPEN.EXE	0x8001ca6f	0xb26f	0x5	string	byte-pattern		shift_jis	investigation:string-census	escaped text: <閖s&
OPEN.EXE	0x8001cb73	0xb373	0x4	string	byte-pattern		ascii	investigation:string-census	escaped text: <(v\x20
OPEN.EXE	0x8001cc4f	0xb44f	0x6	string	byte-pattern		shift_jis	investigation:string-census	escaped text: <(vB限
OPEN.EXE	0x8001cc99	0xb499	0x4	string	byte-pattern		ascii	investigation:string-census	escaped text: |!$!
OPEN.EXE	0x8001ce03	0xb603	0x6	string	byte-pattern		shift_jis	investigation:string-census	escaped text: <閖B$+
OPEN.EXE	0x8001ce1f	0xb61f	0x4	string	byte-pattern		ascii	investigation:string-census	escaped text: <(v6
OPEN.EXE	0x8001ce27	0xb627	0x4	string	byte-pattern		ascii	investigation:string-census	escaped text: < v5
OPEN.EXE	0x8001d0ff	0xb8ff	0x4	string	byte-pattern		ascii	investigation:string-census	escaped text: <pv%
OPEN.EXE	0x8001d117	0xb917	0x4	string	byte-pattern		ascii	investigation:string-census	escaped text: <xv\x20
OPEN.EXE	0x8001d144	0xb944	0x8	unclassified	coverage-gap			payload-complement	may contain missed code, tables, constants, padding, or writable data
OPEN.EXE	0x8001d167	0xb967	0x4	string	byte-pattern		ascii	investigation:string-census	escaped text: <xv\x20
OPEN.EXE	0x8001d1cc	0xb9cc	0xb	unclassified	coverage-gap			payload-complement	may contain missed code, tables, constants, padding, or writable data
OPEN.EXE	0x8001d1d7	0xb9d7	0x6	string	byte-pattern		shift_jis	investigation:string-census	escaped text: < 苗瑚
OPEN.EXE	0x8001d1f7	0xb9f7	0x4	string	byte-pattern		ascii	investigation:string-census	escaped text: <xvB
OPEN.EXE	0x8001d25f	0xba5f	0x4	string	byte-pattern		ascii	investigation:string-census	escaped text: <Xv\x20
OPEN.EXE	0x8001d273	0xba73	0x4	string	byte-pattern		ascii	investigation:string-census	escaped text: <Pv0
OPEN.EXE	0x8001d2cb	0xbacb	0x4	string	byte-pattern		ascii	investigation:string-census	escaped text: <Xv0
OPEN.EXE	0x8001d2d3	0xbad3	0x4	string	byte-pattern		ascii	investigation:string-census	escaped text: <`v\x20
OPEN.EXE	0x8001d2db	0xbadb	0x4	string	byte-pattern		ascii	investigation:string-census	escaped text: <Pv\x20
OPEN.EXE	0x8001d30b	0xbb0b	0x4	string	byte-pattern		ascii	investigation:string-census	escaped text: <pvB
OPEN.EXE	0x8001d313	0xbb13	0x6	string	byte-pattern		shift_jis	investigation:string-census	escaped text: < 苗掘
OPEN.EXE	0x8001d457	0xbc57	0x6	string	byte-pattern		shift_jis	investigation:string-census	escaped text: < 苗掘
OPEN.EXE	0x8001d48f	0xbc8f	0x4	string	byte-pattern		ascii	investigation:string-census	escaped text: <pvc
OPEN.EXE	0x8001d497	0xbc97	0x7	string	byte-pattern		shift_jis	investigation:string-census	escaped text: < 払劇!
OPEN.EXE	0x8001d4f7	0xbcf7	0x4	string	byte-pattern		ascii	investigation:string-census	escaped text: <Pvc
OPEN.EXE	0x8001d52f	0xbd2f	0x4	string	byte-pattern		ascii	investigation:string-census	escaped text: <XvB
OPEN.EXE	0x8001d547	0xbd47	0x4	string	byte-pattern		ascii	investigation:string-census	escaped text: <`vB
OPEN.EXE	0x8001d557	0xbd57	0x4	string	byte-pattern		ascii	investigation:string-census	"escaped text: <`v"""
OPEN.EXE	0x8001d55f	0xbd5f	0x4	string	byte-pattern		ascii	investigation:string-census	escaped text: < t#
OPEN.EXE	0x8001d5eb	0xbdeb	0x4	string	byte-pattern		ascii	investigation:string-census	escaped text: < t#
OPEN.EXE	0x8001d617	0xbe17	0x4	string	byte-pattern		ascii	investigation:string-census	escaped text: <XvB
OPEN.EXE	0x8001d62b	0xbe2b	0x4	string	byte-pattern		ascii	investigation:string-census	escaped text: <`vB
OPEN.EXE	0x8001d63b	0xbe3b	0x4	string	byte-pattern		ascii	investigation:string-census	"escaped text: <`v"""
OPEN.EXE	0x8001d64f	0xbe4f	0x4	string	byte-pattern		ascii	investigation:string-census	"escaped text: < t"""
OPEN.EXE	0x8001d6af	0xbeaf	0x4	string	byte-pattern		ascii	investigation:string-census	escaped text: <xvB
OPEN.EXE	0x8001d6b7	0xbeb7	0x6	string	byte-pattern		shift_jis	investigation:string-census	escaped text: < 苗掘
OPEN.EXE	0x8001d6c7	0xbec7	0x4	string	byte-pattern		ascii	investigation:string-census	"escaped text: <Hv"""
OPEN.EXE	0x8001d6df	0xbedf	0x4	string	byte-pattern		ascii	investigation:string-census	escaped text: <XvB
OPEN.EXE	0x8001d6f3	0xbef3	0x4	string	byte-pattern		ascii	investigation:string-census	escaped text: <`vB
OPEN.EXE	0x8001d703	0xbf03	0x4	string	byte-pattern		ascii	investigation:string-census	"escaped text: <`v"""
OPEN.EXE	0x8001d70f	0xbf0f	0x4	string	byte-pattern		ascii	investigation:string-census	"escaped text: < t"""
OPEN.EXE	0x8001d73b	0xbf3b	0x5	string	byte-pattern		ascii	investigation:string-census	escaped text: <C\tB4
OPEN.EXE	0x8001d757	0xbf57	0x4	string	byte-pattern		ascii	investigation:string-census	escaped text: <XvB
OPEN.EXE	0x8001d77b	0xbf7b	0x5	string	byte-pattern		shift_jis	investigation:string-census	escaped text: <Hvъ
OPEN.EXE	0x8001d823	0xc023	0x4	string	byte-pattern		ascii	investigation:string-census	escaped text: <Hvc
OPEN.EXE	0x8001d843	0xc043	0x4	string	byte-pattern		ascii	investigation:string-census	escaped text: <XvB
OPEN.EXE	0x8001d857	0xc057	0x4	string	byte-pattern		ascii	investigation:string-census	escaped text: <`vB
OPEN.EXE	0x8001d867	0xc067	0x4	string	byte-pattern		ascii	investigation:string-census	"escaped text: <`v"""
OPEN.EXE	0x8001d87f	0xc07f	0x5	string	byte-pattern		shift_jis	investigation:string-census	escaped text: <Hvъ
OPEN.EXE	0x8001d8bb	0xc0bb	0x4	string	byte-pattern		ascii	investigation:string-census	escaped text: <XvB
OPEN.EXE	0x8001d8cf	0xc0cf	0x4	string	byte-pattern		ascii	investigation:string-census	escaped text: <`v\x20
OPEN.EXE	0x8001d8e3	0xc0e3	0x4	string	byte-pattern		ascii	investigation:string-census	escaped text: <Hvc
OPEN.EXE	0x8001d8ef	0xc0ef	0x4	string	byte-pattern		ascii	investigation:string-census	"escaped text: < t"""
OPEN.EXE	0x8001d903	0xc103	0x4	string	byte-pattern		ascii	investigation:string-census	escaped text: <$tc
OPEN.EXE	0x8001d957	0xc157	0x4	string	byte-pattern		ascii	investigation:string-census	escaped text: <$t\x20
OPEN.EXE	0x8001d96f	0xc16f	0x4	string	byte-pattern		ascii	investigation:string-census	escaped text: <Hvc
OPEN.EXE	0x8001d977	0xc177	0x4	string	byte-pattern		ascii	investigation:string-census	"escaped text: <xv"""
OPEN.EXE	0x8001d983	0xc183	0x4	string	byte-pattern		ascii	investigation:string-census	escaped text: <XvB
OPEN.EXE	0x8001d997	0xc197	0x4	string	byte-pattern		ascii	investigation:string-census	escaped text: <`vB
OPEN.EXE	0x8001d9a7	0xc1a7	0x4	string	byte-pattern		ascii	investigation:string-census	"escaped text: <`v"""
OPEN.EXE	0x8001d9b3	0xc1b3	0x4	string	byte-pattern		ascii	investigation:string-census	"escaped text: < t"""
OPEN.EXE	0x8001d9c3	0xc1c3	0x4	string	byte-pattern		ascii	investigation:string-census	escaped text: <Hvc
OPEN.EXE	0x8001d9eb	0xc1eb	0x4	string	byte-pattern		ascii	investigation:string-census	escaped text: <$t\x20
OPEN.EXE	0x8001da27	0xc227	0x4	string	byte-pattern		ascii	investigation:string-census	escaped text: <$t\x20
OPEN.EXE	0x8001da3f	0xc23f	0x4	string	byte-pattern		ascii	investigation:string-census	escaped text: <Hvc
OPEN.EXE	0x8001da47	0xc247	0x4	string	byte-pattern		ascii	investigation:string-census	"escaped text: <xv"""
OPEN.EXE	0x8001da77	0xc277	0x4	string	byte-pattern		ascii	investigation:string-census	escaped text: <XvB
OPEN.EXE	0x8001da8b	0xc28b	0x4	string	byte-pattern		ascii	investigation:string-census	escaped text: <`vB
OPEN.EXE	0x8001da9b	0xc29b	0x4	string	byte-pattern		ascii	investigation:string-census	"escaped text: <`v"""
OPEN.EXE	0x8001daa7	0xc2a7	0x4	string	byte-pattern		ascii	investigation:string-census	"escaped text: < t"""
OPEN.EXE	0x8001dab7	0xc2b7	0x4	string	byte-pattern		ascii	investigation:string-census	escaped text: <pvB
OPEN.EXE	0x8001dac7	0xc2c7	0x4	string	byte-pattern		ascii	investigation:string-census	escaped text: <xvc
OPEN.EXE	0x8001db23	0xc323	0x4	string	byte-pattern		ascii	investigation:string-census	escaped text: <XvB
OPEN.EXE	0x8001db37	0xc337	0x4	string	byte-pattern		ascii	investigation:string-census	escaped text: <`vB
OPEN.EXE	0x8001db47	0xc347	0x4	string	byte-pattern		ascii	investigation:string-census	"escaped text: <`v"""
OPEN.EXE	0x8001db53	0xc353	0x4	string	byte-pattern		ascii	investigation:string-census	"escaped text: < t"""
OPEN.EXE	0x8001db83	0xc383	0x4	string	byte-pattern		ascii	investigation:string-census	escaped text: <XvB
OPEN.EXE	0x8001db97	0xc397	0x4	string	byte-pattern		ascii	investigation:string-census	escaped text: <`vB
OPEN.EXE	0x8001dba7	0xc3a7	0x4	string	byte-pattern		ascii	investigation:string-census	"escaped text: <`v"""
OPEN.EXE	0x8001dbb3	0xc3b3	0x4	string	byte-pattern		ascii	investigation:string-census	"escaped text: < t"""
OPEN.EXE	0x8001dbc7	0xc3c7	0x4	string	byte-pattern		ascii	investigation:string-census	escaped text: <xv\x20
OPEN.EXE	0x8001dbdb	0xc3db	0x4	string	byte-pattern		ascii	investigation:string-census	escaped text: <Hvc
OPEN.EXE	0x8001dc0f	0xc40f	0x4	string	byte-pattern		ascii	investigation:string-census	"escaped text: <Hv"""
OPEN.EXE	0x8001dc17	0xc417	0x4	string	byte-pattern		ascii	investigation:string-census	escaped text: <xvB
OPEN.EXE	0x8001dc2f	0xc42f	0x4	string	byte-pattern		ascii	investigation:string-census	"escaped text: < t"""
OPEN.EXE	0x8001dc37	0xc437	0x4	string	byte-pattern		ascii	investigation:string-census	escaped text: <$tc
OPEN.EXE	0x8001dc47	0xc447	0x4	string	byte-pattern		ascii	investigation:string-census	escaped text: <pvB
OPEN.EXE	0x8001dc5b	0xc45b	0x4	string	byte-pattern		ascii	investigation:string-census	escaped text: <$t#
OPEN.EXE	0x8001dc73	0xc473	0x6	string	byte-pattern		shift_jis	investigation:string-census	escaped text: <Pvъ@
OPEN.EXE	0x8001dc95	0xc495	0x7	string	byte-pattern		shift_jis	investigation:string-census	escaped text: sc靴\tB4
OPEN.EXE	0x8001dcdb	0xc4db	0x4	string	byte-pattern		ascii	investigation:string-census	escaped text: <HvB
OPEN.EXE	0x8001dcfb	0xc4fb	0x4	string	byte-pattern		ascii	investigation:string-census	escaped text: <XvB
OPEN.EXE	0x8001dd33	0xc533	0x4	string	byte-pattern		ascii	investigation:string-census	escaped text: <`vB
OPEN.EXE	0x8001dd43	0xc543	0x4	string	byte-pattern		ascii	investigation:string-census	"escaped text: <`v"""
OPEN.EXE	0x8001dd93	0xc593	0x4	string	byte-pattern		ascii	investigation:string-census	escaped text: <$t\x20
OPEN.EXE	0x8001ddbf	0xc5bf	0x4	string	byte-pattern		ascii	investigation:string-census	escaped text: <XvB
OPEN.EXE	0x8001ddf7	0xc5f7	0x4	string	byte-pattern		ascii	investigation:string-census	escaped text: <`vB
OPEN.EXE	0x8001de07	0xc607	0x4	string	byte-pattern		ascii	investigation:string-census	"escaped text: <`v"""
OPEN.EXE	0x8001de3b	0xc63b	0x4	string	byte-pattern		ascii	investigation:string-census	escaped text: <Hvc
OPEN.EXE	0x8001de4b	0xc64b	0x4	string	byte-pattern		ascii	investigation:string-census	escaped text: <xvB
OPEN.EXE	0x8001de53	0xc653	0x4	string	byte-pattern		ascii	investigation:string-census	escaped text: <Xvc
OPEN.EXE	0x8001de5f	0xc65f	0x4	string	byte-pattern		ascii	investigation:string-census	"escaped text: <xv"""
OPEN.EXE	0x8001df4e	0xc74e	0x4	string	byte-pattern		ascii	investigation:string-census	escaped text: B4$0
OPEN.EXE	0x8001df8e	0xc78e	0x4	string	byte-pattern		ascii	investigation:string-census	escaped text: B4$0
OPEN.EXE	0x8001e267	0xca67	0x4	string	byte-pattern		ascii	investigation:string-census	escaped text: <0Y%
OPEN.EXE	0x8001e26f	0xca6f	0x4	string	byte-pattern		ascii	investigation:string-census	escaped text: <8Y&
OPEN.EXE	0x8001e2d3	0xcad3	0x4	string	byte-pattern		ascii	investigation:string-census	escaped text: <0YB
OPEN.EXE	0x8001e2f3	0xcaf3	0x4	string	byte-pattern		ascii	investigation:string-census	escaped text: <8YB
OPEN.EXE	0x8001e3c3	0xcbc3	0x4	string	byte-pattern		ascii	investigation:string-census	escaped text: <8Yc
OPEN.EXE	0x8001e3ef	0xcbef	0x4	string	byte-pattern		ascii	investigation:string-census	escaped text: <0YB
OPEN.EXE	0x8001e80b	0xd00b	0x4	string	byte-pattern		ascii	investigation:string-census	escaped text: <P1\x20
OPEN.EXE	0x8001e865	0xd065	0x4	string	byte-pattern		ascii	investigation:string-census	escaped text: \\!$!
OPEN.EXE	0x8001e87b	0xd07b	0x4	string	byte-pattern		ascii	investigation:string-census	"escaped text: <HY"""
OPEN.EXE	0x8001e88b	0xd08b	0x4	string	byte-pattern		ascii	investigation:string-census	escaped text: <p1\x20
OPEN.EXE	0x8001e8ab	0xd0ab	0x4	string	byte-pattern		ascii	investigation:string-census	escaped text: <,tB
OPEN.EXE	0x8001e8b7	0xd0b7	0x4	string	byte-pattern		ascii	investigation:string-census	escaped text: <h1#
OPEN.EXE	0x8001e8cf	0xd0cf	0x4	string	byte-pattern		ascii	investigation:string-census	escaped text: <,t#
OPEN.EXE	0x8001e8f7	0xd0f7	0x4	string	byte-pattern		ascii	investigation:string-census	"escaped text: <@Y"""
OPEN.EXE	0x8001e91f	0xd11f	0x6	string	byte-pattern		shift_jis	investigation:string-census	escaped text: <,tc瑚
OPEN.EXE	0x8001e937	0xd137	0x4	string	byte-pattern		ascii	investigation:string-census	escaped text: <,t\x20
OPEN.EXE	0x8001e947	0xd147	0x5	string	byte-pattern		shift_jis	investigation:string-census	escaped text: <@Yъ
OPEN.EXE	0x8001e957	0xd157	0x6	string	byte-pattern		shift_jis	investigation:string-census	escaped text: <@Yъ8
OPEN.EXE	0x8001e97f	0xd17f	0x5	string	byte-pattern		shift_jis	investigation:string-census	escaped text: <Ptъ
OPEN.EXE	0x8001e9af	0xd1af	0x5	string	byte-pattern		shift_jis	investigation:string-census	escaped text: <Ptъ
OPEN.EXE	0x8001ea37	0xd237	0x5	string	byte-pattern		shift_jis	investigation:string-census	escaped text: <Htъ
OPEN.EXE	0x8001ea77	0xd277	0x4	string	byte-pattern		ascii	investigation:string-census	escaped text: <8tc
OPEN.EXE	0x8001ea8f	0xd28f	0x4	string	byte-pattern		ascii	investigation:string-census	escaped text: <8tB
OPEN.EXE	0x8001eaf7	0xd2f7	0x4	string	byte-pattern		ascii	investigation:string-census	escaped text: <8tB
OPEN.EXE	0x8001eb2b	0xd32b	0x4	string	byte-pattern		ascii	investigation:string-census	escaped text: <8tB
OPEN.EXE	0x8001ebc3	0xd3c3	0x4	string	byte-pattern		ascii	investigation:string-census	escaped text: <8tc
OPEN.EXE	0x8001ec07	0xd407	0x4	string	byte-pattern		ascii	investigation:string-census	escaped text: <8tc
OPEN.EXE	0x8001ec4b	0xd44b	0x6	string	byte-pattern		shift_jis	investigation:string-census	escaped text: <8tъ!
OPEN.EXE	0x8001ec8b	0xd48b	0x5	string	byte-pattern		shift_jis	investigation:string-census	escaped text: <8tъ
OPEN.EXE	0x8001ed83	0xd583	0x4	string	byte-pattern		ascii	investigation:string-census	escaped text: <8tc
OPEN.EXE	0x8001edab	0xd5ab	0x4	string	byte-pattern		ascii	investigation:string-census	escaped text: <8tB
OPEN.EXE	0x8001ee17	0xd617	0x4	string	byte-pattern		ascii	investigation:string-census	escaped text: <8tB
OPEN.EXE	0x8001ee53	0xd653	0x5	string	byte-pattern		shift_jis	investigation:string-census	escaped text: <8tъ
OPEN.EXE	0x8001ee77	0xd677	0x4	string	byte-pattern		ascii	investigation:string-census	escaped text: <8tc
OPEN.EXE	0x8001ee9f	0xd69f	0x4	string	byte-pattern		ascii	investigation:string-census	escaped text: <8tB
OPEN.EXE	0x8001ef07	0xd707	0x4	string	byte-pattern		ascii	investigation:string-census	escaped text: <8tB
OPEN.EXE	0x8001ef3f	0xd73f	0x4	string	byte-pattern		ascii	investigation:string-census	escaped text: <8tB
OPEN.EXE	0x8001efbb	0xd7bb	0x4	string	byte-pattern		ascii	investigation:string-census	escaped text: <8tB
OPEN.EXE	0x8001f00b	0xd80b	0x4	string	byte-pattern		ascii	investigation:string-census	escaped text: <8tB
OPEN.EXE	0x8001f02f	0xd82f	0x4	string	byte-pattern		ascii	investigation:string-census	escaped text: <8tB
OPEN.EXE	0x8001f09b	0xd89b	0x4	string	byte-pattern		ascii	investigation:string-census	escaped text: <8tB
OPEN.EXE	0x8001f0d7	0xd8d7	0x5	string	byte-pattern		shift_jis	investigation:string-census	escaped text: <8tъ
OPEN.EXE	0x8001f0f7	0xd8f7	0x4	string	byte-pattern		ascii	investigation:string-census	escaped text: <8tc
OPEN.EXE	0x8001f11f	0xd91f	0x4	string	byte-pattern		ascii	investigation:string-census	escaped text: <8tB
OPEN.EXE	0x8001f187	0xd987	0x4	string	byte-pattern		ascii	investigation:string-census	escaped text: <8tB
OPEN.EXE	0x8001f1bf	0xd9bf	0x4	string	byte-pattern		ascii	investigation:string-census	escaped text: <8tB
OPEN.EXE	0x8001f23b	0xda3b	0x4	string	byte-pattern		ascii	investigation:string-census	escaped text: <8tB
OPEN.EXE	0x8001f29b	0xda9b	0x6	string	byte-pattern		shift_jis	investigation:string-census	escaped text: <8tB瑚
OPEN.EXE	0x8001f2ba	0xdaba	0x4	string	byte-pattern		ascii	investigation:string-census	escaped text: B0B8
OPEN.EXE	0x8001f2d9	0xdad9	0x4	string	byte-pattern		ascii	investigation:string-census	escaped text: '!$!
OPEN.EXE	0x8001f30b	0xdb0b	0x4	string	byte-pattern		ascii	investigation:string-census	escaped text: <8tc
OPEN.EXE	0x8001f32f	0xdb2f	0x4	string	byte-pattern		ascii	investigation:string-census	escaped text: <8tc
OPEN.EXE	0x8001f353	0xdb53	0x4	string	byte-pattern		ascii	investigation:string-census	escaped text: <8tB
OPEN.EXE	0x8001f365	0xdb65	0x4	string	byte-pattern		ascii	investigation:string-census	escaped text: @B0|
OPEN.EXE	0x8001f383	0xdb83	0x4	string	byte-pattern		ascii	investigation:string-census	escaped text: <8tB
OPEN.EXE	0x8001f3a7	0xdba7	0x4	string	byte-pattern		ascii	investigation:string-census	escaped text: <8tB
OPEN.EXE	0x8001f3cb	0xdbcb	0x4	string	byte-pattern		ascii	investigation:string-census	escaped text: <8tB
OPEN.EXE	0x8001f3f3	0xdbf3	0x4	string	byte-pattern		ascii	investigation:string-census	escaped text: <8tc
OPEN.EXE	0x8001f457	0xdc57	0x4	string	byte-pattern		ascii	investigation:string-census	escaped text: <8tc
OPEN.EXE	0x8001f473	0xdc73	0x4	string	byte-pattern		ascii	investigation:string-census	escaped text: <8tB
OPEN.EXE	0x8001f48b	0xdc8b	0x4	string	byte-pattern		ascii	investigation:string-census	escaped text: <8tB
OPEN.EXE	0x8001f4b7	0xdcb7	0x4	string	byte-pattern		ascii	investigation:string-census	escaped text: <8tc
OPEN.EXE	0x8001f4db	0xdcdb	0x5	string	byte-pattern		shift_jis	investigation:string-census	escaped text: <8tъ
OPEN.EXE	0x8001f58b	0xdd8b	0x4	string	byte-pattern		ascii	investigation:string-census	escaped text: <8tB
OPEN.EXE	0x8001f5b7	0xddb7	0x5	string	byte-pattern		shift_jis	investigation:string-census	escaped text: <8tъ
OPEN.EXE	0x8001f6cb	0xdecb	0x4	string	byte-pattern		ascii	investigation:string-census	escaped text: <8tc
OPEN.EXE	0x8001f6f7	0xdef7	0x5	string	byte-pattern		shift_jis	investigation:string-census	escaped text: <8t迪
OPEN.EXE	0x8001f737	0xdf37	0x4	string	byte-pattern		ascii	investigation:string-census	escaped text: <8tB
OPEN.EXE	0x8001f7b3	0xdfb3	0x4	string	byte-pattern		ascii	investigation:string-census	escaped text: <8tB
OPEN.EXE	0x8001f7ef	0xdfef	0x4	string	byte-pattern		ascii	investigation:string-census	escaped text: <8tB
OPEN.EXE	0x8001f80b	0xe00b	0x4	string	byte-pattern		ascii	investigation:string-census	escaped text: <8tB
OPEN.EXE	0x8001f843	0xe043	0x4	string	byte-pattern		ascii	investigation:string-census	escaped text: <8tB
OPEN.EXE	0x8001f863	0xe063	0x4	string	byte-pattern		ascii	investigation:string-census	escaped text: <8tB
OPEN.EXE	0x8001f887	0xe087	0x5	string	byte-pattern		shift_jis	investigation:string-census	escaped text: <8tъ
OPEN.EXE	0x8001f8bf	0xe0bf	0x4	string	byte-pattern		ascii	investigation:string-census	escaped text: <8tB
OPEN.EXE	0x8001f8db	0xe0db	0x5	string	byte-pattern		shift_jis	investigation:string-census	escaped text: <8tъ
OPEN.EXE	0x8001f913	0xe113	0x4	string	byte-pattern		ascii	investigation:string-census	escaped text: <8tB
OPEN.EXE	0x8001f93f	0xe13f	0x4	string	byte-pattern		ascii	investigation:string-census	escaped text: <8tB
OPEN.EXE	0x8001f967	0xe167	0x4	string	byte-pattern		ascii	investigation:string-census	escaped text: <8tc
OPEN.EXE	0x8001f9cb	0xe1cb	0x4	string	byte-pattern		ascii	investigation:string-census	escaped text: <8tc
OPEN.EXE	0x8001f9e7	0xe1e7	0x4	string	byte-pattern		ascii	investigation:string-census	escaped text: <8tB
OPEN.EXE	0x8001f9ff	0xe1ff	0x4	string	byte-pattern		ascii	investigation:string-census	escaped text: <8tB
OPEN.EXE	0x8001fa3f	0xe23f	0x4	string	byte-pattern		ascii	investigation:string-census	escaped text: <8tB
OPEN.EXE	0x8001fa7b	0xe27b	0x4	string	byte-pattern		ascii	investigation:string-census	escaped text: <8tB
OPEN.EXE	0x8001faa3	0xe2a3	0x4	string	byte-pattern		ascii	investigation:string-census	escaped text: <8tB
OPEN.EXE	0x8001fb67	0xe367	0x5	string	byte-pattern		shift_jis	investigation:string-census	escaped text: <8tъ
OPEN.EXE	0x8001fb9f	0xe39f	0x4	string	byte-pattern		ascii	investigation:string-census	escaped text: <8tB
OPEN.EXE	0x8001fbc7	0xe3c7	0x5	string	byte-pattern		shift_jis	investigation:string-census	escaped text: <8tъ
OPEN.EXE	0x8001fbff	0xe3ff	0x4	string	byte-pattern		ascii	investigation:string-census	escaped text: <8tB
OPEN.EXE	0x8001fc57	0xe457	0x4	string	byte-pattern		ascii	investigation:string-census	escaped text: <8tB
OPEN.EXE	0x8001fccb	0xe4cb	0x4	string	byte-pattern		ascii	investigation:string-census	escaped text: <8tc
OPEN.EXE	0x8001fce6	0xe4e6	0x4	string	byte-pattern		ascii	investigation:string-census	escaped text: B0BP
OPEN.EXE	0x8001fdbe	0xe5be	0x4	string	byte-pattern		ascii	investigation:string-census	escaped text: C%!(
OPEN.EXE	0x8001fe4b	0xe64b	0x4	string	byte-pattern		ascii	investigation:string-census	escaped text: <8tc
OPEN.EXE	0x8001fea7	0xe6a7	0x7	string	byte-pattern		shift_jis	investigation:string-census	escaped text: <炯B沓\x20
OPEN.EXE	0x8001feeb	0xe6eb	0x4	string	byte-pattern		ascii	investigation:string-census	escaped text: <8tB
OPEN.EXE	0x8001ff07	0xe707	0x6	string	byte-pattern		shift_jis	investigation:string-census	escaped text: <8tc掘
OPEN.EXE	0x8001ff27	0xe727	0x6	string	byte-pattern		shift_jis	investigation:string-census	escaped text: <8tc掘
OPEN.EXE	0x8001ff7f	0xe77f	0x4	string	byte-pattern		ascii	investigation:string-census	escaped text: <8tc
OPEN.EXE	0x8001ffa3	0xe7a3	0x4	string	byte-pattern		ascii	investigation:string-census	escaped text: <8tc
OPEN.EXE	0x8001ffc7	0xe7c7	0x4	string	byte-pattern		ascii	investigation:string-census	escaped text: <8tc
OPEN.EXE	0x8001ffeb	0xe7eb	0x4	string	byte-pattern		ascii	investigation:string-census	escaped text: <8tc
OPEN.EXE	0x8002000f	0xe80f	0x4	string	byte-pattern		ascii	investigation:string-census	escaped text: <8tc
OPEN.EXE	0x80020033	0xe833	0x4	string	byte-pattern		ascii	investigation:string-census	escaped text: <8tc
OPEN.EXE	0x80020057	0xe857	0x4	string	byte-pattern		ascii	investigation:string-census	escaped text: <8tc
OPEN.EXE	0x8002007b	0xe87b	0x4	string	byte-pattern		ascii	investigation:string-census	escaped text: <8tc
OPEN.EXE	0x8002009f	0xe89f	0x4	string	byte-pattern		ascii	investigation:string-census	escaped text: <8tc
OPEN.EXE	0x800200c3	0xe8c3	0x4	string	byte-pattern		ascii	investigation:string-census	escaped text: <8tc
OPEN.EXE	0x800200e7	0xe8e7	0x4	string	byte-pattern		ascii	investigation:string-census	escaped text: <8tc
OPEN.EXE	0x8002010b	0xe90b	0x4	string	byte-pattern		ascii	investigation:string-census	escaped text: <8tc
OPEN.EXE	0x8002012f	0xe92f	0x4	string	byte-pattern		ascii	investigation:string-census	escaped text: <8tc
OPEN.EXE	0x80020153	0xe953	0x4	string	byte-pattern		ascii	investigation:string-census	escaped text: <8tc
OPEN.EXE	0x80020177	0xe977	0x4	string	byte-pattern		ascii	investigation:string-census	escaped text: <8tc
OPEN.EXE	0x8002019b	0xe99b	0x4	string	byte-pattern		ascii	investigation:string-census	escaped text: <8tc
OPEN.EXE	0x800201c3	0xe9c3	0x4	string	byte-pattern		ascii	investigation:string-census	escaped text: <8tc
OPEN.EXE	0x800201eb	0xe9eb	0x4	string	byte-pattern		ascii	investigation:string-census	escaped text: <8tc
OPEN.EXE	0x80020213	0xea13	0x4	string	byte-pattern		ascii	investigation:string-census	escaped text: <8tc
OPEN.EXE	0x8002023b	0xea3b	0x4	string	byte-pattern		ascii	investigation:string-census	escaped text: <8tc
OPEN.EXE	0x80020263	0xea63	0x4	string	byte-pattern		ascii	investigation:string-census	escaped text: <8tc
OPEN.EXE	0x8002028b	0xea8b	0x4	string	byte-pattern		ascii	investigation:string-census	escaped text: <8tc
OPEN.EXE	0x800202b3	0xeab3	0x4	string	byte-pattern		ascii	investigation:string-census	escaped text: <8tc
OPEN.EXE	0x800202db	0xeadb	0x4	string	byte-pattern		ascii	investigation:string-census	escaped text: <8tc
OPEN.EXE	0x80020303	0xeb03	0x4	string	byte-pattern		ascii	investigation:string-census	escaped text: <8tc
OPEN.EXE	0x8002032b	0xeb2b	0x4	string	byte-pattern		ascii	investigation:string-census	escaped text: <8tc
OPEN.EXE	0x80020353	0xeb53	0x4	string	byte-pattern		ascii	investigation:string-census	escaped text: <8tc
OPEN.EXE	0x8002037b	0xeb7b	0x4	string	byte-pattern		ascii	investigation:string-census	escaped text: <8tc
OPEN.EXE	0x800203a3	0xeba3	0x4	string	byte-pattern		ascii	investigation:string-census	escaped text: <8tc
OPEN.EXE	0x800203cb	0xebcb	0x4	string	byte-pattern		ascii	investigation:string-census	escaped text: <8tc
OPEN.EXE	0x800203f3	0xebf3	0x6	string	byte-pattern		shift_jis	investigation:string-census	escaped text: <8tc掘
OPEN.EXE	0x80020417	0xec17	0x6	string	byte-pattern		shift_jis	investigation:string-census	escaped text: <8tc沓
OPEN.EXE	0x80020433	0xec33	0x4	string	byte-pattern		ascii	investigation:string-census	escaped text: <8tB
OPEN.EXE	0x800205e7	0xede7	0x4	string	byte-pattern		ascii	investigation:string-census	escaped text: <8tc
OPEN.EXE	0x8002060b	0xee0b	0x4	string	byte-pattern		ascii	investigation:string-census	escaped text: <8tc
OPEN.EXE	0x8002062f	0xee2f	0x4	string	byte-pattern		ascii	investigation:string-census	escaped text: <8tc
OPEN.EXE	0x80020653	0xee53	0x4	string	byte-pattern		ascii	investigation:string-census	escaped text: <8tc
OPEN.EXE	0x80020677	0xee77	0x4	string	byte-pattern		ascii	investigation:string-census	escaped text: <8tc
OPEN.EXE	0x8002069b	0xee9b	0x4	string	byte-pattern		ascii	investigation:string-census	escaped text: <8tc
OPEN.EXE	0x800206cf	0xeecf	0x4	string	byte-pattern		ascii	investigation:string-census	escaped text: <8tc
OPEN.EXE	0x800206e7	0xeee7	0x4	string	byte-pattern		ascii	investigation:string-census	escaped text: <8tc
OPEN.EXE	0x80020723	0xef23	0x4	string	byte-pattern		ascii	investigation:string-census	escaped text: <8tc
OPEN.EXE	0x8002073b	0xef3b	0x4	string	byte-pattern		ascii	investigation:string-census	escaped text: <8tc
OPEN.EXE	0x80020767	0xef67	0x4	string	byte-pattern		ascii	investigation:string-census	escaped text: <8tc
OPEN.EXE	0x8002078b	0xef8b	0x4	string	byte-pattern		ascii	investigation:string-census	escaped text: <8tc
OPEN.EXE	0x800207bf	0xefbf	0x4	string	byte-pattern		ascii	investigation:string-census	escaped text: <8tc
OPEN.EXE	0x800207d7	0xefd7	0x4	string	byte-pattern		ascii	investigation:string-census	escaped text: <8tc
OPEN.EXE	0x80020813	0xf013	0x4	string	byte-pattern		ascii	investigation:string-census	escaped text: <8tc
OPEN.EXE	0x8002082b	0xf02b	0x4	string	byte-pattern		ascii	investigation:string-census	escaped text: <8tc
OPEN.EXE	0x80020857	0xf057	0x5	string	byte-pattern		shift_jis	investigation:string-census	escaped text: <8tъ
OPEN.EXE	0x8002089b	0xf09b	0x5	string	byte-pattern		shift_jis	investigation:string-census	escaped text: <8tъ
OPEN.EXE	0x800208df	0xf0df	0x5	string	byte-pattern		shift_jis	investigation:string-census	escaped text: <8tъ
OPEN.EXE	0x80020927	0xf127	0x5	string	byte-pattern		shift_jis	investigation:string-census	escaped text: <8tъ
OPEN.EXE	0x80020a8b	0xf28b	0x7	string	byte-pattern		shift_jis	investigation:string-census	escaped text: <8tB掘\x20
OPEN.EXE	0x80020aa7	0xf2a7	0x7	string	byte-pattern		shift_jis	investigation:string-census	escaped text: <8tB掘\x20
OPEN.EXE	0x80020ac3	0xf2c3	0x6	string	byte-pattern		shift_jis	investigation:string-census	escaped text: <钁B瑚
OPEN.EXE	0x80020ae7	0xf2e7	0x4	string	byte-pattern		ascii	investigation:string-census	escaped text: <8tc
OPEN.EXE	0x80020b57	0xf357	0x6	string	byte-pattern		shift_jis	investigation:string-census	escaped text: <8tB呉
OPEN.EXE	0x80020b93	0xf393	0x4	string	byte-pattern		ascii	investigation:string-census	escaped text: <8tB
OPEN.EXE	0x80020bff	0xf3ff	0x4	string	byte-pattern		ascii	investigation:string-census	escaped text: <8tB
OPEN.EXE	0x80020c1f	0xf41f	0x4	string	byte-pattern		ascii	investigation:string-census	escaped text: <8tc
OPEN.EXE	0x80020c67	0xf467	0x6	string	byte-pattern		shift_jis	investigation:string-census	escaped text: <Ltъ+
OPEN.EXE	0x80020c8f	0xf48f	0x5	string	byte-pattern		shift_jis	investigation:string-census	escaped text: <Htъ
OPEN.EXE	0x80020cab	0xf4ab	0x4	string	byte-pattern		ascii	investigation:string-census	escaped text: <<tc
OPEN.EXE	0x80020ccb	0xf4cb	0x4	string	byte-pattern		ascii	investigation:string-census	escaped text: <@tc
OPEN.EXE	0x80020d07	0xf507	0x4	string	byte-pattern		ascii	investigation:string-census	escaped text: <Dtc
OPEN.EXE	0x80020d33	0xf533	0x6	string	byte-pattern		shift_jis	investigation:string-census	escaped text: <8tB呉
OPEN.EXE	0x80020d97	0xf597	0x6	string	byte-pattern		shift_jis	investigation:string-census	escaped text: <Ltъ+
OPEN.EXE	0x80020dbf	0xf5bf	0x5	string	byte-pattern		shift_jis	investigation:string-census	escaped text: <Htъ
OPEN.EXE	0x80020ddb	0xf5db	0x4	string	byte-pattern		ascii	investigation:string-census	escaped text: <<tc
OPEN.EXE	0x80020dfb	0xf5fb	0x4	string	byte-pattern		ascii	investigation:string-census	escaped text: <@tc
OPEN.EXE	0x80020e3b	0xf63b	0x4	string	byte-pattern		ascii	investigation:string-census	escaped text: <Dtc
OPEN.EXE	0x80020ec3	0xf6c3	0x4	string	byte-pattern		ascii	investigation:string-census	escaped text: <TtB
OPEN.EXE	0x80020f31	0xf731	0x4	string	byte-pattern		ascii	investigation:string-census	escaped text: \\!$!
OPEN.EXE	0x80020f41	0xf741	0x4	string	byte-pattern		ascii	investigation:string-census	escaped text: \\1&\t
OPEN.EXE	0x80020f87	0xf787	0x4	string	byte-pattern		ascii	investigation:string-census	"escaped text: <HY"""
OPEN.EXE	0x80020f9f	0xf79f	0x6	string	byte-pattern		shift_jis	investigation:string-census	escaped text: <瀘ъ+
OPEN.EXE	0x80020fc5	0xf7c5	0x4	string	byte-pattern		ascii	investigation:string-census	escaped text: ]!$!
OPEN.EXE	0x8002102f	0xf82f	0x5	string	byte-pattern		ascii	investigation:string-census	escaped text: <(]B$
OPEN.EXE	0x800210eb	0xf8eb	0x7	string	byte-pattern		ascii	investigation:string-census	escaped text: <(]B$!(
OPEN.EXE	0x8002121b	0xfa1b	0x7	string	byte-pattern		ascii	investigation:string-census	escaped text: <(]B$!(
OPEN.EXE	0x800212cb	0xfacb	0x4	string	byte-pattern		ascii	investigation:string-census	escaped text: <TtB
OPEN.EXE	0x800212ff	0xfaff	0x4	string	byte-pattern		ascii	investigation:string-census	escaped text: <TtB
OPEN.EXE	0x80021387	0xfb87	0x4	string	byte-pattern		ascii	investigation:string-census	escaped text: <`tB
OPEN.EXE	0x800213b2	0xfbb2	0x4	string	byte-pattern		ascii	investigation:string-census	escaped text: k5!8
OPEN.EXE	0x80021447	0xfc47	0x4	string	byte-pattern		ascii	investigation:string-census	escaped text: <`tB
OPEN.EXE	0x8002145f	0xfc5f	0x4	string	byte-pattern		ascii	investigation:string-census	escaped text: <`tB
OPEN.EXE	0x80021477	0xfc77	0x4	string	byte-pattern		ascii	investigation:string-census	escaped text: 4! @
OPEN.EXE	0x800214ab	0xfcab	0x4	string	byte-pattern		ascii	investigation:string-census	escaped text: <`tc
OPEN.EXE	0x800214ff	0xfcff	0x4	string	byte-pattern		ascii	investigation:string-census	escaped text: <`tk
OPEN.EXE	0x8002155b	0xfd5b	0x4	string	byte-pattern		ascii	investigation:string-census	escaped text: <`tc
OPEN.EXE	0x800215cf	0xfdcf	0x4	string	byte-pattern		ascii	investigation:string-census	escaped text: <`t)
OPEN.EXE	0x800215f7	0xfdf7	0x4	string	byte-pattern		ascii	investigation:string-census	escaped text: <`tB
OPEN.EXE	0x80021623	0xfe23	0x4	string	byte-pattern		ascii	investigation:string-census	escaped text: <!(F
OPEN.EXE	0x8002163f	0xfe3f	0x4	string	byte-pattern		ascii	investigation:string-census	escaped text: <`tc
OPEN.EXE	0x8002165f	0xfe5f	0x4	string	byte-pattern		ascii	investigation:string-census	escaped text: <`t)
OPEN.EXE	0x80021697	0xfe97	0x4	string	byte-pattern		ascii	investigation:string-census	escaped text: <Xtc
OPEN.EXE	0x800216b3	0xfeb3	0x4	string	byte-pattern		ascii	investigation:string-census	escaped text: <`t\x20
OPEN.EXE	0x800216bb	0xfebb	0x4	string	byte-pattern		ascii	investigation:string-census	escaped text: <\\t&
OPEN.EXE	0x8002171f	0xff1f	0x4	string	byte-pattern		ascii	investigation:string-census	escaped text: <P1c
OPEN.EXE	0x8002173b	0xff3b	0x4	string	byte-pattern		ascii	investigation:string-census	escaped text: <HYc
OPEN.EXE	0x800217a3	0xffa3	0x5	string	byte-pattern		shift_jis	investigation:string-census	escaped text: <\\tъ
OPEN.EXE	0x8002184b	0x1004b	0x4	string	byte-pattern		ascii	investigation:string-census	escaped text: <\\tB
OPEN.EXE	0x800218b7	0x100b7	0x4	string	byte-pattern		ascii	investigation:string-census	escaped text: <`t$
OPEN.EXE	0x800218ff	0x100ff	0x5	string	byte-pattern		shift_jis	investigation:string-census	escaped text: <`t迪
OPEN.EXE	0x80021907	0x10107	0x4	string	byte-pattern		ascii	investigation:string-census	escaped text: <\\tB
OPEN.EXE	0x80021947	0x10147	0x4	string	byte-pattern		ascii	investigation:string-census	escaped text: <`t#
OPEN.EXE	0x800219eb	0x101eb	0x4	string	byte-pattern		ascii	investigation:string-census	escaped text: <P1B
OPEN.EXE	0x80021a07	0x10207	0x4	string	byte-pattern		ascii	investigation:string-census	escaped text: <HYB
OPEN.EXE	0x80021a63	0x10263	0x4	string	byte-pattern		ascii	investigation:string-census	escaped text: <\\tB
OPEN.EXE	0x80021a6b	0x1026b	0x5	string	byte-pattern		shift_jis	investigation:string-census	escaped text: <`t迪
OPEN.EXE	0x80021aa3	0x102a3	0x4	string	byte-pattern		ascii	investigation:string-census	"escaped text: <`t"""
OPEN.EXE	0x80021ad3	0x102d3	0x4	string	byte-pattern		ascii	investigation:string-census	escaped text: <\\tB
OPEN.EXE	0x80021adb	0x102db	0x5	string	byte-pattern		shift_jis	investigation:string-census	escaped text: <`tъ
OPEN.EXE	0x80021b2b	0x1032b	0x4	string	byte-pattern		ascii	investigation:string-census	escaped text: <`tc
OPEN.EXE	0x80021b43	0x10343	0x4	string	byte-pattern		ascii	investigation:string-census	escaped text: <`t#
OPEN.EXE	0x80021b7f	0x1037f	0x4	string	byte-pattern		ascii	investigation:string-census	escaped text: <\\tB
OPEN.EXE	0x80021b87	0x10387	0x6	string	byte-pattern		shift_jis	investigation:string-census	escaped text: <`tc語
OPEN.EXE	0x80021b97	0x10397	0x4	string	byte-pattern		ascii	investigation:string-census	escaped text: <\\tB
OPEN.EXE	0x80021b9f	0x1039f	0x4	string	byte-pattern		ascii	investigation:string-census	escaped text: <`tc
OPEN.EXE	0x80021bbf	0x103bf	0x5	string	byte-pattern		shift_jis	investigation:string-census	escaped text: <`t迪
OPEN.EXE	0x80021bef	0x103ef	0x4	string	byte-pattern		ascii	investigation:string-census	escaped text: <`t&
OPEN.EXE	0x80021c43	0x10443	0x4	string	byte-pattern		ascii	investigation:string-census	"escaped text: <`t"""
OPEN.EXE	0x80021c5f	0x1045f	0x4	string	byte-pattern		ascii	investigation:string-census	escaped text: <\\tB
OPEN.EXE	0x80021c67	0x10467	0x4	string	byte-pattern		ascii	investigation:string-census	escaped text: <`tc
OPEN.EXE	0x80021ce3	0x104e3	0x4	string	byte-pattern		ascii	investigation:string-census	escaped text: <`t%
OPEN.EXE	0x80021d2f	0x1052f	0x4	string	byte-pattern		ascii	investigation:string-census	escaped text: <P1c
OPEN.EXE	0x80021d4b	0x1054b	0x4	string	byte-pattern		ascii	investigation:string-census	escaped text: <HYc
OPEN.EXE	0x80021dff	0x105ff	0x4	string	byte-pattern		ascii	investigation:string-census	escaped text: <\\tB
OPEN.EXE	0x80021e07	0x10607	0x4	string	byte-pattern		ascii	investigation:string-census	escaped text: <`tc
OPEN.EXE	0x80021e47	0x10647	0x4	string	byte-pattern		ascii	investigation:string-census	escaped text: <\\tB
OPEN.EXE	0x80021e4f	0x1064f	0x4	string	byte-pattern		ascii	investigation:string-census	escaped text: <`tc
OPEN.EXE	0x80021e7f	0x1067f	0x4	string	byte-pattern		ascii	investigation:string-census	"escaped text: <`t"""
OPEN.EXE	0x8002204f	0x1084f	0x6	string	byte-pattern		shift_jis	investigation:string-census	escaped text: <\\tc呉
OPEN.EXE	0x800220c8	0x108c8	0x3	unclassified	coverage-gap			payload-complement	may contain missed code, tables, constants, padding, or writable data
OPEN.EXE	0x800220cb	0x108cb	0x6	string	byte-pattern		shift_jis	investigation:string-census	escaped text: <\\tB鈷
OPEN.EXE	0x8002214b	0x1094b	0x4	string	byte-pattern		ascii	investigation:string-census	escaped text: <\\tB
OPEN.EXE	0x8002217f	0x1097f	0x4	string	byte-pattern		ascii	investigation:string-census	"escaped text: <lt"""
OPEN.EXE	0x8002218f	0x1098f	0x4	string	byte-pattern		ascii	investigation:string-census	escaped text: <lt\x20
OPEN.EXE	0x8002219f	0x1099f	0x4	string	byte-pattern		ascii	investigation:string-census	escaped text: <nt$
OPEN.EXE	0x800221cb	0x109cb	0x4	string	byte-pattern		ascii	investigation:string-census	escaped text: <nt\x20
OPEN.EXE	0x800221d3	0x109d3	0x4	string	byte-pattern		ascii	investigation:string-census	escaped text: <0w\x20
OPEN.EXE	0x800221eb	0x109eb	0x4	string	byte-pattern		ascii	investigation:string-census	escaped text: <(w\x20
OPEN.EXE	0x8002222f	0x10a2f	0x4	string	byte-pattern		ascii	investigation:string-census	"escaped text: < w"""
OPEN.EXE	0x8002223f	0x10a3f	0x4	string	byte-pattern		ascii	investigation:string-census	escaped text: < w$
OPEN.EXE	0x80022247	0x10a47	0x4	string	byte-pattern		ascii	investigation:string-census	escaped text: < wB
OPEN.EXE	0x80022307	0x10b07	0x4	string	byte-pattern		ascii	investigation:string-census	escaped text: <htB
OPEN.EXE	0x80022353	0x10b53	0x4	string	byte-pattern		ascii	investigation:string-census	escaped text: < wc
OPEN.EXE	0x80022383	0x10b83	0x6	string	byte-pattern		shift_jis	investigation:string-census	escaped text: <闖!$!
OPEN.EXE	0x80022393	0x10b93	0x6	string	byte-pattern		shift_jis	investigation:string-census	escaped text: <齒!$!
OPEN.EXE	0x800223d7	0x10bd7	0x4	string	byte-pattern		ascii	investigation:string-census	escaped text: <@1\x20
OPEN.EXE	0x800223df	0x10bdf	0x4	string	byte-pattern		ascii	investigation:string-census	escaped text: <H1\x20
OPEN.EXE	0x800223e7	0x10be7	0x4	string	byte-pattern		ascii	investigation:string-census	escaped text: <PY\x20
OPEN.EXE	0x800223ef	0x10bef	0x4	string	byte-pattern		ascii	investigation:string-census	escaped text: <X1\x20
OPEN.EXE	0x800223f7	0x10bf7	0x4	string	byte-pattern		ascii	investigation:string-census	escaped text: <`1\x20
OPEN.EXE	0x80022423	0x10c23	0x4	string	byte-pattern		ascii	investigation:string-census	escaped text: <8w\x20
OPEN.EXE	0x8002242b	0x10c2b	0x4	string	byte-pattern		ascii	investigation:string-census	escaped text: <@w\x20
OPEN.EXE	0x80022433	0x10c33	0x4	string	byte-pattern		ascii	investigation:string-census	escaped text: <Hw\x20
OPEN.EXE	0x80022467	0x10c67	0x6	string	byte-pattern		shift_jis	investigation:string-census	escaped text: < wB芯
OPEN.EXE	0x800225e7	0x10de7	0x5	string	byte-pattern		shift_jis	investigation:string-census	escaped text: < wю
OPEN.EXE	0x80022617	0x10e17	0x4	string	byte-pattern		ascii	investigation:string-census	escaped text: <8wB
OPEN.EXE	0x8002261f	0x10e1f	0x4	string	byte-pattern		ascii	investigation:string-census	escaped text: <@wc
OPEN.EXE	0x80022627	0x10e27	0x6	string	byte-pattern		shift_jis	investigation:string-census	escaped text: <Hwъ$
OPEN.EXE	0x8002263f	0x10e3f	0x4	string	byte-pattern		ascii	investigation:string-census	escaped text: < wB
OPEN.EXE	0x80022653	0x10e53	0x4	string	byte-pattern		ascii	investigation:string-census	escaped text: 4!(@
OPEN.EXE	0x800226cb	0x10ecb	0x4	string	byte-pattern		ascii	investigation:string-census	escaped text: < wk
OPEN.EXE	0x800226d3	0x10ed3	0x4	string	byte-pattern		ascii	investigation:string-census	escaped text: < wB
OPEN.EXE	0x8002277f	0x10f7f	0x6	string	byte-pattern		shift_jis	investigation:string-census	escaped text: <\\槍逗
OPEN.EXE	0x80022827	0x11027	0x6	string	byte-pattern		shift_jis	investigation:string-census	escaped text: <齒!$!
OPEN.EXE	0x8002289f	0x1109f	0x7	string	byte-pattern		shift_jis	investigation:string-census	escaped text: <g祖逝8
OPEN.EXE	0x8002296b	0x1116b	0x4	string	byte-pattern		ascii	investigation:string-census	escaped text: <ltc
OPEN.EXE	0x800229df	0x111df	0x4	string	byte-pattern		ascii	investigation:string-census	escaped text: <htc
OPEN.EXE	0x800229fb	0x111fb	0x5	string	byte-pattern		shift_jis	investigation:string-census	escaped text: <p槍$
OPEN.EXE	0x80022a97	0x11297	0x4	string	byte-pattern		ascii	investigation:string-census	escaped text: <X1B
OPEN.EXE	0x80022a9f	0x1129f	0x4	string	byte-pattern		ascii	investigation:string-census	escaped text: <`1c
OPEN.EXE	0x80022aab	0x112ab	0x4	string	byte-pattern		ascii	investigation:string-census	"escaped text: <X1"""
OPEN.EXE	0x80022ab7	0x112b7	0x4	string	byte-pattern		ascii	investigation:string-census	escaped text: <`1#
OPEN.EXE	0x80022ac7	0x112c7	0x4	string	byte-pattern		ascii	investigation:string-census	escaped text: <X1B
OPEN.EXE	0x80022adb	0x112db	0x4	string	byte-pattern		ascii	investigation:string-census	"escaped text: <X1"""
OPEN.EXE	0x80022aeb	0x112eb	0x4	string	byte-pattern		ascii	investigation:string-census	escaped text: <`1$
OPEN.EXE	0x80022af3	0x112f3	0x4	string	byte-pattern		ascii	investigation:string-census	escaped text: <@1B
OPEN.EXE	0x80022afb	0x112fb	0x4	string	byte-pattern		ascii	investigation:string-census	escaped text: <H1c
OPEN.EXE	0x80022b07	0x11307	0x4	string	byte-pattern		ascii	investigation:string-census	"escaped text: <@1"""
OPEN.EXE	0x80022b13	0x11313	0x4	string	byte-pattern		ascii	investigation:string-census	escaped text: <H1#
OPEN.EXE	0x80022b73	0x11373	0x4	string	byte-pattern		ascii	investigation:string-census	escaped text: <PYc
OPEN.EXE	0x80022ba7	0x113a7	0x4	string	byte-pattern		ascii	investigation:string-census	escaped text: <PY#
OPEN.EXE	0x80022bb3	0x113b3	0x4	string	byte-pattern		ascii	investigation:string-census	escaped text: <XY$
OPEN.EXE	0x80022d47	0x11547	0x5	string	byte-pattern		shift_jis	investigation:string-census	escaped text: <r柁$
OPEN.EXE	0x80022daf	0x115af	0x6	string	byte-pattern		shift_jis	investigation:string-census	escaped text: <鑪c靴
OPEN.EXE	0x80022dc7	0x115c7	0x5	string	byte-pattern		shift_jis	investigation:string-census	escaped text: <htъ
OPEN.EXE	0x80022deb	0x115eb	0x6	string	byte-pattern		shift_jis	investigation:string-census	escaped text: <鑪c靴
OPEN.EXE	0x80022e03	0x11603	0x5	string	byte-pattern		shift_jis	investigation:string-census	escaped text: <htъ
OPEN.EXE	0x80022e1b	0x1161b	0x5	string	byte-pattern		shift_jis	investigation:string-census	escaped text: <r柁$
OPEN.EXE	0x80022eaf	0x116af	0x4	string	byte-pattern		ascii	investigation:string-census	"escaped text: <0w"""
OPEN.EXE	0x80022ebf	0x116bf	0x4	string	byte-pattern		ascii	investigation:string-census	escaped text: <0w\x20
OPEN.EXE	0x80022edf	0x116df	0x6	string	byte-pattern		shift_jis	investigation:string-census	escaped text: <齒!$!
OPEN.EXE	0x80022eef	0x116ef	0x6	string	byte-pattern		shift_jis	investigation:string-census	escaped text: <b則逝
OPEN.EXE	0x80022fb7	0x117b7	0x4	string	byte-pattern		ascii	investigation:string-census	escaped text: <htB
OPEN.EXE	0x80022fbf	0x117bf	0x6	string	byte-pattern		shift_jis	investigation:string-census	escaped text: <g祖征
OPEN.EXE	0x80023083	0x11883	0x4	string	byte-pattern		ascii	investigation:string-census	escaped text: <ltc
OPEN.EXE	0x800230c7	0x118c7	0x4	string	byte-pattern		ascii	investigation:string-census	escaped text: <htc
OPEN.EXE	0x8002314b	0x1194b	0x4	string	byte-pattern		ascii	investigation:string-census	escaped text: <@1B
OPEN.EXE	0x80023153	0x11953	0x4	string	byte-pattern		ascii	investigation:string-census	escaped text: <H1c
OPEN.EXE	0x80023167	0x11967	0x4	string	byte-pattern		ascii	investigation:string-census	"escaped text: <@1"""
OPEN.EXE	0x80023173	0x11973	0x4	string	byte-pattern		ascii	investigation:string-census	escaped text: <H1#
OPEN.EXE	0x80023187	0x11987	0x4	string	byte-pattern		ascii	investigation:string-census	escaped text: <X1B
OPEN.EXE	0x8002318f	0x1198f	0x4	string	byte-pattern		ascii	investigation:string-census	escaped text: <`1c
OPEN.EXE	0x8002319b	0x1199b	0x4	string	byte-pattern		ascii	investigation:string-census	"escaped text: <X1"""
OPEN.EXE	0x800231a7	0x119a7	0x4	string	byte-pattern		ascii	investigation:string-census	escaped text: <`1#
OPEN.EXE	0x800231b7	0x119b7	0x4	string	byte-pattern		ascii	investigation:string-census	escaped text: <X1B
OPEN.EXE	0x800231cb	0x119cb	0x4	string	byte-pattern		ascii	investigation:string-census	"escaped text: <X1"""
OPEN.EXE	0x800231db	0x119db	0x4	string	byte-pattern		ascii	investigation:string-census	escaped text: <`1$
OPEN.EXE	0x800231e3	0x119e3	0x4	string	byte-pattern		ascii	investigation:string-census	escaped text: <htB
OPEN.EXE	0x800231fb	0x119fb	0x4	string	byte-pattern		ascii	investigation:string-census	escaped text: <htB
OPEN.EXE	0x800232a3	0x11aa3	0x4	string	byte-pattern		ascii	investigation:string-census	escaped text: <@1$
OPEN.EXE	0x800232af	0x11aaf	0x4	string	byte-pattern		ascii	investigation:string-census	escaped text: <H1%
OPEN.EXE	0x800232e3	0x11ae3	0x4	string	byte-pattern		ascii	investigation:string-census	escaped text: <htc
OPEN.EXE	0x80023304	0x11b04	0x3	unclassified	coverage-gap			payload-complement	may contain missed code, tables, constants, padding, or writable data
OPEN.EXE	0x80023307	0x11b07	0x6	string	byte-pattern		shift_jis	investigation:string-census	escaped text: < wB説
OPEN.EXE	0x8002336b	0x11b6b	0x4	string	byte-pattern		ascii	investigation:string-census	escaped text: < wc
OPEN.EXE	0x80023403	0x11c03	0x4	string	byte-pattern		ascii	investigation:string-census	escaped text: < wc
OPEN.EXE	0x800234af	0x11caf	0x5	string	byte-pattern		shift_jis	investigation:string-census	escaped text: <X槍$
OPEN.EXE	0x800234c3	0x11cc3	0x6	string	byte-pattern		shift_jis	investigation:string-census	escaped text: < wB逝
OPEN.EXE	0x8002366f	0x11e6f	0x4	string	byte-pattern		ascii	investigation:string-census	escaped text: <htc
OPEN.EXE	0x80023687	0x11e87	0x4	string	byte-pattern		ascii	investigation:string-census	escaped text: < wc
OPEN.EXE	0x8002370f	0x11f0f	0x4	string	byte-pattern		ascii	investigation:string-census	escaped text: <dtB
OPEN.EXE	0x8002381b	0x1201b	0x5	string	byte-pattern		shift_jis	investigation:string-census	escaped text: <X退'
OPEN.EXE	0x80023993	0x12193	0x4	string	byte-pattern		ascii	investigation:string-census	escaped text: < wc
OPEN.EXE	0x8002399a	0x1219a	0x5	string	byte-pattern		ascii	investigation:string-census	escaped text: B0! @
OPEN.EXE	0x80023bd3	0x123d3	0x4	string	byte-pattern		ascii	investigation:string-census	escaped text: < wB
OPEN.EXE	0x80023cbf	0x124bf	0x4	string	byte-pattern		ascii	investigation:string-census	escaped text: < wc
OPEN.EXE	0x80023d03	0x12503	0x4	string	byte-pattern		ascii	investigation:string-census	escaped text: <8wc
OPEN.EXE	0x80023d0b	0x1250b	0x4	string	byte-pattern		ascii	investigation:string-census	escaped text: <@wB
OPEN.EXE	0x80023d13	0x12513	0x5	string	byte-pattern		shift_jis	investigation:string-census	escaped text: < wю
OPEN.EXE	0x80023d1b	0x1251b	0x4	string	byte-pattern		ascii	investigation:string-census	escaped text: <8w\x20
OPEN.EXE	0x80023d23	0x12523	0x4	string	byte-pattern		ascii	investigation:string-census	"escaped text: <Hw"""
OPEN.EXE	0x80023d2b	0x1252b	0x4	string	byte-pattern		ascii	investigation:string-census	escaped text: <@w#
OPEN.EXE	0x80023d3b	0x1253b	0x5	string	byte-pattern		shift_jis	investigation:string-census	escaped text: <ht迪
OPEN.EXE	0x80023d93	0x12593	0x4	string	byte-pattern		ascii	investigation:string-census	escaped text: <8wc
OPEN.EXE	0x80023da3	0x125a3	0x4	string	byte-pattern		ascii	investigation:string-census	"escaped text: <8w"""
OPEN.EXE	0x80023dba	0x125ba	0x5	string	byte-pattern		ascii	investigation:string-census	escaped text: \t<@1)
OPEN.EXE	0x80023dcb	0x125cb	0x4	string	byte-pattern		ascii	investigation:string-census	escaped text: <@1\x20
OPEN.EXE	0x80023dd3	0x125d3	0x4	string	byte-pattern		ascii	investigation:string-census	escaped text: <H1\x20
OPEN.EXE	0x80023deb	0x125eb	0x4	string	byte-pattern		ascii	investigation:string-census	escaped text: <htc
OPEN.EXE	0x80023dfb	0x125fb	0x6	string	byte-pattern		shift_jis	investigation:string-census	escaped text: <`1逕'
OPEN.EXE	0x80023e0b	0x1260b	0x4	string	byte-pattern		ascii	investigation:string-census	escaped text: <PY%
OPEN.EXE	0x80023e1b	0x1261b	0x4	string	byte-pattern		ascii	investigation:string-census	escaped text: <XY$
OPEN.EXE	0x80023e3b	0x1263b	0x4	string	byte-pattern		ascii	investigation:string-census	escaped text: <PY\x20
OPEN.EXE	0x80023e43	0x12643	0x4	string	byte-pattern		ascii	investigation:string-census	escaped text: <XY\x20
OPEN.EXE	0x80023f97	0x12797	0x6	string	byte-pattern		shift_jis	investigation:string-census	escaped text: <齒!$!
OPEN.EXE	0x80023fa7	0x127a7	0x6	string	byte-pattern		shift_jis	investigation:string-census	escaped text: <齒!$!
OPEN.EXE	0x80023fd3	0x127d3	0x6	string	byte-pattern		shift_jis	investigation:string-census	escaped text: <齒!$!
OPEN.EXE	0x8002403f	0x1283f	0x4	string	byte-pattern		ascii	investigation:string-census	escaped text: < wB
OPEN.EXE	0x80024053	0x12853	0x8	string	byte-pattern		shift_jis	investigation:string-census	escaped text: <ht迪!0@
OPEN.EXE	0x800240a3	0x128a3	0x4	string	byte-pattern		ascii	investigation:string-census	escaped text: $!(@
OPEN.EXE	0x800240f3	0x128f3	0x6	string	byte-pattern		shift_jis	investigation:string-census	escaped text: <齒!$!
OPEN.EXE	0x80024303	0x12b03	0x6	string	byte-pattern		shift_jis	investigation:string-census	escaped text: <齒!$!
OPEN.EXE	0x8002434f	0x12b4f	0x6	string	byte-pattern		shift_jis	investigation:string-census	escaped text: < wB説
OPEN.EXE	0x800243b3	0x12bb3	0x4	string	byte-pattern		ascii	investigation:string-census	escaped text: < wc
OPEN.EXE	0x80024447	0x12c47	0x4	string	byte-pattern		ascii	investigation:string-census	escaped text: <(wB
OPEN.EXE	0x80024457	0x12c57	0x4	string	byte-pattern		ascii	investigation:string-census	"escaped text: <(w"""
OPEN.EXE	0x8002457f	0x12d7f	0x6	string	byte-pattern		shift_jis	investigation:string-census	escaped text: <(wB排
OPEN.EXE	0x800245bf	0x12dbf	0x4	string	byte-pattern		ascii	investigation:string-census	escaped text: <(wB
OPEN.EXE	0x800245cf	0x12dcf	0x4	string	byte-pattern		ascii	investigation:string-census	"escaped text: <(w"""
OPEN.EXE	0x8002460b	0x12e0b	0x5	string	byte-pattern		ascii	investigation:string-census	escaped text: < BB4
OPEN.EXE	0x8002461b	0x12e1b	0x6	string	byte-pattern		ascii	investigation:string-census	escaped text: <pBB4a
OPEN.EXE	0x80024643	0x12e43	0x4	string	byte-pattern		ascii	investigation:string-census	"escaped text: <dt"""
OPEN.EXE	0x80024653	0x12e53	0x4	string	byte-pattern		ascii	investigation:string-census	escaped text: <dtc
OPEN.EXE	0x800247c7	0x12fc7	0x4	string	byte-pattern		ascii	investigation:string-census	escaped text: <(wc
OPEN.EXE	0x800247d7	0x12fd7	0x4	string	byte-pattern		ascii	investigation:string-census	escaped text: <(w#
OPEN.EXE	0x80024807	0x13007	0x8	string	byte-pattern		shift_jis	investigation:string-census	escaped text: <鑪迪!@`
OPEN.EXE	0x8002493b	0x1313b	0x6	string	byte-pattern		shift_jis	investigation:string-census	escaped text: <x達$!
OPEN.EXE	0x800249f3	0x131f3	0x4	string	byte-pattern		ascii	investigation:string-census	escaped text: <ptB
OPEN.EXE	0x80024a17	0x13217	0x4	string	byte-pattern		ascii	investigation:string-census	escaped text: <tt$
OPEN.EXE	0x80024a1f	0x1321f	0x4	string	byte-pattern		ascii	investigation:string-census	"escaped text: <pt"""
OPEN.EXE	0x80024a47	0x13247	0x4	string	byte-pattern		ascii	investigation:string-census	escaped text: <ttR
OPEN.EXE	0x80024a5b	0x1325b	0x4	string	byte-pattern		ascii	investigation:string-census	escaped text: <ptc
OPEN.EXE	0x80024a9b	0x1329b	0x4	string	byte-pattern		ascii	investigation:string-census	escaped text: <ptB
OPEN.EXE	0x80024aab	0x132ab	0x4	string	byte-pattern		ascii	investigation:string-census	"escaped text: <pt"""
OPEN.EXE	0x80024abb	0x132bb	0x4	string	byte-pattern		ascii	investigation:string-census	escaped text: <pt\x20
OPEN.EXE	0x80024ac7	0x132c7	0x4	string	byte-pattern		ascii	investigation:string-census	"escaped text: <tt"""
OPEN.EXE	0x80024b6b	0x1336b	0x5	string	byte-pattern		shift_jis	investigation:string-census	escaped text: <_祖$
OPEN.EXE	0x80024ca7	0x134a7	0x6	string	byte-pattern		shift_jis	investigation:string-census	escaped text: <htъ@
OPEN.EXE	0x80024d8d	0x1358d	0x4	string	byte-pattern		ascii	investigation:string-census	escaped text: _!$!
OPEN.EXE	0x8002503b	0x1383b	0x4	string	byte-pattern		ascii	investigation:string-census	escaped text: < wc
OPEN.EXE	0x800253c3	0x13bc3	0x5	string	byte-pattern		shift_jis	investigation:string-census	escaped text: <htъ
OPEN.EXE	0x8002547b	0x13c7b	0x6	string	byte-pattern		shift_jis	investigation:string-census	escaped text: <htъ!
OPEN.EXE	0x80025c0f	0x1440f	0x4	string	byte-pattern		ascii	investigation:string-census	escaped text: <htB
OPEN.EXE	0x80025c2b	0x1442b	0x4	string	byte-pattern		ascii	investigation:string-census	escaped text: <htB
OPEN.EXE	0x80025c6b	0x1446b	0x5	string	byte-pattern		shift_jis	investigation:string-census	escaped text: <htъ
OPEN.EXE	0x80025ca7	0x144a7	0x4	string	byte-pattern		ascii	investigation:string-census	escaped text: <htc
OPEN.EXE	0x80025e3f	0x1463f	0x5	string	byte-pattern		shift_jis	investigation:string-census	escaped text: <@槍$
OPEN.EXE	0x80025f0b	0x1470b	0x5	string	byte-pattern		shift_jis	investigation:string-census	escaped text: <@槍$
OPEN.EXE	0x80025f4b	0x1474b	0x5	string	byte-pattern		shift_jis	investigation:string-census	escaped text: <@祖$
OPEN.EXE	0x80025f8b	0x1478b	0x5	string	byte-pattern		shift_jis	investigation:string-census	escaped text: <@祖$
OPEN.EXE	0x8002600b	0x1480b	0x6	string	byte-pattern		shift_jis	investigation:string-census	escaped text: <鑪c靴
OPEN.EXE	0x8002603b	0x1483b	0x6	string	byte-pattern		shift_jis	investigation:string-census	escaped text: <鑪c靴
OPEN.EXE	0x800260e3	0x148e3	0x6	string	byte-pattern		shift_jis	investigation:string-census	escaped text: <鑪c靴
OPEN.EXE	0x80026113	0x14913	0x6	string	byte-pattern		shift_jis	investigation:string-census	escaped text: <鑪c靴
OPEN.EXE	0x80026157	0x14957	0x4	string	byte-pattern		ascii	investigation:string-census	escaped text: < w$
OPEN.EXE	0x8002615f	0x1495f	0x4	string	byte-pattern		ascii	investigation:string-census	escaped text: < wB
OPEN.EXE	0x8002618c	0x1498c	0x3	unclassified	coverage-gap			payload-complement	may contain missed code, tables, constants, padding, or writable data
OPEN.EXE	0x8002618f	0x1498f	0x6	string	byte-pattern		shift_jis	investigation:string-census	escaped text: < wB説
OPEN.EXE	0x8002625b	0x14a5b	0x7	string	byte-pattern		shift_jis	investigation:string-census	escaped text: <htB限$
OPEN.EXE	0x800262af	0x14aaf	0x4	string	byte-pattern		ascii	investigation:string-census	escaped text: < wc
OPEN.EXE	0x800262cb	0x14acb	0x4	string	byte-pattern		ascii	investigation:string-census	escaped text: <8w\x20
OPEN.EXE	0x800262d3	0x14ad3	0x4	string	byte-pattern		ascii	investigation:string-census	escaped text: <@w\x20
OPEN.EXE	0x800262db	0x14adb	0x4	string	byte-pattern		ascii	investigation:string-census	escaped text: <Hw\x20
OPEN.EXE	0x8002632f	0x14b2f	0x4	string	byte-pattern		ascii	investigation:string-census	escaped text: <P1B
OPEN.EXE	0x80026343	0x14b43	0x6	string	byte-pattern		shift_jis	investigation:string-census	escaped text: <HYъ\t
OPEN.EXE	0x800263b3	0x14bb3	0x4	string	byte-pattern		ascii	investigation:string-census	escaped text: <p1B
OPEN.EXE	0x800263c7	0x14bc7	0x4	string	byte-pattern		ascii	investigation:string-census	escaped text: <h1B
OPEN.EXE	0x800263e3	0x14be3	0x6	string	byte-pattern		shift_jis	investigation:string-census	escaped text: <@Yъl
OPEN.EXE	0x80026403	0x14c03	0x6	string	byte-pattern		shift_jis	investigation:string-census	escaped text: <@Yъl
OPEN.EXE	0x8002641f	0x14c1f	0x4	string	byte-pattern		ascii	investigation:string-census	"escaped text: <h1"""
OPEN.EXE	0x80026437	0x14c37	0x4	string	byte-pattern		ascii	investigation:string-census	escaped text: <h1#
OPEN.EXE	0x8002645f	0x14c5f	0x4	string	byte-pattern		ascii	investigation:string-census	escaped text: <h1\x20
OPEN.EXE	0x8002646f	0x14c6f	0x4	string	byte-pattern		ascii	investigation:string-census	"escaped text: <h1"""
OPEN.EXE	0x8002647f	0x14c7f	0x4	string	byte-pattern		ascii	investigation:string-census	escaped text: <h1B
OPEN.EXE	0x800264b7	0x14cb7	0x4	string	byte-pattern		ascii	investigation:string-census	escaped text: <p1$
OPEN.EXE	0x800264bf	0x14cbf	0x6	string	byte-pattern		shift_jis	investigation:string-census	escaped text: <瀘ъ!
OPEN.EXE	0x80026583	0x14d83	0x4	string	byte-pattern		ascii	investigation:string-census	escaped text: <h1\x20
OPEN.EXE	0x80026607	0x14e07	0x4	string	byte-pattern		ascii	investigation:string-census	escaped text: <h1\x20
OPEN.EXE	0x8002662f	0x14e2f	0x6	string	byte-pattern		shift_jis	investigation:string-census	escaped text: <瀘ъ-
OPEN.EXE	0x800266eb	0x14eeb	0x4	string	byte-pattern		ascii	investigation:string-census	escaped text: 4!8@
OPEN.EXE	0x800267af	0x14faf	0x4	string	byte-pattern		ascii	investigation:string-census	escaped text: 4! @
OPEN.EXE	0x800268ad	0x150ad	0x5	string	byte-pattern		shift_jis	investigation:string-census	escaped text: XB$イ
OPEN.EXE	0x80026f31	0x15731	0x4	string	byte-pattern		ascii	investigation:string-census	escaped text: X!$!
OPEN.EXE	0x8002748d	0x15c8d	0x4	string	byte-pattern		ascii	investigation:string-census	escaped text: X!$!
OPEN.EXE	0x800275f9	0x15df9	0x4	string	byte-pattern		ascii	investigation:string-census	escaped text: X!$!
OPEN.EXE	0x80027a35	0x16235	0x4	string	byte-pattern		ascii	investigation:string-census	escaped text: X!$!
OPEN.EXE	0x80027bdd	0x163dd	0x4	string	byte-pattern		ascii	investigation:string-census	escaped text: X!$!
OPEN.EXE	0x80027c21	0x16421	0x4	string	byte-pattern		ascii	investigation:string-census	escaped text: 0!$!
OPEN.EXE	0x80027dfa	0x165fa	0x5	string	byte-pattern		shift_jis	investigation:string-census	escaped text: ｎ!(@
OPEN.EXE	0x80027f75	0x16775	0x4	string	byte-pattern		ascii	investigation:string-census	escaped text: X!$!
OPEN.EXE	0x80028119	0x16919	0x4	string	byte-pattern		ascii	investigation:string-census	escaped text: X!$!
OPEN.EXE	0x800282c9	0x16ac9	0x4	string	byte-pattern		ascii	investigation:string-census	escaped text: X!$!
OPEN.EXE	0x80028541	0x16d41	0x4	string	byte-pattern		ascii	investigation:string-census	escaped text: X!$!
OPEN.EXE	0x800287d1	0x16fd1	0x4	string	byte-pattern		ascii	investigation:string-census	escaped text: X!$!
OPEN.EXE	0x8002885d	0x1705d	0x4	string	byte-pattern		ascii	investigation:string-census	escaped text: X!$!
OPEN.EXE	0x80028cca	0x174ca	0x5	string	byte-pattern		shift_jis	investigation:string-census	escaped text: 棧! `
OPEN.EXE	0x80028ec9	0x176c9	0x4	string	byte-pattern		ascii	investigation:string-census	escaped text: X!$!
OPEN.EXE	0x800290f5	0x178f5	0x4	string	byte-pattern		ascii	investigation:string-census	escaped text: X!$!
OPEN.EXE	0x800292d1	0x17ad1	0x4	string	byte-pattern		ascii	investigation:string-census	escaped text: 2!$!
OPEN.EXE	0x80029901	0x18101	0x4	string	byte-pattern		ascii	investigation:string-census	escaped text: X!$!
OPEN.EXE	0x80029bcb	0x183cb	0x4	string	byte-pattern		ascii	investigation:string-census	escaped text: 0!0\x20
OPEN.EXE	0x80029c31	0x18431	0x4	string	byte-pattern		ascii	investigation:string-census	escaped text: X!$!
OPEN.EXE	0x80029e7f	0x1867f	0x4	string	byte-pattern		ascii	investigation:string-census	escaped text: 0%@D
OPEN.EXE	0x8002a125	0x18925	0x4	string	byte-pattern		ascii	investigation:string-census	escaped text: X!$!
OPEN.EXE	0x8002a171	0x18971	0x4	string	byte-pattern		ascii	investigation:string-census	escaped text: X!$!
OPEN.EXE	0x8002a377	0x18b77	0x6	string	byte-pattern		shift_jis	investigation:string-census	escaped text: <@塘$(
OPEN.EXE	0x8002a3c3	0x18bc3	0x5	string	byte-pattern		shift_jis	investigation:string-census	escaped text: <D塘$
OPEN.EXE	0x8002a3df	0x18bdf	0x4	string	byte-pattern		ascii	investigation:string-census	escaped text: <Xw#
OPEN.EXE	0x8002a3f7	0x18bf7	0x4	string	byte-pattern		ascii	investigation:string-census	escaped text: <0YB
OPEN.EXE	0x8002a42f	0x18c2f	0x4	string	byte-pattern		ascii	investigation:string-census	escaped text: <8YB
OPEN.EXE	0x8002a57e	0x18d7e	0x5	string	byte-pattern		ascii	investigation:string-census	escaped text: 1&! @
OPEN.EXE	0x8002a58f	0x18d8f	0x4	string	byte-pattern		ascii	investigation:string-census	escaped text: <8YB
OPEN.EXE	0x8002a5a7	0x18da7	0x4	string	byte-pattern		ascii	investigation:string-census	escaped text: <0YB
OPEN.EXE	0x8002a5d3	0x18dd3	0x5	string	byte-pattern		shift_jis	investigation:string-census	escaped text: <xtъ
OPEN.EXE	0x8002a5eb	0x18deb	0x5	string	byte-pattern		shift_jis	investigation:string-census	escaped text: <D釘$
OPEN.EXE	0x8002a5f3	0x18df3	0x6	string	byte-pattern		shift_jis	investigation:string-census	escaped text: <Xwc向
OPEN.EXE	0x8002a795	0x18f95	0x4	string	byte-pattern		ascii	investigation:string-census	escaped text: X!$!
OPEN.EXE	0x8002a869	0x19069	0x4	string	byte-pattern		ascii	investigation:string-census	escaped text: X!$!
OPEN.EXE	0x8002a955	0x19155	0x4	string	byte-pattern		ascii	investigation:string-census	escaped text: X!$!
OPEN.EXE	0x8002aa49	0x19249	0x4	string	byte-pattern		ascii	investigation:string-census	escaped text: X!$!
OPEN.EXE	0x8002aab9	0x192b9	0x4	string	byte-pattern		ascii	investigation:string-census	escaped text: X!$!
OPEN.EXE	0x8002ab31	0x19331	0x4	string	byte-pattern		ascii	investigation:string-census	escaped text: X!$!
OPEN.EXE	0x8002abaf	0x193af	0x4	string	byte-pattern		ascii	investigation:string-census	escaped text: 4!0F
OPEN.EXE	0x8002ad75	0x19575	0x4	string	byte-pattern		ascii	investigation:string-census	escaped text: X!$!
OPEN.EXE	0x8002ae45	0x19645	0x4	string	byte-pattern		ascii	investigation:string-census	escaped text: X!$!
OPEN.EXE	0x8002af21	0x19721	0x4	string	byte-pattern		ascii	investigation:string-census	escaped text: X!$!
OPEN.EXE	0x8002b00d	0x1980d	0x4	string	byte-pattern		ascii	investigation:string-census	escaped text: X!$!
OPEN.EXE	0x8002b07d	0x1987d	0x4	string	byte-pattern		ascii	investigation:string-census	escaped text: X!$!
OPEN.EXE	0x8002b0f5	0x198f5	0x4	string	byte-pattern		ascii	investigation:string-census	escaped text: X!$!
OPEN.EXE	0x8002b4f7	0x19cf7	0x6	string	byte-pattern		shift_jis	investigation:string-census	escaped text: <8Yт'
OPEN.EXE	0x8002b5e3	0x19de3	0x4	string	byte-pattern		ascii	investigation:string-census	escaped text: <8Yc
OPEN.EXE	0x8002b65f	0x19e5f	0x6	string	byte-pattern		shift_jis	investigation:string-census	escaped text: <8Yт'
OPEN.EXE	0x8002b74b	0x19f4b	0x4	string	byte-pattern		ascii	investigation:string-census	escaped text: <8Yc
OPEN.EXE	0x8002b98d	0x1a18d	0x4	string	byte-pattern		ascii	investigation:string-census	escaped text: aJ%$
OPEN.EXE	0x8002bd49	0x1a549	0x4	string	byte-pattern		ascii	investigation:string-census	escaped text: PB4!
OPEN.EXE	0x8002bd5a	0x1a55a	0x4	string	byte-pattern		ascii	investigation:string-census	escaped text: B4!\x20
OPEN.EXE	0x8002bf4e	0x1a74e	0x7	string	byte-pattern		ascii	investigation:string-census	escaped text: \t<Ta)%<
OPEN.EXE	0x8002c23e	0x1aa3e	0x5	string	byte-pattern		ascii	investigation:string-census	escaped text: \t1BI\t
OPEN.EXE	0x8002c753	0x1af53	0x4	string	byte-pattern		ascii	investigation:string-census	escaped text: $$PJ
OPEN.EXE	0x8002c75a	0x1af5a	0x5	string	byte-pattern		ascii	investigation:string-census	"escaped text: \t$""H*"
OPEN.EXE	0x8002c77b	0x1af7b	0x4	string	byte-pattern		ascii	investigation:string-census	"escaped text: $""Xj"
OPEN.EXE	0x8002c7d7	0x1afd7	0x4	string	byte-pattern		ascii	investigation:string-census	escaped text: $$PJ
OPEN.EXE	0x8002c7de	0x1afde	0x5	string	byte-pattern		ascii	investigation:string-census	"escaped text: \t$""H*"
OPEN.EXE	0x8002c7ff	0x1afff	0x4	string	byte-pattern		ascii	investigation:string-census	"escaped text: $""Xj"
OPEN.EXE	0x8002c873	0x1b073	0x4	string	byte-pattern		ascii	investigation:string-census	escaped text: $$PJ
OPEN.EXE	0x8002c87a	0x1b07a	0x5	string	byte-pattern		ascii	investigation:string-census	"escaped text: \t$""H*"
OPEN.EXE	0x8002c89b	0x1b09b	0x4	string	byte-pattern		ascii	investigation:string-census	"escaped text: $""Xj"
OPEN.EXE	0x8002ca1c	0x1b21c	0x4	unclassified	coverage-gap			payload-complement	may contain missed code, tables, constants, padding, or writable data
OPEN.EXE	0x8002ca63	0x1b263	0x4	string	byte-pattern		ascii	investigation:string-census	escaped text: <$H!
OPEN.EXE	0x8002cabf	0x1b2bf	0x4	string	byte-pattern		ascii	investigation:string-census	escaped text: <$H!
OPEN.EXE	0x8002cbeb	0x1b3eb	0x4	string	byte-pattern		ascii	investigation:string-census	escaped text: <$H!
OPEN.EXE	0x8002cc47	0x1b447	0x4	string	byte-pattern		ascii	investigation:string-census	escaped text: <$H!
OPEN.EXE	0x8002cce7	0x1b4e7	0x4	string	byte-pattern		ascii	investigation:string-census	escaped text: <$H!
OPEN.EXE	0x8002cd43	0x1b543	0x4	string	byte-pattern		ascii	investigation:string-census	escaped text: <$H!
OPEN.EXE	0x8002ce0f	0x1b60f	0x4	string	byte-pattern		ascii	investigation:string-census	escaped text: <$H!
OPEN.EXE	0x8002ce6b	0x1b66b	0x4	string	byte-pattern		ascii	investigation:string-census	escaped text: <$H!
OPEN.EXE	0x8002cf37	0x1b737	0x4	string	byte-pattern		ascii	investigation:string-census	escaped text: <$H!
OPEN.EXE	0x8002cf93	0x1b793	0x4	string	byte-pattern		ascii	investigation:string-census	escaped text: <$H!
OPEN.EXE	0x8002d037	0x1b837	0x4	string	byte-pattern		ascii	investigation:string-census	escaped text: <$H!
OPEN.EXE	0x8002d093	0x1b893	0x4	string	byte-pattern		ascii	investigation:string-census	escaped text: <$H!
OPEN.EXE	0x8002d15f	0x1b95f	0x4	string	byte-pattern		ascii	investigation:string-census	escaped text: <$H!
OPEN.EXE	0x8002d1bb	0x1b9bb	0x4	string	byte-pattern		ascii	investigation:string-census	escaped text: <$H!
OPEN.EXE	0x8002dda8	0x1c5a8	0x8	unclassified	coverage-gap			payload-complement	may contain missed code, tables, constants, padding, or writable data
OPEN.EXE	0x8002e6e1	0x1cee1	0x5	string	byte-pattern		ascii	investigation:string-census	escaped text: dJJ!@
OPEN.EXE	0x8002e714	0x1cf14	0xc	unclassified	coverage-gap			payload-complement	may contain missed code, tables, constants, padding, or writable data
OPEN.EXE	0x8002f0af	0x1d8af	0x6	string	byte-pattern		shift_jis	investigation:string-census	escaped text: <鑒!$!
OPEN.EXE	0x8002f0df	0x1d8df	0x6	string	byte-pattern		shift_jis	investigation:string-census	escaped text: <鑒!$!
OPEN.EXE	0x8002f107	0x1d907	0x6	string	byte-pattern		shift_jis	investigation:string-census	escaped text: <鏝!$!
OPEN.EXE	0x8002f13b	0x1d93b	0x6	string	byte-pattern		shift_jis	investigation:string-census	escaped text: <鑒!$!
OPEN.EXE	0x8002f193	0x1d993	0x6	string	byte-pattern		shift_jis	investigation:string-census	escaped text: <鑒!$!
OPEN.EXE	0x8002f1bb	0x1d9bb	0x6	string	byte-pattern		shift_jis	investigation:string-census	escaped text: <鐇!$!
OPEN.EXE	0x8002f1eb	0x1d9eb	0x6	string	byte-pattern		shift_jis	investigation:string-census	escaped text: <鑒!$!
OPEN.EXE	0x8002f217	0x1da17	0x6	string	byte-pattern		shift_jis	investigation:string-census	escaped text: <鎔!$!
OPEN.EXE	0x8002f22c	0x1da2c	0x34	unclassified	coverage-gap			payload-complement	may contain missed code, tables, constants, padding, or writable data
OPEN.EXE	0x8002f5b1	0x1ddb1	0x4	string	byte-pattern		ascii	investigation:string-census	escaped text: 3!$!
OPEN.EXE	0x8002f62f	0x1de2f	0x4	string	byte-pattern		ascii	investigation:string-census	escaped text: '!\x20\x20
OPEN.EXE	0x8002f673	0x1de73	0x4	string	byte-pattern		ascii	investigation:string-census	escaped text: '!(\x20
OPEN.EXE	0x8002f7d7	0x1dfd7	0x6	string	byte-pattern		shift_jis	investigation:string-census	escaped text: <|tB瑚
OPEN.EXE	0x8002f7ef	0x1dfef	0x4	string	byte-pattern		ascii	investigation:string-census	"escaped text: <|t"""
OPEN.EXE	0x8002f82d	0x1e02d	0x4	string	byte-pattern		ascii	investigation:string-census	escaped text: ?C0%
OPEN.EXE	0x8002f87b	0x1e07b	0x4	string	byte-pattern		ascii	investigation:string-census	escaped text: <|t\x20
OPEN.EXE	0x8002fa9d	0x1e29d	0x6	string	byte-pattern		ascii	investigation:string-census	escaped text: #c$!0C
OPEN.EXE	0x8002fd9b	0x1e59b	0x5	string	byte-pattern		ascii	investigation:string-census	escaped text: <P#B$
OPEN.EXE	0x8002fea3	0x1e6a3	0x4	string	byte-pattern		ascii	investigation:string-census	escaped text: <hw\x20
OPEN.EXE	0x8002feaf	0x1e6af	0x4	string	byte-pattern		ascii	investigation:string-census	"escaped text: <`w"""
OPEN.EXE	0x8002ff03	0x1e703	0x6	string	byte-pattern		shift_jis	investigation:string-census	escaped text: <(稗瑚
OPEN.EXE	0x8002ff2f	0x1e72f	0x4	string	byte-pattern		ascii	investigation:string-census	escaped text: <`wB
OPEN.EXE	0x8002ff47	0x1e747	0x6	string	byte-pattern		shift_jis	investigation:string-census	escaped text: <(稗瑚
OPEN.EXE	0x8002ff83	0x1e783	0x6	string	byte-pattern		shift_jis	investigation:string-census	escaped text: <(払瑚
OPEN.EXE	0x8002ffb3	0x1e7b3	0x6	string	byte-pattern		shift_jis	investigation:string-census	escaped text: <(払瑚
OPEN.EXE	0x8002ffe3	0x1e7e3	0x6	string	byte-pattern		shift_jis	investigation:string-census	escaped text: <(払瑚
OPEN.EXE	0x8003001c	0x1e81c	0x4	unclassified	coverage-gap			payload-complement	may contain missed code, tables, constants, padding, or writable data
OPEN.EXE	0x8003002c	0x1e82c	0x4	unclassified	coverage-gap			payload-complement	may contain missed code, tables, constants, padding, or writable data
OPEN.EXE	0x8003004c	0x1e84c	0x4	unclassified	coverage-gap			payload-complement	may contain missed code, tables, constants, padding, or writable data
OPEN.EXE	0x8003005c	0x1e85c	0x4	unclassified	coverage-gap			payload-complement	may contain missed code, tables, constants, padding, or writable data
OPEN.EXE	0x8003006c	0x1e86c	0x4	unclassified	coverage-gap			payload-complement	may contain missed code, tables, constants, padding, or writable data
OPEN.EXE	0x8003007c	0x1e87c	0x4	unclassified	coverage-gap			payload-complement	may contain missed code, tables, constants, padding, or writable data
OPEN.EXE	0x8003008c	0x1e88c	0x4	unclassified	coverage-gap			payload-complement	may contain missed code, tables, constants, padding, or writable data
OPEN.EXE	0x8003009c	0x1e89c	0x4	unclassified	coverage-gap			payload-complement	may contain missed code, tables, constants, padding, or writable data
OPEN.EXE	0x800300ac	0x1e8ac	0x4	unclassified	coverage-gap			payload-complement	may contain missed code, tables, constants, padding, or writable data
OPEN.EXE	0x800300bc	0x1e8bc	0x4	unclassified	coverage-gap			payload-complement	may contain missed code, tables, constants, padding, or writable data
OPEN.EXE	0x800300cc	0x1e8cc	0x4	unclassified	coverage-gap			payload-complement	may contain missed code, tables, constants, padding, or writable data
OPEN.EXE	0x800300dc	0x1e8dc	0x4	unclassified	coverage-gap			payload-complement	may contain missed code, tables, constants, padding, or writable data
OPEN.EXE	0x800300ec	0x1e8ec	0x4	unclassified	coverage-gap			payload-complement	may contain missed code, tables, constants, padding, or writable data
OPEN.EXE	0x800300fc	0x1e8fc	0x4	unclassified	coverage-gap			payload-complement	may contain missed code, tables, constants, padding, or writable data
OPEN.EXE	0x8003010c	0x1e90c	0x4	unclassified	coverage-gap			payload-complement	may contain missed code, tables, constants, padding, or writable data
OPEN.EXE	0x8003011c	0x1e91c	0x4	unclassified	coverage-gap			payload-complement	may contain missed code, tables, constants, padding, or writable data
OPEN.EXE	0x8003012c	0x1e92c	0x4	unclassified	coverage-gap			payload-complement	may contain missed code, tables, constants, padding, or writable data
OPEN.EXE	0x8003013c	0x1e93c	0x4	unclassified	coverage-gap			payload-complement	may contain missed code, tables, constants, padding, or writable data
OPEN.EXE	0x8003014c	0x1e94c	0x4	unclassified	coverage-gap			payload-complement	may contain missed code, tables, constants, padding, or writable data
OPEN.EXE	0x8003015c	0x1e95c	0x4	unclassified	coverage-gap			payload-complement	may contain missed code, tables, constants, padding, or writable data
OPEN.EXE	0x8003016c	0x1e96c	0x4	unclassified	coverage-gap			payload-complement	may contain missed code, tables, constants, padding, or writable data
OPEN.EXE	0x8003017c	0x1e97c	0x4	unclassified	coverage-gap			payload-complement	may contain missed code, tables, constants, padding, or writable data
OPEN.EXE	0x8003018c	0x1e98c	0x4	unclassified	coverage-gap			payload-complement	may contain missed code, tables, constants, padding, or writable data
OPEN.EXE	0x8003019c	0x1e99c	0x4	unclassified	coverage-gap			payload-complement	may contain missed code, tables, constants, padding, or writable data
OPEN.EXE	0x800301ac	0x1e9ac	0x4	unclassified	coverage-gap			payload-complement	may contain missed code, tables, constants, padding, or writable data
OPEN.EXE	0x800301bc	0x1e9bc	0x4	unclassified	coverage-gap			payload-complement	may contain missed code, tables, constants, padding, or writable data
OPEN.EXE	0x800301dc	0x1e9dc	0x4	unclassified	coverage-gap			payload-complement	may contain missed code, tables, constants, padding, or writable data
OPEN.EXE	0x800301ec	0x1e9ec	0x4	unclassified	coverage-gap			payload-complement	may contain missed code, tables, constants, padding, or writable data
OPEN.EXE	0x800301fc	0x1e9fc	0x4	unclassified	coverage-gap			payload-complement	may contain missed code, tables, constants, padding, or writable data
OPEN.EXE	0x800303dc	0x1ebdc	0x8	unclassified	coverage-gap			payload-complement	may contain missed code, tables, constants, padding, or writable data
OPEN.EXE	0x80030a42	0x1f242	0x4	string	byte-pattern		ascii	investigation:string-census	escaped text: 0&!\x20
OPEN.EXE	0x80030a87	0x1f287	0x4	string	byte-pattern		ascii	investigation:string-census	escaped text: $!0\x20
OPEN.EXE	0x80030bc3	0x1f3c3	0x4	string	byte-pattern		ascii	investigation:string-census	escaped text: 4!8`
OPEN.EXE	0x80030c37	0x1f437	0x4	string	byte-pattern		ascii	investigation:string-census	escaped text: 4#(H
OPEN.EXE	0x800311b6	0x1f9b6	0x4	string	byte-pattern		ascii	investigation:string-census	escaped text: J%!(
OPEN.EXE	0x8003160a	0x1fe0a	0x4	string	byte-pattern		ascii	investigation:string-census	escaped text: B$!\x20
OPEN.EXE	0x80031e49	0x20649	0x4	string	byte-pattern		ascii	investigation:string-census	escaped text: 0!$!
OPEN.EXE	0x80031e65	0x20665	0x4	string	byte-pattern		ascii	investigation:string-census	escaped text: 0!$!
OPEN.EXE	0x80031f8b	0x2078b	0x8	string	byte-pattern		shift_jis	investigation:string-census	escaped text: <炙ъ!謂
OPEN.EXE	0x80032095	0x20895	0x4	string	byte-pattern		ascii	investigation:string-census	escaped text: ,!$!
OPEN.EXE	0x800320b5	0x208b5	0x4	string	byte-pattern		ascii	investigation:string-census	escaped text: ,!$!
OPEN.EXE	0x800320d9	0x208d9	0x4	string	byte-pattern		ascii	investigation:string-census	escaped text: ,!$!
OPEN.EXE	0x8003213f	0x2093f	0x6	string	byte-pattern		shift_jis	investigation:string-census	escaped text: <舩B呉
OPEN.EXE	0x8003223d	0x20a3d	0x4	string	byte-pattern		ascii	investigation:string-census	escaped text: ,!$!
OPEN.EXE	0x80032251	0x20a51	0x4	string	byte-pattern		ascii	investigation:string-census	escaped text: ,!$!
OPEN.EXE	0x80032265	0x20a65	0x4	string	byte-pattern		ascii	investigation:string-census	escaped text: ,!$!
OPEN.EXE	0x800323ad	0x20bad	0x4	string	byte-pattern		ascii	investigation:string-census	escaped text: ?B0%
OPEN.EXE	0x80032680	0x20e80	0x4	unclassified	coverage-gap			payload-complement	may contain missed code, tables, constants, padding, or writable data
OPEN.EXE	0x80032687	0x20e87	0x4	string	byte-pattern		ascii	investigation:string-census	escaped text: <pw$
OPEN.EXE	0x800326a3	0x20ea3	0x5	string	byte-pattern		shift_jis	investigation:string-census	escaped text: <pwъ
OPEN.EXE	0x800326c7	0x20ec7	0x5	string	byte-pattern		shift_jis	investigation:string-census	escaped text: <pwъ
OPEN.EXE	0x800326d7	0x20ed7	0x4	string	byte-pattern		ascii	investigation:string-census	escaped text: <pw#
OPEN.EXE	0x80033edb	0x226db	0x7	string	byte-pattern		shift_jis	investigation:string-census	escaped text: <徼B劇9
OPEN.EXE	0x8003420b	0x22a0b	0x5	string	byte-pattern		ascii	investigation:string-census	escaped text: <UUB4
OPEN.EXE	0x8003422b	0x22a2b	0x5	string	byte-pattern		ascii	investigation:string-census	escaped text: <UUB4
OPEN.EXE	0x8003424b	0x22a4b	0x5	string	byte-pattern		ascii	investigation:string-census	escaped text: <UUB4
OPEN.EXE	0x800343b3	0x22bb3	0x7	string	byte-pattern		shift_jis	investigation:string-census	escaped text: <徼B劇9
OPEN.EXE	0x800346e1	0x22ee1	0x4	string	byte-pattern		ascii	investigation:string-census	escaped text: q!$!
OPEN.EXE	0x8003475f	0x22f5f	0x6	string	byte-pattern		ascii	investigation:string-census	escaped text: <,r!$!
OPEN.EXE	0x800349c7	0x231c7	0x4	string	byte-pattern		ascii	investigation:string-census	escaped text: $!(\x20
OPEN.EXE	0x80034a2b	0x2322b	0x5	string	byte-pattern		ascii	investigation:string-census	escaped text: <01B$
OPEN.EXE	0x80034cf9	0x234f9	0x4	string	byte-pattern		ascii	investigation:string-census	escaped text: 6!$!
OPEN.EXE	0x800351fa	0x239fa	0x4	string	byte-pattern		ascii	investigation:string-census	escaped text: s&!\x20
OPEN.EXE	0x800352a0	0x23aa0	0x4	unclassified	coverage-gap			payload-complement	may contain missed code, tables, constants, padding, or writable data
OPEN.EXE	0x800352b0	0x23ab0	0x4	unclassified	coverage-gap			payload-complement	may contain missed code, tables, constants, padding, or writable data
OPEN.EXE	0x800352c0	0x23ac0	0x4	unclassified	coverage-gap			payload-complement	may contain missed code, tables, constants, padding, or writable data
OPEN.EXE	0x800354f0	0x23cf0	0x4	unclassified	coverage-gap			payload-complement	may contain missed code, tables, constants, padding, or writable data
OPEN.EXE	0x800354f4	0x23cf4	0x1dc	data	reviewed	opening_scene0_camera_path	KfCameraPathPoint[17]	manual:open_semantic_opening_scene0	seventeen-point scene-0 camera path ending in the x=-1 sentinel
OPEN.EXE	0x800356d0	0x23ed0	0x54	data	reviewed	opening_scene3_camera_path	KfCameraPathPoint[3]	manual:open_semantic_opening_scene3	three-point scene-3 camera path ending in the x=-1 sentinel
OPEN.EXE	0x80035724	0x23f24	0xfc	data	reviewed	opening_ending_camera_path	KfCameraPathPoint[9]	manual:open_semantic_opening_ending_scene	nine-point ending camera path ending in the x=-1 sentinel
OPEN.EXE	0x80035820	0x24020	0x54	data	reviewed	opening_ending_scroll_camera_path	KfCameraPathPoint[3]	manual:open_semantic_ending_scroll	two camera points and complete sentinel; begin/step record extent
OPEN.EXE	0x80035874	0x24074	0x4	data	reviewed	opening_scene0_sound	SoundRef	manual:open_semantic_opening_scene0	packed program 9, tone 0, note 0x43 sound reference plus alignment byte
OPEN.EXE	0x80035878	0x24078	0x10	data	reviewed	opening_scene3_overlay_rects	u16[2][4]	manual:open_semantic_opening_scene3	two mutable overlay rectangles with initial y positions 256 and 512
OPEN.EXE	0x80035888	0x24088	0x48	data	reviewed	opening_ending_scroll_panels	u16[9][4]	manual:open_semantic_ending_scroll	nine mutable eight-byte panel rectangles; signed y read at final row+2 and unsigned visibility window
OPEN.EXE	0x800358d0	0x240d0	0x10	unclassified	coverage-gap			payload-complement	bytes following the nine ending-scroll panels and preceding the floor-item sprite table; ownership unresolved
OPEN.EXE	0x800358e0	0x240e0	0x54	defined	reviewed	floor_item_sprites	KfSpriteQuad[7]	manual:open_semantic_floor_item_render	seven 12-byte sprite descriptors; renderer indexes by item id plus animation frame
OPEN.EXE	0x80035934	0x24134	0x10	unclassified	coverage-gap			payload-complement	non-sprite bytes following the seven-record working table extent; ownership unresolved
OPEN.EXE	0x80035944	0x24144	0xa0	defined	reviewed	color_matrix_table	MATRIX[5]	manual:open_semantic_render_init	five 32-byte colour-matrix presets selected directly or through lighting_set_active_color_matrix
OPEN.EXE	0x800359e4	0x241e4	0x20	defined	reviewed	floor_item_light_matrix	MATRIX	manual:open_semantic_entity_traversal	initialized light preset passed to SetLightMatrix before the floor-item pass
OPEN.EXE	0x80035a04	0x24204	0x80	unclassified	coverage-gap			payload-complement	LIBCD callback-state region following the separate light MATRIX; ownership remains unresolved
OPEN.EXE	0x80035a84	0x24284	0x4	pointer	ghidra-defined		undefined *	Ghidra-12.0.4/ghidra_psx_ldr-2026.07.08	machine-assisted WIP datum
OPEN.EXE	0x80035a88	0x24288	0x4	pointer	ghidra-defined		undefined *	Ghidra-12.0.4/ghidra_psx_ldr-2026.07.08	machine-assisted WIP datum
OPEN.EXE	0x80035a8c	0x2428c	0x4	pointer	ghidra-defined		undefined *	Ghidra-12.0.4/ghidra_psx_ldr-2026.07.08	machine-assisted WIP datum
OPEN.EXE	0x80035a90	0x24290	0x4	pointer	ghidra-defined		undefined *	Ghidra-12.0.4/ghidra_psx_ldr-2026.07.08	machine-assisted WIP datum
OPEN.EXE	0x80035a94	0x24294	0x4	pointer	ghidra-defined		undefined *	Ghidra-12.0.4/ghidra_psx_ldr-2026.07.08	machine-assisted WIP datum
OPEN.EXE	0x80035a98	0x24298	0x4	pointer	ghidra-defined		undefined *	Ghidra-12.0.4/ghidra_psx_ldr-2026.07.08	machine-assisted WIP datum
OPEN.EXE	0x80035a9c	0x2429c	0x4	pointer	ghidra-defined		undefined *	Ghidra-12.0.4/ghidra_psx_ldr-2026.07.08	machine-assisted WIP datum
OPEN.EXE	0x80035aa0	0x242a0	0x4	pointer	ghidra-defined		undefined *	Ghidra-12.0.4/ghidra_psx_ldr-2026.07.08	machine-assisted WIP datum
OPEN.EXE	0x80035aa4	0x242a4	0x4	pointer	ghidra-defined		undefined *	Ghidra-12.0.4/ghidra_psx_ldr-2026.07.08	machine-assisted WIP datum
OPEN.EXE	0x80035aa8	0x242a8	0x4	pointer	ghidra-defined		undefined *	Ghidra-12.0.4/ghidra_psx_ldr-2026.07.08	machine-assisted WIP datum
OPEN.EXE	0x80035aac	0x242ac	0x4	pointer	ghidra-defined		undefined *	Ghidra-12.0.4/ghidra_psx_ldr-2026.07.08	machine-assisted WIP datum
OPEN.EXE	0x80035ab0	0x242b0	0x4	pointer	ghidra-defined		undefined *	Ghidra-12.0.4/ghidra_psx_ldr-2026.07.08	machine-assisted WIP datum
OPEN.EXE	0x80035ab4	0x242b4	0x4	pointer	ghidra-defined		undefined *	Ghidra-12.0.4/ghidra_psx_ldr-2026.07.08	machine-assisted WIP datum
OPEN.EXE	0x80035ab8	0x242b8	0x4	pointer	ghidra-defined		undefined *	Ghidra-12.0.4/ghidra_psx_ldr-2026.07.08	machine-assisted WIP datum
OPEN.EXE	0x80035abc	0x242bc	0x4	pointer	ghidra-defined		undefined *	Ghidra-12.0.4/ghidra_psx_ldr-2026.07.08	machine-assisted WIP datum
OPEN.EXE	0x80035ac0	0x242c0	0x4	pointer	ghidra-defined		undefined *	Ghidra-12.0.4/ghidra_psx_ldr-2026.07.08	machine-assisted WIP datum
OPEN.EXE	0x80035ac4	0x242c4	0x4	pointer	ghidra-defined		undefined *	Ghidra-12.0.4/ghidra_psx_ldr-2026.07.08	machine-assisted WIP datum
OPEN.EXE	0x80035ac8	0x242c8	0x4	pointer	ghidra-defined		undefined *	Ghidra-12.0.4/ghidra_psx_ldr-2026.07.08	machine-assisted WIP datum
OPEN.EXE	0x80035acc	0x242cc	0x4	pointer	ghidra-defined		undefined *	Ghidra-12.0.4/ghidra_psx_ldr-2026.07.08	machine-assisted WIP datum
OPEN.EXE	0x80035ad0	0x242d0	0x4	pointer	ghidra-defined		undefined *	Ghidra-12.0.4/ghidra_psx_ldr-2026.07.08	machine-assisted WIP datum
OPEN.EXE	0x80035ad4	0x242d4	0x4	pointer	ghidra-defined		undefined *	Ghidra-12.0.4/ghidra_psx_ldr-2026.07.08	machine-assisted WIP datum
OPEN.EXE	0x80035ad8	0x242d8	0x4	pointer	ghidra-defined		undefined *	Ghidra-12.0.4/ghidra_psx_ldr-2026.07.08	machine-assisted WIP datum
OPEN.EXE	0x80035adc	0x242dc	0x4	pointer	ghidra-defined		undefined *	Ghidra-12.0.4/ghidra_psx_ldr-2026.07.08	machine-assisted WIP datum
OPEN.EXE	0x80035ae0	0x242e0	0x4	pointer	ghidra-defined		undefined *	Ghidra-12.0.4/ghidra_psx_ldr-2026.07.08	machine-assisted WIP datum
OPEN.EXE	0x80035ae4	0x242e4	0x4	pointer	ghidra-defined		undefined *	Ghidra-12.0.4/ghidra_psx_ldr-2026.07.08	machine-assisted WIP datum
OPEN.EXE	0x80035ae8	0x242e8	0x4	pointer	ghidra-defined		undefined *	Ghidra-12.0.4/ghidra_psx_ldr-2026.07.08	machine-assisted WIP datum
OPEN.EXE	0x80035aec	0x242ec	0x4	pointer	ghidra-defined		undefined *	Ghidra-12.0.4/ghidra_psx_ldr-2026.07.08	machine-assisted WIP datum
OPEN.EXE	0x80035af0	0x242f0	0x4	pointer	ghidra-defined		undefined *	Ghidra-12.0.4/ghidra_psx_ldr-2026.07.08	machine-assisted WIP datum
OPEN.EXE	0x80035af4	0x242f4	0x4	pointer	ghidra-defined		undefined *	Ghidra-12.0.4/ghidra_psx_ldr-2026.07.08	machine-assisted WIP datum
OPEN.EXE	0x80035af8	0x242f8	0x4	pointer	ghidra-defined		pointer	Ghidra-12.0.4/ghidra_psx_ldr-2026.07.08	machine-assisted WIP datum
OPEN.EXE	0x80035afc	0x242fc	0x4	pointer	ghidra-defined		undefined *	Ghidra-12.0.4/ghidra_psx_ldr-2026.07.08	machine-assisted WIP datum
OPEN.EXE	0x80035b00	0x24300	0x4	pointer	ghidra-defined		undefined *	Ghidra-12.0.4/ghidra_psx_ldr-2026.07.08	machine-assisted WIP datum
OPEN.EXE	0x80035b04	0x24304	0x4	pointer	ghidra-defined		undefined *	Ghidra-12.0.4/ghidra_psx_ldr-2026.07.08	machine-assisted WIP datum
OPEN.EXE	0x80035b08	0x24308	0x4	pointer	ghidra-defined		pointer	Ghidra-12.0.4/ghidra_psx_ldr-2026.07.08	machine-assisted WIP datum
OPEN.EXE	0x80035b0c	0x2430c	0x4	pointer	ghidra-defined		undefined *	Ghidra-12.0.4/ghidra_psx_ldr-2026.07.08	machine-assisted WIP datum
OPEN.EXE	0x80035b10	0x24310	0x4	pointer	ghidra-defined		undefined *	Ghidra-12.0.4/ghidra_psx_ldr-2026.07.08	machine-assisted WIP datum
OPEN.EXE	0x80035b14	0x24314	0x4	pointer	ghidra-defined		undefined *	Ghidra-12.0.4/ghidra_psx_ldr-2026.07.08	machine-assisted WIP datum
OPEN.EXE	0x80035b18	0x24318	0x180	unclassified	coverage-gap			payload-complement	may contain missed code, tables, constants, padding, or writable data
OPEN.EXE	0x80035c98	0x24498	0x2	defined	ghidra-defined		undefined2	Ghidra-12.0.4/ghidra_psx_ldr-2026.07.08	machine-assisted WIP datum
OPEN.EXE	0x80035c9a	0x2449a	0x2	defined	ghidra-defined		undefined2	Ghidra-12.0.4/ghidra_psx_ldr-2026.07.08	machine-assisted WIP datum
OPEN.EXE	0x80035c9c	0x2449c	0xc	unclassified	coverage-gap			payload-complement	may contain missed code, tables, constants, padding, or writable data
OPEN.EXE	0x80035ca8	0x244a8	0x2	defined	ghidra-defined		undefined2	Ghidra-12.0.4/ghidra_psx_ldr-2026.07.08	machine-assisted WIP datum
OPEN.EXE	0x80035caa	0x244aa	0x2	defined	ghidra-defined		undefined2	Ghidra-12.0.4/ghidra_psx_ldr-2026.07.08	machine-assisted WIP datum
OPEN.EXE	0x80035cac	0x244ac	0x2c	unclassified	coverage-gap			payload-complement	may contain missed code, tables, constants, padding, or writable data
OPEN.EXE	0x80035cd8	0x244d8	0x4	defined	ghidra-defined		undefined4	Ghidra-12.0.4/ghidra_psx_ldr-2026.07.08	machine-assisted WIP datum
OPEN.EXE	0x80035cdc	0x244dc	0x4e0	unclassified	coverage-gap			payload-complement	may contain missed code, tables, constants, padding, or writable data
OPEN.EXE	0x800361bc	0x249bc	0x4	defined	ghidra-defined		undefined4	Ghidra-12.0.4/ghidra_psx_ldr-2026.07.08	machine-assisted WIP datum
OPEN.EXE	0x800361c0	0x249c0	0x4	unclassified	coverage-gap			payload-complement	may contain missed code, tables, constants, padding, or writable data
OPEN.EXE	0x800361c4	0x249c4	0x4	defined	ghidra-defined		undefined4	Ghidra-12.0.4/ghidra_psx_ldr-2026.07.08	machine-assisted WIP datum
OPEN.EXE	0x800361c8	0x249c8	0x4	defined	ghidra-defined		undefined4	Ghidra-12.0.4/ghidra_psx_ldr-2026.07.08	machine-assisted WIP datum
OPEN.EXE	0x800361cc	0x249cc	0x26b	unclassified	coverage-gap			payload-complement	may contain missed code, tables, constants, padding, or writable data
OPEN.EXE	0x80036437	0x24c37	0x1f	string	byte-pattern		ascii	investigation:string-census	escaped text: \t|\tv\to\ti\tb\t\\\tU\tO\tI\tC\t<\t6\t0\t*\t$\t
OPEN.EXE	0x80036456	0x24c56	0x82	unclassified	coverage-gap			payload-complement	padding or unclassified SDK data before LIBGTE MTX state
OPEN.EXE	0x800364d8	0x24cd8	0x4	data	cross-overlay-sdk-lineage	libgte_mtx_saved_ra	u32	config/evidence/overlay_lineage.tsv	LIBGTE MTX private error-path return-address save
OPEN.EXE	0x800364dc	0x24cdc	0x8	unclassified	coverage-gap			payload-complement	padding between LIBGTE MTX private objects
OPEN.EXE	0x800364e4	0x24ce4	0x4	data	cross-overlay-sdk-lineage	libgte_mtx_stack_offset	s32	config/evidence/overlay_lineage.tsv	byte offset into the 20-entry matrix stack
OPEN.EXE	0x800364e8	0x24ce8	0x280	data	cross-overlay-sdk-lineage	libgte_mtx_stack	MATRIX[20]	config/evidence/overlay_lineage.tsv	20 entries of 0x20 bytes, bounded by PushMatrix's 0x280 check and following error string
OPEN.EXE	0x80036768	0x24f68	0x2f	string	byte-pattern		ascii	investigation:string-census	escaped text: Error: Can't push matrix,stack(max 20) is full!
OPEN.EXE	0x80036797	0x24f97	0x2	unclassified	coverage-gap			payload-complement	may contain missed code, tables, constants, padding, or writable data
OPEN.EXE	0x80036799	0x24f99	0x27	string	byte-pattern		ascii	investigation:string-census	escaped text: Error: Can't pop matrix,stack is empty!
OPEN.EXE	0x800367c0	0x24fc0	0x2	unclassified	coverage-gap			payload-complement	may contain missed code, tables, constants, padding, or writable data
OPEN.EXE	0x800367c2	0x24fc2	0x21	string	byte-pattern		ascii	investigation:string-census	escaped text: This function is not implemented.
OPEN.EXE	0x800367e3	0x24fe3	0x5	unclassified	coverage-gap			payload-complement	may contain missed code, tables, constants, padding, or writable data
OPEN.EXE	0x800367e8	0x24fe8	0x800	array	reviewed	rsin_tbl	s16[1024]	manual:psyq_rsin_table	Sony LIBGTE.LIB/GEO.OBJ .data+0; complete 1024-entry quarter-wave table; SDK XDEF and exact payload; signed halfword consumers
OPEN.EXE	0x80036fe8	0x257e8	0x6b	string	byte-pattern		ascii	investigation:string-census	escaped text: $Id: intr.c,v 1.29 1994/10/14 01:04:07 suzu Exp $ : \tCopyright (C) by 1994 Sony Computer Entertainment Inc.
OPEN.EXE	0x80037053	0x25853	0x1	unclassified	coverage-gap			payload-complement	may contain missed code, tables, constants, padding, or writable data
OPEN.EXE	0x80037054	0x25854	0x30	string	byte-pattern		ascii	investigation:string-census	escaped text: $Id: pad.c,v 1.17 1994/10/14 01:04:10 suzu Exp $
OPEN.EXE	0x80037084	0x25884	0x4	unclassified	coverage-gap			payload-complement	may contain missed code, tables, constants, padding, or writable data
OPEN.EXE	0x80037088	0x25888	0x35	string	byte-pattern		ascii	investigation:string-census	escaped text: $Id: sys.c,v 1.89 1994/10/17 06:25:57 suzu Exp suzu $
OPEN.EXE	0x800370bd	0x258bd	0x3	unclassified	coverage-gap			payload-complement	may contain missed code, tables, constants, padding, or writable data
OPEN.EXE	0x800370c0	0x258c0	0x4	pointer	ghidra-defined		pointer	Ghidra-12.0.4/ghidra_psx_ldr-2026.07.08	machine-assisted WIP datum
OPEN.EXE	0x800370c4	0x258c4	0x4	pointer	ghidra-defined		pointer	Ghidra-12.0.4/ghidra_psx_ldr-2026.07.08	machine-assisted WIP datum
OPEN.EXE	0x800370c8	0x258c8	0x4	pointer	ghidra-defined		pointer	Ghidra-12.0.4/ghidra_psx_ldr-2026.07.08	machine-assisted WIP datum
OPEN.EXE	0x800370cc	0x258cc	0x4	pointer	ghidra-defined		undefined *	Ghidra-12.0.4/ghidra_psx_ldr-2026.07.08	machine-assisted WIP datum
OPEN.EXE	0x800370d0	0x258d0	0x4	pointer	ghidra-defined		pointer	Ghidra-12.0.4/ghidra_psx_ldr-2026.07.08	machine-assisted WIP datum
OPEN.EXE	0x800370d4	0x258d4	0x4	pointer	ghidra-defined		pointer	Ghidra-12.0.4/ghidra_psx_ldr-2026.07.08	machine-assisted WIP datum
OPEN.EXE	0x800370d8	0x258d8	0x4	pointer	ghidra-defined		pointer	Ghidra-12.0.4/ghidra_psx_ldr-2026.07.08	machine-assisted WIP datum
OPEN.EXE	0x800370dc	0x258dc	0x4	pointer	ghidra-defined		undefined *	Ghidra-12.0.4/ghidra_psx_ldr-2026.07.08	machine-assisted WIP datum
OPEN.EXE	0x800370e0	0x258e0	0x4	pointer	ghidra-defined		pointer	Ghidra-12.0.4/ghidra_psx_ldr-2026.07.08	machine-assisted WIP datum
OPEN.EXE	0x800370e4	0x258e4	0x4	pointer	ghidra-defined		pointer	Ghidra-12.0.4/ghidra_psx_ldr-2026.07.08	machine-assisted WIP datum
OPEN.EXE	0x800370e8	0x258e8	0x4	pointer	ghidra-defined		pointer	Ghidra-12.0.4/ghidra_psx_ldr-2026.07.08	machine-assisted WIP datum
OPEN.EXE	0x800370ec	0x258ec	0x4	pointer	ghidra-defined		pointer	Ghidra-12.0.4/ghidra_psx_ldr-2026.07.08	machine-assisted WIP datum
OPEN.EXE	0x800370f0	0x258f0	0x4	pointer	ghidra-defined		undefined *	Ghidra-12.0.4/ghidra_psx_ldr-2026.07.08	machine-assisted WIP datum
OPEN.EXE	0x800370f4	0x258f4	0x4	pointer	ghidra-defined		pointer	Ghidra-12.0.4/ghidra_psx_ldr-2026.07.08	machine-assisted WIP datum
OPEN.EXE	0x800370f8	0x258f8	0x4	pointer	ghidra-defined		undefined *	Ghidra-12.0.4/ghidra_psx_ldr-2026.07.08	machine-assisted WIP datum
OPEN.EXE	0x800370fc	0x258fc	0x4	pointer	ghidra-defined		pointer	Ghidra-12.0.4/ghidra_psx_ldr-2026.07.08	machine-assisted WIP datum
OPEN.EXE	0x80037100	0x25900	0x30	string	byte-pattern		ascii	investigation:string-census	escaped text: $Id: tmd.c,v 1.16 1994/10/15 11:32:14 suzu Exp $
OPEN.EXE	0x80037130	0x25930	0x4	unclassified	coverage-gap			payload-complement	may contain missed code, tables, constants, padding, or writable data
OPEN.EXE	0x80037134	0x25934	0x31	string	byte-pattern		ascii	investigation:string-census	escaped text: $Id: prim.c,v 1.14 1994/10/15 06:26:38 suzu Exp $
OPEN.EXE	0x80037165	0x25965	0x3	unclassified	coverage-gap			payload-complement	may contain missed code, tables, constants, padding, or writable data
OPEN.EXE	0x80037168	0x25968	0x2f	string	byte-pattern		ascii	investigation:string-census	escaped text: $Id: ext.c,v 1.5 1994/10/04 06:40:39 suzu Exp $
OPEN.EXE	0x80037197	0x25997	0x1	unclassified	coverage-gap			payload-complement	may contain missed code, tables, constants, padding, or writable data
OPEN.EXE	0x80037198	0x25998	0x30	string	byte-pattern		ascii	investigation:string-census	escaped text: $Id: otag.c,v 1.3 1994/10/15 08:34:13 suzu Exp $
OPEN.EXE	0x800371c8	0x259c8	0x4	unclassified	coverage-gap			payload-complement	may contain missed code, tables, constants, padding, or writable data
OPEN.EXE	0x800371cc	0x259cc	0x4	pointer	ghidra-defined		undefined *	Ghidra-12.0.4/ghidra_psx_ldr-2026.07.08	machine-assisted WIP datum
OPEN.EXE	0x800371d0	0x259d0	0x4	pointer	ghidra-defined		undefined *	Ghidra-12.0.4/ghidra_psx_ldr-2026.07.08	machine-assisted WIP datum
OPEN.EXE	0x800371d4	0x259d4	0x4	pointer	ghidra-defined		undefined *	Ghidra-12.0.4/ghidra_psx_ldr-2026.07.08	machine-assisted WIP datum
OPEN.EXE	0x800371d8	0x259d8	0x4	pointer	ghidra-defined		undefined *	Ghidra-12.0.4/ghidra_psx_ldr-2026.07.08	machine-assisted WIP datum
OPEN.EXE	0x800371dc	0x259dc	0x4	pointer	ghidra-defined		undefined *	Ghidra-12.0.4/ghidra_psx_ldr-2026.07.08	machine-assisted WIP datum
OPEN.EXE	0x800371e0	0x259e0	0x4	pointer	ghidra-defined		undefined *	Ghidra-12.0.4/ghidra_psx_ldr-2026.07.08	machine-assisted WIP datum
OPEN.EXE	0x800371e4	0x259e4	0x4	pointer	ghidra-defined		undefined *	Ghidra-12.0.4/ghidra_psx_ldr-2026.07.08	machine-assisted WIP datum
OPEN.EXE	0x800371e8	0x259e8	0x4	pointer	ghidra-defined		undefined *	Ghidra-12.0.4/ghidra_psx_ldr-2026.07.08	machine-assisted WIP datum
OPEN.EXE	0x800371ec	0x259ec	0x4	pointer	ghidra-defined		undefined *	Ghidra-12.0.4/ghidra_psx_ldr-2026.07.08	machine-assisted WIP datum
OPEN.EXE	0x800371f0	0x259f0	0x4	pointer	ghidra-defined		undefined *	Ghidra-12.0.4/ghidra_psx_ldr-2026.07.08	machine-assisted WIP datum
OPEN.EXE	0x800371f4	0x259f4	0x4	pointer	ghidra-defined		undefined *	Ghidra-12.0.4/ghidra_psx_ldr-2026.07.08	machine-assisted WIP datum
OPEN.EXE	0x800371f8	0x259f8	0x4	pointer	ghidra-defined		undefined *	Ghidra-12.0.4/ghidra_psx_ldr-2026.07.08	machine-assisted WIP datum
OPEN.EXE	0x800371fc	0x259fc	0x4	pointer	ghidra-defined		undefined *	Ghidra-12.0.4/ghidra_psx_ldr-2026.07.08	machine-assisted WIP datum
OPEN.EXE	0x80037200	0x25a00	0x4	pointer	ghidra-defined		undefined *	Ghidra-12.0.4/ghidra_psx_ldr-2026.07.08	machine-assisted WIP datum
OPEN.EXE	0x80037204	0x25a04	0x4	pointer	ghidra-defined		undefined *	Ghidra-12.0.4/ghidra_psx_ldr-2026.07.08	machine-assisted WIP datum
OPEN.EXE	0x80037208	0x25a08	0x4	pointer	ghidra-defined		undefined *	Ghidra-12.0.4/ghidra_psx_ldr-2026.07.08	machine-assisted WIP datum
OPEN.EXE	0x8003720c	0x25a0c	0x4	pointer	ghidra-defined		undefined *	Ghidra-12.0.4/ghidra_psx_ldr-2026.07.08	machine-assisted WIP datum
OPEN.EXE	0x80037210	0x25a10	0x4	pointer	ghidra-defined		undefined *	Ghidra-12.0.4/ghidra_psx_ldr-2026.07.08	machine-assisted WIP datum
OPEN.EXE	0x80037214	0x25a14	0x4	pointer	ghidra-defined		undefined *	Ghidra-12.0.4/ghidra_psx_ldr-2026.07.08	machine-assisted WIP datum
OPEN.EXE	0x80037218	0x25a18	0x4	pointer	ghidra-defined		undefined *	Ghidra-12.0.4/ghidra_psx_ldr-2026.07.08	machine-assisted WIP datum
OPEN.EXE	0x8003721c	0x25a1c	0x4	pointer	ghidra-defined		undefined *	Ghidra-12.0.4/ghidra_psx_ldr-2026.07.08	machine-assisted WIP datum
OPEN.EXE	0x80037220	0x25a20	0x4	pointer	ghidra-defined		undefined *	Ghidra-12.0.4/ghidra_psx_ldr-2026.07.08	machine-assisted WIP datum
OPEN.EXE	0x80037224	0x25a24	0x4	pointer	ghidra-defined		undefined *	Ghidra-12.0.4/ghidra_psx_ldr-2026.07.08	machine-assisted WIP datum
OPEN.EXE	0x80037228	0x25a28	0x4	pointer	ghidra-defined		undefined *	Ghidra-12.0.4/ghidra_psx_ldr-2026.07.08	machine-assisted WIP datum
OPEN.EXE	0x8003722c	0x25a2c	0x18	unclassified	coverage-gap			payload-complement	may contain missed code, tables, constants, padding, or writable data
OPEN.EXE	0x80037244	0x25a44	0x4	defined	ghidra-defined		undefined4	Ghidra-12.0.4/ghidra_psx_ldr-2026.07.08	machine-assisted WIP datum
OPEN.EXE	0x80037248	0x25a48	0x4	defined	ghidra-defined		undefined4	Ghidra-12.0.4/ghidra_psx_ldr-2026.07.08	machine-assisted WIP datum
OPEN.EXE	0x8003724c	0x25a4c	0x4	defined	ghidra-defined		undefined4	Ghidra-12.0.4/ghidra_psx_ldr-2026.07.08	machine-assisted WIP datum
OPEN.EXE	0x80037250	0x25a50	0x32	string	byte-pattern		ascii	investigation:string-census	escaped text: $Id: vsync.c,v 1.11 1994/10/15 12:31:01 suzu Exp $
OPEN.EXE	0x80037282	0x25a82	0x2	unclassified	coverage-gap			payload-complement	may contain missed code, tables, constants, padding, or writable data
OPEN.EXE	0x80037284	0x25a84	0x8	data	reviewed	opening_scene3_overlay_uv	u8[8]	manual:open_semantic_opening_scene3	shared overlay texture rectangle {u, v, width, height} in even bytes
OPEN.EXE	0x8003728c	0x25a8c	0x4	data	reviewed	opening_scene3_overlay_color	u8[4]	manual:open_semantic_opening_scene3	RGB 200 modulation color with one pad byte
OPEN.EXE	0x80037290	0x25a90	0x10	data	reviewed	opening_ending_scroll_backgrounds	u16[2][4]	manual:open_semantic_ending_scroll	two four-halfword background rectangles supplied to G4 and F4 builders
OPEN.EXE	0x800372a0	0x25aa0	0x4	data	reviewed	opening_ending_scroll_top_start	CVECTOR	manual:open_semantic_ending_scroll	initial top gradient color; complete four-byte SDK color copy
OPEN.EXE	0x800372a4	0x25aa4	0x4	data	reviewed	opening_ending_scroll_bottom_start	CVECTOR	manual:open_semantic_ending_scroll	initial bottom gradient color; complete four-byte SDK color copy
OPEN.EXE	0x800372a8	0x25aa8	0x4	data	reviewed	opening_ending_scroll_top_end	CVECTOR	manual:open_semantic_ending_scroll	target top gradient color
OPEN.EXE	0x800372ac	0x25aac	0x4	data	reviewed	opening_ending_scroll_bottom_end	CVECTOR	manual:open_semantic_ending_scroll	target bottom gradient color
OPEN.EXE	0x800372b0	0x25ab0	0x4	data	reviewed	opening_ending_scroll_panel_color	CVECTOR	manual:open_semantic_ending_scroll	RGB color and preserved command byte supplied to FT4 panel builder
OPEN.EXE	0x800372b4	0x25ab4	0x4	data	reviewed	opening_ending_scroll_background_color	CVECTOR	manual:open_semantic_ending_scroll	black lower-background quad color
OPEN.EXE	0x800372b8	0x25ab8	0x8	data	reviewed	opening_ending_scroll_uv	u8[8]	manual:open_semantic_ending_scroll	packed texture-coordinate bytes used by all nine panels
OPEN.EXE	0x800372c0	0x25ac0	0x8	data	reviewed	opening_fade_rect	u16[4]	manual:open_semantic_opening_fade	full-screen fade rectangle {x, y, width, height}
OPEN.EXE	0x800372c8	0x25ac8	0x8	data	reviewed	opening_fade_uv	u8[8]	manual:open_semantic_opening_fade	texture-coordinate rectangle stored in even bytes {u, v, width, height}
OPEN.EXE	0x800372d0	0x25ad0	0x4	data	reviewed	opening_fade_color	u8[4]	manual:open_semantic_opening_fade	base modulation color copied locally and ramped during the fade
OPEN.EXE	0x800372d4	0x25ad4	0x6	string	reviewed	opening_initial_tim_path	char[6]	manual:open_semantic_opening_controller	B0\\L0. initial TIM path including its terminating NUL
OPEN.EXE	0x800372da	0x25ada	0x2	unclassified	coverage-gap			payload-complement	may contain missed code, tables, constants, padding, or writable data
OPEN.EXE	0x800372dc	0x25adc	0x5	string	byte-pattern		ascii	manual:open_cd_file	escaped text: \\KF\\ including terminator
OPEN.EXE	0x800372e1	0x25ae1	0x3	unclassified	coverage-gap			payload-complement	may contain missed code, tables, constants, padding, or writable data
OPEN.EXE	0x800372e4	0x25ae4	0x3	string	byte-pattern		ascii	manual:open_cd_file	escaped text: ;1 including terminator
OPEN.EXE	0x800372e7	0x25ae7	0x1	unclassified	coverage-gap			payload-complement	may contain missed code, tables, constants, padding, or writable data
OPEN.EXE	0x800372e8	0x25ae8	0x8	string	reviewed	opening_ending_sequence_path	char[8]	manual:open_semantic_resources	B0\\END. sequence path including its terminating NUL
OPEN.EXE	0x800372f0	0x25af0	0x4	data	reviewed	tmd_textured_primitive_color	CVECTOR	manual:open_semantic_tmd_enqueue	neutral RGB 128 and command byte at +3; full SDK color for textured TMD polygon lighting
OPEN.EXE	0x800372f4	0x25af4	0x4	unclassified	coverage-gap			payload-complement	may contain missed code, tables, constants, padding, or writable data
OPEN.EXE	0x800372f8	0x25af8	0x4	defined	reviewed	map_textured_primitive_color	CVECTOR	manual:open_semantic_map_enqueue	neutral RGB 128 and cd at +3; complete SDK colour owner passed to NormalColorCol
OPEN.EXE	0x800372fc	0x25afc	0x8	defined	reviewed	render_sprite_light_normal	SVECTOR	manual:open_semantic_sprite_render	initialized {0, 0, 0x1000, 0} normal passed to NormalColorDpq by render_enqueue_sprite
OPEN.EXE	0x80037304	0x25b04	0x4	defined	direct-references	audio_voice_slot_index	s32	manual:open_semantic_audio_play_voice	loaded ring index initialized to nine and advanced modulo ten before each managed sound-effect voice
OPEN.EXE	0x80037308	0x25b08	0x4	unclassified	coverage-gap			payload-complement	may contain missed code, tables, constants, padding, or writable data
OPEN.EXE	0x8003730c	0x25b0c	0x4	string	byte-pattern		ascii	investigation:string-census	escaped text: none
OPEN.EXE	0x80037310	0x25b10	0x4	unclassified	coverage-gap			payload-complement	may contain missed code, tables, constants, padding, or writable data
OPEN.EXE	0x80037314	0x25b14	0x4	defined	ghidra-defined		undefined4	Ghidra-12.0.4/ghidra_psx_ldr-2026.07.08	machine-assisted WIP datum
OPEN.EXE	0x80037318	0x25b18	0x7	string	byte-pattern		ascii	investigation:string-census	escaped text: CdlInit
OPEN.EXE	0x8003731f	0x25b1f	0x1	unclassified	coverage-gap			payload-complement	may contain missed code, tables, constants, padding, or writable data
OPEN.EXE	0x80037320	0x25b20	0x5	string	byte-pattern		ascii	investigation:string-census	escaped text: CdlId
OPEN.EXE	0x80037325	0x25b25	0x3	unclassified	coverage-gap			payload-complement	may contain missed code, tables, constants, padding, or writable data
OPEN.EXE	0x80037328	0x25b28	0x7	string	byte-pattern		ascii	investigation:string-census	escaped text: CdlTest
OPEN.EXE	0x8003732f	0x25b2f	0x1	unclassified	coverage-gap			payload-complement	may contain missed code, tables, constants, padding, or writable data
OPEN.EXE	0x80037330	0x25b30	0x7	string	byte-pattern		ascii	investigation:string-census	escaped text: CdlMute
OPEN.EXE	0x80037337	0x25b37	0x1	unclassified	coverage-gap			payload-complement	may contain missed code, tables, constants, padding, or writable data
OPEN.EXE	0x80037338	0x25b38	0x7	string	byte-pattern		ascii	investigation:string-census	escaped text: CdlStop
OPEN.EXE	0x8003733f	0x25b3f	0x1	unclassified	coverage-gap			payload-complement	may contain missed code, tables, constants, padding, or writable data
OPEN.EXE	0x80037340	0x25b40	0x7	string	byte-pattern		ascii	investigation:string-census	escaped text: CdlPlay
OPEN.EXE	0x80037347	0x25b47	0x1	unclassified	coverage-gap			payload-complement	may contain missed code, tables, constants, padding, or writable data
OPEN.EXE	0x80037348	0x25b48	0x6	string	byte-pattern		ascii	investigation:string-census	escaped text: CdlNop
OPEN.EXE	0x8003734e	0x25b4e	0x2	unclassified	coverage-gap			payload-complement	may contain missed code, tables, constants, padding, or writable data
OPEN.EXE	0x80037350	0x25b50	0x7	string	byte-pattern		ascii	investigation:string-census	escaped text: CdlSync
OPEN.EXE	0x80037357	0x25b57	0x1	unclassified	coverage-gap			payload-complement	may contain missed code, tables, constants, padding, or writable data
OPEN.EXE	0x80037358	0x25b58	0x6	string	byte-pattern		ascii	investigation:string-census	escaped text: Unkown
OPEN.EXE	0x8003735e	0x25b5e	0x2	unclassified	coverage-gap			payload-complement	may contain missed code, tables, constants, padding, or writable data
OPEN.EXE	0x80037360	0x25b60	0x7	string	byte-pattern		ascii	investigation:string-census	escaped text: DataEnd
OPEN.EXE	0x80037367	0x25b67	0x1	unclassified	coverage-gap			payload-complement	may contain missed code, tables, constants, padding, or writable data
OPEN.EXE	0x80037368	0x25b68	0x6	string	byte-pattern		ascii	investigation:string-census	escaped text: NoIntr
OPEN.EXE	0x8003736e	0x25b6e	0x1	unclassified	coverage-gap			payload-complement	may contain missed code, tables, constants, padding, or writable data
OPEN.EXE	0x8003736f	0x25b6f	0x1	defined	ghidra-defined		undefined1	Ghidra-12.0.4/ghidra_psx_ldr-2026.07.08	machine-assisted WIP datum
OPEN.EXE	0x80037370	0x25b70	0x4	defined	ghidra-defined		undefined4	Ghidra-12.0.4/ghidra_psx_ldr-2026.07.08	machine-assisted WIP datum
OPEN.EXE	0x80037374	0x25b74	0x4	defined	ghidra-defined		undefined4	Ghidra-12.0.4/ghidra_psx_ldr-2026.07.08	machine-assisted WIP datum
OPEN.EXE	0x80037378	0x25b78	0x4	pointer	ghidra-defined		pointer	Ghidra-12.0.4/ghidra_psx_ldr-2026.07.08	machine-assisted WIP datum
OPEN.EXE	0x8003737c	0x25b7c	0x4	pointer	ghidra-defined		pointer	Ghidra-12.0.4/ghidra_psx_ldr-2026.07.08	machine-assisted WIP datum
OPEN.EXE	0x80037380	0x25b80	0x4	pointer	ghidra-defined		pointer	Ghidra-12.0.4/ghidra_psx_ldr-2026.07.08	machine-assisted WIP datum
OPEN.EXE	0x80037384	0x25b84	0x4	pointer	ghidra-defined		pointer	Ghidra-12.0.4/ghidra_psx_ldr-2026.07.08	machine-assisted WIP datum
OPEN.EXE	0x80037388	0x25b88	0x4	pointer	ghidra-defined		pointer	Ghidra-12.0.4/ghidra_psx_ldr-2026.07.08	machine-assisted WIP datum
OPEN.EXE	0x8003738c	0x25b8c	0x6	string	byte-pattern		ascii	investigation:string-census	escaped text: %s: %d
OPEN.EXE	0x80037392	0x25b92	0x2	unclassified	coverage-gap			payload-complement	may contain missed code, tables, constants, padding, or writable data
OPEN.EXE	0x80037394	0x25b94	0x5	string	byte-pattern		ascii	investigation:string-census	escaped text: %s...
OPEN.EXE	0x80037399	0x25b99	0x3	unclassified	coverage-gap			payload-complement	may contain missed code, tables, constants, padding, or writable data
OPEN.EXE	0x8003739c	0x25b9c	0x4	pointer	ghidra-defined		pointer	Ghidra-12.0.4/ghidra_psx_ldr-2026.07.08	machine-assisted WIP datum
OPEN.EXE	0x800373a0	0x25ba0	0x4	pointer	ghidra-defined		pointer	Ghidra-12.0.4/ghidra_psx_ldr-2026.07.08	machine-assisted WIP datum
OPEN.EXE	0x800373a4	0x25ba4	0x4	pointer	ghidra-defined		pointer	Ghidra-12.0.4/ghidra_psx_ldr-2026.07.08	machine-assisted WIP datum
OPEN.EXE	0x800373a8	0x25ba8	0x4	pointer	ghidra-defined		pointer	Ghidra-12.0.4/ghidra_psx_ldr-2026.07.08	machine-assisted WIP datum
OPEN.EXE	0x800373ac	0x25bac	0x4	pointer	ghidra-defined		pointer	Ghidra-12.0.4/ghidra_psx_ldr-2026.07.08	machine-assisted WIP datum
OPEN.EXE	0x800373b0	0x25bb0	0x4	pointer	ghidra-defined		pointer	Ghidra-12.0.4/ghidra_psx_ldr-2026.07.08	machine-assisted WIP datum
OPEN.EXE	0x800373b4	0x25bb4	0x4	defined	ghidra-defined		undefined4	Ghidra-12.0.4/ghidra_psx_ldr-2026.07.08	machine-assisted WIP datum
OPEN.EXE	0x800373b8	0x25bb8	0x5	string	byte-pattern		ascii	investigation:string-census	escaped text: CD001
OPEN.EXE	0x800373bd	0x25bbd	0x3	unclassified	coverage-gap			payload-complement	may contain missed code, tables, constants, padding, or writable data
OPEN.EXE	0x800373c0	0x25bc0	0x4	pointer	ghidra-defined		undefined *	Ghidra-12.0.4/ghidra_psx_ldr-2026.07.08	machine-assisted WIP datum
OPEN.EXE	0x800373c4	0x25bc4	0x4	pointer	ghidra-defined		undefined *	Ghidra-12.0.4/ghidra_psx_ldr-2026.07.08	machine-assisted WIP datum
OPEN.EXE	0x800373c8	0x25bc8	0x4	pointer	ghidra-defined		undefined *	Ghidra-12.0.4/ghidra_psx_ldr-2026.07.08	machine-assisted WIP datum
OPEN.EXE	0x800373cc	0x25bcc	0x4	pointer	ghidra-defined		undefined *	Ghidra-12.0.4/ghidra_psx_ldr-2026.07.08	machine-assisted WIP datum
OPEN.EXE	0x800373d0	0x25bd0	0x4	pointer	ghidra-defined		undefined *	Ghidra-12.0.4/ghidra_psx_ldr-2026.07.08	machine-assisted WIP datum
OPEN.EXE	0x800373d4	0x25bd4	0x4	pointer	ghidra-defined		undefined *	Ghidra-12.0.4/ghidra_psx_ldr-2026.07.08	machine-assisted WIP datum
OPEN.EXE	0x800373d8	0x25bd8	0x4	pointer	ghidra-defined		undefined *	Ghidra-12.0.4/ghidra_psx_ldr-2026.07.08	machine-assisted WIP datum
OPEN.EXE	0x800373dc	0x25bdc	0x4	pointer	ghidra-defined		undefined *	Ghidra-12.0.4/ghidra_psx_ldr-2026.07.08	machine-assisted WIP datum
OPEN.EXE	0x800373e0	0x25be0	0x4	pointer	ghidra-defined		undefined *	Ghidra-12.0.4/ghidra_psx_ldr-2026.07.08	machine-assisted WIP datum
OPEN.EXE	0x800373e4	0x25be4	0x4	pointer	ghidra-defined		undefined *	Ghidra-12.0.4/ghidra_psx_ldr-2026.07.08	machine-assisted WIP datum
OPEN.EXE	0x800373e8	0x25be8	0x4	pointer	ghidra-defined		undefined *	Ghidra-12.0.4/ghidra_psx_ldr-2026.07.08	machine-assisted WIP datum
OPEN.EXE	0x800373ec	0x25bec	0x4	pointer	ghidra-defined		undefined *	Ghidra-12.0.4/ghidra_psx_ldr-2026.07.08	machine-assisted WIP datum
OPEN.EXE	0x800373f0	0x25bf0	0x4	pointer	ghidra-defined		undefined *	Ghidra-12.0.4/ghidra_psx_ldr-2026.07.08	machine-assisted WIP datum
OPEN.EXE	0x800373f4	0x25bf4	0x4	pointer	ghidra-defined		undefined *	Ghidra-12.0.4/ghidra_psx_ldr-2026.07.08	machine-assisted WIP datum
OPEN.EXE	0x800373f8	0x25bf8	0x4	pointer	ghidra-defined		undefined *	Ghidra-12.0.4/ghidra_psx_ldr-2026.07.08	machine-assisted WIP datum
OPEN.EXE	0x800373fc	0x25bfc	0x4	pointer	ghidra-defined		undefined *	Ghidra-12.0.4/ghidra_psx_ldr-2026.07.08	machine-assisted WIP datum
OPEN.EXE	0x80037400	0x25c00	0x4	unclassified	coverage-gap			payload-complement	may contain missed code, tables, constants, padding, or writable data
OPEN.EXE	0x80037404	0x25c04	0x4	pointer	ghidra-defined		undefined *	Ghidra-12.0.4/ghidra_psx_ldr-2026.07.08	machine-assisted WIP datum
OPEN.EXE	0x80037408	0x25c08	0x4	pointer	ghidra-defined		undefined *	Ghidra-12.0.4/ghidra_psx_ldr-2026.07.08	machine-assisted WIP datum
OPEN.EXE	0x8003740c	0x25c0c	0x20	unclassified	coverage-gap			payload-complement	may contain missed code, tables, constants, padding, or writable data
OPEN.EXE	0x8003742c	0x25c2c	0x4	defined	ghidra-defined		undefined4	Ghidra-12.0.4/ghidra_psx_ldr-2026.07.08	machine-assisted WIP datum
OPEN.EXE	0x80037430	0x25c30	0x4	string	byte-pattern		ascii	investigation:string-census	escaped text: spu0
OPEN.EXE	0x80037434	0x25c34	0x4	unclassified	coverage-gap			payload-complement	may contain missed code, tables, constants, padding, or writable data
OPEN.EXE	0x80037438	0x25c38	0x4	pointer	ghidra-defined		pointer	Ghidra-12.0.4/ghidra_psx_ldr-2026.07.08	machine-assisted WIP datum
OPEN.EXE	0x8003743c	0x25c3c	0x4	pointer	ghidra-defined		pointer	Ghidra-12.0.4/ghidra_psx_ldr-2026.07.08	machine-assisted WIP datum
OPEN.EXE	0x80037440	0x25c40	0x4	pointer	ghidra-defined		pointer	Ghidra-12.0.4/ghidra_psx_ldr-2026.07.08	machine-assisted WIP datum
OPEN.EXE	0x80037444	0x25c44	0x4	pointer	ghidra-defined		pointer	Ghidra-12.0.4/ghidra_psx_ldr-2026.07.08	machine-assisted WIP datum
OPEN.EXE	0x80037448	0x25c48	0x4	pointer	ghidra-defined		pointer	Ghidra-12.0.4/ghidra_psx_ldr-2026.07.08	machine-assisted WIP datum
OPEN.EXE	0x8003744c	0x25c4c	0x4	pointer	ghidra-defined		pointer	Ghidra-12.0.4/ghidra_psx_ldr-2026.07.08	machine-assisted WIP datum
OPEN.EXE	0x80037450	0x25c50	0x4	pointer	ghidra-defined		pointer	Ghidra-12.0.4/ghidra_psx_ldr-2026.07.08	machine-assisted WIP datum
OPEN.EXE	0x80037454	0x25c54	0x4	pointer	ghidra-defined		pointer	Ghidra-12.0.4/ghidra_psx_ldr-2026.07.08	machine-assisted WIP datum
OPEN.EXE	0x80037458	0x25c58	0x4	pointer	ghidra-defined		pointer	Ghidra-12.0.4/ghidra_psx_ldr-2026.07.08	machine-assisted WIP datum
OPEN.EXE	0x8003745c	0x25c5c	0x4	defined	ghidra-defined		undefined4	Ghidra-12.0.4/ghidra_psx_ldr-2026.07.08	machine-assisted WIP datum
OPEN.EXE	0x80037460	0x25c60	0x4	defined	ghidra-defined		undefined4	Ghidra-12.0.4/ghidra_psx_ldr-2026.07.08	machine-assisted WIP datum
OPEN.EXE	0x80037464	0x25c64	0x2	defined	ghidra-defined		undefined2	Ghidra-12.0.4/ghidra_psx_ldr-2026.07.08	machine-assisted WIP datum
OPEN.EXE	0x80037466	0x25c66	0x2	unclassified	coverage-gap			payload-complement	may contain missed code, tables, constants, padding, or writable data
OPEN.EXE	0x80037468	0x25c68	0x4	pointer	ghidra-defined		pointer	Ghidra-12.0.4/ghidra_psx_ldr-2026.07.08	machine-assisted WIP datum
OPEN.EXE	0x8003746c	0x25c6c	0x2	defined	ghidra-defined		undefined2	Ghidra-12.0.4/ghidra_psx_ldr-2026.07.08	machine-assisted WIP datum
OPEN.EXE	0x8003746e	0x25c6e	0x2	defined	ghidra-defined		undefined2	Ghidra-12.0.4/ghidra_psx_ldr-2026.07.08	machine-assisted WIP datum
OPEN.EXE	0x80037470	0x25c70	0x8	unclassified	coverage-gap			payload-complement	may contain missed code, tables, constants, padding, or writable data
OPEN.EXE	0x80037478	0x25c78	0x4	defined	ghidra-defined		undefined4	Ghidra-12.0.4/ghidra_psx_ldr-2026.07.08	machine-assisted WIP datum
OPEN.EXE	0x8003747c	0x25c7c	0x4	defined	ghidra-defined		undefined4	Ghidra-12.0.4/ghidra_psx_ldr-2026.07.08	machine-assisted WIP datum
OPEN.EXE	0x80037480	0x25c80	0x4	pointer	ghidra-defined		pointer	Ghidra-12.0.4/ghidra_psx_ldr-2026.07.08	machine-assisted WIP datum
OPEN.EXE	0x80037484	0x25c84	0x4	pointer	ghidra-defined		pointer	Ghidra-12.0.4/ghidra_psx_ldr-2026.07.08	machine-assisted WIP datum
OPEN.EXE	0x80037488	0x25c88	0x4	pointer	ghidra-defined		undefined *	Ghidra-12.0.4/ghidra_psx_ldr-2026.07.08	machine-assisted WIP datum
OPEN.EXE	0x8003748c	0x25c8c	0x4	pointer	ghidra-defined		pointer	Ghidra-12.0.4/ghidra_psx_ldr-2026.07.08	machine-assisted WIP datum
OPEN.EXE	0x80037490	0x25c90	0x4	unclassified	coverage-gap			payload-complement	may contain missed code, tables, constants, padding, or writable data
OPEN.EXE	0x80037494	0x25c94	0x4	defined	ghidra-defined		undefined4	Ghidra-12.0.4/ghidra_psx_ldr-2026.07.08	machine-assisted WIP datum
OPEN.EXE	0x80037498	0x25c98	0x4	pointer	ghidra-defined		pointer	Ghidra-12.0.4/ghidra_psx_ldr-2026.07.08	machine-assisted WIP datum
OPEN.EXE	0x8003749c	0x25c9c	0x4	pointer	ghidra-defined		pointer	Ghidra-12.0.4/ghidra_psx_ldr-2026.07.08	machine-assisted WIP datum
OPEN.EXE	0x800374a0	0x25ca0	0x4	defined	ghidra-defined		undefined4	Ghidra-12.0.4/ghidra_psx_ldr-2026.07.08	machine-assisted WIP datum
OPEN.EXE	0x800374a4	0x25ca4	0x4	defined	ghidra-defined		undefined4	Ghidra-12.0.4/ghidra_psx_ldr-2026.07.08	machine-assisted WIP datum
OPEN.EXE	0x800374a8	0x25ca8	0x4	defined	ghidra-defined		undefined4	Ghidra-12.0.4/ghidra_psx_ldr-2026.07.08	machine-assisted WIP datum
OPEN.EXE	0x800374ac	0x25cac	0x4	defined	ghidra-defined		undefined4	Ghidra-12.0.4/ghidra_psx_ldr-2026.07.08	machine-assisted WIP datum
OPEN.EXE	0x800374b0	0x25cb0	0x4	unclassified	coverage-gap			payload-complement	may contain missed code, tables, constants, padding, or writable data
OPEN.EXE	0x800374b4	0x25cb4	0x4	defined	ghidra-defined		undefined4	Ghidra-12.0.4/ghidra_psx_ldr-2026.07.08	machine-assisted WIP datum
OPEN.EXE	0x800374b8	0x25cb8	0x4	defined	ghidra-defined		undefined4	Ghidra-12.0.4/ghidra_psx_ldr-2026.07.08	machine-assisted WIP datum
OPEN.EXE	0x800374bc	0x25cbc	0x4	pointer	ghidra-defined		pointer	Ghidra-12.0.4/ghidra_psx_ldr-2026.07.08	machine-assisted WIP datum
OPEN.EXE	0x800374c0	0x25cc0	0x4	pointer	ghidra-defined		pointer	Ghidra-12.0.4/ghidra_psx_ldr-2026.07.08	machine-assisted WIP datum
OPEN.EXE	0x800374c4	0x25cc4	0x4	pointer	ghidra-defined		pointer	Ghidra-12.0.4/ghidra_psx_ldr-2026.07.08	machine-assisted WIP datum
OPEN.EXE	0x800374c8	0x25cc8	0x4	pointer	ghidra-defined		pointer	Ghidra-12.0.4/ghidra_psx_ldr-2026.07.08	machine-assisted WIP datum
OPEN.EXE	0x800374cc	0x25ccc	0x4	pointer	ghidra-defined		pointer	Ghidra-12.0.4/ghidra_psx_ldr-2026.07.08	machine-assisted WIP datum
OPEN.EXE	0x800374d0	0x25cd0	0x4	pointer	ghidra-defined		pointer	Ghidra-12.0.4/ghidra_psx_ldr-2026.07.08	machine-assisted WIP datum
OPEN.EXE	0x800374d4	0x25cd4	0x4	pointer	ghidra-defined		pointer	Ghidra-12.0.4/ghidra_psx_ldr-2026.07.08	machine-assisted WIP datum
OPEN.EXE	0x800374d8	0x25cd8	0x4	pointer	ghidra-defined		pointer	Ghidra-12.0.4/ghidra_psx_ldr-2026.07.08	machine-assisted WIP datum
OPEN.EXE	0x800374dc	0x25cdc	0x4	pointer	ghidra-defined		pointer	Ghidra-12.0.4/ghidra_psx_ldr-2026.07.08	machine-assisted WIP datum
OPEN.EXE	0x800374e0	0x25ce0	0x4	defined	ghidra-defined		undefined4	Ghidra-12.0.4/ghidra_psx_ldr-2026.07.08	machine-assisted WIP datum
OPEN.EXE	0x800374e4	0x25ce4	0x4	defined	ghidra-defined		undefined4	Ghidra-12.0.4/ghidra_psx_ldr-2026.07.08	machine-assisted WIP datum
OPEN.EXE	0x800374e8	0x25ce8	0x4	string	byte-pattern		ascii	investigation:string-census	escaped text: F3L\x20
OPEN.EXE	0x800374ec	0x25cec	0x4	unclassified	coverage-gap			payload-complement	may contain missed code, tables, constants, padding, or writable data
OPEN.EXE	0x800374f0	0x25cf0	0x4	string	byte-pattern		ascii	investigation:string-census	escaped text: G3L\x20
OPEN.EXE	0x800374f4	0x25cf4	0x4	unclassified	coverage-gap			payload-complement	may contain missed code, tables, constants, padding, or writable data
OPEN.EXE	0x800374f8	0x25cf8	0x5	string	byte-pattern		ascii	investigation:string-census	escaped text: FT3L\x20
OPEN.EXE	0x800374fd	0x25cfd	0x3	unclassified	coverage-gap			payload-complement	may contain missed code, tables, constants, padding, or writable data
OPEN.EXE	0x80037500	0x25d00	0x5	string	byte-pattern		ascii	investigation:string-census	escaped text: GT3L\x20
OPEN.EXE	0x80037505	0x25d05	0xb	unclassified	coverage-gap			payload-complement	may contain missed code, tables, constants, padding, or writable data
OPEN.EXE	0x80037510	0x25d10	0x4	string	byte-pattern		ascii	investigation:string-census	escaped text: FT3\x20
OPEN.EXE	0x80037514	0x25d14	0x4	unclassified	coverage-gap			payload-complement	may contain missed code, tables, constants, padding, or writable data
OPEN.EXE	0x80037518	0x25d18	0x4	string	byte-pattern		ascii	investigation:string-census	escaped text: GT3\x20
OPEN.EXE	0x8003751c	0x25d1c	0x4	unclassified	coverage-gap			payload-complement	may contain missed code, tables, constants, padding, or writable data
OPEN.EXE	0x80037520	0x25d20	0x4	string	byte-pattern		ascii	investigation:string-census	escaped text: F4L\x20
OPEN.EXE	0x80037524	0x25d24	0x4	unclassified	coverage-gap			payload-complement	may contain missed code, tables, constants, padding, or writable data
OPEN.EXE	0x80037528	0x25d28	0x4	string	byte-pattern		ascii	investigation:string-census	escaped text: G4L\x20
OPEN.EXE	0x8003752c	0x25d2c	0x4	unclassified	coverage-gap			payload-complement	may contain missed code, tables, constants, padding, or writable data
OPEN.EXE	0x80037530	0x25d30	0x5	string	byte-pattern		ascii	investigation:string-census	escaped text: FT4L\x20
OPEN.EXE	0x80037535	0x25d35	0x3	unclassified	coverage-gap			payload-complement	may contain missed code, tables, constants, padding, or writable data
OPEN.EXE	0x80037538	0x25d38	0x5	string	byte-pattern		ascii	investigation:string-census	escaped text: GT4L\x20
OPEN.EXE	0x8003753d	0x25d3d	0xb	unclassified	coverage-gap			payload-complement	may contain missed code, tables, constants, padding, or writable data
OPEN.EXE	0x80037548	0x25d48	0x4	string	byte-pattern		ascii	investigation:string-census	escaped text: FT4\x20
OPEN.EXE	0x8003754c	0x25d4c	0x4	unclassified	coverage-gap			payload-complement	may contain missed code, tables, constants, padding, or writable data
OPEN.EXE	0x80037550	0x25d50	0x4	string	byte-pattern		ascii	investigation:string-census	escaped text: GT4\x20
OPEN.EXE	0x80037554	0x25d54	0x50	unclassified	coverage-gap			payload-complement	may contain missed code, tables, constants, padding, or writable data
OPEN.EXE	0x800375a4	0x25da4	0x4	string	byte-pattern		ascii	investigation:string-census	escaped text: %02X
OPEN.EXE	0x800375a8	0x25da8	0x5	unclassified	coverage-gap			payload-complement	may contain missed code, tables, constants, padding, or writable data
OPEN.EXE	0x800375ad	0x25dad	0x4	string	byte-pattern		ascii	investigation:string-census	escaped text: %5d:
OPEN.EXE	0x800375b1	0x25db1	0x13	unclassified	coverage-gap			payload-complement	may contain missed code, tables, constants, padding, or writable data
OPEN.EXE	0x800375c4	0x25dc4	0x4	pointer	ghidra-defined		pointer	Ghidra-12.0.4/ghidra_psx_ldr-2026.07.08	machine-assisted WIP datum
OPEN.EXE	0x800375c8	0x25dc8	0x4	pointer	ghidra-defined		pointer	Ghidra-12.0.4/ghidra_psx_ldr-2026.07.08	machine-assisted WIP datum
OPEN.EXE	0x800375cc	0x25dcc	0x4	pointer	ghidra-defined		pointer	Ghidra-12.0.4/ghidra_psx_ldr-2026.07.08	machine-assisted WIP datum
OPEN.EXE	0x800375d0	0x25dd0	0x4	defined	ghidra-defined		undefined4	Ghidra-12.0.4/ghidra_psx_ldr-2026.07.08	machine-assisted WIP datum
OPEN.EXE	0x800375d4	0x25dd4	0x4	defined	ghidra-defined		undefined4	Ghidra-12.0.4/ghidra_psx_ldr-2026.07.08	machine-assisted WIP datum
OPEN.EXE	0x800375d8	0x25dd8	0x4	bss	reviewed	cd_read_location	CdlLOC	manual:open_cd_file;manual:cd_resource_bss	Private CD location overwritten before CdlSetloc; loaded CPE header bytes are not a source initializer
OPEN.EXE	0x800375dc	0x25ddc	0x4	unclassified	coverage-gap			payload-complement	may contain missed code, tables, constants, padding, or writable data
OPEN.EXE	0x800375e0	0x25de0	0x4	bss	reviewed	opening_scene1_arena_cursor	u8 *	manual:cd_resource_bss	Private post-VAB arena pointer saved by scene one before scene three restores it; CPE-tail bytes are not an initializer
OPEN.EXE	0x800375e4	0x25de4	0x4	unclassified	coverage-gap			payload-complement	may contain missed code, tables, constants, padding, or writable data
OPEN.EXE	0x800375e8	0x25de8	0x4	bss	reviewed	opening_ending_arena_cursor	u8 *	manual:cd_resource_bss	Private ending arena pointer saved before the ending-sequence continuation restores it; CPE-tail bytes are not an initializer
OPEN.EXE	0x800375ec	0x25dec	0x4	unclassified	coverage-gap			payload-complement	may contain missed code, tables, constants, padding, or writable data
OPEN.EXE	0x800375f0	0x25df0	0x1	defined	ghidra-defined		undefined1	Ghidra-12.0.4/ghidra_psx_ldr-2026.07.08	machine-assisted WIP datum
OPEN.EXE	0x800375f1	0x25df1	0x1	defined	ghidra-defined		undefined1	Ghidra-12.0.4/ghidra_psx_ldr-2026.07.08	machine-assisted WIP datum
OPEN.EXE	0x800375f2	0x25df2	0x1	defined	ghidra-defined		undefined1	Ghidra-12.0.4/ghidra_psx_ldr-2026.07.08	machine-assisted WIP datum
OPEN.EXE	0x800375f3	0x25df3	0x5	unclassified	coverage-gap			payload-complement	may contain missed code, tables, constants, padding, or writable data
OPEN.EXE	0x800375f8	0x25df8	0x1	defined	ghidra-defined		undefined1	Ghidra-12.0.4/ghidra_psx_ldr-2026.07.08	machine-assisted WIP datum
OPEN.EXE	0x800375f9	0x25df9	0x1	defined	ghidra-defined		undefined1	Ghidra-12.0.4/ghidra_psx_ldr-2026.07.08	machine-assisted WIP datum
OPEN.EXE	0x800375fa	0x25dfa	0x1	defined	ghidra-defined		undefined1	Ghidra-12.0.4/ghidra_psx_ldr-2026.07.08	machine-assisted WIP datum
OPEN.EXE	0x800375fb	0x25dfb	0x1	defined	ghidra-defined		undefined1	Ghidra-12.0.4/ghidra_psx_ldr-2026.07.08	machine-assisted WIP datum
OPEN.EXE	0x800375fc	0x25dfc	0x1	defined	ghidra-defined		undefined1	Ghidra-12.0.4/ghidra_psx_ldr-2026.07.08	machine-assisted WIP datum
OPEN.EXE	0x800375fd	0x25dfd	0x1	defined	ghidra-defined		undefined1	Ghidra-12.0.4/ghidra_psx_ldr-2026.07.08	machine-assisted WIP datum
OPEN.EXE	0x800375fe	0x25dfe	0x1	unclassified	coverage-gap			payload-complement	may contain missed code, tables, constants, padding, or writable data
OPEN.EXE	0x800375ff	0x25dff	0x1	defined	ghidra-defined		undefined1	Ghidra-12.0.4/ghidra_psx_ldr-2026.07.08	machine-assisted WIP datum
OPEN.EXE	0x80037600	0x25e00	0x4	defined	ghidra-defined		undefined4	Ghidra-12.0.4/ghidra_psx_ldr-2026.07.08	machine-assisted WIP datum
OPEN.EXE	0x80037604	0x25e04	0x4	unclassified	coverage-gap			payload-complement	may contain missed code, tables, constants, padding, or writable data
OPEN.EXE	0x80037608	0x25e08	0x4	defined	ghidra-defined		undefined4	Ghidra-12.0.4/ghidra_psx_ldr-2026.07.08	machine-assisted WIP datum
OPEN.EXE	0x8003760c	0x25e0c	0x4	unclassified	coverage-gap			payload-complement	may contain missed code, tables, constants, padding, or writable data
OPEN.EXE	0x80037610	0x25e10	0x4	defined	ghidra-defined		undefined4	Ghidra-12.0.4/ghidra_psx_ldr-2026.07.08	machine-assisted WIP datum
OPEN.EXE	0x80037614	0x25e14	0x4	unclassified	coverage-gap			payload-complement	may contain missed code, tables, constants, padding, or writable data
OPEN.EXE	0x80037618	0x25e18	0x4	defined	ghidra-defined		undefined4	Ghidra-12.0.4/ghidra_psx_ldr-2026.07.08	machine-assisted WIP datum
OPEN.EXE	0x8003761c	0x25e1c	0x4	unclassified	coverage-gap			payload-complement	may contain missed code, tables, constants, padding, or writable data
OPEN.EXE	0x80037620	0x25e20	0x4	defined	ghidra-defined		undefined4	Ghidra-12.0.4/ghidra_psx_ldr-2026.07.08	machine-assisted WIP datum
OPEN.EXE	0x80037624	0x25e24	0x4	unclassified	coverage-gap			payload-complement	may contain missed code, tables, constants, padding, or writable data
OPEN.EXE	0x80037628	0x25e28	0x4	defined	ghidra-defined		undefined4	Ghidra-12.0.4/ghidra_psx_ldr-2026.07.08	machine-assisted WIP datum
OPEN.EXE	0x8003762c	0x25e2c	0xc	unclassified	coverage-gap			payload-complement	may contain missed code, tables, constants, padding, or writable data
OPEN.EXE	0x80037638	0x25e38	0x4	defined	ghidra-defined		undefined4	Ghidra-12.0.4/ghidra_psx_ldr-2026.07.08	machine-assisted WIP datum
OPEN.EXE	0x8003763c	0x25e3c	0x84	unclassified	coverage-gap			payload-complement	may contain missed code, tables, constants, padding, or writable data
OPEN.EXE	0x800376c0	0x25ec0	0x4	defined	ghidra-defined		undefined4	Ghidra-12.0.4/ghidra_psx_ldr-2026.07.08	machine-assisted WIP datum
OPEN.EXE	0x800376c4	0x25ec4	0x4	unclassified	coverage-gap			payload-complement	may contain missed code, tables, constants, padding, or writable data
OPEN.EXE	0x800376c8	0x25ec8	0x4	defined	ghidra-defined		undefined4	Ghidra-12.0.4/ghidra_psx_ldr-2026.07.08	machine-assisted WIP datum
OPEN.EXE	0x800376cc	0x25ecc	0x4	unclassified	coverage-gap			payload-complement	may contain missed code, tables, constants, padding, or writable data
OPEN.EXE	0x800376d0	0x25ed0	0x2	defined	ghidra-defined		undefined2	Ghidra-12.0.4/ghidra_psx_ldr-2026.07.08	machine-assisted WIP datum
OPEN.EXE	0x800376d2	0x25ed2	0x6	unclassified	coverage-gap			payload-complement	may contain missed code, tables, constants, padding, or writable data
OPEN.EXE	0x800376d8	0x25ed8	0x4	defined	ghidra-defined		undefined4	Ghidra-12.0.4/ghidra_psx_ldr-2026.07.08	machine-assisted WIP datum
OPEN.EXE	0x800376dc	0x25edc	0x4	unclassified	coverage-gap			payload-complement	may contain missed code, tables, constants, padding, or writable data
OPEN.EXE	0x800376e0	0x25ee0	0x4	defined	ghidra-defined		undefined4	Ghidra-12.0.4/ghidra_psx_ldr-2026.07.08	machine-assisted WIP datum
OPEN.EXE	0x800376e4	0x25ee4	0x4	unclassified	coverage-gap			payload-complement	may contain missed code, tables, constants, padding, or writable data
OPEN.EXE	0x800376e8	0x25ee8	0x4	defined	ghidra-defined		undefined4	Ghidra-12.0.4/ghidra_psx_ldr-2026.07.08	machine-assisted WIP datum
OPEN.EXE	0x800376ec	0x25eec	0x4	unclassified	coverage-gap			payload-complement	may contain missed code, tables, constants, padding, or writable data
OPEN.EXE	0x800376f0	0x25ef0	0x4	defined	ghidra-defined		undefined4	Ghidra-12.0.4/ghidra_psx_ldr-2026.07.08	machine-assisted WIP datum
OPEN.EXE	0x800376f4	0x25ef4	0x4	unclassified	coverage-gap			payload-complement	may contain missed code, tables, constants, padding, or writable data
OPEN.EXE	0x800376f8	0x25ef8	0x4	defined	ghidra-defined		undefined4	Ghidra-12.0.4/ghidra_psx_ldr-2026.07.08	machine-assisted WIP datum
OPEN.EXE	0x800376fc	0x25efc	0x4	unclassified	coverage-gap			payload-complement	may contain missed code, tables, constants, padding, or writable data
OPEN.EXE	0x80037700	0x25f00	0x4	defined	ghidra-defined		undefined4	Ghidra-12.0.4/ghidra_psx_ldr-2026.07.08	machine-assisted WIP datum
OPEN.EXE	0x80037704	0x25f04	0xc	unclassified	coverage-gap			payload-complement	may contain missed code, tables, constants, padding, or writable data
OPEN.EXE	0x80037710	0x25f10	0x4	defined	ghidra-defined		undefined4	Ghidra-12.0.4/ghidra_psx_ldr-2026.07.08	machine-assisted WIP datum
OPEN.EXE	0x80037714	0x25f14	0x4	unclassified	coverage-gap			payload-complement	may contain missed code, tables, constants, padding, or writable data
OPEN.EXE	0x80037718	0x25f18	0x4	defined	ghidra-defined		undefined4	Ghidra-12.0.4/ghidra_psx_ldr-2026.07.08	machine-assisted WIP datum
OPEN.EXE	0x8003771c	0x25f1c	0x4	unclassified	coverage-gap			payload-complement	may contain missed code, tables, constants, padding, or writable data
OPEN.EXE	0x80037720	0x25f20	0x1	defined	ghidra-defined		undefined1	Ghidra-12.0.4/ghidra_psx_ldr-2026.07.08	machine-assisted WIP datum
OPEN.EXE	0x80037721	0x25f21	0x7	unclassified	coverage-gap			payload-complement	may contain missed code, tables, constants, padding, or writable data
OPEN.EXE	0x80037728	0x25f28	0x2	defined	ghidra-defined		undefined2	Ghidra-12.0.4/ghidra_psx_ldr-2026.07.08	machine-assisted WIP datum
OPEN.EXE	0x8003772a	0x25f2a	0x6	unclassified	coverage-gap			payload-complement	may contain missed code, tables, constants, padding, or writable data
OPEN.EXE	0x80037730	0x25f30	0x2	defined	ghidra-defined		undefined2	Ghidra-12.0.4/ghidra_psx_ldr-2026.07.08	machine-assisted WIP datum
OPEN.EXE	0x80037732	0x25f32	0x6	unclassified	coverage-gap			payload-complement	may contain missed code, tables, constants, padding, or writable data
OPEN.EXE	0x80037738	0x25f38	0x4	defined	ghidra-defined		undefined4	Ghidra-12.0.4/ghidra_psx_ldr-2026.07.08	machine-assisted WIP datum
OPEN.EXE	0x8003773c	0x25f3c	0x4	unclassified	coverage-gap			payload-complement	may contain missed code, tables, constants, padding, or writable data
OPEN.EXE	0x80037740	0x25f40	0x4	defined	ghidra-defined		undefined4	Ghidra-12.0.4/ghidra_psx_ldr-2026.07.08	machine-assisted WIP datum
OPEN.EXE	0x80037744	0x25f44	0x4	unclassified	coverage-gap			payload-complement	may contain missed code, tables, constants, padding, or writable data
OPEN.EXE	0x80037748	0x25f48	0x4	defined	ghidra-defined		undefined4	Ghidra-12.0.4/ghidra_psx_ldr-2026.07.08	machine-assisted WIP datum
OPEN.EXE	0x8003774c	0x25f4c	0xc	unclassified	coverage-gap			payload-complement	may contain missed code, tables, constants, padding, or writable data
OPEN.EXE	0x80037758	0x25f58	0x4	defined	ghidra-defined		undefined4	Ghidra-12.0.4/ghidra_psx_ldr-2026.07.08	machine-assisted WIP datum
OPEN.EXE	0x8003775c	0x25f5c	0x4	unclassified	coverage-gap			payload-complement	may contain missed code, tables, constants, padding, or writable data
OPEN.EXE	0x80037760	0x25f60	0x4	bss	reviewed	pad_buf	u32	manual:pad_storage_and_linkage	private PAD word after CPE conversion residue; archive .sbss and write-before-read establish uninitialized storage despite loaded page zeros
OPEN.EXE	0x80037764	0x25f64	0x4	unclassified	coverage-gap			payload-complement	may contain missed code, tables, constants, padding, or writable data
OPEN.EXE	0x80037768	0x25f68	0x4	bss	reviewed	pad_status	u32	manual:pad_storage_and_linkage	private PAD status after CPE conversion residue; archive .sbss and sole PadInit store establish uninitialized storage despite loaded page zeros
OPEN.EXE	0x8003776c	0x25f6c	0x4	unclassified	coverage-gap			payload-complement	may contain missed code, tables, constants, padding, or writable data
OPEN.EXE	0x80037770	0x25f70	0x4	defined	ghidra-defined		undefined4	Ghidra-12.0.4/ghidra_psx_ldr-2026.07.08	machine-assisted WIP datum
OPEN.EXE	0x80037774	0x25f74	0x8c	unclassified	coverage-gap			payload-complement	includes zero-filled file padding overlapping the inferred BSS start; may contain other unresolved state
