# MANUALLY MANAGED - admitted WIP retail function census; one row per current start.
# Seed/audit tooling writes build/retail-seed only; review and edit this file by hand.
# Each address is qualified by image because GAME.EXE and OPEN.EXE are separate overlays.
# Function extents are WIP and may include owned jump tables/padding or miss indirect-only code.
# Independent MIPS carving added anonymous frame/return candidates with explicit confidence.
image	va	file_offset	size	body_size	fragments	kind	confidence	name	labels	provenance	note
PSX.EXE	0x80010028	0x828	0xd0	0xd0	1	function	exact-linked-xref	main		LIBSN/SNMAIN plus retail CFG	SNMAIN main XREF resolves to this JAL target; the five words after the loop-back jump are the compiler's unreachable epilogue (lw ra/s1/s0; jr; addiu sp), so the body spans the whole extent
PSX.EXE	0x800100f8	0x8f8	0x8	0x8	1	function	exact-linked-symbol	__main		LIBSN/SNMAIN	XDEF offset 0 in exact matched text section
PSX.EXE	0x80010100	0x900	0xb4	0xb4	1	function	exact-linked-symbol	__SN_ENTRY_POINT	+0x0=stup2;+0x24=stup1;+0xa8=stup0	LIBSN/SNMAIN	XDEF offset 8 and PS-X EXE entry; XDEF offset 0x2c; XDEF offset 0xb0
PSX.EXE	0x800101c4	0x9c4	0x10	0x10	1	function	exact-complete-object	EnterCriticalSection		LIBAPI/A36	all 16 member bytes match
PSX.EXE	0x800101d4	0x9d4	0x10	0xc	1	function	exact-complete-object	_96_init		LIBAPI/C113	all 16 member bytes match
PSX.EXE	0x800101e4	0x9e4	0x10	0xc	1	function	exact-complete-object	InitHeap		LIBAPI/C57	all 16 member bytes match
PSX.EXE	0x800101f4	0x9f4	0x10	0xc	1	function	exact-complete-object	Load		LIBAPI/C66	all 16 member bytes match
PSX.EXE	0x80010204	0xa04	0x10	0xc	1	function	exact-complete-object	Exec		LIBAPI/C67	all 16 member bytes match
PSX.EXE	0x80010214	0xa14	0x10	0xc	1	function	exact-complete-object	_96_remove		LIBAPI/C114	all 16 member bytes match
GAME.EXE	0x80014268	0x2a68	0x24	0x24	1	function	ghidra-analysis			Ghidra-12.0.4/ghidra_psx_ldr-2026.07.08	machine-assisted WIP boundary
GAME.EXE	0x8001428c	0x2a8c	0x88	0x88	1	function	ghidra-analysis			Ghidra-12.0.4/ghidra_psx_ldr-2026.07.08	machine-assisted WIP boundary
GAME.EXE	0x80014314	0x2b14	0x1c0	0x1c0	1	function	ghidra-analysis			Ghidra-12.0.4/ghidra_psx_ldr-2026.07.08	machine-assisted WIP boundary
GAME.EXE	0x800144d4	0x2cd4	0x1a0	0x1a0	1	function	ghidra-analysis			Ghidra-12.0.4/ghidra_psx_ldr-2026.07.08	machine-assisted WIP boundary
GAME.EXE	0x80014674	0x2e74	0x44	0x44	1	function	ghidra-analysis			Ghidra-12.0.4/ghidra_psx_ldr-2026.07.08	machine-assisted WIP boundary
GAME.EXE	0x800146b8	0x2eb8	0x2e4	0x2e4	1	function	ghidra-analysis			Ghidra-12.0.4/ghidra_psx_ldr-2026.07.08	machine-assisted WIP boundary
GAME.EXE	0x8001499c	0x319c	0x38	0x38	1	function	ghidra-analysis			Ghidra-12.0.4/ghidra_psx_ldr-2026.07.08	machine-assisted WIP boundary
GAME.EXE	0x800149d4	0x31d4	0x20	0x20	1	function	mips-return-carve			scripts/kf/audit_functions.py	anonymous WIP start; previous-return+return-delimited-valid-code+relocation-candidate
GAME.EXE	0x800149f4	0x31f4	0x70	0x70	1	function	ghidra-analysis			Ghidra-12.0.4/ghidra_psx_ldr-2026.07.08	machine-assisted WIP boundary
GAME.EXE	0x80014a64	0x3264	0xc8	0xc8	1	function	ghidra-analysis			Ghidra-12.0.4/ghidra_psx_ldr-2026.07.08	machine-assisted WIP boundary
GAME.EXE	0x80014b2c	0x332c	0x50	0x50	1	function	ghidra-analysis			Ghidra-12.0.4/ghidra_psx_ldr-2026.07.08	machine-assisted WIP boundary
GAME.EXE	0x80014b7c	0x337c	0x70	0x70	1	function	ghidra-analysis			Ghidra-12.0.4/ghidra_psx_ldr-2026.07.08	machine-assisted WIP boundary
GAME.EXE	0x80014bec	0x33ec	0x70	0x70	1	function	ghidra-analysis			Ghidra-12.0.4/ghidra_psx_ldr-2026.07.08	machine-assisted WIP boundary
GAME.EXE	0x80014c5c	0x345c	0x70	0x70	1	function	ghidra-analysis			Ghidra-12.0.4/ghidra_psx_ldr-2026.07.08	machine-assisted WIP boundary
GAME.EXE	0x80014ccc	0x34cc	0x68	0x68	1	function	ghidra-analysis			Ghidra-12.0.4/ghidra_psx_ldr-2026.07.08	machine-assisted WIP boundary
GAME.EXE	0x80014d34	0x3534	0xd4	0xd4	1	function	ghidra-analysis			Ghidra-12.0.4/ghidra_psx_ldr-2026.07.08	machine-assisted WIP boundary
GAME.EXE	0x80014e08	0x3608	0x40	0x40	1	function	ghidra-analysis			Ghidra-12.0.4/ghidra_psx_ldr-2026.07.08	machine-assisted WIP boundary
GAME.EXE	0x80014e48	0x3648	0x5c	0x5c	1	function	ghidra-analysis			Ghidra-12.0.4/ghidra_psx_ldr-2026.07.08	machine-assisted WIP boundary
GAME.EXE	0x80014ea4	0x36a4	0x40	0x40	1	function	mips-return-carve			scripts/kf/audit_functions.py	anonymous WIP start; previous-return+return-delimited-valid-code
GAME.EXE	0x80014ee4	0x36e4	0x5c	0x5c	1	function	mips-return-carve			scripts/kf/audit_functions.py	anonymous WIP start; previous-return+return-delimited-valid-code
GAME.EXE	0x80014f40	0x3740	0x2c	0x2c	1	function	ghidra-analysis			Ghidra-12.0.4/ghidra_psx_ldr-2026.07.08	machine-assisted WIP boundary
GAME.EXE	0x80014f6c	0x376c	0x3c	0x3c	1	function	ghidra-analysis			Ghidra-12.0.4/ghidra_psx_ldr-2026.07.08	machine-assisted WIP boundary
GAME.EXE	0x80014fa8	0x37a8	0x10	0x10	1	function	ghidra-analysis			Ghidra-12.0.4/ghidra_psx_ldr-2026.07.08	machine-assisted WIP boundary
GAME.EXE	0x80014fb8	0x37b8	0xb0	0xb0	1	function	ghidra-analysis			Ghidra-12.0.4/ghidra_psx_ldr-2026.07.08	machine-assisted WIP boundary
GAME.EXE	0x80015068	0x3868	0x40	0x40	1	function	ghidra-analysis			Ghidra-12.0.4/ghidra_psx_ldr-2026.07.08	machine-assisted WIP boundary
GAME.EXE	0x800150a8	0x38a8	0x54	0x54	1	function	ghidra-analysis			Ghidra-12.0.4/ghidra_psx_ldr-2026.07.08	machine-assisted WIP boundary
GAME.EXE	0x800150fc	0x38fc	0x2c	0x2c	1	function	ghidra-analysis			Ghidra-12.0.4/ghidra_psx_ldr-2026.07.08	machine-assisted WIP boundary
GAME.EXE	0x80015128	0x3928	0x3c	0x3c	1	function	ghidra-analysis			Ghidra-12.0.4/ghidra_psx_ldr-2026.07.08	machine-assisted WIP boundary
GAME.EXE	0x80015164	0x3964	0x68	0x68	1	function	ghidra-analysis			Ghidra-12.0.4/ghidra_psx_ldr-2026.07.08	machine-assisted WIP boundary
GAME.EXE	0x800151cc	0x39cc	0x2e4	0x2e4	1	function	ghidra-analysis			Ghidra-12.0.4/ghidra_psx_ldr-2026.07.08	machine-assisted WIP boundary
GAME.EXE	0x800154b0	0x3cb0	0x19c	0x19c	1	function	ghidra-analysis			Ghidra-12.0.4/ghidra_psx_ldr-2026.07.08	machine-assisted WIP boundary
GAME.EXE	0x8001564c	0x3e4c	0x70	0x70	1	function	ghidra-analysis			Ghidra-12.0.4/ghidra_psx_ldr-2026.07.08	machine-assisted WIP boundary
GAME.EXE	0x800156bc	0x3ebc	0x58	0x58	1	function	ghidra-analysis			Ghidra-12.0.4/ghidra_psx_ldr-2026.07.08	machine-assisted WIP boundary
GAME.EXE	0x80015714	0x3f14	0x814	0x814	1	function	ghidra-analysis			Ghidra-12.0.4/ghidra_psx_ldr-2026.07.08	machine-assisted WIP boundary
GAME.EXE	0x80015f28	0x4728	0x98	0x98	1	function	ghidra-analysis			Ghidra-12.0.4/ghidra_psx_ldr-2026.07.08	machine-assisted WIP boundary
GAME.EXE	0x80015fc0	0x47c0	0x98	0x98	1	function	ghidra-analysis			Ghidra-12.0.4/ghidra_psx_ldr-2026.07.08	machine-assisted WIP boundary
GAME.EXE	0x80016058	0x4858	0x224	0x224	1	function	ghidra-analysis			Ghidra-12.0.4/ghidra_psx_ldr-2026.07.08	machine-assisted WIP boundary
GAME.EXE	0x8001627c	0x4a7c	0xa8	0xa8	1	function	ghidra-analysis			Ghidra-12.0.4/ghidra_psx_ldr-2026.07.08	machine-assisted WIP boundary
GAME.EXE	0x80016324	0x4b24	0x390	0x390	1	function	ghidra-analysis			Ghidra-12.0.4/ghidra_psx_ldr-2026.07.08	machine-assisted WIP boundary
GAME.EXE	0x800166b4	0x4eb4	0x130	0x130	1	function	ghidra-analysis			Ghidra-12.0.4/ghidra_psx_ldr-2026.07.08	machine-assisted WIP boundary
GAME.EXE	0x800167e4	0x4fe4	0x64	0x64	1	function	ghidra-analysis			Ghidra-12.0.4/ghidra_psx_ldr-2026.07.08	machine-assisted WIP boundary
GAME.EXE	0x80016848	0x5048	0x1e8	0x1e8	1	function	ghidra-analysis			Ghidra-12.0.4/ghidra_psx_ldr-2026.07.08	machine-assisted WIP boundary
GAME.EXE	0x80016a30	0x5230	0xf4	0xf4	1	function	ghidra-analysis			Ghidra-12.0.4/ghidra_psx_ldr-2026.07.08	machine-assisted WIP boundary
GAME.EXE	0x80016b24	0x5324	0x9c	0x9c	1	function	ghidra-analysis			Ghidra-12.0.4/ghidra_psx_ldr-2026.07.08	machine-assisted WIP boundary
GAME.EXE	0x80016bc0	0x53c0	0x264	0x264	1	function	ghidra-analysis			Ghidra-12.0.4/ghidra_psx_ldr-2026.07.08	machine-assisted WIP boundary
GAME.EXE	0x80016e24	0x5624	0x94	0x94	1	function	ghidra-analysis			Ghidra-12.0.4/ghidra_psx_ldr-2026.07.08	machine-assisted WIP boundary
GAME.EXE	0x80016eb8	0x56b8	0x30	0x30	1	function	ghidra-analysis			Ghidra-12.0.4/ghidra_psx_ldr-2026.07.08	machine-assisted WIP boundary
GAME.EXE	0x80016ee8	0x56e8	0x158	0x158	1	function	ghidra-analysis			Ghidra-12.0.4/ghidra_psx_ldr-2026.07.08	machine-assisted WIP boundary
GAME.EXE	0x80017040	0x5840	0xc8	0xc8	1	function	ghidra-analysis			Ghidra-12.0.4/ghidra_psx_ldr-2026.07.08	machine-assisted WIP boundary
GAME.EXE	0x80017108	0x5908	0xf4	0xf4	1	function	ghidra-analysis			Ghidra-12.0.4/ghidra_psx_ldr-2026.07.08	machine-assisted WIP boundary
GAME.EXE	0x800171fc	0x59fc	0x828	0x828	1	function	ghidra-analysis			Ghidra-12.0.4/ghidra_psx_ldr-2026.07.08	machine-assisted WIP boundary
GAME.EXE	0x80017a24	0x6224	0x5c	0x5c	1	function	ghidra-analysis			Ghidra-12.0.4/ghidra_psx_ldr-2026.07.08	machine-assisted WIP boundary
GAME.EXE	0x80017a80	0x6280	0x278	0x278	1	function	ghidra-analysis			Ghidra-12.0.4/ghidra_psx_ldr-2026.07.08	machine-assisted WIP boundary
GAME.EXE	0x80017cf8	0x64f8	0x144	0x144	1	function	ghidra-analysis			Ghidra-12.0.4/ghidra_psx_ldr-2026.07.08	machine-assisted WIP boundary
GAME.EXE	0x80017e3c	0x663c	0xa0	0xa0	1	function	ghidra-analysis			Ghidra-12.0.4/ghidra_psx_ldr-2026.07.08	machine-assisted WIP boundary
GAME.EXE	0x80017edc	0x66dc	0xc8	0xc8	1	function	ghidra-analysis			Ghidra-12.0.4/ghidra_psx_ldr-2026.07.08	machine-assisted WIP boundary
GAME.EXE	0x80017fa4	0x67a4	0xb0	0xb0	1	function	ghidra-analysis			Ghidra-12.0.4/ghidra_psx_ldr-2026.07.08	machine-assisted WIP boundary
GAME.EXE	0x80018054	0x6854	0x45c	0x45c	1	function	ghidra-analysis			Ghidra-12.0.4/ghidra_psx_ldr-2026.07.08	machine-assisted WIP boundary
GAME.EXE	0x800184b0	0x6cb0	0x90	0x90	1	function	ghidra-analysis			Ghidra-12.0.4/ghidra_psx_ldr-2026.07.08	machine-assisted WIP boundary
GAME.EXE	0x80018540	0x6d40	0x184	0x184	1	function	ghidra-analysis			Ghidra-12.0.4/ghidra_psx_ldr-2026.07.08	machine-assisted WIP boundary
GAME.EXE	0x800186c4	0x6ec4	0xe0	0xe0	1	function	ghidra-analysis			Ghidra-12.0.4/ghidra_psx_ldr-2026.07.08	machine-assisted WIP boundary
GAME.EXE	0x800187a4	0x6fa4	0x4c	0x4c	1	function	ghidra-analysis			Ghidra-12.0.4/ghidra_psx_ldr-2026.07.08	machine-assisted WIP boundary
GAME.EXE	0x800187f0	0x6ff0	0x34	0x34	1	function	ghidra-analysis			Ghidra-12.0.4/ghidra_psx_ldr-2026.07.08	machine-assisted WIP boundary
GAME.EXE	0x80018824	0x7024	0x34	0x34	1	function	mips-frame-carve			scripts/kf/audit_functions.py	anonymous WIP start; stack-frame+ra-save+matching-stack-return
GAME.EXE	0x80018858	0x7058	0x28	0x28	1	function	ghidra-analysis			Ghidra-12.0.4/ghidra_psx_ldr-2026.07.08	machine-assisted WIP boundary
GAME.EXE	0x80018880	0x7080	0x1a1c	0x1a1c	1	function	ghidra-analysis			Ghidra-12.0.4/ghidra_psx_ldr-2026.07.08	machine-assisted WIP boundary
GAME.EXE	0x8001a29c	0x8a9c	0x1b0	0x1b0	1	function	ghidra-analysis			Ghidra-12.0.4/ghidra_psx_ldr-2026.07.08	machine-assisted WIP boundary
GAME.EXE	0x8001a44c	0x8c4c	0x9c	0x9c	1	function	ghidra-analysis			Ghidra-12.0.4/ghidra_psx_ldr-2026.07.08	machine-assisted WIP boundary
GAME.EXE	0x8001a4e8	0x8ce8	0xc4	0xc4	1	function	ghidra-analysis			Ghidra-12.0.4/ghidra_psx_ldr-2026.07.08	machine-assisted WIP boundary
GAME.EXE	0x8001a5ac	0x8dac	0x504	0x504	1	function	ghidra-analysis			Ghidra-12.0.4/ghidra_psx_ldr-2026.07.08	machine-assisted WIP boundary
GAME.EXE	0x8001aab0	0x92b0	0x38	0x38	1	function	ghidra-analysis			Ghidra-12.0.4/ghidra_psx_ldr-2026.07.08	machine-assisted WIP boundary
GAME.EXE	0x8001aae8	0x92e8	0x20	0x20	1	function	ghidra-analysis			Ghidra-12.0.4/ghidra_psx_ldr-2026.07.08	machine-assisted WIP boundary
GAME.EXE	0x8001ab08	0x9308	0xa8	0xa8	1	function	ghidra-analysis			Ghidra-12.0.4/ghidra_psx_ldr-2026.07.08	machine-assisted WIP boundary
GAME.EXE	0x8001abb0	0x93b0	0x20	0x20	1	function	ghidra-analysis			Ghidra-12.0.4/ghidra_psx_ldr-2026.07.08	machine-assisted WIP boundary
GAME.EXE	0x8001abd0	0x93d0	0x3c	0x3c	1	function	ghidra-analysis			Ghidra-12.0.4/ghidra_psx_ldr-2026.07.08	machine-assisted WIP boundary
GAME.EXE	0x8001ac0c	0x940c	0x80	0x80	1	function	ghidra-analysis			Ghidra-12.0.4/ghidra_psx_ldr-2026.07.08	machine-assisted WIP boundary
GAME.EXE	0x8001ac8c	0x948c	0x64	0x64	1	function	ghidra-analysis			Ghidra-12.0.4/ghidra_psx_ldr-2026.07.08	machine-assisted WIP boundary
GAME.EXE	0x8001acf0	0x94f0	0x170	0x170	1	function	ghidra-analysis			Ghidra-12.0.4/ghidra_psx_ldr-2026.07.08	machine-assisted WIP boundary
GAME.EXE	0x8001ae60	0x9660	0x13c	0x13c	1	function	ghidra-analysis			Ghidra-12.0.4/ghidra_psx_ldr-2026.07.08	machine-assisted WIP boundary
GAME.EXE	0x8001af9c	0x979c	0x164	0x164	1	function	ghidra-analysis			Ghidra-12.0.4/ghidra_psx_ldr-2026.07.08	machine-assisted WIP boundary
GAME.EXE	0x8001b100	0x9900	0x80	0x80	1	function	ghidra-analysis			Ghidra-12.0.4/ghidra_psx_ldr-2026.07.08	machine-assisted WIP boundary
GAME.EXE	0x8001b180	0x9980	0x210	0x210	1	function	ghidra-analysis			Ghidra-12.0.4/ghidra_psx_ldr-2026.07.08	machine-assisted WIP boundary
GAME.EXE	0x8001b390	0x9b90	0x14	0x14	1	function	ghidra-analysis			Ghidra-12.0.4/ghidra_psx_ldr-2026.07.08	machine-assisted WIP boundary
GAME.EXE	0x8001b3a4	0x9ba4	0x40	0x40	1	function	ghidra-analysis			Ghidra-12.0.4/ghidra_psx_ldr-2026.07.08	machine-assisted WIP boundary
GAME.EXE	0x8001b3e4	0x9be4	0x30	0x30	1	function	ghidra-analysis			Ghidra-12.0.4/ghidra_psx_ldr-2026.07.08	machine-assisted WIP boundary
GAME.EXE	0x8001b414	0x9c14	0x88	0x88	1	function	ghidra-analysis			Ghidra-12.0.4/ghidra_psx_ldr-2026.07.08	machine-assisted WIP boundary
GAME.EXE	0x8001b49c	0x9c9c	0xbc	0xbc	1	function	ghidra-analysis			Ghidra-12.0.4/ghidra_psx_ldr-2026.07.08	machine-assisted WIP boundary
GAME.EXE	0x8001b558	0x9d58	0x258	0x258	1	function	ghidra-analysis			Ghidra-12.0.4/ghidra_psx_ldr-2026.07.08	machine-assisted WIP boundary
GAME.EXE	0x8001b7b0	0x9fb0	0x308	0x308	1	function	ghidra-analysis			Ghidra-12.0.4/ghidra_psx_ldr-2026.07.08	machine-assisted WIP boundary
GAME.EXE	0x8001bab8	0xa2b8	0x2c	0x2c	1	function	ghidra-analysis			Ghidra-12.0.4/ghidra_psx_ldr-2026.07.08	machine-assisted WIP boundary
GAME.EXE	0x8001bae4	0xa2e4	0xb0	0xb0	1	function	ghidra-analysis			Ghidra-12.0.4/ghidra_psx_ldr-2026.07.08	machine-assisted WIP boundary
GAME.EXE	0x8001bb94	0xa394	0x14c	0x14c	1	function	ghidra-analysis			Ghidra-12.0.4/ghidra_psx_ldr-2026.07.08	machine-assisted WIP boundary
GAME.EXE	0x8001bce0	0xa4e0	0x2d8	0x2d8	1	function	ghidra-analysis			Ghidra-12.0.4/ghidra_psx_ldr-2026.07.08	machine-assisted WIP boundary
GAME.EXE	0x8001bfb8	0xa7b8	0x98	0x98	1	function	ghidra-analysis			Ghidra-12.0.4/ghidra_psx_ldr-2026.07.08	machine-assisted WIP boundary
GAME.EXE	0x8001c050	0xa850	0x98	0x98	1	function	ghidra-analysis			Ghidra-12.0.4/ghidra_psx_ldr-2026.07.08	machine-assisted WIP boundary
GAME.EXE	0x8001c0e8	0xa8e8	0x2c	0x2c	1	function	ghidra-analysis			Ghidra-12.0.4/ghidra_psx_ldr-2026.07.08	machine-assisted WIP boundary
GAME.EXE	0x8001c114	0xa914	0x24	0x24	1	function	ghidra-analysis			Ghidra-12.0.4/ghidra_psx_ldr-2026.07.08	machine-assisted WIP boundary
GAME.EXE	0x8001c138	0xa938	0x10	0x10	1	function	ghidra-analysis			Ghidra-12.0.4/ghidra_psx_ldr-2026.07.08	machine-assisted WIP boundary
GAME.EXE	0x8001c148	0xa948	0x3c	0x3c	1	function	ghidra-analysis			Ghidra-12.0.4/ghidra_psx_ldr-2026.07.08	machine-assisted WIP boundary
GAME.EXE	0x8001c184	0xa984	0x12c	0x12c	1	function	ghidra-analysis			Ghidra-12.0.4/ghidra_psx_ldr-2026.07.08	machine-assisted WIP boundary
GAME.EXE	0x8001c2b0	0xaab0	0x300	0x300	1	function	ghidra-analysis			Ghidra-12.0.4/ghidra_psx_ldr-2026.07.08	machine-assisted WIP boundary
GAME.EXE	0x8001c5b0	0xadb0	0x3c	0x3c	1	function	ghidra-analysis			Ghidra-12.0.4/ghidra_psx_ldr-2026.07.08	machine-assisted WIP boundary
GAME.EXE	0x8001c5ec	0xadec	0x20	0x20	1	function	ghidra-analysis			Ghidra-12.0.4/ghidra_psx_ldr-2026.07.08	machine-assisted WIP boundary
GAME.EXE	0x8001c60c	0xae0c	0x9c	0x9c	1	function	ghidra-analysis			Ghidra-12.0.4/ghidra_psx_ldr-2026.07.08	machine-assisted WIP boundary
GAME.EXE	0x8001c6a8	0xaea8	0xac	0xac	1	function	ghidra-analysis			Ghidra-12.0.4/ghidra_psx_ldr-2026.07.08	machine-assisted WIP boundary
GAME.EXE	0x8001c754	0xaf54	0xa4	0xa4	1	function	ghidra-analysis			Ghidra-12.0.4/ghidra_psx_ldr-2026.07.08	machine-assisted WIP boundary
GAME.EXE	0x8001c7f8	0xaff8	0xf38	0xf38	1	function	ghidra-analysis			Ghidra-12.0.4/ghidra_psx_ldr-2026.07.08	machine-assisted WIP boundary
GAME.EXE	0x8001d730	0xbf30	0x6e8	0x6e8	1	function	ghidra-analysis			Ghidra-12.0.4/ghidra_psx_ldr-2026.07.08	machine-assisted WIP boundary
GAME.EXE	0x8001de18	0xc618	0x418	0x418	1	function	ghidra-analysis			Ghidra-12.0.4/ghidra_psx_ldr-2026.07.08	machine-assisted WIP boundary
GAME.EXE	0x8001e230	0xca30	0x250	0x250	1	function	ghidra-analysis			Ghidra-12.0.4/ghidra_psx_ldr-2026.07.08	machine-assisted WIP boundary
GAME.EXE	0x8001e480	0xcc80	0x16c	0x16c	1	function	ghidra-analysis			Ghidra-12.0.4/ghidra_psx_ldr-2026.07.08	machine-assisted WIP boundary
GAME.EXE	0x8001e5ec	0xcdec	0x250	0x250	1	function	ghidra-analysis			Ghidra-12.0.4/ghidra_psx_ldr-2026.07.08	machine-assisted WIP boundary
GAME.EXE	0x8001e83c	0xd03c	0x168	0x168	1	function	ghidra-analysis			Ghidra-12.0.4/ghidra_psx_ldr-2026.07.08	machine-assisted WIP boundary
GAME.EXE	0x8001e9a4	0xd1a4	0x214	0x214	1	function	ghidra-analysis			Ghidra-12.0.4/ghidra_psx_ldr-2026.07.08	machine-assisted WIP boundary
GAME.EXE	0x8001ebb8	0xd3b8	0x180	0x180	1	function	ghidra-analysis			Ghidra-12.0.4/ghidra_psx_ldr-2026.07.08	machine-assisted WIP boundary
GAME.EXE	0x8001ed38	0xd538	0x58	0x58	1	function	ghidra-analysis			Ghidra-12.0.4/ghidra_psx_ldr-2026.07.08	machine-assisted WIP boundary
GAME.EXE	0x8001ed90	0xd590	0x14c	0x14c	1	function	ghidra-analysis			Ghidra-12.0.4/ghidra_psx_ldr-2026.07.08	machine-assisted WIP boundary
GAME.EXE	0x8001eedc	0xd6dc	0x1e8	0x1e8	1	function	ghidra-analysis			Ghidra-12.0.4/ghidra_psx_ldr-2026.07.08	machine-assisted WIP boundary
GAME.EXE	0x8001f0c4	0xd8c4	0x154	0x154	1	function	ghidra-analysis			Ghidra-12.0.4/ghidra_psx_ldr-2026.07.08	machine-assisted WIP boundary
GAME.EXE	0x8001f218	0xda18	0x580	0x580	1	function	ghidra-analysis			Ghidra-12.0.4/ghidra_psx_ldr-2026.07.08	machine-assisted WIP boundary
GAME.EXE	0x8001f798	0xdf98	0x118	0x118	1	function	ghidra-analysis			Ghidra-12.0.4/ghidra_psx_ldr-2026.07.08	machine-assisted WIP boundary
GAME.EXE	0x8001f8b0	0xe0b0	0x124	0x124	1	function	ghidra-analysis			Ghidra-12.0.4/ghidra_psx_ldr-2026.07.08	machine-assisted WIP boundary
GAME.EXE	0x8001f9d4	0xe1d4	0x70	0x70	1	function	ghidra-analysis			Ghidra-12.0.4/ghidra_psx_ldr-2026.07.08	machine-assisted WIP boundary
GAME.EXE	0x8001fa44	0xe244	0xa0	0xa0	1	function	ghidra-analysis			Ghidra-12.0.4/ghidra_psx_ldr-2026.07.08	machine-assisted WIP boundary
GAME.EXE	0x8001fae4	0xe2e4	0x18	0x18	1	function	ghidra-analysis			Ghidra-12.0.4/ghidra_psx_ldr-2026.07.08	machine-assisted WIP boundary
GAME.EXE	0x8001fafc	0xe2fc	0x2cc	0x2cc	1	function	ghidra-analysis			Ghidra-12.0.4/ghidra_psx_ldr-2026.07.08	machine-assisted WIP boundary
GAME.EXE	0x8001fdc8	0xe5c8	0x1c	0x1c	1	function	ghidra-analysis			Ghidra-12.0.4/ghidra_psx_ldr-2026.07.08	machine-assisted WIP boundary
GAME.EXE	0x8001fde4	0xe5e4	0x518	0x518	1	function	ghidra-analysis			Ghidra-12.0.4/ghidra_psx_ldr-2026.07.08	machine-assisted WIP boundary
GAME.EXE	0x800202fc	0xeafc	0x68	0x68	1	function	ghidra-analysis			Ghidra-12.0.4/ghidra_psx_ldr-2026.07.08	machine-assisted WIP boundary
GAME.EXE	0x80020364	0xeb64	0x2c	0x2c	1	function	ghidra-analysis			Ghidra-12.0.4/ghidra_psx_ldr-2026.07.08	machine-assisted WIP boundary
GAME.EXE	0x80020390	0xeb90	0x2c	0x2c	1	function	mips-frame-carve			scripts/kf/audit_functions.py	anonymous WIP start; stack-frame+ra-save+matching-stack-return
GAME.EXE	0x800203bc	0xebbc	0x44	0x44	1	function	ghidra-analysis			Ghidra-12.0.4/ghidra_psx_ldr-2026.07.08	machine-assisted WIP boundary
GAME.EXE	0x80020400	0xec00	0x28	0x28	1	function	ghidra-analysis			Ghidra-12.0.4/ghidra_psx_ldr-2026.07.08	machine-assisted WIP boundary
GAME.EXE	0x80020428	0xec28	0x98	0x98	1	function	mips-return-carve			scripts/kf/audit_functions.py	anonymous WIP start; previous-return+return-delimited-valid-code
GAME.EXE	0x800204c0	0xecc0	0x9c	0x9c	1	function	ghidra-analysis			Ghidra-12.0.4/ghidra_psx_ldr-2026.07.08	machine-assisted WIP boundary
GAME.EXE	0x8002055c	0xed5c	0x40	0x40	1	function	ghidra-analysis			Ghidra-12.0.4/ghidra_psx_ldr-2026.07.08	machine-assisted WIP boundary
GAME.EXE	0x8002059c	0xed9c	0x38	0x38	1	function	ghidra-analysis			Ghidra-12.0.4/ghidra_psx_ldr-2026.07.08	machine-assisted WIP boundary
GAME.EXE	0x800205d4	0xedd4	0x3a4	0x3a4	1	function	ghidra-analysis			Ghidra-12.0.4/ghidra_psx_ldr-2026.07.08	machine-assisted WIP boundary
GAME.EXE	0x80020978	0xf178	0x30	0x30	1	function	ghidra-analysis			Ghidra-12.0.4/ghidra_psx_ldr-2026.07.08	machine-assisted WIP boundary
GAME.EXE	0x800209a8	0xf1a8	0x3c	0x3c	1	function	ghidra-analysis			Ghidra-12.0.4/ghidra_psx_ldr-2026.07.08	machine-assisted WIP boundary
GAME.EXE	0x800209e4	0xf1e4	0x48	0x48	1	function	ghidra-analysis			Ghidra-12.0.4/ghidra_psx_ldr-2026.07.08	machine-assisted WIP boundary
GAME.EXE	0x80020a2c	0xf22c	0x6c	0x6c	1	function	ghidra-analysis			Ghidra-12.0.4/ghidra_psx_ldr-2026.07.08	machine-assisted WIP boundary
GAME.EXE	0x80020a98	0xf298	0x6c	0x6c	1	function	ghidra-analysis			Ghidra-12.0.4/ghidra_psx_ldr-2026.07.08	machine-assisted WIP boundary
GAME.EXE	0x80020b04	0xf304	0x48	0x48	1	function	ghidra-analysis			Ghidra-12.0.4/ghidra_psx_ldr-2026.07.08	machine-assisted WIP boundary
GAME.EXE	0x80020b4c	0xf34c	0x1b0	0x1b0	1	function	ghidra-analysis			Ghidra-12.0.4/ghidra_psx_ldr-2026.07.08	machine-assisted WIP boundary
GAME.EXE	0x80020cfc	0xf4fc	0x5dc	0x5dc	1	function	ghidra-analysis			Ghidra-12.0.4/ghidra_psx_ldr-2026.07.08	machine-assisted WIP boundary
GAME.EXE	0x800212d8	0xfad8	0x260	0x260	1	function	ghidra-analysis			Ghidra-12.0.4/ghidra_psx_ldr-2026.07.08	machine-assisted WIP boundary
GAME.EXE	0x80021538	0xfd38	0x5c4	0x5c4	1	function	ghidra-analysis			Ghidra-12.0.4/ghidra_psx_ldr-2026.07.08	machine-assisted WIP boundary
GAME.EXE	0x80021afc	0x102fc	0x500	0x500	1	function	ghidra-analysis			Ghidra-12.0.4/ghidra_psx_ldr-2026.07.08	machine-assisted WIP boundary
GAME.EXE	0x80021ffc	0x107fc	0x2b8	0x2b8	1	function	ghidra-analysis			Ghidra-12.0.4/ghidra_psx_ldr-2026.07.08	machine-assisted WIP boundary
GAME.EXE	0x800222b4	0x10ab4	0x94	0x94	1	function	ghidra-analysis			Ghidra-12.0.4/ghidra_psx_ldr-2026.07.08	machine-assisted WIP boundary
GAME.EXE	0x80022348	0x10b48	0x2c0	0x2c0	1	function	ghidra-analysis			Ghidra-12.0.4/ghidra_psx_ldr-2026.07.08	machine-assisted WIP boundary
GAME.EXE	0x80022608	0x10e08	0x774	0x774	1	function	ghidra-analysis			Ghidra-12.0.4/ghidra_psx_ldr-2026.07.08	machine-assisted WIP boundary
GAME.EXE	0x80022d7c	0x1157c	0x400	0x400	1	function	ghidra-analysis			Ghidra-12.0.4/ghidra_psx_ldr-2026.07.08	machine-assisted WIP boundary
GAME.EXE	0x8002317c	0x1197c	0x530	0x530	1	function	ghidra-analysis			Ghidra-12.0.4/ghidra_psx_ldr-2026.07.08	machine-assisted WIP boundary
GAME.EXE	0x800236ac	0x11eac	0x22c	0x22c	1	function	ghidra-analysis			Ghidra-12.0.4/ghidra_psx_ldr-2026.07.08	machine-assisted WIP boundary
GAME.EXE	0x800238d8	0x120d8	0x5c4	0x5c4	1	function	ghidra-analysis			Ghidra-12.0.4/ghidra_psx_ldr-2026.07.08	machine-assisted WIP boundary
GAME.EXE	0x80023e9c	0x1269c	0x470	0x470	1	function	ghidra-analysis			Ghidra-12.0.4/ghidra_psx_ldr-2026.07.08	machine-assisted WIP boundary
GAME.EXE	0x8002430c	0x12b0c	0x69c	0x69c	1	function	ghidra-analysis			Ghidra-12.0.4/ghidra_psx_ldr-2026.07.08	machine-assisted WIP boundary
GAME.EXE	0x800249a8	0x131a8	0x4bc	0x4bc	1	function	ghidra-analysis			Ghidra-12.0.4/ghidra_psx_ldr-2026.07.08	machine-assisted WIP boundary
GAME.EXE	0x80024e64	0x13664	0x260	0x260	1	function	ghidra-analysis			Ghidra-12.0.4/ghidra_psx_ldr-2026.07.08	machine-assisted WIP boundary
GAME.EXE	0x800250c4	0x138c4	0x468	0x468	1	function	ghidra-analysis			Ghidra-12.0.4/ghidra_psx_ldr-2026.07.08	machine-assisted WIP boundary
GAME.EXE	0x8002552c	0x13d2c	0x370	0x370	1	function	ghidra-analysis			Ghidra-12.0.4/ghidra_psx_ldr-2026.07.08	machine-assisted WIP boundary
GAME.EXE	0x8002589c	0x1409c	0x504	0x504	1	function	ghidra-analysis			Ghidra-12.0.4/ghidra_psx_ldr-2026.07.08	machine-assisted WIP boundary
GAME.EXE	0x80025da0	0x145a0	0x198	0x198	1	function	ghidra-analysis			Ghidra-12.0.4/ghidra_psx_ldr-2026.07.08	machine-assisted WIP boundary
GAME.EXE	0x80025f38	0x14738	0x5a0	0x5a0	1	function	ghidra-analysis			Ghidra-12.0.4/ghidra_psx_ldr-2026.07.08	machine-assisted WIP boundary
GAME.EXE	0x800264d8	0x14cd8	0xcb4	0xcb4	1	function	ghidra-analysis			Ghidra-12.0.4/ghidra_psx_ldr-2026.07.08	machine-assisted WIP boundary
GAME.EXE	0x8002718c	0x1598c	0x838	0x838	1	function	ghidra-analysis			Ghidra-12.0.4/ghidra_psx_ldr-2026.07.08	machine-assisted WIP boundary
GAME.EXE	0x800279c4	0x161c4	0x1b8	0x1b8	1	function	ghidra-analysis			Ghidra-12.0.4/ghidra_psx_ldr-2026.07.08	machine-assisted WIP boundary
GAME.EXE	0x80027b7c	0x1637c	0x2dc	0x2dc	1	function	ghidra-analysis			Ghidra-12.0.4/ghidra_psx_ldr-2026.07.08	machine-assisted WIP boundary
GAME.EXE	0x80027e58	0x16658	0x48	0x48	1	function	ghidra-analysis			Ghidra-12.0.4/ghidra_psx_ldr-2026.07.08	machine-assisted WIP boundary
GAME.EXE	0x80027ea0	0x166a0	0x44	0x44	1	function	ghidra-analysis			Ghidra-12.0.4/ghidra_psx_ldr-2026.07.08	machine-assisted WIP boundary
GAME.EXE	0x80027ee4	0x166e4	0x49c	0x49c	1	function	ghidra-analysis			Ghidra-12.0.4/ghidra_psx_ldr-2026.07.08	machine-assisted WIP boundary
GAME.EXE	0x80028380	0x16b80	0x354	0x354	1	function	ghidra-analysis			Ghidra-12.0.4/ghidra_psx_ldr-2026.07.08	machine-assisted WIP boundary
GAME.EXE	0x800286d4	0x16ed4	0x240	0x240	1	function	ghidra-analysis			Ghidra-12.0.4/ghidra_psx_ldr-2026.07.08	machine-assisted WIP boundary
GAME.EXE	0x80028914	0x17114	0x15c	0x15c	1	function	ghidra-analysis			Ghidra-12.0.4/ghidra_psx_ldr-2026.07.08	machine-assisted WIP boundary
GAME.EXE	0x80028a70	0x17270	0x77c	0x77c	1	function	ghidra-analysis			Ghidra-12.0.4/ghidra_psx_ldr-2026.07.08	machine-assisted WIP boundary
GAME.EXE	0x800291ec	0x179ec	0x10c	0x10c	1	function	ghidra-analysis			Ghidra-12.0.4/ghidra_psx_ldr-2026.07.08	machine-assisted WIP boundary
GAME.EXE	0x800292f8	0x17af8	0x7b8	0x7b8	1	function	ghidra-analysis			Ghidra-12.0.4/ghidra_psx_ldr-2026.07.08	machine-assisted WIP boundary
GAME.EXE	0x80029ab0	0x182b0	0x1a0	0x1a0	1	function	ghidra-analysis			Ghidra-12.0.4/ghidra_psx_ldr-2026.07.08	machine-assisted WIP boundary
GAME.EXE	0x80029c50	0x18450	0x190	0x190	1	function	ghidra-analysis			Ghidra-12.0.4/ghidra_psx_ldr-2026.07.08	machine-assisted WIP boundary
GAME.EXE	0x80029de0	0x185e0	0x530	0x530	1	function	ghidra-analysis			Ghidra-12.0.4/ghidra_psx_ldr-2026.07.08	machine-assisted WIP boundary
GAME.EXE	0x8002a310	0x18b10	0x200	0x200	1	function	ghidra-analysis			Ghidra-12.0.4/ghidra_psx_ldr-2026.07.08	machine-assisted WIP boundary
GAME.EXE	0x8002a510	0x18d10	0x6a4	0x6a4	1	function	ghidra-analysis			Ghidra-12.0.4/ghidra_psx_ldr-2026.07.08	machine-assisted WIP boundary
GAME.EXE	0x8002abb4	0x193b4	0x80	0x80	1	function	ghidra-analysis			Ghidra-12.0.4/ghidra_psx_ldr-2026.07.08	machine-assisted WIP boundary
GAME.EXE	0x8002ac34	0x19434	0x98	0x98	1	function	ghidra-analysis			Ghidra-12.0.4/ghidra_psx_ldr-2026.07.08	machine-assisted WIP boundary
GAME.EXE	0x8002accc	0x194cc	0x50	0x50	1	function	ghidra-analysis			Ghidra-12.0.4/ghidra_psx_ldr-2026.07.08	machine-assisted WIP boundary
GAME.EXE	0x8002ad1c	0x1951c	0x50	0x50	1	function	ghidra-analysis			Ghidra-12.0.4/ghidra_psx_ldr-2026.07.08	machine-assisted WIP boundary
GAME.EXE	0x8002ad6c	0x1956c	0x8c	0x8c	1	function	ghidra-analysis			Ghidra-12.0.4/ghidra_psx_ldr-2026.07.08	machine-assisted WIP boundary
GAME.EXE	0x8002adf8	0x195f8	0xac	0xac	1	function	ghidra-analysis			Ghidra-12.0.4/ghidra_psx_ldr-2026.07.08	machine-assisted WIP boundary
GAME.EXE	0x8002aea4	0x196a4	0x68	0x68	1	function	ghidra-analysis			Ghidra-12.0.4/ghidra_psx_ldr-2026.07.08	machine-assisted WIP boundary
GAME.EXE	0x8002af0c	0x1970c	0x3c	0x3c	1	function	ghidra-analysis			Ghidra-12.0.4/ghidra_psx_ldr-2026.07.08	machine-assisted WIP boundary
GAME.EXE	0x8002af48	0x19748	0x130	0x130	1	function	ghidra-analysis			Ghidra-12.0.4/ghidra_psx_ldr-2026.07.08	machine-assisted WIP boundary
GAME.EXE	0x8002b078	0x19878	0xd8	0xd8	1	function	ghidra-analysis			Ghidra-12.0.4/ghidra_psx_ldr-2026.07.08	machine-assisted WIP boundary
GAME.EXE	0x8002b150	0x19950	0x84	0x84	1	function	ghidra-analysis			Ghidra-12.0.4/ghidra_psx_ldr-2026.07.08	machine-assisted WIP boundary
GAME.EXE	0x8002b1d4	0x199d4	0x100	0x100	1	function	ghidra-analysis			Ghidra-12.0.4/ghidra_psx_ldr-2026.07.08	machine-assisted WIP boundary
GAME.EXE	0x8002b2d4	0x19ad4	0x60	0x60	1	function	ghidra-analysis			Ghidra-12.0.4/ghidra_psx_ldr-2026.07.08	machine-assisted WIP boundary
GAME.EXE	0x8002b334	0x19b34	0x38	0x38	1	function	ghidra-analysis			Ghidra-12.0.4/ghidra_psx_ldr-2026.07.08	machine-assisted WIP boundary
GAME.EXE	0x8002b36c	0x19b6c	0x58	0x58	1	function	ghidra-analysis			Ghidra-12.0.4/ghidra_psx_ldr-2026.07.08	machine-assisted WIP boundary
GAME.EXE	0x8002b3c4	0x19bc4	0xbc	0xbc	1	function	ghidra-analysis			Ghidra-12.0.4/ghidra_psx_ldr-2026.07.08	machine-assisted WIP boundary
GAME.EXE	0x8002b480	0x19c80	0x58	0x58	1	function	ghidra-analysis			Ghidra-12.0.4/ghidra_psx_ldr-2026.07.08	machine-assisted WIP boundary
GAME.EXE	0x8002b4d8	0x19cd8	0xf8	0xf8	1	function	ghidra-analysis			Ghidra-12.0.4/ghidra_psx_ldr-2026.07.08	machine-assisted WIP boundary
GAME.EXE	0x8002b5d0	0x19dd0	0x78	0x78	1	function	ghidra-analysis			Ghidra-12.0.4/ghidra_psx_ldr-2026.07.08	machine-assisted WIP boundary
GAME.EXE	0x8002b648	0x19e48	0xf4	0xf4	1	function	ghidra-analysis			Ghidra-12.0.4/ghidra_psx_ldr-2026.07.08	machine-assisted WIP boundary
GAME.EXE	0x8002b73c	0x19f3c	0x4f4	0x4f4	1	function	ghidra-analysis			Ghidra-12.0.4/ghidra_psx_ldr-2026.07.08	machine-assisted WIP boundary
GAME.EXE	0x8002bc30	0x1a430	0xd8	0xd8	1	function	ghidra-analysis			Ghidra-12.0.4/ghidra_psx_ldr-2026.07.08	machine-assisted WIP boundary
GAME.EXE	0x8002bd08	0x1a508	0xdc	0xdc	1	function	ghidra-analysis			Ghidra-12.0.4/ghidra_psx_ldr-2026.07.08	machine-assisted WIP boundary
GAME.EXE	0x8002bde4	0x1a5e4	0xcc	0xcc	1	function	ghidra-analysis			Ghidra-12.0.4/ghidra_psx_ldr-2026.07.08	machine-assisted WIP boundary
GAME.EXE	0x8002beb0	0x1a6b0	0x3cc	0x3cc	1	function	ghidra-analysis			Ghidra-12.0.4/ghidra_psx_ldr-2026.07.08	machine-assisted WIP boundary
GAME.EXE	0x8002c27c	0x1aa7c	0x68	0x68	1	function	mips-frame-carve			scripts/kf/audit_functions.py	anonymous WIP start; stack-frame+ra-save+matching-stack-return
GAME.EXE	0x8002c2e4	0x1aae4	0x20	0x20	1	function	mips-frame-carve			scripts/kf/audit_functions.py	anonymous WIP start; stack-frame+ra-save+matching-stack-return
GAME.EXE	0x8002c304	0x1ab04	0x20c	0x20c	1	function	ghidra-analysis			Ghidra-12.0.4/ghidra_psx_ldr-2026.07.08	machine-assisted WIP boundary
GAME.EXE	0x8002c510	0x1ad10	0xd0	0xd0	1	function	ghidra-analysis			Ghidra-12.0.4/ghidra_psx_ldr-2026.07.08	machine-assisted WIP boundary
GAME.EXE	0x8002c5e0	0x1ade0	0x12c	0x12c	1	function	ghidra-analysis			Ghidra-12.0.4/ghidra_psx_ldr-2026.07.08	machine-assisted WIP boundary
GAME.EXE	0x8002c70c	0x1af0c	0x88	0x88	1	function	ghidra-analysis			Ghidra-12.0.4/ghidra_psx_ldr-2026.07.08	machine-assisted WIP boundary
GAME.EXE	0x8002c794	0x1af94	0x240	0x240	1	function	ghidra-analysis			Ghidra-12.0.4/ghidra_psx_ldr-2026.07.08	machine-assisted WIP boundary
GAME.EXE	0x8002c9d4	0x1b1d4	0xa4	0xa4	1	function	ghidra-analysis			Ghidra-12.0.4/ghidra_psx_ldr-2026.07.08	machine-assisted WIP boundary
GAME.EXE	0x8002ca78	0x1b278	0x3c	0x3c	1	function	mips-return-carve			scripts/kf/audit_functions.py	anonymous WIP start; previous-return+return-delimited-valid-code+relocation-candidate
GAME.EXE	0x8002cab4	0x1b2b4	0x20	0x20	1	function	mips-frame-carve			scripts/kf/audit_functions.py	anonymous WIP start; stack-frame+ra-save+matching-stack-return
GAME.EXE	0x8002cad4	0x1b2d4	0x70	0x70	1	function	ghidra-analysis			Ghidra-12.0.4/ghidra_psx_ldr-2026.07.08	machine-assisted WIP boundary
GAME.EXE	0x8002cb44	0x1b344	0x74	0x74	1	function	mips-return-carve			scripts/kf/audit_functions.py	anonymous WIP start; previous-return+return-delimited-valid-code
GAME.EXE	0x8002cbb8	0x1b3b8	0x9c	0x9c	1	function	ghidra-analysis			Ghidra-12.0.4/ghidra_psx_ldr-2026.07.08	machine-assisted WIP boundary
GAME.EXE	0x8002cc54	0x1b454	0x10	0x10	1	function	ghidra-analysis			Ghidra-12.0.4/ghidra_psx_ldr-2026.07.08	machine-assisted WIP boundary
GAME.EXE	0x8002cc64	0x1b464	0xc4	0xc4	1	function	ghidra-analysis			Ghidra-12.0.4/ghidra_psx_ldr-2026.07.08	machine-assisted WIP boundary
GAME.EXE	0x8002cd28	0x1b528	0xa4	0xa4	1	function	ghidra-analysis			Ghidra-12.0.4/ghidra_psx_ldr-2026.07.08	machine-assisted WIP boundary
GAME.EXE	0x8002cdcc	0x1b5cc	0xbc	0xbc	1	function	ghidra-analysis			Ghidra-12.0.4/ghidra_psx_ldr-2026.07.08	machine-assisted WIP boundary
GAME.EXE	0x8002ce88	0x1b688	0x40	0x40	1	function	ghidra-analysis			Ghidra-12.0.4/ghidra_psx_ldr-2026.07.08	machine-assisted WIP boundary
GAME.EXE	0x8002cec8	0x1b6c8	0xc	0xc	1	function	ghidra-analysis			Ghidra-12.0.4/ghidra_psx_ldr-2026.07.08	machine-assisted WIP boundary
GAME.EXE	0x8002ced4	0x1b6d4	0xb0	0xb0	1	function	ghidra-analysis			Ghidra-12.0.4/ghidra_psx_ldr-2026.07.08	machine-assisted WIP boundary
GAME.EXE	0x8002cf84	0x1b784	0xf4	0xf4	1	function	ghidra-analysis			Ghidra-12.0.4/ghidra_psx_ldr-2026.07.08	machine-assisted WIP boundary
GAME.EXE	0x8002d078	0x1b878	0xa8	0xa8	1	function	ghidra-analysis			Ghidra-12.0.4/ghidra_psx_ldr-2026.07.08	machine-assisted WIP boundary
GAME.EXE	0x8002d120	0x1b920	0x388	0x388	1	function	ghidra-analysis			Ghidra-12.0.4/ghidra_psx_ldr-2026.07.08	machine-assisted WIP boundary
GAME.EXE	0x8002d4a8	0x1bca8	0x1f8	0x1f8	1	function	ghidra-analysis			Ghidra-12.0.4/ghidra_psx_ldr-2026.07.08	machine-assisted WIP boundary
GAME.EXE	0x8002d6a0	0x1bea0	0x158	0x158	1	function	ghidra-analysis			Ghidra-12.0.4/ghidra_psx_ldr-2026.07.08	machine-assisted WIP boundary
GAME.EXE	0x8002d7f8	0x1bff8	0x184	0x184	1	function	ghidra-analysis			Ghidra-12.0.4/ghidra_psx_ldr-2026.07.08	machine-assisted WIP boundary
GAME.EXE	0x8002d97c	0x1c17c	0xf0	0xf0	1	function	ghidra-analysis			Ghidra-12.0.4/ghidra_psx_ldr-2026.07.08	machine-assisted WIP boundary
GAME.EXE	0x8002da6c	0x1c26c	0x144	0x144	1	function	ghidra-analysis			Ghidra-12.0.4/ghidra_psx_ldr-2026.07.08	machine-assisted WIP boundary
GAME.EXE	0x8002dbb0	0x1c3b0	0x8c	0x8c	1	function	ghidra-analysis			Ghidra-12.0.4/ghidra_psx_ldr-2026.07.08	machine-assisted WIP boundary
GAME.EXE	0x8002dc3c	0x1c43c	0x34	0x34	1	function	ghidra-analysis			Ghidra-12.0.4/ghidra_psx_ldr-2026.07.08	machine-assisted WIP boundary
GAME.EXE	0x8002dc70	0x1c470	0x5c	0x5c	1	function	ghidra-analysis			Ghidra-12.0.4/ghidra_psx_ldr-2026.07.08	machine-assisted WIP boundary
GAME.EXE	0x8002dccc	0x1c4cc	0x30	0x30	1	function	ghidra-analysis			Ghidra-12.0.4/ghidra_psx_ldr-2026.07.08	machine-assisted WIP boundary
GAME.EXE	0x8002dcfc	0x1c4fc	0x98	0x98	1	function	ghidra-analysis			Ghidra-12.0.4/ghidra_psx_ldr-2026.07.08	machine-assisted WIP boundary
GAME.EXE	0x8002dd94	0x1c594	0x120	0x120	1	function	ghidra-analysis			Ghidra-12.0.4/ghidra_psx_ldr-2026.07.08	machine-assisted WIP boundary
GAME.EXE	0x8002deb4	0x1c6b4	0x164	0x164	1	function	ghidra-analysis			Ghidra-12.0.4/ghidra_psx_ldr-2026.07.08	machine-assisted WIP boundary
GAME.EXE	0x8002e018	0x1c818	0xd8	0xd8	1	function	ghidra-analysis			Ghidra-12.0.4/ghidra_psx_ldr-2026.07.08	machine-assisted WIP boundary
GAME.EXE	0x8002e0f0	0x1c8f0	0x1f8	0x1f8	1	function	ghidra-analysis			Ghidra-12.0.4/ghidra_psx_ldr-2026.07.08	machine-assisted WIP boundary
GAME.EXE	0x8002e2e8	0x1cae8	0x3c0	0x3c0	1	function	ghidra-analysis			Ghidra-12.0.4/ghidra_psx_ldr-2026.07.08	machine-assisted WIP boundary
GAME.EXE	0x8002e6a8	0x1cea8	0x2ac	0x2ac	1	function	ghidra-analysis			Ghidra-12.0.4/ghidra_psx_ldr-2026.07.08	machine-assisted WIP boundary
GAME.EXE	0x8002e954	0x1d154	0x3ac	0x3ac	1	function	ghidra-analysis			Ghidra-12.0.4/ghidra_psx_ldr-2026.07.08	machine-assisted WIP boundary
GAME.EXE	0x8002ed00	0x1d500	0xd4	0xd4	1	function	ghidra-analysis			Ghidra-12.0.4/ghidra_psx_ldr-2026.07.08	machine-assisted WIP boundary
GAME.EXE	0x8002edd4	0x1d5d4	0x454	0x454	1	function	ghidra-analysis			Ghidra-12.0.4/ghidra_psx_ldr-2026.07.08	machine-assisted WIP boundary
GAME.EXE	0x8002f228	0x1da28	0xf4	0xf4	1	function	ghidra-analysis			Ghidra-12.0.4/ghidra_psx_ldr-2026.07.08	machine-assisted WIP boundary
GAME.EXE	0x8002f31c	0x1db1c	0x14c	0x14c	1	function	ghidra-analysis			Ghidra-12.0.4/ghidra_psx_ldr-2026.07.08	machine-assisted WIP boundary
GAME.EXE	0x8002f468	0x1dc68	0xf0	0xf0	1	function	ghidra-analysis			Ghidra-12.0.4/ghidra_psx_ldr-2026.07.08	machine-assisted WIP boundary
GAME.EXE	0x8002f558	0x1dd58	0x374	0x374	1	function	ghidra-analysis			Ghidra-12.0.4/ghidra_psx_ldr-2026.07.08	machine-assisted WIP boundary
GAME.EXE	0x8002f8cc	0x1e0cc	0x1bc	0x1bc	1	function	ghidra-analysis			Ghidra-12.0.4/ghidra_psx_ldr-2026.07.08	machine-assisted WIP boundary
GAME.EXE	0x8002fa88	0x1e288	0xd90	0xd90	1	function	ghidra-analysis			Ghidra-12.0.4/ghidra_psx_ldr-2026.07.08	machine-assisted WIP boundary
GAME.EXE	0x80030818	0x1f018	0xa8	0xa8	1	function	ghidra-analysis			Ghidra-12.0.4/ghidra_psx_ldr-2026.07.08	machine-assisted WIP boundary
GAME.EXE	0x800308c0	0x1f0c0	0x1ac	0x1ac	1	function	ghidra-analysis			Ghidra-12.0.4/ghidra_psx_ldr-2026.07.08	machine-assisted WIP boundary
GAME.EXE	0x80030a6c	0x1f26c	0x2c	0x2c	1	function	ghidra-analysis			Ghidra-12.0.4/ghidra_psx_ldr-2026.07.08	machine-assisted WIP boundary
GAME.EXE	0x80030a98	0x1f298	0x1e4	0x1e4	1	function	ghidra-analysis			Ghidra-12.0.4/ghidra_psx_ldr-2026.07.08	machine-assisted WIP boundary
GAME.EXE	0x80030c7c	0x1f47c	0x23c	0x23c	1	function	ghidra-analysis			Ghidra-12.0.4/ghidra_psx_ldr-2026.07.08	machine-assisted WIP boundary
GAME.EXE	0x80030eb8	0x1f6b8	0xc4	0xc4	1	function	ghidra-analysis			Ghidra-12.0.4/ghidra_psx_ldr-2026.07.08	machine-assisted WIP boundary
GAME.EXE	0x80030f7c	0x1f77c	0x60	0x60	1	function	ghidra-analysis			Ghidra-12.0.4/ghidra_psx_ldr-2026.07.08	machine-assisted WIP boundary
GAME.EXE	0x80030fdc	0x1f7dc	0x2c	0x2c	1	function	ghidra-analysis			Ghidra-12.0.4/ghidra_psx_ldr-2026.07.08	machine-assisted WIP boundary
GAME.EXE	0x80031008	0x1f808	0x448	0x448	1	function	ghidra-analysis			Ghidra-12.0.4/ghidra_psx_ldr-2026.07.08	machine-assisted WIP boundary
GAME.EXE	0x80031450	0x1fc50	0xa8	0xa8	1	function	ghidra-analysis			Ghidra-12.0.4/ghidra_psx_ldr-2026.07.08	machine-assisted WIP boundary
GAME.EXE	0x800314f8	0x1fcf8	0xcc	0xcc	1	function	ghidra-analysis			Ghidra-12.0.4/ghidra_psx_ldr-2026.07.08	machine-assisted WIP boundary
GAME.EXE	0x800315c4	0x1fdc4	0x1c0	0x1c0	1	function	ghidra-analysis			Ghidra-12.0.4/ghidra_psx_ldr-2026.07.08	machine-assisted WIP boundary
GAME.EXE	0x80031784	0x1ff84	0x20	0x20	1	function	ghidra-analysis			Ghidra-12.0.4/ghidra_psx_ldr-2026.07.08	machine-assisted WIP boundary
GAME.EXE	0x800317a4	0x1ffa4	0x90	0x90	1	function	ghidra-analysis			Ghidra-12.0.4/ghidra_psx_ldr-2026.07.08	machine-assisted WIP boundary
GAME.EXE	0x80031834	0x20034	0x194	0x194	1	function	ghidra-analysis			Ghidra-12.0.4/ghidra_psx_ldr-2026.07.08	machine-assisted WIP boundary
GAME.EXE	0x800319c8	0x201c8	0x18c	0x18c	1	function	ghidra-analysis			Ghidra-12.0.4/ghidra_psx_ldr-2026.07.08	machine-assisted WIP boundary
GAME.EXE	0x80031b54	0x20354	0xf0	0xf0	1	function	ghidra-analysis			Ghidra-12.0.4/ghidra_psx_ldr-2026.07.08	machine-assisted WIP boundary
GAME.EXE	0x80031c44	0x20444	0x84	0x84	1	function	ghidra-analysis			Ghidra-12.0.4/ghidra_psx_ldr-2026.07.08	machine-assisted WIP boundary
GAME.EXE	0x80031cc8	0x204c8	0xc18	0xc18	1	function	ghidra-analysis			Ghidra-12.0.4/ghidra_psx_ldr-2026.07.08	machine-assisted WIP boundary
GAME.EXE	0x800328e0	0x210e0	0xa4	0xa4	1	function	ghidra-analysis			Ghidra-12.0.4/ghidra_psx_ldr-2026.07.08	machine-assisted WIP boundary
GAME.EXE	0x80032984	0x21184	0xc8	0xc8	1	function	ghidra-analysis			Ghidra-12.0.4/ghidra_psx_ldr-2026.07.08	machine-assisted WIP boundary
GAME.EXE	0x80032a4c	0x2124c	0x110	0x110	1	function	ghidra-analysis			Ghidra-12.0.4/ghidra_psx_ldr-2026.07.08	machine-assisted WIP boundary
GAME.EXE	0x80032b5c	0x2135c	0x80	0x80	1	function	ghidra-analysis			Ghidra-12.0.4/ghidra_psx_ldr-2026.07.08	machine-assisted WIP boundary
GAME.EXE	0x80032bdc	0x213dc	0x9c	0x9c	1	function	ghidra-analysis			Ghidra-12.0.4/ghidra_psx_ldr-2026.07.08	machine-assisted WIP boundary
GAME.EXE	0x80032c78	0x21478	0x38	0x38	1	function	ghidra-analysis			Ghidra-12.0.4/ghidra_psx_ldr-2026.07.08	machine-assisted WIP boundary
GAME.EXE	0x80032cb0	0x214b0	0x40	0x40	1	function	ghidra-analysis			Ghidra-12.0.4/ghidra_psx_ldr-2026.07.08	machine-assisted WIP boundary
GAME.EXE	0x80032cf0	0x214f0	0x2c8	0x2c8	1	function	ghidra-analysis			Ghidra-12.0.4/ghidra_psx_ldr-2026.07.08	machine-assisted WIP boundary
GAME.EXE	0x80032fb8	0x217b8	0x30	0x30	1	function	ghidra-analysis			Ghidra-12.0.4/ghidra_psx_ldr-2026.07.08	machine-assisted WIP boundary
GAME.EXE	0x80032fe8	0x217e8	0x2c	0x2c	1	function	ghidra-analysis			Ghidra-12.0.4/ghidra_psx_ldr-2026.07.08	machine-assisted WIP boundary
GAME.EXE	0x80033014	0x21814	0x28	0x28	1	function	mips-frame-carve			scripts/kf/audit_functions.py	anonymous WIP start; stack-frame+ra-save+matching-stack-return
GAME.EXE	0x8003303c	0x2183c	0x70	0x70	1	function	ghidra-analysis			Ghidra-12.0.4/ghidra_psx_ldr-2026.07.08	machine-assisted WIP boundary
GAME.EXE	0x800330ac	0x218ac	0x48	0x48	1	function	ghidra-analysis			Ghidra-12.0.4/ghidra_psx_ldr-2026.07.08	machine-assisted WIP boundary
GAME.EXE	0x800330f4	0x218f4	0x1a8	0x1a8	1	function	ghidra-analysis			Ghidra-12.0.4/ghidra_psx_ldr-2026.07.08	machine-assisted WIP boundary
GAME.EXE	0x8003329c	0x21a9c	0x48	0x48	1	function	ghidra-analysis			Ghidra-12.0.4/ghidra_psx_ldr-2026.07.08	machine-assisted WIP boundary
GAME.EXE	0x800332e4	0x21ae4	0x2dc	0x2dc	1	function	ghidra-analysis			Ghidra-12.0.4/ghidra_psx_ldr-2026.07.08	machine-assisted WIP boundary
GAME.EXE	0x800335c0	0x21dc0	0xc0	0xc0	1	function	ghidra-analysis			Ghidra-12.0.4/ghidra_psx_ldr-2026.07.08	machine-assisted WIP boundary
GAME.EXE	0x80033680	0x21e80	0x11c	0x11c	1	function	ghidra-analysis			Ghidra-12.0.4/ghidra_psx_ldr-2026.07.08	machine-assisted WIP boundary
GAME.EXE	0x8003379c	0x21f9c	0x10	0x10	1	function	ghidra-analysis			Ghidra-12.0.4/ghidra_psx_ldr-2026.07.08	machine-assisted WIP boundary
GAME.EXE	0x800337ac	0x21fac	0x74	0x74	1	function	ghidra-analysis			Ghidra-12.0.4/ghidra_psx_ldr-2026.07.08	machine-assisted WIP boundary
GAME.EXE	0x80033820	0x22020	0x98	0x98	1	function	ghidra-analysis			Ghidra-12.0.4/ghidra_psx_ldr-2026.07.08	machine-assisted WIP boundary
GAME.EXE	0x800338b8	0x220b8	0x22c	0x22c	1	function	ghidra-analysis			Ghidra-12.0.4/ghidra_psx_ldr-2026.07.08	machine-assisted WIP boundary
GAME.EXE	0x80033ae4	0x222e4	0xa8	0xa8	1	function	ghidra-analysis			Ghidra-12.0.4/ghidra_psx_ldr-2026.07.08	machine-assisted WIP boundary
GAME.EXE	0x80033b8c	0x2238c	0x144	0x144	1	function	ghidra-analysis			Ghidra-12.0.4/ghidra_psx_ldr-2026.07.08	machine-assisted WIP boundary
GAME.EXE	0x80033cd0	0x224d0	0xb0	0xb0	1	function	ghidra-analysis			Ghidra-12.0.4/ghidra_psx_ldr-2026.07.08	machine-assisted WIP boundary
GAME.EXE	0x80033d80	0x22580	0x68	0x68	1	function	ghidra-analysis			Ghidra-12.0.4/ghidra_psx_ldr-2026.07.08	machine-assisted WIP boundary
GAME.EXE	0x80033de8	0x225e8	0x28	0x28	1	function	ghidra-analysis			Ghidra-12.0.4/ghidra_psx_ldr-2026.07.08	machine-assisted WIP boundary
GAME.EXE	0x80033e10	0x22610	0xd4	0xd4	1	function	ghidra-analysis			Ghidra-12.0.4/ghidra_psx_ldr-2026.07.08	machine-assisted WIP boundary
GAME.EXE	0x80033ee4	0x226e4	0x80	0x80	1	function	ghidra-analysis			Ghidra-12.0.4/ghidra_psx_ldr-2026.07.08	machine-assisted WIP boundary
GAME.EXE	0x80033f64	0x22764	0x288	0x288	1	function	ghidra-analysis			Ghidra-12.0.4/ghidra_psx_ldr-2026.07.08	machine-assisted WIP boundary
GAME.EXE	0x800341ec	0x229ec	0x70	0x70	1	function	ghidra-analysis			Ghidra-12.0.4/ghidra_psx_ldr-2026.07.08	machine-assisted WIP boundary
GAME.EXE	0x8003425c	0x22a5c	0x88	0x88	1	function	ghidra-analysis			Ghidra-12.0.4/ghidra_psx_ldr-2026.07.08	machine-assisted WIP boundary
GAME.EXE	0x800342e4	0x22ae4	0x8	0x8	1	function	ghidra-analysis			Ghidra-12.0.4/ghidra_psx_ldr-2026.07.08	machine-assisted WIP boundary
GAME.EXE	0x800342ec	0x22aec	0xf4	0xf4	1	function	ghidra-analysis			Ghidra-12.0.4/ghidra_psx_ldr-2026.07.08	machine-assisted WIP boundary
GAME.EXE	0x800343e0	0x22be0	0x58	0x58	1	function	ghidra-analysis			Ghidra-12.0.4/ghidra_psx_ldr-2026.07.08	machine-assisted WIP boundary
GAME.EXE	0x80034438	0x22c38	0x184	0x184	1	function	ghidra-analysis			Ghidra-12.0.4/ghidra_psx_ldr-2026.07.08	machine-assisted WIP boundary
GAME.EXE	0x800345bc	0x22dbc	0x54	0x54	1	function	ghidra-analysis			Ghidra-12.0.4/ghidra_psx_ldr-2026.07.08	machine-assisted WIP boundary
GAME.EXE	0x80034610	0x22e10	0x90	0x90	1	function	ghidra-analysis			Ghidra-12.0.4/ghidra_psx_ldr-2026.07.08	machine-assisted WIP boundary
GAME.EXE	0x800346a0	0x22ea0	0x8	0x8	1	function	ghidra-analysis			Ghidra-12.0.4/ghidra_psx_ldr-2026.07.08	machine-assisted WIP boundary
GAME.EXE	0x800346a8	0x22ea8	0x38c	0x38c	1	function	ghidra-analysis			Ghidra-12.0.4/ghidra_psx_ldr-2026.07.08	machine-assisted WIP boundary
GAME.EXE	0x80034a34	0x23234	0x4c	0x4c	1	function	ghidra-analysis			Ghidra-12.0.4/ghidra_psx_ldr-2026.07.08	machine-assisted WIP boundary
GAME.EXE	0x80034a80	0x23280	0x2d4	0x2d4	1	function	ghidra-analysis			Ghidra-12.0.4/ghidra_psx_ldr-2026.07.08	machine-assisted WIP boundary
GAME.EXE	0x80034d54	0x23554	0x90	0x90	1	function	ghidra-analysis			Ghidra-12.0.4/ghidra_psx_ldr-2026.07.08	machine-assisted WIP boundary
GAME.EXE	0x80034de4	0x235e4	0x904	0x904	1	function	ghidra-analysis			Ghidra-12.0.4/ghidra_psx_ldr-2026.07.08	machine-assisted WIP boundary; contiguous body ends at the single jr ra epilogue, switch-table tail included
GAME.EXE	0x800356e8	0x23ee8	0x20	0x20	1	function	ghidra-analysis			Ghidra-12.0.4/ghidra_psx_ldr-2026.07.08	machine-assisted WIP boundary
GAME.EXE	0x80035708	0x23f08	0x1d8	0x1d8	1	function	ghidra-analysis			Ghidra-12.0.4/ghidra_psx_ldr-2026.07.08	machine-assisted WIP boundary
GAME.EXE	0x800358e0	0x240e0	0x8c	0x8c	1	function	ghidra-analysis			Ghidra-12.0.4/ghidra_psx_ldr-2026.07.08	machine-assisted WIP boundary
GAME.EXE	0x8003596c	0x2416c	0x1f0	0x1f0	1	function	ghidra-analysis			Ghidra-12.0.4/ghidra_psx_ldr-2026.07.08	machine-assisted WIP boundary
GAME.EXE	0x80035b5c	0x2435c	0x2b8	0x2b8	1	function	ghidra-analysis			Ghidra-12.0.4/ghidra_psx_ldr-2026.07.08	machine-assisted WIP boundary
GAME.EXE	0x80035e14	0x24614	0x30	0x30	1	function	ghidra-analysis			Ghidra-12.0.4/ghidra_psx_ldr-2026.07.08	machine-assisted WIP boundary
GAME.EXE	0x80035e44	0x24644	0x69c	0x4a0	2	function	ghidra-analysis			Ghidra-12.0.4/ghidra_psx_ldr-2026.07.08	machine-assisted WIP boundary
GAME.EXE	0x800364e0	0x24ce0	0x74	0x74	1	function	ghidra-analysis			Ghidra-12.0.4/ghidra_psx_ldr-2026.07.08	machine-assisted WIP boundary
GAME.EXE	0x80036554	0x24d54	0xa4	0xa4	1	function	ghidra-analysis			Ghidra-12.0.4/ghidra_psx_ldr-2026.07.08	machine-assisted WIP boundary
GAME.EXE	0x800365f8	0x24df8	0x20	0x20	1	function	ghidra-analysis			Ghidra-12.0.4/ghidra_psx_ldr-2026.07.08	machine-assisted WIP boundary
GAME.EXE	0x80036618	0x24e18	0x238	0x238	1	function	ghidra-analysis			Ghidra-12.0.4/ghidra_psx_ldr-2026.07.08	machine-assisted WIP boundary
GAME.EXE	0x80036850	0x25050	0x15c	0x15c	1	function	ghidra-analysis			Ghidra-12.0.4/ghidra_psx_ldr-2026.07.08	machine-assisted WIP boundary
GAME.EXE	0x800369ac	0x251ac	0x144	0x144	1	function	ghidra-analysis			Ghidra-12.0.4/ghidra_psx_ldr-2026.07.08	machine-assisted WIP boundary
GAME.EXE	0x80036af0	0x252f0	0x24c	0x24c	1	function	ghidra-analysis			Ghidra-12.0.4/ghidra_psx_ldr-2026.07.08	machine-assisted WIP boundary
GAME.EXE	0x80036d3c	0x2553c	0xf4	0xf4	1	function	ghidra-analysis			Ghidra-12.0.4/ghidra_psx_ldr-2026.07.08	machine-assisted WIP boundary
GAME.EXE	0x80036e30	0x25630	0x8	0x8	1	function	mips-return-carve			scripts/kf/audit_functions.py	anonymous WIP start; previous-return+return-delimited-valid-code
GAME.EXE	0x80036e38	0x25638	0xc8	0xc8	1	function	ghidra-analysis			Ghidra-12.0.4/ghidra_psx_ldr-2026.07.08	machine-assisted WIP boundary
GAME.EXE	0x80036f00	0x25700	0x44	0x44	1	function	ghidra-analysis			Ghidra-12.0.4/ghidra_psx_ldr-2026.07.08	machine-assisted WIP boundary
GAME.EXE	0x80036f44	0x25744	0x82c	0x82c	1	function	ghidra-analysis			Ghidra-12.0.4/ghidra_psx_ldr-2026.07.08	machine-assisted WIP boundary
GAME.EXE	0x80037770	0x25f70	0xac	0xac	1	function	ghidra-analysis			Ghidra-12.0.4/ghidra_psx_ldr-2026.07.08	machine-assisted WIP boundary
GAME.EXE	0x8003781c	0x2601c	0x34	0x34	1	function	ghidra-analysis			Ghidra-12.0.4/ghidra_psx_ldr-2026.07.08	machine-assisted WIP boundary
GAME.EXE	0x80037850	0x26050	0x76c	0x76c	1	function	ghidra-analysis			Ghidra-12.0.4/ghidra_psx_ldr-2026.07.08	machine-assisted WIP boundary
GAME.EXE	0x80037fbc	0x267bc	0x24	0x24	1	function	ghidra-analysis			Ghidra-12.0.4/ghidra_psx_ldr-2026.07.08	machine-assisted WIP boundary
GAME.EXE	0x80037fe0	0x267e0	0x2b8	0x2b8	1	function	ghidra-analysis			Ghidra-12.0.4/ghidra_psx_ldr-2026.07.08	machine-assisted WIP boundary
GAME.EXE	0x80038298	0x26a98	0x260	0x260	1	function	ghidra-analysis			Ghidra-12.0.4/ghidra_psx_ldr-2026.07.08	machine-assisted WIP boundary
GAME.EXE	0x800384f8	0x26cf8	0x1cc	0x1cc	1	function	ghidra-analysis			Ghidra-12.0.4/ghidra_psx_ldr-2026.07.08	machine-assisted WIP boundary
GAME.EXE	0x800386c4	0x26ec4	0x68	0x68	1	function	ghidra-analysis			Ghidra-12.0.4/ghidra_psx_ldr-2026.07.08	machine-assisted WIP boundary
GAME.EXE	0x8003872c	0x26f2c	0x90	0x90	1	function	ghidra-analysis			Ghidra-12.0.4/ghidra_psx_ldr-2026.07.08	machine-assisted WIP boundary
GAME.EXE	0x800387bc	0x26fbc	0xf8	0xf8	1	function	ghidra-analysis			Ghidra-12.0.4/ghidra_psx_ldr-2026.07.08	machine-assisted WIP boundary
GAME.EXE	0x800388b4	0x270b4	0x184	0x184	1	function	ghidra-analysis			Ghidra-12.0.4/ghidra_psx_ldr-2026.07.08	machine-assisted WIP boundary
GAME.EXE	0x80038a38	0x27238	0x180c	0x180c	1	function	ghidra-analysis			Ghidra-12.0.4/ghidra_psx_ldr-2026.07.08	machine-assisted WIP boundary
GAME.EXE	0x8003a244	0x28a44	0x30	0x30	1	function	ghidra-analysis			Ghidra-12.0.4/ghidra_psx_ldr-2026.07.08	machine-assisted WIP boundary
GAME.EXE	0x8003a274	0x28a74	0x2c	0x2c	1	function	ghidra-analysis			Ghidra-12.0.4/ghidra_psx_ldr-2026.07.08	machine-assisted WIP boundary
GAME.EXE	0x8003a2a0	0x28aa0	0x4c0	0x4c0	1	function	ghidra-analysis			Ghidra-12.0.4/ghidra_psx_ldr-2026.07.08	machine-assisted WIP boundary
GAME.EXE	0x8003a760	0x28f60	0x7c	0x7c	1	function	ghidra-analysis			Ghidra-12.0.4/ghidra_psx_ldr-2026.07.08	machine-assisted WIP boundary
GAME.EXE	0x8003a7dc	0x28fdc	0x40	0x40	1	function	mips-frame-carve			scripts/kf/audit_functions.py	anonymous WIP start; stack-frame+ra-save+matching-stack-return
GAME.EXE	0x8003a81c	0x2901c	0xe0	0xe0	1	function	mips-return-carve			scripts/kf/audit_functions.py	anonymous WIP start; previous-return+return-delimited-valid-code+relocation-candidate
GAME.EXE	0x8003a8fc	0x290fc	0x8c	0x8c	1	function	mips-return-carve			scripts/kf/audit_functions.py	anonymous WIP start; previous-return+return-delimited-valid-code+relocation-candidate
GAME.EXE	0x8003a988	0x29188	0x6c	0x6c	1	function	mips-return-carve			scripts/kf/audit_functions.py	anonymous WIP start; previous-return+return-delimited-valid-code+relocation-candidate
GAME.EXE	0x8003a9f4	0x291f4	0x240	0x240	1	function	mips-frame-carve			scripts/kf/audit_functions.py	anonymous WIP start; stack-frame+ra-save+matching-stack-return
GAME.EXE	0x8003ac34	0x29434	0x18	0x18	1	function	mips-return-carve			scripts/kf/audit_functions.py	anonymous WIP start; previous-return+return-delimited-valid-code+relocation-candidate
GAME.EXE	0x8003ac4c	0x2944c	0x8	0x8	1	function	mips-return-carve			scripts/kf/audit_functions.py	anonymous WIP start; previous-return+return-delimited-valid-code
GAME.EXE	0x8003ac54	0x29454	0x8	0x8	1	function	ghidra-analysis			Ghidra-12.0.4/ghidra_psx_ldr-2026.07.08	machine-assisted WIP boundary
GAME.EXE	0x8003ac5c	0x2945c	0x10	0x10	1	function	entry	start		Ghidra-12.0.4/ghidra_psx_ldr-2026.07.08	machine-assisted WIP boundary
GAME.EXE	0x8003ac6c	0x2946c	0x20	0x20	1	function	ghidra-analysis			Ghidra-12.0.4/ghidra_psx_ldr-2026.07.08	machine-assisted WIP boundary
GAME.EXE	0x8003ac8c	0x2948c	0x18	0x18	1	function	mips-return-carve			scripts/kf/audit_functions.py	anonymous WIP start; previous-return+return-delimited-valid-code
GAME.EXE	0x8003aca4	0x294a4	0x38	0x38	1	function	mips-return-carve			scripts/kf/audit_functions.py	anonymous WIP start; previous-return+return-delimited-valid-code
GAME.EXE	0x8003acdc	0x294dc	0x38	0x38	1	function	mips-return-carve			scripts/kf/audit_functions.py	anonymous WIP start; previous-return+return-delimited-valid-code
GAME.EXE	0x8003ad14	0x29514	0x20	0x20	1	function	mips-frame-carve			scripts/kf/audit_functions.py	anonymous WIP start; stack-frame+ra-save+matching-stack-return
GAME.EXE	0x8003ad34	0x29534	0x20	0x20	1	function	mips-frame-carve			scripts/kf/audit_functions.py	anonymous WIP start; stack-frame+ra-save+matching-stack-return+relocation-candidate
GAME.EXE	0x8003ad54	0x29554	0x20	0x20	1	function	ghidra-analysis			Ghidra-12.0.4/ghidra_psx_ldr-2026.07.08	machine-assisted WIP boundary
GAME.EXE	0x8003ad74	0x29574	0x18	0x18	1	function	ghidra-analysis			Ghidra-12.0.4/ghidra_psx_ldr-2026.07.08	machine-assisted WIP boundary
GAME.EXE	0x8003ad8c	0x2958c	0x18	0x18	1	function	ghidra-analysis			Ghidra-12.0.4/ghidra_psx_ldr-2026.07.08	machine-assisted WIP boundary
GAME.EXE	0x8003ada4	0x295a4	0x18	0x18	1	function	ghidra-analysis			Ghidra-12.0.4/ghidra_psx_ldr-2026.07.08	machine-assisted WIP boundary
GAME.EXE	0x8003adbc	0x295bc	0x11c	0x11c	1	function	ghidra-analysis			Ghidra-12.0.4/ghidra_psx_ldr-2026.07.08	machine-assisted WIP boundary
GAME.EXE	0x8003aed8	0x296d8	0x64	0x64	1	function	ghidra-analysis			Ghidra-12.0.4/ghidra_psx_ldr-2026.07.08	machine-assisted WIP boundary
GAME.EXE	0x8003af3c	0x2973c	0x5c	0x5c	1	function	mips-frame-carve			scripts/kf/audit_functions.py	anonymous WIP start; stack-frame+ra-save+matching-stack-return
GAME.EXE	0x8003af98	0x29798	0x7c	0x7c	1	function	mips-frame-carve			scripts/kf/audit_functions.py	anonymous WIP start; stack-frame+ra-save+matching-stack-return+relocation-candidate
GAME.EXE	0x8003b014	0x29814	0x20	0x20	1	function	ghidra-analysis	CdGetSector		Ghidra-12.0.4/ghidra_psx_ldr-2026.07.08	machine-assisted WIP boundary
GAME.EXE	0x8003b034	0x29834	0xd4	0xd4	1	function	ghidra-analysis			Ghidra-12.0.4/ghidra_psx_ldr-2026.07.08	machine-assisted WIP boundary
GAME.EXE	0x8003b108	0x29908	0x3c	0x3c	1	function	mips-frame-carve			scripts/kf/audit_functions.py	anonymous WIP start; stack-frame+ra-save+matching-stack-return
GAME.EXE	0x8003b144	0x29944	0x30	0x30	1	function	mips-frame-carve			scripts/kf/audit_functions.py	anonymous WIP start; stack-frame+ra-save+matching-stack-return
GAME.EXE	0x8003b174	0x29974	0x20	0x20	1	function	mips-frame-carve			scripts/kf/audit_functions.py	anonymous WIP start; stack-frame+ra-save+matching-stack-return
GAME.EXE	0x8003b194	0x29994	0x60	0x60	1	function	mips-frame-carve			scripts/kf/audit_functions.py	anonymous WIP start; stack-frame+ra-save+matching-stack-return
GAME.EXE	0x8003b1f4	0x299f4	0x54	0x54	1	function	mips-frame-carve			scripts/kf/audit_functions.py	anonymous WIP start; stack-frame+ra-save+matching-stack-return
GAME.EXE	0x8003b248	0x29a48	0x2c	0x2c	1	function	mips-frame-carve			scripts/kf/audit_functions.py	anonymous WIP start; stack-frame+ra-save+matching-stack-return
GAME.EXE	0x8003b274	0x29a74	0x70	0x70	1	function	mips-frame-carve			scripts/kf/audit_functions.py	anonymous WIP start; stack-frame+ra-save+matching-stack-return
GAME.EXE	0x8003b2e4	0x29ae4	0x12c	0x12c	1	function	ghidra-analysis			Ghidra-12.0.4/ghidra_psx_ldr-2026.07.08	machine-assisted WIP boundary
GAME.EXE	0x8003b410	0x29c10	0xa8	0xa8	1	function	ghidra-analysis			Ghidra-12.0.4/ghidra_psx_ldr-2026.07.08	machine-assisted WIP boundary
GAME.EXE	0x8003b4b8	0x29cb8	0x30	0x30	1	function	ghidra-analysis			Ghidra-12.0.4/ghidra_psx_ldr-2026.07.08	machine-assisted WIP boundary
GAME.EXE	0x8003b4e8	0x29ce8	0x98	0x98	1	function	ghidra-analysis			Ghidra-12.0.4/ghidra_psx_ldr-2026.07.08	machine-assisted WIP boundary
GAME.EXE	0x8003b580	0x29d80	0x2c	0x2c	1	function	ghidra-analysis			Ghidra-12.0.4/ghidra_psx_ldr-2026.07.08	machine-assisted WIP boundary
GAME.EXE	0x8003b5ac	0x29dac	0x31c	0x31c	1	function	ghidra-analysis			Ghidra-12.0.4/ghidra_psx_ldr-2026.07.08	machine-assisted WIP boundary
GAME.EXE	0x8003b8c8	0x2a0c8	0x34	0x34	1	function	mips-frame-carve			scripts/kf/audit_functions.py	anonymous WIP start; stack-frame+ra-save+matching-stack-return+relocation-candidate
GAME.EXE	0x8003b8fc	0x2a0fc	0x120	0x120	1	function	ghidra-analysis			Ghidra-12.0.4/ghidra_psx_ldr-2026.07.08	machine-assisted WIP boundary
GAME.EXE	0x8003ba1c	0x2a21c	0x124	0x124	1	function	ghidra-analysis			Ghidra-12.0.4/ghidra_psx_ldr-2026.07.08	machine-assisted WIP boundary
GAME.EXE	0x8003bb40	0x2a340	0x158	0x158	1	function	ghidra-analysis			Ghidra-12.0.4/ghidra_psx_ldr-2026.07.08	machine-assisted WIP boundary
GAME.EXE	0x8003bc98	0x2a498	0x124	0x124	1	function	ghidra-analysis			Ghidra-12.0.4/ghidra_psx_ldr-2026.07.08	machine-assisted WIP boundary
GAME.EXE	0x8003bdbc	0x2a5bc	0x394	0x394	1	function	ghidra-analysis			Ghidra-12.0.4/ghidra_psx_ldr-2026.07.08	machine-assisted WIP boundary
GAME.EXE	0x8003c150	0x2a950	0x100	0x100	1	function	ghidra-analysis			Ghidra-12.0.4/ghidra_psx_ldr-2026.07.08	machine-assisted WIP boundary
GAME.EXE	0x8003c250	0x2aa50	0x120	0x120	1	function	ghidra-analysis			Ghidra-12.0.4/ghidra_psx_ldr-2026.07.08	machine-assisted WIP boundary
GAME.EXE	0x8003c370	0x2ab70	0xc8	0xc8	1	function	ghidra-analysis			Ghidra-12.0.4/ghidra_psx_ldr-2026.07.08	machine-assisted WIP boundary
GAME.EXE	0x8003c438	0x2ac38	0x128	0x128	1	function	mips-frame-carve			scripts/kf/audit_functions.py	anonymous WIP start; stack-frame+ra-save+matching-stack-return+relocation-candidate
GAME.EXE	0x8003c560	0x2ad60	0x10	0x10	1	function	mips-return-carve			scripts/kf/audit_functions.py	anonymous WIP start; previous-return+return-delimited-valid-code
GAME.EXE	0x8003c570	0x2ad70	0x50	0x50	1	function	ghidra-analysis			Ghidra-12.0.4/ghidra_psx_ldr-2026.07.08	machine-assisted WIP boundary
GAME.EXE	0x8003c5c0	0x2adc0	0x78	0x78	1	function	mips-frame-carve			scripts/kf/audit_functions.py	anonymous WIP start; stack-frame+ra-save+matching-stack-return
GAME.EXE	0x8003c638	0x2ae38	0x28	0x28	1	function	mips-frame-carve			scripts/kf/audit_functions.py	anonymous WIP start; stack-frame+ra-save+matching-stack-return+relocation-candidate
GAME.EXE	0x8003c660	0x2ae60	0x28	0x28	1	function	mips-frame-carve			scripts/kf/audit_functions.py	anonymous WIP start; stack-frame+ra-save+matching-stack-return+relocation-candidate
GAME.EXE	0x8003c688	0x2ae88	0x28	0x28	1	function	mips-frame-carve			scripts/kf/audit_functions.py	anonymous WIP start; stack-frame+ra-save+matching-stack-return+relocation-candidate
GAME.EXE	0x8003c6b0	0x2aeb0	0x8	0x8	1	function	mips-return-carve			scripts/kf/audit_functions.py	anonymous WIP start; previous-return+return-delimited-valid-code+relocation-candidate
GAME.EXE	0x8003c6b8	0x2aeb8	0x80	0x80	1	function	mips-frame-carve			scripts/kf/audit_functions.py	anonymous WIP start; stack-frame+ra-save+matching-stack-return+relocation-candidate
GAME.EXE	0x8003c738	0x2af38	0x28	0x28	1	function	mips-frame-carve			scripts/kf/audit_functions.py	anonymous WIP start; stack-frame+ra-save+matching-stack-return+relocation-candidate
GAME.EXE	0x8003c760	0x2af60	0x28	0x28	1	function	mips-frame-carve			scripts/kf/audit_functions.py	anonymous WIP start; stack-frame+ra-save+matching-stack-return+relocation-candidate
GAME.EXE	0x8003c788	0x2af88	0x3c	0x3c	1	function	mips-frame-carve			scripts/kf/audit_functions.py	anonymous WIP start; stack-frame+ra-save+matching-stack-return+relocation-candidate
GAME.EXE	0x8003c7c4	0x2afc4	0x4c	0x4c	1	function	mips-frame-carve			scripts/kf/audit_functions.py	anonymous WIP start; stack-frame+ra-save+matching-stack-return+relocation-candidate
GAME.EXE	0x8003c810	0x2b010	0x2c8	0x2c8	1	function	ghidra-analysis			Ghidra-12.0.4/ghidra_psx_ldr-2026.07.08	machine-assisted WIP boundary
GAME.EXE	0x8003cad8	0x2b2d8	0x20	0x20	1	function	ghidra-analysis			Ghidra-12.0.4/ghidra_psx_ldr-2026.07.08	machine-assisted WIP boundary
GAME.EXE	0x8003caf8	0x2b2f8	0x2a0	0x2a0	1	function	ghidra-analysis			Ghidra-12.0.4/ghidra_psx_ldr-2026.07.08	machine-assisted WIP boundary
GAME.EXE	0x8003cd98	0x2b598	0x94	0x94	1	function	ghidra-analysis			Ghidra-12.0.4/ghidra_psx_ldr-2026.07.08	machine-assisted WIP boundary
GAME.EXE	0x8003ce2c	0x2b62c	0x224	0x224	1	function	ghidra-analysis			Ghidra-12.0.4/ghidra_psx_ldr-2026.07.08	machine-assisted WIP boundary
GAME.EXE	0x8003d050	0x2b850	0x30	0x30	1	function	ghidra-analysis			Ghidra-12.0.4/ghidra_psx_ldr-2026.07.08	machine-assisted WIP boundary
GAME.EXE	0x8003d080	0x2b880	0xc8	0xc8	1	function	ghidra-analysis			Ghidra-12.0.4/ghidra_psx_ldr-2026.07.08	machine-assisted WIP boundary
GAME.EXE	0x8003d148	0x2b948	0x2c	0x2c	1	function	mips-frame-carve			scripts/kf/audit_functions.py	anonymous WIP start; stack-frame+ra-save+matching-stack-return
GAME.EXE	0x8003d174	0x2b974	0x158	0x158	1	function	ghidra-analysis			Ghidra-12.0.4/ghidra_psx_ldr-2026.07.08	machine-assisted WIP boundary
GAME.EXE	0x8003d2cc	0x2bacc	0x58	0x58	1	function	mips-frame-carve			scripts/kf/audit_functions.py	anonymous WIP start; stack-frame+ra-save+matching-stack-return
GAME.EXE	0x8003d32c	0x2bb2c	0x48	0x48	1	function	mips-frame-carve			scripts/kf/audit_functions.py	anonymous WIP start; stack-frame+ra-save+matching-stack-return
GAME.EXE	0x8003d374	0x2bb74	0x38	0x38	1	function	mips-frame-carve			scripts/kf/audit_functions.py	anonymous WIP start; stack-frame+ra-save+matching-stack-return
GAME.EXE	0x8003d3bc	0x2bbbc	0x58	0x58	1	function	mips-frame-carve			scripts/kf/audit_functions.py	anonymous WIP start; stack-frame+ra-save+matching-stack-return
GAME.EXE	0x8003d414	0x2bc14	0x64	0x64	1	function	mips-frame-carve			scripts/kf/audit_functions.py	anonymous WIP start; stack-frame+ra-save+matching-stack-return
GAME.EXE	0x8003d478	0x2bc78	0x70	0x70	1	function	mips-frame-carve			scripts/kf/audit_functions.py	anonymous WIP start; stack-frame+ra-save+matching-stack-return
GAME.EXE	0x8003d4e8	0x2bce8	0xcc	0xcc	1	function	mips-return-carve			scripts/kf/audit_functions.py	anonymous WIP start; previous-return+return-delimited-valid-code
GAME.EXE	0x8003d5b4	0x2bdb4	0x3c	0x3c	1	function	mips-return-carve			scripts/kf/audit_functions.py	anonymous WIP start; previous-return+return-delimited-valid-code+relocation-candidate
GAME.EXE	0x8003d5f0	0x2bdf0	0xb4	0xb4	1	function	mips-return-carve			scripts/kf/audit_functions.py	anonymous WIP start; previous-return+return-delimited-valid-code
GAME.EXE	0x8003d6a4	0x2bea4	0x20	0x20	1	function	mips-return-carve			scripts/kf/audit_functions.py	anonymous WIP start; previous-return+return-delimited-valid-code+relocation-candidate
GAME.EXE	0x8003d6c4	0x2bec4	0x9b4	0x9b4	1	function	mips-frame-carve			scripts/kf/audit_functions.py	anonymous WIP start; stack-frame+ra-save+matching-stack-return+relocation-candidate
GAME.EXE	0x8003e078	0x2c878	0x18c	0x18c	1	function	mips-frame-carve			scripts/kf/audit_functions.py	anonymous WIP start; stack-frame+ra-save+matching-stack-return+relocation-candidate
GAME.EXE	0x8003e204	0x2ca04	0x30	0x30	1	function	mips-return-carve			scripts/kf/audit_functions.py	anonymous WIP start; previous-return+return-delimited-valid-code+relocation-candidate
GAME.EXE	0x8003e234	0x2ca34	0x24	0x24	1	function	mips-return-carve			scripts/kf/audit_functions.py	anonymous WIP start; previous-return+return-delimited-valid-code
GAME.EXE	0x8003e258	0x2ca58	0x38	0x38	1	function	ghidra-analysis			Ghidra-12.0.4/ghidra_psx_ldr-2026.07.08	machine-assisted WIP boundary
GAME.EXE	0x8003e290	0x2ca90	0x3c	0x3c	1	function	mips-frame-carve			scripts/kf/audit_functions.py	anonymous WIP start; stack-frame+ra-save+matching-stack-return
GAME.EXE	0x8003e2cc	0x2cacc	0x84	0x84	1	function	ghidra-analysis			Ghidra-12.0.4/ghidra_psx_ldr-2026.07.08	machine-assisted WIP boundary
GAME.EXE	0x8003e350	0x2cb50	0xf0	0xf0	1	function	ghidra-analysis			Ghidra-12.0.4/ghidra_psx_ldr-2026.07.08	machine-assisted WIP boundary
GAME.EXE	0x8003e440	0x2cc40	0x1ac	0x1ac	1	function	ghidra-analysis			Ghidra-12.0.4/ghidra_psx_ldr-2026.07.08	machine-assisted WIP boundary
GAME.EXE	0x8003e5ec	0x2cdec	0xc0	0xc0	1	function	ghidra-analysis			Ghidra-12.0.4/ghidra_psx_ldr-2026.07.08	machine-assisted WIP boundary
GAME.EXE	0x8003e6ac	0x2ceac	0x1c	0x1c	1	function	ghidra-analysis			Ghidra-12.0.4/ghidra_psx_ldr-2026.07.08	machine-assisted WIP boundary
GAME.EXE	0x8003e6c8	0x2cec8	0x278	0x278	1	function	ghidra-analysis			Ghidra-12.0.4/ghidra_psx_ldr-2026.07.08	machine-assisted WIP boundary
GAME.EXE	0x8003e940	0x2d140	0x70	0x70	1	function	ghidra-analysis			Ghidra-12.0.4/ghidra_psx_ldr-2026.07.08	machine-assisted WIP boundary
GAME.EXE	0x8003e9b0	0x2d1b0	0x14c	0x14c	1	function	ghidra-analysis			Ghidra-12.0.4/ghidra_psx_ldr-2026.07.08	machine-assisted WIP boundary
GAME.EXE	0x8003eafc	0x2d2fc	0x60	0x60	1	function	ghidra-analysis			Ghidra-12.0.4/ghidra_psx_ldr-2026.07.08	machine-assisted WIP boundary
GAME.EXE	0x8003eb5c	0x2d35c	0x30	0x30	1	function	ghidra-analysis			Ghidra-12.0.4/ghidra_psx_ldr-2026.07.08	machine-assisted WIP boundary
GAME.EXE	0x8003eb8c	0x2d38c	0x30	0x30	1	function	ghidra-analysis			Ghidra-12.0.4/ghidra_psx_ldr-2026.07.08	machine-assisted WIP boundary
GAME.EXE	0x8003ebbc	0x2d3bc	0x58	0x58	1	function	ghidra-analysis			Ghidra-12.0.4/ghidra_psx_ldr-2026.07.08	machine-assisted WIP boundary
GAME.EXE	0x8003ec14	0x2d414	0x238	0x238	1	function	ghidra-analysis			Ghidra-12.0.4/ghidra_psx_ldr-2026.07.08	machine-assisted WIP boundary
GAME.EXE	0x8003ee4c	0x2d64c	0x8	0x8	1	function	ghidra-analysis			Ghidra-12.0.4/ghidra_psx_ldr-2026.07.08	machine-assisted WIP boundary
GAME.EXE	0x8003ee54	0x2d654	0x8	0x8	1	function	mips-return-carve			scripts/kf/audit_functions.py	anonymous WIP start; previous-return+return-delimited-valid-code
GAME.EXE	0x8003ee5c	0x2d65c	0xec	0xec	1	function	ghidra-analysis			Ghidra-12.0.4/ghidra_psx_ldr-2026.07.08	machine-assisted WIP boundary
GAME.EXE	0x8003ef48	0x2d748	0x28c	0x28c	1	function	ghidra-analysis			Ghidra-12.0.4/ghidra_psx_ldr-2026.07.08	machine-assisted WIP boundary
GAME.EXE	0x8003f1d4	0x2d9d4	0x27c	0x27c	1	function	ghidra-analysis			Ghidra-12.0.4/ghidra_psx_ldr-2026.07.08	machine-assisted WIP boundary
GAME.EXE	0x8003f450	0x2dc50	0x28	0x28	1	function	ghidra-analysis			Ghidra-12.0.4/ghidra_psx_ldr-2026.07.08	machine-assisted WIP boundary
GAME.EXE	0x8003f478	0x2dc78	0xa28	0xa28	1	function	ghidra-analysis			Ghidra-12.0.4/ghidra_psx_ldr-2026.07.08	machine-assisted WIP boundary
GAME.EXE	0x8003fea0	0x2e6a0	0x184	0x184	1	function	ghidra-analysis			Ghidra-12.0.4/ghidra_psx_ldr-2026.07.08	machine-assisted WIP boundary
GAME.EXE	0x80040024	0x2e824	0x11c	0x11c	1	function	ghidra-analysis			Ghidra-12.0.4/ghidra_psx_ldr-2026.07.08	machine-assisted WIP boundary
GAME.EXE	0x80040140	0x2e940	0x4d0	0x4d0	1	function	ghidra-analysis			Ghidra-12.0.4/ghidra_psx_ldr-2026.07.08	machine-assisted WIP boundary
GAME.EXE	0x80040610	0x2ee10	0x194	0x194	1	function	ghidra-analysis			Ghidra-12.0.4/ghidra_psx_ldr-2026.07.08	machine-assisted WIP boundary
GAME.EXE	0x800407a4	0x2efa4	0x398	0x398	1	function	ghidra-analysis			Ghidra-12.0.4/ghidra_psx_ldr-2026.07.08	machine-assisted WIP boundary
GAME.EXE	0x80040b3c	0x2f33c	0x12c	0x12c	1	function	ghidra-analysis			Ghidra-12.0.4/ghidra_psx_ldr-2026.07.08	machine-assisted WIP boundary
GAME.EXE	0x80040c68	0x2f468	0x1c	0x1c	1	function	mips-return-carve			scripts/kf/audit_functions.py	anonymous WIP start; previous-return+return-delimited-valid-code
GAME.EXE	0x80040c84	0x2f484	0x1c	0x1c	1	function	mips-return-carve			scripts/kf/audit_functions.py	anonymous WIP start; previous-return+return-delimited-valid-code
GAME.EXE	0x80040ca0	0x2f4a0	0x64	0x64	1	function	mips-return-carve			scripts/kf/audit_functions.py	anonymous WIP start; previous-return+return-delimited-valid-code+relocation-candidate
GAME.EXE	0x80040d04	0x2f504	0x30	0x30	1	function	mips-frame-carve			scripts/kf/audit_functions.py	anonymous WIP start; stack-frame+ra-save+matching-stack-return
GAME.EXE	0x80040d34	0x2f534	0x1dc	0x1dc	1	function	ghidra-analysis			Ghidra-12.0.4/ghidra_psx_ldr-2026.07.08	machine-assisted WIP boundary
GAME.EXE	0x80040f10	0x2f710	0x130	0x130	1	function	ghidra-analysis			Ghidra-12.0.4/ghidra_psx_ldr-2026.07.08	machine-assisted WIP boundary
GAME.EXE	0x80041040	0x2f840	0x30	0x30	1	function	ghidra-analysis			Ghidra-12.0.4/ghidra_psx_ldr-2026.07.08	machine-assisted WIP boundary
GAME.EXE	0x80041070	0x2f870	0x4f4	0x4f4	1	function	ghidra-analysis			Ghidra-12.0.4/ghidra_psx_ldr-2026.07.08	machine-assisted WIP boundary
GAME.EXE	0x80041564	0x2fd64	0x2fc	0x2fc	1	function	ghidra-analysis			Ghidra-12.0.4/ghidra_psx_ldr-2026.07.08	machine-assisted WIP boundary
GAME.EXE	0x80041860	0x30060	0x70	0x70	1	function	ghidra-analysis			Ghidra-12.0.4/ghidra_psx_ldr-2026.07.08	machine-assisted WIP boundary
GAME.EXE	0x800418d0	0x300d0	0x2c0	0x2c0	1	function	ghidra-analysis			Ghidra-12.0.4/ghidra_psx_ldr-2026.07.08	machine-assisted WIP boundary
GAME.EXE	0x80041b90	0x30390	0x35c	0x35c	1	function	mips-frame-carve			scripts/kf/audit_functions.py	anonymous WIP start; stack-frame+ra-save+matching-stack-return+relocation-candidate
GAME.EXE	0x80041eec	0x306ec	0x2a8	0x2a8	1	function	mips-frame-carve			scripts/kf/audit_functions.py	anonymous WIP start; stack-frame+ra-save+matching-stack-return
GAME.EXE	0x80042194	0x30994	0x70	0x70	1	function	ghidra-analysis			Ghidra-12.0.4/ghidra_psx_ldr-2026.07.08	machine-assisted WIP boundary
GAME.EXE	0x80042204	0x30a04	0x28	0x28	1	function	ghidra-analysis			Ghidra-12.0.4/ghidra_psx_ldr-2026.07.08	machine-assisted WIP boundary
GAME.EXE	0x8004222c	0x30a2c	0x7c	0x7c	1	function	ghidra-analysis			Ghidra-12.0.4/ghidra_psx_ldr-2026.07.08	machine-assisted WIP boundary
GAME.EXE	0x800422b0	0x30ab0	0xa8	0xa8	1	function	mips-frame-carve			scripts/kf/audit_functions.py	anonymous WIP start; stack-frame+ra-save+matching-stack-return
GAME.EXE	0x80042358	0x30b58	0x14	0x14	1	function	mips-return-carve			scripts/kf/audit_functions.py	anonymous WIP start; previous-return+return-delimited-valid-code
GAME.EXE	0x8004236c	0x30b6c	0x10	0x10	1	function	mips-return-carve			scripts/kf/audit_functions.py	anonymous WIP start; previous-return+return-delimited-valid-code
GAME.EXE	0x8004237c	0x30b7c	0x10	0x10	1	function	mips-return-carve			scripts/kf/audit_functions.py	anonymous WIP start; previous-return+return-delimited-valid-code
GAME.EXE	0x8004238c	0x30b8c	0x2a0	0x2a0	1	function	ghidra-analysis			Ghidra-12.0.4/ghidra_psx_ldr-2026.07.08	machine-assisted WIP boundary
GAME.EXE	0x8004262c	0x30e2c	0x320	0x320	1	function	ghidra-analysis			Ghidra-12.0.4/ghidra_psx_ldr-2026.07.08	machine-assisted WIP boundary
GAME.EXE	0x8004294c	0x3114c	0x3b4	0x3b4	1	function	ghidra-analysis			Ghidra-12.0.4/ghidra_psx_ldr-2026.07.08	machine-assisted WIP boundary
GAME.EXE	0x80042d00	0x31500	0xa0	0xa0	1	function	ghidra-analysis			Ghidra-12.0.4/ghidra_psx_ldr-2026.07.08	machine-assisted WIP boundary
GAME.EXE	0x80042da0	0x315a0	0xbc	0xbc	1	function	ghidra-analysis			Ghidra-12.0.4/ghidra_psx_ldr-2026.07.08	machine-assisted WIP boundary
GAME.EXE	0x80042e5c	0x3165c	0xb0	0xb0	1	function	ghidra-analysis			Ghidra-12.0.4/ghidra_psx_ldr-2026.07.08	machine-assisted WIP boundary
GAME.EXE	0x80042f0c	0x3170c	0x17c	0x17c	1	function	ghidra-analysis			Ghidra-12.0.4/ghidra_psx_ldr-2026.07.08	machine-assisted WIP boundary
GAME.EXE	0x80043088	0x31888	0x14	0x14	1	function	ghidra-analysis			Ghidra-12.0.4/ghidra_psx_ldr-2026.07.08	machine-assisted WIP boundary
GAME.EXE	0x8004309c	0x3189c	0x10	0x10	1	function	ghidra-analysis			Ghidra-12.0.4/ghidra_psx_ldr-2026.07.08	machine-assisted WIP boundary
GAME.EXE	0x800430ac	0x318ac	0x32c	0x32c	1	function	ghidra-analysis			Ghidra-12.0.4/ghidra_psx_ldr-2026.07.08	machine-assisted WIP boundary
GAME.EXE	0x800433d8	0x31bd8	0xc8	0xc8	1	function	mips-return-carve			scripts/kf/audit_functions.py	anonymous WIP start; previous-return+return-delimited-valid-code+relocation-candidate
GAME.EXE	0x800434a0	0x31ca0	0x44	0x44	1	function	ghidra-analysis			Ghidra-12.0.4/ghidra_psx_ldr-2026.07.08	machine-assisted WIP boundary
GAME.EXE	0x800434ec	0x31cec	0x8c	0x8c	1	function	mips-frame-carve			scripts/kf/audit_functions.py	anonymous WIP start; stack-frame+ra-save+matching-stack-return
GAME.EXE	0x80043578	0x31d78	0x2c	0x2c	1	function	mips-frame-carve			scripts/kf/audit_functions.py	anonymous WIP start; stack-frame+ra-save+matching-stack-return
GAME.EXE	0x800435a4	0x31da4	0x90	0x90	1	function	mips-frame-carve			scripts/kf/audit_functions.py	anonymous WIP start; stack-frame+ra-save+matching-stack-return+relocation-candidate
GAME.EXE	0x80043634	0x31e34	0x280	0x280	1	function	ghidra-analysis			Ghidra-12.0.4/ghidra_psx_ldr-2026.07.08	machine-assisted WIP boundary
GAME.EXE	0x800438b4	0x320b4	0xd4	0xd4	1	function	ghidra-analysis			Ghidra-12.0.4/ghidra_psx_ldr-2026.07.08	machine-assisted WIP boundary
GAME.EXE	0x80043988	0x32188	0x404	0x404	1	function	ghidra-analysis			Ghidra-12.0.4/ghidra_psx_ldr-2026.07.08	machine-assisted WIP boundary
GAME.EXE	0x80043d8c	0x3258c	0x154	0x154	1	function	ghidra-analysis			Ghidra-12.0.4/ghidra_psx_ldr-2026.07.08	machine-assisted WIP boundary
GAME.EXE	0x80043ee0	0x326e0	0x150	0x150	1	function	ghidra-analysis			Ghidra-12.0.4/ghidra_psx_ldr-2026.07.08	machine-assisted WIP boundary
GAME.EXE	0x80044030	0x32830	0xf0	0xf0	1	function	ghidra-analysis			Ghidra-12.0.4/ghidra_psx_ldr-2026.07.08	machine-assisted WIP boundary
GAME.EXE	0x80044120	0x32920	0x34	0x34	1	function	ghidra-analysis			Ghidra-12.0.4/ghidra_psx_ldr-2026.07.08	machine-assisted WIP boundary
GAME.EXE	0x80044154	0x32954	0x8	0x8	1	function	mips-return-carve			scripts/kf/audit_functions.py	anonymous WIP start; previous-return+return-delimited-valid-code
GAME.EXE	0x8004415c	0x3295c	0x158	0x158	1	function	ghidra-analysis			Ghidra-12.0.4/ghidra_psx_ldr-2026.07.08	machine-assisted WIP boundary
GAME.EXE	0x800442b4	0x32ab4	0x54	0x54	1	function	ghidra-analysis			Ghidra-12.0.4/ghidra_psx_ldr-2026.07.08	machine-assisted WIP boundary
GAME.EXE	0x80044308	0x32b08	0x70	0x70	1	function	mips-frame-carve			scripts/kf/audit_functions.py	anonymous WIP start; stack-frame+ra-save+matching-stack-return
GAME.EXE	0x80044378	0x32b78	0x50	0x50	1	function	ghidra-analysis			Ghidra-12.0.4/ghidra_psx_ldr-2026.07.08	machine-assisted WIP boundary
GAME.EXE	0x800443c8	0x32bc8	0x70	0x70	1	function	mips-frame-carve			scripts/kf/audit_functions.py	anonymous WIP start; stack-frame+ra-save+matching-stack-return
GAME.EXE	0x80044438	0x32c38	0x50	0x50	1	function	mips-frame-carve			scripts/kf/audit_functions.py	anonymous WIP start; stack-frame+ra-save+matching-stack-return
GAME.EXE	0x80044488	0x32c88	0x3c	0x3c	1	function	mips-return-carve			scripts/kf/audit_functions.py	anonymous WIP start; previous-return+return-delimited-valid-code
GAME.EXE	0x800444c4	0x32cc4	0x34	0x34	1	function	mips-return-carve			scripts/kf/audit_functions.py	anonymous WIP start; previous-return+return-delimited-valid-code
GAME.EXE	0x800444f8	0x32cf8	0x34	0x34	1	function	mips-return-carve			scripts/kf/audit_functions.py	anonymous WIP start; previous-return+return-delimited-valid-code
GAME.EXE	0x8004452c	0x32d2c	0x94	0x94	1	function	ghidra-analysis			Ghidra-12.0.4/ghidra_psx_ldr-2026.07.08	machine-assisted WIP boundary
GAME.EXE	0x800445c0	0x32dc0	0x8c	0x8c	1	function	ghidra-analysis			Ghidra-12.0.4/ghidra_psx_ldr-2026.07.08	machine-assisted WIP boundary
GAME.EXE	0x8004464c	0x32e4c	0x5c	0x5c	1	function	mips-frame-carve			scripts/kf/audit_functions.py	anonymous WIP start; stack-frame+ra-save+matching-stack-return
GAME.EXE	0x800446a8	0x32ea8	0x400	0x400	1	function	ghidra-analysis			Ghidra-12.0.4/ghidra_psx_ldr-2026.07.08	machine-assisted WIP boundary
GAME.EXE	0x80044aa8	0x332a8	0xd0	0xd0	1	function	ghidra-analysis			Ghidra-12.0.4/ghidra_psx_ldr-2026.07.08	machine-assisted WIP boundary
GAME.EXE	0x80044b78	0x33378	0x16c	0x16c	1	function	mips-frame-carve			scripts/kf/audit_functions.py	anonymous WIP start; stack-frame+ra-save+matching-stack-return
GAME.EXE	0x80044ce4	0x334e4	0x28	0x28	1	function	ghidra-analysis			Ghidra-12.0.4/ghidra_psx_ldr-2026.07.08	machine-assisted WIP boundary
GAME.EXE	0x80044d0c	0x3350c	0x19c	0x19c	1	function	mips-frame-carve			scripts/kf/audit_functions.py	anonymous WIP start; stack-frame+ra-save+matching-stack-return
GAME.EXE	0x80044ea8	0x336a8	0x104	0x104	1	function	ghidra-analysis			Ghidra-12.0.4/ghidra_psx_ldr-2026.07.08	machine-assisted WIP boundary
GAME.EXE	0x80044fac	0x337ac	0x3cc	0x3cc	1	function	ghidra-analysis			Ghidra-12.0.4/ghidra_psx_ldr-2026.07.08	machine-assisted WIP boundary
GAME.EXE	0x80045378	0x33b78	0x124	0x124	1	function	ghidra-analysis			Ghidra-12.0.4/ghidra_psx_ldr-2026.07.08	machine-assisted WIP boundary
GAME.EXE	0x8004549c	0x33c9c	0x3c	0x3c	1	function	mips-frame-carve			scripts/kf/audit_functions.py	anonymous WIP start; stack-frame+ra-save+matching-stack-return
GAME.EXE	0x800454d8	0x33cd8	0xf8	0xf8	1	function	mips-frame-carve			scripts/kf/audit_functions.py	anonymous WIP start; stack-frame+ra-save+matching-stack-return
GAME.EXE	0x800455d0	0x33dd0	0xb4	0xb4	1	function	mips-return-carve			scripts/kf/audit_functions.py	anonymous WIP start; previous-return+return-delimited-valid-code
GAME.EXE	0x80045684	0x33e84	0xe4	0xe4	1	function	mips-return-carve			scripts/kf/audit_functions.py	anonymous WIP start; previous-return+return-delimited-valid-code
GAME.EXE	0x80045768	0x33f68	0x94	0x94	1	function	mips-return-carve			scripts/kf/audit_functions.py	anonymous WIP start; previous-return+return-delimited-valid-code
GAME.EXE	0x800457fc	0x33ffc	0x108	0x108	1	function	ghidra-analysis			Ghidra-12.0.4/ghidra_psx_ldr-2026.07.08	machine-assisted WIP boundary
GAME.EXE	0x80045904	0x34104	0xcc	0xcc	1	function	mips-frame-carve			scripts/kf/audit_functions.py	anonymous WIP start; stack-frame+ra-save+matching-stack-return
GAME.EXE	0x800459d0	0x341d0	0x23c	0x23c	1	function	ghidra-analysis			Ghidra-12.0.4/ghidra_psx_ldr-2026.07.08	machine-assisted WIP boundary
GAME.EXE	0x80045c0c	0x3440c	0x1c8	0x1c8	1	function	ghidra-analysis			Ghidra-12.0.4/ghidra_psx_ldr-2026.07.08	machine-assisted WIP boundary
GAME.EXE	0x80045dd4	0x345d4	0x58	0x58	1	function	mips-return-carve			scripts/kf/audit_functions.py	anonymous WIP start; previous-return+return-delimited-valid-code
GAME.EXE	0x80045e2c	0x3462c	0x40	0x40	1	function	mips-return-carve			scripts/kf/audit_functions.py	anonymous WIP start; previous-return+return-delimited-valid-code
GAME.EXE	0x80045e6c	0x3466c	0xb0	0xb0	1	function	mips-return-carve			scripts/kf/audit_functions.py	anonymous WIP start; previous-return+return-delimited-valid-code
GAME.EXE	0x80045f1c	0x3471c	0x60	0x60	1	function	mips-return-carve			scripts/kf/audit_functions.py	anonymous WIP start; previous-return+return-delimited-valid-code
GAME.EXE	0x80045f7c	0x3477c	0x1c	0x1c	1	function	mips-return-carve			scripts/kf/audit_functions.py	anonymous WIP start; previous-return+return-delimited-valid-code
GAME.EXE	0x80045f98	0x34798	0x1c	0x1c	1	function	mips-return-carve			scripts/kf/audit_functions.py	anonymous WIP start; previous-return+return-delimited-valid-code
GAME.EXE	0x80045fb4	0x347b4	0x20	0x20	1	function	ghidra-analysis			Ghidra-12.0.4/ghidra_psx_ldr-2026.07.08	machine-assisted WIP boundary
GAME.EXE	0x80045fd4	0x347d4	0x20	0x20	1	function	ghidra-analysis			Ghidra-12.0.4/ghidra_psx_ldr-2026.07.08	machine-assisted WIP boundary
GAME.EXE	0x80045ff4	0x347f4	0x60	0x60	1	function	ghidra-analysis			Ghidra-12.0.4/ghidra_psx_ldr-2026.07.08	machine-assisted WIP boundary
GAME.EXE	0x80046054	0x34854	0x10	0x10	1	function	mips-return-carve			scripts/kf/audit_functions.py	anonymous WIP start; previous-return+return-delimited-valid-code
GAME.EXE	0x80046064	0x34864	0xbc	0xbc	1	function	ghidra-analysis			Ghidra-12.0.4/ghidra_psx_ldr-2026.07.08	machine-assisted WIP boundary
GAME.EXE	0x80046120	0x34920	0x40	0x40	1	function	ghidra-analysis			Ghidra-12.0.4/ghidra_psx_ldr-2026.07.08	machine-assisted WIP boundary
GAME.EXE	0x80046160	0x34960	0x40	0x40	1	function	ghidra-analysis			Ghidra-12.0.4/ghidra_psx_ldr-2026.07.08	machine-assisted WIP boundary
GAME.EXE	0x800461a0	0x349a0	0xac	0xac	1	function	mips-frame-carve			scripts/kf/audit_functions.py	anonymous WIP start; stack-frame+ra-save+matching-stack-return
GAME.EXE	0x8004624c	0x34a4c	0xd8	0xd8	1	function	mips-frame-carve			scripts/kf/audit_functions.py	anonymous WIP start; stack-frame+ra-save+matching-stack-return
GAME.EXE	0x80046324	0x34b24	0x28	0x28	1	function	mips-return-carve			scripts/kf/audit_functions.py	anonymous WIP start; previous-return+return-delimited-valid-code
GAME.EXE	0x8004634c	0x34b4c	0x20	0x20	1	function	mips-frame-carve			scripts/kf/audit_functions.py	anonymous WIP start; stack-frame+ra-save+matching-stack-return
GAME.EXE	0x80046374	0x34b74	0x160	0x160	1	function	mips-frame-carve			scripts/kf/audit_functions.py	anonymous WIP start; stack-frame+ra-save+matching-stack-return
GAME.EXE	0x800464d4	0x34cd4	0xac	0xac	1	function	ghidra-analysis			Ghidra-12.0.4/ghidra_psx_ldr-2026.07.08	machine-assisted WIP boundary
GAME.EXE	0x80046580	0x34d80	0xb0	0xb0	1	function	ghidra-analysis			Ghidra-12.0.4/ghidra_psx_ldr-2026.07.08	machine-assisted WIP boundary
GAME.EXE	0x80046630	0x34e30	0x2c	0x2c	1	function	ghidra-analysis			Ghidra-12.0.4/ghidra_psx_ldr-2026.07.08	machine-assisted WIP boundary
GAME.EXE	0x8004665c	0x34e5c	0x10	0x10	1	function	ghidra-analysis			Ghidra-12.0.4/ghidra_psx_ldr-2026.07.08	machine-assisted WIP boundary
GAME.EXE	0x8004666c	0x34e6c	0x54	0x54	1	function	ghidra-analysis			Ghidra-12.0.4/ghidra_psx_ldr-2026.07.08	machine-assisted WIP boundary
GAME.EXE	0x800466c0	0x34ec0	0x6c	0x6c	1	function	ghidra-analysis			Ghidra-12.0.4/ghidra_psx_ldr-2026.07.08	machine-assisted WIP boundary
GAME.EXE	0x8004672c	0x34f2c	0x50	0x50	1	function	ghidra-analysis			Ghidra-12.0.4/ghidra_psx_ldr-2026.07.08	machine-assisted WIP boundary
GAME.EXE	0x8004677c	0x34f7c	0x88	0x88	1	function	mips-frame-carve			scripts/kf/audit_functions.py	anonymous WIP start; stack-frame+ra-save+matching-stack-return+relocation-candidate
GAME.EXE	0x80046804	0x35004	0x30	0x30	1	function	mips-frame-carve			scripts/kf/audit_functions.py	anonymous WIP start; stack-frame+ra-save+matching-stack-return+relocation-candidate
GAME.EXE	0x80046834	0x35034	0x58	0x58	1	function	ghidra-analysis			Ghidra-12.0.4/ghidra_psx_ldr-2026.07.08	machine-assisted WIP boundary
GAME.EXE	0x8004688c	0x3508c	0x4c	0x4c	1	function	ghidra-analysis			Ghidra-12.0.4/ghidra_psx_ldr-2026.07.08	machine-assisted WIP boundary
GAME.EXE	0x800468d8	0x350d8	0xb0	0xb0	1	function	ghidra-analysis			Ghidra-12.0.4/ghidra_psx_ldr-2026.07.08	machine-assisted WIP boundary
GAME.EXE	0x80046990	0x35190	0x104	0x104	1	function	mips-frame-carve			scripts/kf/audit_functions.py	anonymous WIP start; stack-frame+ra-save+matching-stack-return
GAME.EXE	0x80046a94	0x35294	0x710	0x710	1	function	mips-frame-carve			scripts/kf/audit_functions.py	anonymous WIP start; stack-frame+ra-save+matching-stack-return+relocation-candidate
GAME.EXE	0x800471a4	0x359a4	0x544	0x544	1	function	ghidra-analysis			Ghidra-12.0.4/ghidra_psx_ldr-2026.07.08	machine-assisted WIP boundary
GAME.EXE	0x800476e8	0x35ee8	0x1dc	0x1dc	1	function	ghidra-analysis			Ghidra-12.0.4/ghidra_psx_ldr-2026.07.08	machine-assisted WIP boundary
GAME.EXE	0x800478c4	0x360c4	0x368	0x368	1	function	ghidra-analysis			Ghidra-12.0.4/ghidra_psx_ldr-2026.07.08	machine-assisted WIP boundary
GAME.EXE	0x80047c2c	0x3642c	0x100	0x100	1	function	ghidra-analysis			Ghidra-12.0.4/ghidra_psx_ldr-2026.07.08	machine-assisted WIP boundary
GAME.EXE	0x80047d2c	0x3652c	0x8c	0x8c	1	function	ghidra-analysis			Ghidra-12.0.4/ghidra_psx_ldr-2026.07.08	machine-assisted WIP boundary
GAME.EXE	0x80047db8	0x365b8	0x428	0x428	1	function	ghidra-analysis			Ghidra-12.0.4/ghidra_psx_ldr-2026.07.08	machine-assisted WIP boundary
GAME.EXE	0x800481e0	0x369e0	0x1b0	0x1b0	1	function	ghidra-analysis			Ghidra-12.0.4/ghidra_psx_ldr-2026.07.08	machine-assisted WIP boundary
GAME.EXE	0x80048390	0x36b90	0x1b0	0x1b0	1	function	ghidra-analysis			Ghidra-12.0.4/ghidra_psx_ldr-2026.07.08	machine-assisted WIP boundary
GAME.EXE	0x80048540	0x36d40	0x278	0x278	1	function	ghidra-analysis			Ghidra-12.0.4/ghidra_psx_ldr-2026.07.08	machine-assisted WIP boundary
GAME.EXE	0x800487b8	0x36fb8	0x110	0x110	1	function	ghidra-analysis			Ghidra-12.0.4/ghidra_psx_ldr-2026.07.08	machine-assisted WIP boundary
GAME.EXE	0x800488c8	0x370c8	0x1f0	0x1f0	1	function	ghidra-analysis			Ghidra-12.0.4/ghidra_psx_ldr-2026.07.08	machine-assisted WIP boundary
GAME.EXE	0x80048ab8	0x372b8	0x23c	0x23c	1	function	ghidra-analysis			Ghidra-12.0.4/ghidra_psx_ldr-2026.07.08	machine-assisted WIP boundary
GAME.EXE	0x80048cf4	0x374f4	0x9c	0x9c	1	function	ghidra-analysis			Ghidra-12.0.4/ghidra_psx_ldr-2026.07.08	machine-assisted WIP boundary
GAME.EXE	0x80048d90	0x37590	0x9c	0x9c	1	function	ghidra-analysis			Ghidra-12.0.4/ghidra_psx_ldr-2026.07.08	machine-assisted WIP boundary
GAME.EXE	0x80048e2c	0x3762c	0x654	0x654	1	function	ghidra-analysis			Ghidra-12.0.4/ghidra_psx_ldr-2026.07.08	machine-assisted WIP boundary
GAME.EXE	0x80049480	0x37c80	0x340	0x340	1	function	ghidra-analysis			Ghidra-12.0.4/ghidra_psx_ldr-2026.07.08	machine-assisted WIP boundary
GAME.EXE	0x800497c0	0x37fc0	0xc8	0xc8	1	function	ghidra-analysis			Ghidra-12.0.4/ghidra_psx_ldr-2026.07.08	machine-assisted WIP boundary
GAME.EXE	0x80049888	0x38088	0x4f8	0x4f8	1	function	ghidra-analysis			Ghidra-12.0.4/ghidra_psx_ldr-2026.07.08	machine-assisted WIP boundary
GAME.EXE	0x80049d80	0x38580	0x110	0x110	1	function	ghidra-analysis			Ghidra-12.0.4/ghidra_psx_ldr-2026.07.08	machine-assisted WIP boundary
GAME.EXE	0x80049e90	0x38690	0x140	0x140	1	function	ghidra-analysis			Ghidra-12.0.4/ghidra_psx_ldr-2026.07.08	machine-assisted WIP boundary
GAME.EXE	0x80049fd0	0x387d0	0x5c	0x5c	1	function	ghidra-analysis			Ghidra-12.0.4/ghidra_psx_ldr-2026.07.08	machine-assisted WIP boundary
GAME.EXE	0x8004a02c	0x3882c	0x8c	0x8c	1	function	ghidra-analysis			Ghidra-12.0.4/ghidra_psx_ldr-2026.07.08	machine-assisted WIP boundary
GAME.EXE	0x8004a0b8	0x388b8	0x38	0x38	1	function	ghidra-analysis			Ghidra-12.0.4/ghidra_psx_ldr-2026.07.08	machine-assisted WIP boundary
GAME.EXE	0x8004a0f0	0x388f0	0x38	0x38	1	function	mips-frame-carve			scripts/kf/audit_functions.py	anonymous WIP start; stack-frame+ra-save+matching-stack-return
GAME.EXE	0x8004a128	0x38928	0xf4	0xf4	1	function	mips-frame-carve			scripts/kf/audit_functions.py	anonymous WIP start; stack-frame+ra-save+matching-stack-return
GAME.EXE	0x8004a21c	0x38a1c	0x128	0x128	1	function	ghidra-analysis			Ghidra-12.0.4/ghidra_psx_ldr-2026.07.08	machine-assisted WIP boundary
GAME.EXE	0x8004a344	0x38b44	0x30	0x30	1	function	ghidra-analysis			Ghidra-12.0.4/ghidra_psx_ldr-2026.07.08	machine-assisted WIP boundary
GAME.EXE	0x8004a374	0x38b74	0x54	0x54	1	function	mips-return-carve			scripts/kf/audit_functions.py	anonymous WIP start; previous-return+return-delimited-valid-code
GAME.EXE	0x8004a3c8	0x38bc8	0x164	0x164	1	function	ghidra-analysis			Ghidra-12.0.4/ghidra_psx_ldr-2026.07.08	machine-assisted WIP boundary
GAME.EXE	0x8004a52c	0x38d2c	0x30	0x30	1	function	ghidra-analysis			Ghidra-12.0.4/ghidra_psx_ldr-2026.07.08	machine-assisted WIP boundary
GAME.EXE	0x8004a55c	0x38d5c	0x2f8	0x2f8	1	function	cross-overlay-sdk-candidate	SsSeqCalledTbyT		config/evidence/overlay_lineage.tsv;LIBSND/SSCALL	boundary corrected eight bytes earlier; name remains a structural candidate: psy-k extraction of the Release 2.5 LIBSND.LIB SSCALL object (0x244 bytes) aligns best at retail+0x7c with 72 equal, 28 relocation-masked, and 45 differing words of 145, so this 0x2f8-byte body is a different libsnd build and no supplied archive proves it
GAME.EXE	0x8004a854	0x39054	0x548	0x548	1	function	ghidra-analysis			Ghidra-12.0.4/ghidra_psx_ldr-2026.07.08	machine-assisted WIP boundary
GAME.EXE	0x8004ad9c	0x3959c	0x68	0x68	1	function	ghidra-analysis			Ghidra-12.0.4/ghidra_psx_ldr-2026.07.08	machine-assisted WIP boundary
GAME.EXE	0x8004ae04	0x39604	0x2c	0x2c	1	function	ghidra-analysis			Ghidra-12.0.4/ghidra_psx_ldr-2026.07.08	machine-assisted WIP boundary
GAME.EXE	0x8004ae30	0x39630	0x530	0x530	1	function	ghidra-analysis			Ghidra-12.0.4/ghidra_psx_ldr-2026.07.08	machine-assisted WIP boundary
GAME.EXE	0x8004b360	0x39b60	0x94	0x94	1	function	ghidra-analysis			Ghidra-12.0.4/ghidra_psx_ldr-2026.07.08	machine-assisted WIP boundary
GAME.EXE	0x8004b3f4	0x39bf4	0x64	0x64	1	function	mips-return-carve			scripts/kf/audit_functions.py	anonymous WIP start; previous-return+return-delimited-valid-code
GAME.EXE	0x8004b458	0x39c58	0x24c	0x24c	1	function	ghidra-analysis			Ghidra-12.0.4/ghidra_psx_ldr-2026.07.08	machine-assisted WIP boundary
GAME.EXE	0x8004b6a4	0x39ea4	0x3c	0x3c	1	function	ghidra-analysis			Ghidra-12.0.4/ghidra_psx_ldr-2026.07.08	machine-assisted WIP boundary
GAME.EXE	0x8004b6e0	0x39ee0	0x168	0x168	1	function	ghidra-analysis			Ghidra-12.0.4/ghidra_psx_ldr-2026.07.08	machine-assisted WIP boundary
GAME.EXE	0x8004b848	0x3a048	0x168	0x168	1	function	mips-frame-carve			scripts/kf/audit_functions.py	anonymous WIP start; stack-frame+ra-save+matching-stack-return
GAME.EXE	0x8004b9b0	0x3a1b0	0x1e4	0x1e4	1	function	mips-frame-carve			scripts/kf/audit_functions.py	anonymous WIP start; stack-frame+ra-save+matching-stack-return
GAME.EXE	0x8004bb94	0x3a394	0x128	0x128	1	function	mips-return-carve			scripts/kf/audit_functions.py	anonymous WIP start; previous-return+return-delimited-valid-code+relocation-candidate
GAME.EXE	0x8004bcbc	0x3a4bc	0xa0	0xa0	1	function	mips-return-carve			scripts/kf/audit_functions.py	anonymous WIP start; previous-return+return-delimited-valid-code+relocation-candidate
GAME.EXE	0x8004bd5c	0x3a55c	0xbc	0xbc	1	function	mips-frame-carve			scripts/kf/audit_functions.py	anonymous WIP start; stack-frame+ra-save+matching-stack-return+relocation-candidate
GAME.EXE	0x8004be18	0x3a618	0x50	0x50	1	function	mips-frame-carve			scripts/kf/audit_functions.py	anonymous WIP start; stack-frame+ra-save+matching-stack-return+relocation-candidate
GAME.EXE	0x8004be68	0x3a668	0x94	0x94	1	function	mips-return-carve			scripts/kf/audit_functions.py	anonymous WIP start; previous-return+return-delimited-valid-code+relocation-candidate
GAME.EXE	0x8004befc	0x3a6fc	0x70	0x70	1	function	mips-frame-carve			scripts/kf/audit_functions.py	anonymous WIP start; stack-frame+ra-save+matching-stack-return
GAME.EXE	0x8004bf6c	0x3a76c	0x158	0x158	1	function	mips-return-carve			scripts/kf/audit_functions.py	anonymous WIP start; previous-return+return-delimited-valid-code+relocation-candidate
GAME.EXE	0x8004c0c4	0x3a8c4	0x98	0x98	1	function	mips-frame-carve			scripts/kf/audit_functions.py	anonymous WIP start; stack-frame+ra-save+matching-stack-return
GAME.EXE	0x8004c15c	0x3a95c	0xd0	0xd0	1	function	ghidra-analysis			Ghidra-12.0.4/ghidra_psx_ldr-2026.07.08	machine-assisted WIP boundary
GAME.EXE	0x8004c22c	0x3aa2c	0x68	0x68	1	function	ghidra-analysis			Ghidra-12.0.4/ghidra_psx_ldr-2026.07.08	machine-assisted WIP boundary
GAME.EXE	0x8004c294	0x3aa94	0x54	0x54	1	function	mips-return-carve			scripts/kf/audit_functions.py	anonymous WIP start; previous-return+return-delimited-valid-code
GAME.EXE	0x8004c2e8	0x3aae8	0x54	0x54	1	function	mips-return-carve			scripts/kf/audit_functions.py	anonymous WIP start; previous-return+return-delimited-valid-code
GAME.EXE	0x8004c33c	0x3ab3c	0x8c	0x8c	1	function	mips-return-carve			scripts/kf/audit_functions.py	anonymous WIP start; previous-return+return-delimited-valid-code
GAME.EXE	0x8004c3c8	0x3abc8	0x8c	0x8c	1	function	mips-return-carve			scripts/kf/audit_functions.py	anonymous WIP start; previous-return+return-delimited-valid-code
GAME.EXE	0x8004c454	0x3ac54	0x60	0x60	1	function	mips-return-carve			scripts/kf/audit_functions.py	anonymous WIP start; previous-return+return-delimited-valid-code
GAME.EXE	0x8004c4b4	0x3acb4	0x78	0x78	1	function	mips-return-carve			scripts/kf/audit_functions.py	anonymous WIP start; previous-return+return-delimited-valid-code
GAME.EXE	0x8004c52c	0x3ad2c	0xc8	0xc8	1	function	ghidra-analysis			Ghidra-12.0.4/ghidra_psx_ldr-2026.07.08	machine-assisted WIP boundary
GAME.EXE	0x8004c5f4	0x3adf4	0xc8	0xc8	1	function	mips-return-carve			scripts/kf/audit_functions.py	anonymous WIP start; previous-return+return-delimited-valid-code
GAME.EXE	0x8004c6bc	0x3aebc	0x84	0x7c	2	function	ghidra-analysis			Ghidra-12.0.4/ghidra_psx_ldr-2026.07.08	machine-assisted WIP boundary
GAME.EXE	0x8004c740	0x3af40	0x80	0x80	1	function	mips-return-carve			scripts/kf/audit_functions.py	anonymous WIP start; previous-return+return-delimited-valid-code
GAME.EXE	0x8004c7c0	0x3afc0	0xc	0xc	1	function	mips-return-carve			scripts/kf/audit_functions.py	anonymous WIP start; previous-return+return-delimited-valid-code
GAME.EXE	0x8004c7cc	0x3afcc	0x8	0x8	1	function	mips-return-carve			scripts/kf/audit_functions.py	anonymous WIP start; previous-return+return-delimited-valid-code
GAME.EXE	0x8004c7d4	0x3afd4	0x8c	0x84	2	function	ghidra-analysis			Ghidra-12.0.4/ghidra_psx_ldr-2026.07.08	machine-assisted WIP boundary
GAME.EXE	0x8004c860	0x3b060	0x80	0x80	1	function	ghidra-analysis	gteMIMefunc		Ghidra-12.0.4/ghidra_psx_ldr-2026.07.08	machine-assisted WIP boundary
GAME.EXE	0x8004c8e0	0x3b0e0	0x7c	0x7c	1	function	mips-return-carve			scripts/kf/audit_functions.py	anonymous WIP start; previous-return+return-delimited-valid-code
GAME.EXE	0x8004c95c	0x3b15c	0x4c	0x4c	1	function	mips-return-carve			scripts/kf/audit_functions.py	anonymous WIP start; previous-return+return-delimited-valid-code
GAME.EXE	0x8004c9ac	0x3b1ac	0x10	0x10	1	function	mips-return-carve			scripts/kf/audit_functions.py	anonymous WIP start; previous-return+return-delimited-valid-code+skipped-1-padding-nop
GAME.EXE	0x8004c9bc	0x3b1bc	0x10	0x10	1	function	mips-return-carve			scripts/kf/audit_functions.py	anonymous WIP start; previous-return+return-delimited-valid-code
GAME.EXE	0x8004c9cc	0x3b1cc	0x10	0x10	1	function	mips-return-carve			scripts/kf/audit_functions.py	anonymous WIP start; previous-return+return-delimited-valid-code
GAME.EXE	0x8004c9dc	0x3b1dc	0x20	0x20	1	function	mips-return-carve			scripts/kf/audit_functions.py	anonymous WIP start; previous-return+return-delimited-valid-code
GAME.EXE	0x8004c9fc	0x3b1fc	0xc	0xc	1	function	mips-return-carve			scripts/kf/audit_functions.py	anonymous WIP start; previous-return+return-delimited-valid-code
GAME.EXE	0x8004ca08	0x3b208	0x14	0x14	1	function	mips-return-carve			scripts/kf/audit_functions.py	anonymous WIP start; previous-return+return-delimited-valid-code
GAME.EXE	0x8004ca1c	0x3b21c	0x14	0x14	1	function	mips-return-carve			scripts/kf/audit_functions.py	anonymous WIP start; previous-return+return-delimited-valid-code
GAME.EXE	0x8004ca30	0x3b230	0xc	0xc	1	function	mips-return-carve			scripts/kf/audit_functions.py	anonymous WIP start; previous-return+return-delimited-valid-code
GAME.EXE	0x8004ca3c	0x3b23c	0x20	0x20	1	function	ghidra-analysis	SetBackColor		Ghidra-12.0.4/ghidra_psx_ldr-2026.07.08	machine-assisted WIP boundary
GAME.EXE	0x8004ca5c	0x3b25c	0x20	0x20	1	function	ghidra-analysis	SetFarColor		Ghidra-12.0.4/ghidra_psx_ldr-2026.07.08	machine-assisted WIP boundary
GAME.EXE	0x8004ca7c	0x3b27c	0x14	0x14	1	function	mips-return-carve			scripts/kf/audit_functions.py	anonymous WIP start; previous-return+return-delimited-valid-code
GAME.EXE	0x8004ca90	0x3b290	0x18	0x18	1	function	mips-return-carve			scripts/kf/audit_functions.py	anonymous WIP start; previous-return+return-delimited-valid-code
GAME.EXE	0x8004caa8	0x3b2a8	0x14	0x14	1	function	mips-return-carve			scripts/kf/audit_functions.py	anonymous WIP start; previous-return+return-delimited-valid-code
GAME.EXE	0x8004cabc	0x3b2bc	0x14	0x14	1	function	mips-return-carve			scripts/kf/audit_functions.py	anonymous WIP start; previous-return+return-delimited-valid-code
GAME.EXE	0x8004cad0	0x3b2d0	0x14	0x14	1	function	mips-return-carve			scripts/kf/audit_functions.py	anonymous WIP start; previous-return+return-delimited-valid-code
GAME.EXE	0x8004cae4	0x3b2e4	0xc	0xc	1	function	mips-return-carve			scripts/kf/audit_functions.py	anonymous WIP start; previous-return+return-delimited-valid-code
GAME.EXE	0x8004caf0	0x3b2f0	0x18	0x18	1	function	ghidra-analysis			Ghidra-12.0.4/ghidra_psx_ldr-2026.07.08	machine-assisted WIP boundary
GAME.EXE	0x8004cb08	0x3b308	0xc	0xc	1	function	ghidra-analysis			Ghidra-12.0.4/ghidra_psx_ldr-2026.07.08	machine-assisted WIP boundary
GAME.EXE	0x8004cb14	0x3b314	0xc	0xc	1	function	ghidra-analysis			Ghidra-12.0.4/ghidra_psx_ldr-2026.07.08	machine-assisted WIP boundary
GAME.EXE	0x8004cb20	0x3b320	0xc	0xc	1	function	ghidra-analysis			Ghidra-12.0.4/ghidra_psx_ldr-2026.07.08	machine-assisted WIP boundary
GAME.EXE	0x8004cb2c	0x3b32c	0xc	0xc	1	function	mips-return-carve			scripts/kf/audit_functions.py	anonymous WIP start; previous-return+return-delimited-valid-code
GAME.EXE	0x8004cb38	0x3b338	0xc	0xc	1	function	mips-return-carve			scripts/kf/audit_functions.py	anonymous WIP start; previous-return+return-delimited-valid-code
GAME.EXE	0x8004cb44	0x3b344	0x14	0x14	1	function	mips-return-carve			scripts/kf/audit_functions.py	anonymous WIP start; previous-return+return-delimited-valid-code
GAME.EXE	0x8004cb58	0x3b358	0xc	0xc	1	function	ghidra-analysis			Ghidra-12.0.4/ghidra_psx_ldr-2026.07.08	machine-assisted WIP boundary
GAME.EXE	0x8004cb64	0x3b364	0x14	0x14	1	function	mips-return-carve			scripts/kf/audit_functions.py	anonymous WIP start; previous-return+return-delimited-valid-code
GAME.EXE	0x8004cb78	0x3b378	0x18	0x18	1	function	mips-return-carve			scripts/kf/audit_functions.py	anonymous WIP start; previous-return+return-delimited-valid-code
GAME.EXE	0x8004cb90	0x3b390	0x14	0x14	1	function	mips-return-carve			scripts/kf/audit_functions.py	anonymous WIP start; previous-return+return-delimited-valid-code
GAME.EXE	0x8004cba4	0x3b3a4	0x14	0x14	1	function	mips-return-carve			scripts/kf/audit_functions.py	anonymous WIP start; previous-return+return-delimited-valid-code
GAME.EXE	0x8004cbb8	0x3b3b8	0xc	0xc	1	function	mips-return-carve			scripts/kf/audit_functions.py	anonymous WIP start; previous-return+return-delimited-valid-code
GAME.EXE	0x8004cbc4	0x3b3c4	0x14	0x14	1	function	mips-return-carve			scripts/kf/audit_functions.py	anonymous WIP start; previous-return+return-delimited-valid-code
GAME.EXE	0x8004cbd8	0x3b3d8	0x30	0x30	1	function	ghidra-analysis	ReadORGB		Ghidra-12.0.4/ghidra_psx_ldr-2026.07.08	machine-assisted WIP boundary
GAME.EXE	0x8004cc08	0x3b408	0xc	0xc	1	function	mips-return-carve			scripts/kf/audit_functions.py	anonymous WIP start; previous-return+return-delimited-valid-code
GAME.EXE	0x8004cc14	0x3b414	0xc	0xc	1	function	mips-return-carve			scripts/kf/audit_functions.py	anonymous WIP start; previous-return+return-delimited-valid-code
GAME.EXE	0x8004cc20	0x3b420	0x20	0x20	1	function	ghidra-analysis	ReadGeomOffset		Ghidra-12.0.4/ghidra_psx_ldr-2026.07.08	machine-assisted WIP boundary
GAME.EXE	0x8004cc40	0x3b440	0xc	0xc	1	function	mips-return-carve			scripts/kf/audit_functions.py	anonymous WIP start; previous-return+return-delimited-valid-code
GAME.EXE	0x8004cc4c	0x3b44c	0x188	0x188	1	function	mips-return-carve			scripts/kf/audit_functions.py	anonymous WIP start; previous-return+return-delimited-valid-code
GAME.EXE	0x8004cdd4	0x3b5d4	0x124	0x124	1	function	ghidra-analysis			Ghidra-12.0.4/ghidra_psx_ldr-2026.07.08	machine-assisted WIP boundary
GAME.EXE	0x8004cef8	0x3b6f8	0xfc	0xfc	1	function	mips-return-carve			scripts/kf/audit_functions.py	anonymous WIP start; previous-return+return-delimited-valid-code
GAME.EXE	0x8004cff4	0x3b7f4	0x128	0x128	1	function	ghidra-analysis			Ghidra-12.0.4/ghidra_psx_ldr-2026.07.08	machine-assisted WIP boundary
GAME.EXE	0x8004d11c	0x3b91c	0x128	0x128	1	function	ghidra-analysis			Ghidra-12.0.4/ghidra_psx_ldr-2026.07.08	machine-assisted WIP boundary
GAME.EXE	0x8004d244	0x3ba44	0x100	0x100	1	function	mips-return-carve			scripts/kf/audit_functions.py	anonymous WIP start; previous-return+return-delimited-valid-code
GAME.EXE	0x8004d344	0x3bb44	0x12c	0x12c	1	function	mips-return-carve			scripts/kf/audit_functions.py	anonymous WIP start; previous-return+return-delimited-valid-code
GAME.EXE	0x8004d470	0x3bc70	0x68	0x68	1	function	ghidra-analysis			Ghidra-12.0.4/ghidra_psx_ldr-2026.07.08	machine-assisted WIP boundary
GAME.EXE	0x8004d4d8	0x3bcd8	0x40	0x40	1	function	mips-return-carve			scripts/kf/audit_functions.py	anonymous WIP start; previous-return+return-delimited-valid-code
GAME.EXE	0x8004d518	0x3bd18	0x24	0x24	1	function	mips-return-carve			scripts/kf/audit_functions.py	anonymous WIP start; previous-return+return-delimited-valid-code
GAME.EXE	0x8004d53c	0x3bd3c	0x124	0x124	1	function	ghidra-analysis			Ghidra-12.0.4/ghidra_psx_ldr-2026.07.08	machine-assisted WIP boundary
GAME.EXE	0x8004d660	0x3be60	0x124	0x124	1	function	mips-return-carve			scripts/kf/audit_functions.py	anonymous WIP start; previous-return+return-delimited-valid-code
GAME.EXE	0x8004d784	0x3bf84	0x30	0x30	1	function	ghidra-analysis	SetRotMatrix		Ghidra-12.0.4/ghidra_psx_ldr-2026.07.08	machine-assisted WIP boundary
GAME.EXE	0x8004d7b4	0x3bfb4	0x30	0x30	1	function	ghidra-analysis	SetLightMatrix		Ghidra-12.0.4/ghidra_psx_ldr-2026.07.08	machine-assisted WIP boundary
GAME.EXE	0x8004d7e4	0x3bfe4	0x30	0x30	1	function	ghidra-analysis	SetColorMatrix		Ghidra-12.0.4/ghidra_psx_ldr-2026.07.08	machine-assisted WIP boundary
GAME.EXE	0x8004d814	0x3c014	0x20	0x20	1	function	ghidra-analysis	SetTransMatrix		Ghidra-12.0.4/ghidra_psx_ldr-2026.07.08	machine-assisted WIP boundary
GAME.EXE	0x8004d834	0x3c034	0xa0	0xa0	1	function	cross-overlay-sdk-lineage	PushMatrix		config/evidence/overlay_lineage.tsv;LIBGTE/MTX	branch target 0x8004d870 is an internal success path, not a function start
GAME.EXE	0x8004d8d4	0x3c0d4	0xa0	0xa0	1	function	cross-overlay-sdk-lineage	PopMatrix		config/evidence/overlay_lineage.tsv;LIBGTE/MTX	branch target 0x8004d90c is an internal success path, not a function start
GAME.EXE	0x8004d974	0x3c174	0x48	0x48	1	function	mips-return-carve			scripts/kf/audit_functions.py	anonymous WIP start; previous-return+return-delimited-valid-code
GAME.EXE	0x8004d9bc	0x3c1bc	0x48	0x48	1	function	mips-return-carve			scripts/kf/audit_functions.py	anonymous WIP start; previous-return+return-delimited-valid-code
GAME.EXE	0x8004da04	0x3c204	0x48	0x48	1	function	ghidra-analysis			Ghidra-12.0.4/ghidra_psx_ldr-2026.07.08	machine-assisted WIP boundary
GAME.EXE	0x8004da4c	0x3c24c	0x34	0x34	1	function	ghidra-analysis			Ghidra-12.0.4/ghidra_psx_ldr-2026.07.08	machine-assisted WIP boundary
GAME.EXE	0x8004da80	0x3c280	0x5c	0x5c	1	function	mips-return-carve			scripts/kf/audit_functions.py	anonymous WIP start; previous-return+return-delimited-valid-code
GAME.EXE	0x8004dadc	0x3c2dc	0x34	0x34	1	function	ghidra-analysis			Ghidra-12.0.4/ghidra_psx_ldr-2026.07.08	machine-assisted WIP boundary
GAME.EXE	0x8004db10	0x3c310	0x34	0x34	1	function	mips-return-carve			scripts/kf/audit_functions.py	anonymous WIP start; previous-return+return-delimited-valid-code
GAME.EXE	0x8004db44	0x3c344	0x28	0x28	1	function	mips-return-carve			scripts/kf/audit_functions.py	anonymous WIP start; previous-return+return-delimited-valid-code
GAME.EXE	0x8004db6c	0x3c36c	0x2c	0x2c	1	function	mips-return-carve			scripts/kf/audit_functions.py	anonymous WIP start; previous-return+return-delimited-valid-code
GAME.EXE	0x8004db98	0x3c398	0x2c	0x2c	1	function	mips-return-carve			scripts/kf/audit_functions.py	anonymous WIP start; previous-return+return-delimited-valid-code
GAME.EXE	0x8004dbc4	0x3c3c4	0x20	0x20	1	function	ghidra-analysis			Ghidra-12.0.4/ghidra_psx_ldr-2026.07.08	machine-assisted WIP boundary
GAME.EXE	0x8004dbe4	0x3c3e4	0x40	0x40	1	function	mips-return-carve			scripts/kf/audit_functions.py	anonymous WIP start; previous-return+return-delimited-valid-code
GAME.EXE	0x8004dc24	0x3c424	0x28	0x28	1	function	mips-return-carve			scripts/kf/audit_functions.py	anonymous WIP start; previous-return+return-delimited-valid-code
GAME.EXE	0x8004dc4c	0x3c44c	0x30	0x30	1	function	mips-return-carve			scripts/kf/audit_functions.py	anonymous WIP start; previous-return+return-delimited-valid-code
GAME.EXE	0x8004dc7c	0x3c47c	0x30	0x30	1	function	mips-return-carve			scripts/kf/audit_functions.py	anonymous WIP start; previous-return+return-delimited-valid-code
GAME.EXE	0x8004dcac	0x3c4ac	0x24	0x24	1	function	mips-return-carve			scripts/kf/audit_functions.py	anonymous WIP start; previous-return+return-delimited-valid-code
GAME.EXE	0x8004dcd0	0x3c4d0	0x44	0x44	1	function	mips-return-carve			scripts/kf/audit_functions.py	anonymous WIP start; previous-return+return-delimited-valid-code
GAME.EXE	0x8004dd14	0x3c514	0x2c	0x2c	1	function	ghidra-analysis			Ghidra-12.0.4/ghidra_psx_ldr-2026.07.08	machine-assisted WIP boundary
GAME.EXE	0x8004dd40	0x3c540	0x4c	0x4c	1	function	ghidra-analysis			Ghidra-12.0.4/ghidra_psx_ldr-2026.07.08	machine-assisted WIP boundary
GAME.EXE	0x8004dd8c	0x3c58c	0x24	0x24	1	function	ghidra-analysis			Ghidra-12.0.4/ghidra_psx_ldr-2026.07.08	machine-assisted WIP boundary
GAME.EXE	0x8004ddb0	0x3c5b0	0x48	0x48	1	function	ghidra-analysis			Ghidra-12.0.4/ghidra_psx_ldr-2026.07.08	machine-assisted WIP boundary
GAME.EXE	0x8004ddf8	0x3c5f8	0x2c	0x2c	1	function	mips-return-carve			scripts/kf/audit_functions.py	anonymous WIP start; previous-return+return-delimited-valid-code
GAME.EXE	0x8004de24	0x3c624	0x28	0x28	1	function	mips-return-carve			scripts/kf/audit_functions.py	anonymous WIP start; previous-return+return-delimited-valid-code
GAME.EXE	0x8004de4c	0x3c64c	0x2c	0x2c	1	function	ghidra-analysis			Ghidra-12.0.4/ghidra_psx_ldr-2026.07.08	machine-assisted WIP boundary
GAME.EXE	0x8004de78	0x3c678	0x18	0x18	1	function	mips-return-carve			scripts/kf/audit_functions.py	anonymous WIP start; previous-return+return-delimited-valid-code
GAME.EXE	0x8004de90	0x3c690	0x24	0x24	1	function	mips-return-carve			scripts/kf/audit_functions.py	anonymous WIP start; previous-return+return-delimited-valid-code
GAME.EXE	0x8004deb4	0x3c6b4	0x14	0x14	1	function	mips-return-carve			scripts/kf/audit_functions.py	anonymous WIP start; previous-return+return-delimited-valid-code
GAME.EXE	0x8004dec8	0x3c6c8	0x28	0x28	1	function	mips-return-carve			scripts/kf/audit_functions.py	anonymous WIP start; previous-return+return-delimited-valid-code
GAME.EXE	0x8004def0	0x3c6f0	0x14	0x14	1	function	mips-return-carve			scripts/kf/audit_functions.py	anonymous WIP start; previous-return+return-delimited-valid-code
GAME.EXE	0x8004df04	0x3c704	0x5c	0x5c	1	function	ghidra-analysis			Ghidra-12.0.4/ghidra_psx_ldr-2026.07.08	machine-assisted WIP boundary
GAME.EXE	0x8004df60	0x3c760	0x5c	0x5c	1	function	mips-return-carve			scripts/kf/audit_functions.py	anonymous WIP start; previous-return+return-delimited-valid-code
GAME.EXE	0x8004dfbc	0x3c7bc	0x18	0x18	1	function	mips-return-carve			scripts/kf/audit_functions.py	anonymous WIP start; previous-return+return-delimited-valid-code+relocation-candidate
GAME.EXE	0x8004dfdc	0x3c7dc	0x58	0x58	1	function	mips-return-carve			scripts/kf/audit_functions.py	anonymous WIP start; previous-return+return-delimited-valid-code+skipped-2-padding-nop
GAME.EXE	0x8004e034	0x3c834	0x80	0x80	1	function	mips-return-carve			scripts/kf/audit_functions.py	anonymous WIP start; previous-return+return-delimited-valid-code
GAME.EXE	0x8004e0b4	0x3c8b4	0x84	0x84	1	function	ghidra-analysis			Ghidra-12.0.4/ghidra_psx_ldr-2026.07.08	machine-assisted WIP boundary
GAME.EXE	0x8004e138	0x3c938	0x60	0x60	1	function	mips-return-carve			scripts/kf/audit_functions.py	anonymous WIP start; previous-return+return-delimited-valid-code
GAME.EXE	0x8004e198	0x3c998	0x88	0x88	1	function	mips-return-carve			scripts/kf/audit_functions.py	anonymous WIP start; previous-return+return-delimited-valid-code
GAME.EXE	0x8004e220	0x3ca20	0x34	0x34	1	function	mips-return-carve			scripts/kf/audit_functions.py	anonymous WIP start; previous-return+return-delimited-valid-code
GAME.EXE	0x8004e254	0x3ca54	0x8c	0x8c	1	function	mips-return-carve			scripts/kf/audit_functions.py	anonymous WIP start; previous-return+return-delimited-valid-code
GAME.EXE	0x8004e2e0	0x3cae0	0xbc	0xbc	1	function	mips-return-carve			scripts/kf/audit_functions.py	anonymous WIP start; previous-return+return-delimited-valid-code
GAME.EXE	0x8004e39c	0x3cb9c	0x94	0x94	1	function	mips-return-carve			scripts/kf/audit_functions.py	anonymous WIP start; previous-return+return-delimited-valid-code
GAME.EXE	0x8004e430	0x3cc30	0xac	0xac	1	function	mips-return-carve			scripts/kf/audit_functions.py	anonymous WIP start; previous-return+return-delimited-valid-code
GAME.EXE	0x8004e4dc	0x3ccdc	0xc0	0xc0	1	function	mips-return-carve			scripts/kf/audit_functions.py	anonymous WIP start; previous-return+return-delimited-valid-code
GAME.EXE	0x8004e59c	0x3cd9c	0x58	0x58	1	function	mips-return-carve			scripts/kf/audit_functions.py	anonymous WIP start; previous-return+return-delimited-valid-code
GAME.EXE	0x8004e5f4	0x3cdf4	0xa4	0xa4	1	function	mips-return-carve			scripts/kf/audit_functions.py	anonymous WIP start; previous-return+return-delimited-valid-code
GAME.EXE	0x8004e698	0x3ce98	0xd8	0xd8	1	function	mips-return-carve			scripts/kf/audit_functions.py	anonymous WIP start; previous-return+return-delimited-valid-code
GAME.EXE	0x8004e770	0x3cf70	0xd8	0xd8	1	function	mips-return-carve			scripts/kf/audit_functions.py	anonymous WIP start; previous-return+return-delimited-valid-code
GAME.EXE	0x8004e848	0x3d048	0x74	0x74	1	function	mips-return-carve			scripts/kf/audit_functions.py	anonymous WIP start; previous-return+return-delimited-valid-code
GAME.EXE	0x8004e8bc	0x3d0bc	0x44	0x44	1	function	mips-return-carve			scripts/kf/audit_functions.py	anonymous WIP start; previous-return+return-delimited-valid-code
GAME.EXE	0x8004e900	0x3d100	0x40	0x40	1	function	mips-return-carve			scripts/kf/audit_functions.py	anonymous WIP start; previous-return+return-delimited-valid-code
GAME.EXE	0x8004e94c	0x3d14c	0x6c	0x6c	1	function	mips-return-carve			scripts/kf/audit_functions.py	anonymous WIP start; previous-return+return-delimited-valid-code+skipped-3-padding-nop
GAME.EXE	0x8004e9b8	0x3d1b8	0x1e4	0x1e4	1	function	ghidra-analysis			Ghidra-12.0.4/ghidra_psx_ldr-2026.07.08	machine-assisted WIP boundary
GAME.EXE	0x8004eb9c	0x3d39c	0x1dc	0x1dc	1	function	mips-frame-carve			scripts/kf/audit_functions.py	anonymous WIP start; stack-frame+ra-save+matching-stack-return
GAME.EXE	0x8004ed78	0x3d578	0x1ac	0x1ac	1	function	mips-frame-carve			scripts/kf/audit_functions.py	anonymous WIP start; stack-frame+ra-save+matching-stack-return
GAME.EXE	0x8004ef24	0x3d724	0x1ac	0x1ac	1	function	mips-frame-carve			scripts/kf/audit_functions.py	anonymous WIP start; stack-frame+ra-save+matching-stack-return
GAME.EXE	0x8004f0d0	0x3d8d0	0x1ac	0x1ac	1	function	mips-frame-carve			scripts/kf/audit_functions.py	anonymous WIP start; stack-frame+ra-save+matching-stack-return
GAME.EXE	0x8004f27c	0x3da7c	0x50	0x50	1	function	ghidra-analysis			Ghidra-12.0.4/ghidra_psx_ldr-2026.07.08	machine-assisted WIP boundary
GAME.EXE	0x8004f2cc	0x3dacc	0xb8	0xb8	1	function	ghidra-analysis			Ghidra-12.0.4/ghidra_psx_ldr-2026.07.08	machine-assisted WIP boundary
GAME.EXE	0x8004f384	0x3db84	0xd4	0xd4	1	function	ghidra-analysis			Ghidra-12.0.4/ghidra_psx_ldr-2026.07.08	machine-assisted WIP boundary
GAME.EXE	0x8004f48c	0x3dc8c	0x28	0x28	1	function	mips-frame-carve			scripts/kf/audit_functions.py	anonymous WIP start; stack-frame+ra-save+matching-stack-return
GAME.EXE	0x8004f4b4	0x3dcb4	0x64	0x64	1	function	ghidra-analysis			Ghidra-12.0.4/ghidra_psx_ldr-2026.07.08	machine-assisted WIP boundary
GAME.EXE	0x8004f518	0x3dd18	0x418	0x418	1	function	mips-frame-carve			scripts/kf/audit_functions.py	anonymous WIP start; stack-frame+ra-save+matching-stack-return
GAME.EXE	0x8004f930	0x3e130	0xd0	0xd0	1	function	mips-return-carve			scripts/kf/audit_functions.py	anonymous WIP start; previous-return+return-delimited-valid-code
GAME.EXE	0x8004fa00	0x3e200	0x40	0x40	1	function	ghidra-analysis			Ghidra-12.0.4/ghidra_psx_ldr-2026.07.08	machine-assisted WIP boundary
GAME.EXE	0x8004fa40	0x3e240	0x5c	0x5c	1	function	ghidra-analysis			Ghidra-12.0.4/ghidra_psx_ldr-2026.07.08	machine-assisted WIP boundary
GAME.EXE	0x8004fa9c	0x3e29c	0x28	0x28	1	function	mips-frame-carve			scripts/kf/audit_functions.py	anonymous WIP start; stack-frame+ra-save+matching-stack-return
GAME.EXE	0x8004fac4	0x3e2c4	0x24	0x24	1	function	mips-frame-carve			scripts/kf/audit_functions.py	anonymous WIP start; stack-frame+ra-save+matching-stack-return
GAME.EXE	0x8004fae8	0x3e2e8	0x24	0x24	1	function	mips-frame-carve			scripts/kf/audit_functions.py	anonymous WIP start; stack-frame+ra-save+matching-stack-return
GAME.EXE	0x8004fb0c	0x3e30c	0x24	0x24	1	function	ghidra-analysis			Ghidra-12.0.4/ghidra_psx_ldr-2026.07.08	machine-assisted WIP boundary
GAME.EXE	0x8004fb30	0x3e330	0x24	0x24	1	function	mips-frame-carve			scripts/kf/audit_functions.py	anonymous WIP start; stack-frame+ra-save+matching-stack-return+relocation-candidate
GAME.EXE	0x8004fb54	0x3e354	0x24	0x24	1	function	ghidra-analysis			Ghidra-12.0.4/ghidra_psx_ldr-2026.07.08	machine-assisted WIP boundary
GAME.EXE	0x8004fb78	0x3e378	0x24	0x24	1	function	mips-frame-carve			scripts/kf/audit_functions.py	anonymous WIP start; stack-frame+ra-save+matching-stack-return
GAME.EXE	0x8004fb9c	0x3e39c	0x24	0x24	1	function	mips-frame-carve			scripts/kf/audit_functions.py	anonymous WIP start; stack-frame+ra-save+matching-stack-return
GAME.EXE	0x8004fbc0	0x3e3c0	0x24	0x24	1	function	ghidra-analysis			Ghidra-12.0.4/ghidra_psx_ldr-2026.07.08	machine-assisted WIP boundary
GAME.EXE	0x8004fbe4	0x3e3e4	0x24	0x24	1	function	ghidra-analysis			Ghidra-12.0.4/ghidra_psx_ldr-2026.07.08	machine-assisted WIP boundary
GAME.EXE	0x8004fc08	0x3e408	0x24	0x24	1	function	mips-frame-carve			scripts/kf/audit_functions.py	anonymous WIP start; stack-frame+ra-save+matching-stack-return
GAME.EXE	0x8004fc2c	0x3e42c	0x80	0x80	1	function	ghidra-analysis			Ghidra-12.0.4/ghidra_psx_ldr-2026.07.08	machine-assisted WIP boundary
GAME.EXE	0x8004fcac	0x3e4ac	0x84	0x84	1	function	ghidra-analysis			Ghidra-12.0.4/ghidra_psx_ldr-2026.07.08	machine-assisted WIP boundary
GAME.EXE	0x8004fd30	0x3e530	0x2d0	0x2d0	1	function	ghidra-analysis			Ghidra-12.0.4/ghidra_psx_ldr-2026.07.08	machine-assisted WIP boundary
GAME.EXE	0x80050000	0x3e800	0x5c	0x5c	1	function	mips-return-carve			scripts/kf/audit_functions.py	anonymous WIP start; previous-return+return-delimited-valid-code+relocation-candidate
GAME.EXE	0x8005005c	0x3e85c	0x5c	0x5c	1	function	ghidra-analysis			Ghidra-12.0.4/ghidra_psx_ldr-2026.07.08	machine-assisted WIP boundary
GAME.EXE	0x800500b8	0x3e8b8	0x74	0x74	1	function	ghidra-analysis			Ghidra-12.0.4/ghidra_psx_ldr-2026.07.08	machine-assisted WIP boundary
GAME.EXE	0x8005012c	0x3e92c	0x44	0x44	1	function	ghidra-analysis			Ghidra-12.0.4/ghidra_psx_ldr-2026.07.08	machine-assisted WIP boundary
GAME.EXE	0x80050170	0x3e970	0x3c	0x3c	1	function	ghidra-analysis			Ghidra-12.0.4/ghidra_psx_ldr-2026.07.08	machine-assisted WIP boundary
GAME.EXE	0x800501ac	0x3e9ac	0x30	0x30	1	function	ghidra-analysis			Ghidra-12.0.4/ghidra_psx_ldr-2026.07.08	machine-assisted WIP boundary
GAME.EXE	0x800501dc	0x3e9dc	0x30	0x30	1	function	ghidra-analysis			Ghidra-12.0.4/ghidra_psx_ldr-2026.07.08	machine-assisted WIP boundary
GAME.EXE	0x8005020c	0x3ea0c	0x30	0x30	1	function	ghidra-analysis			Ghidra-12.0.4/ghidra_psx_ldr-2026.07.08	machine-assisted WIP boundary
GAME.EXE	0x8005023c	0x3ea3c	0xc	0xc	1	function	ghidra-analysis	CloseEvent		Ghidra-12.0.4/ghidra_psx_ldr-2026.07.08	machine-assisted WIP boundary
GAME.EXE	0x8005024c	0x3ea4c	0xc	0xc	1	function	ghidra-analysis	_card_info		Ghidra-12.0.4/ghidra_psx_ldr-2026.07.08	machine-assisted WIP boundary
GAME.EXE	0x8005025c	0x3ea5c	0xc	0xc	1	function	ghidra-analysis	PAD_dr		Ghidra-12.0.4/ghidra_psx_ldr-2026.07.08	machine-assisted WIP boundary
GAME.EXE	0x8005026c	0x3ea6c	0x10	0x10	1	function	ghidra-analysis			Ghidra-12.0.4/ghidra_psx_ldr-2026.07.08	machine-assisted WIP boundary
GAME.EXE	0x8005027c	0x3ea7c	0xc	0xc	1	function	ghidra-analysis	lseek		Ghidra-12.0.4/ghidra_psx_ldr-2026.07.08	machine-assisted WIP boundary
GAME.EXE	0x8005028c	0x3ea8c	0xc	0xc	1	function	ghidra-analysis	_card_auto		Ghidra-12.0.4/ghidra_psx_ldr-2026.07.08	machine-assisted WIP boundary
GAME.EXE	0x8005029c	0x3ea9c	0xc	0xc	1	function	ghidra-analysis	close		Ghidra-12.0.4/ghidra_psx_ldr-2026.07.08	machine-assisted WIP boundary
GAME.EXE	0x800502ac	0x3eaac	0xc	0xc	1	function	ghidra-analysis	write		Ghidra-12.0.4/ghidra_psx_ldr-2026.07.08	machine-assisted WIP boundary
GAME.EXE	0x800502bc	0x3eabc	0xc	0xc	1	function	ghidra-analysis	EnableEvent		Ghidra-12.0.4/ghidra_psx_ldr-2026.07.08	machine-assisted WIP boundary
GAME.EXE	0x800502cc	0x3eacc	0xc	0xc	1	function	ghidra-analysis	erase		Ghidra-12.0.4/ghidra_psx_ldr-2026.07.08	machine-assisted WIP boundary
GAME.EXE	0x800502dc	0x3eadc	0xc	0xc	1	function	ghidra-analysis	malloc		Ghidra-12.0.4/ghidra_psx_ldr-2026.07.08	machine-assisted WIP boundary
GAME.EXE	0x800502ec	0x3eaec	0xc	0xc	1	function	ghidra-analysis	StopPAD2		Ghidra-12.0.4/ghidra_psx_ldr-2026.07.08	machine-assisted WIP boundary
GAME.EXE	0x800502fc	0x3eafc	0xc	0xc	1	function	ghidra-analysis	format		Ghidra-12.0.4/ghidra_psx_ldr-2026.07.08	machine-assisted WIP boundary
GAME.EXE	0x8005030c	0x3eb0c	0xc	0xc	1	function	ghidra-analysis	memset		Ghidra-12.0.4/ghidra_psx_ldr-2026.07.08	machine-assisted WIP boundary
GAME.EXE	0x8005031c	0x3eb1c	0xc	0xc	1	function	ghidra-analysis	strcat		Ghidra-12.0.4/ghidra_psx_ldr-2026.07.08	machine-assisted WIP boundary
GAME.EXE	0x8005032c	0x3eb2c	0xc	0xc	1	function	ghidra-analysis	printf		Ghidra-12.0.4/ghidra_psx_ldr-2026.07.08	machine-assisted WIP boundary
GAME.EXE	0x8005033c	0x3eb3c	0xc	0xc	1	function	ghidra-analysis	setjmp		Ghidra-12.0.4/ghidra_psx_ldr-2026.07.08	machine-assisted WIP boundary
GAME.EXE	0x8005034c	0x3eb4c	0xc	0xc	1	function	ghidra-analysis	strcmp		Ghidra-12.0.4/ghidra_psx_ldr-2026.07.08	machine-assisted WIP boundary
GAME.EXE	0x8005035c	0x3eb5c	0xc	0xc	1	function	ghidra-analysis			Ghidra-12.0.4/ghidra_psx_ldr-2026.07.08	machine-assisted WIP boundary
GAME.EXE	0x8005036c	0x3eb6c	0xc	0xc	1	function	ghidra-analysis	strcpy		Ghidra-12.0.4/ghidra_psx_ldr-2026.07.08	machine-assisted WIP boundary
GAME.EXE	0x8005037c	0x3eb7c	0xc	0xc	1	function	ghidra-analysis	InitCARD2		Ghidra-12.0.4/ghidra_psx_ldr-2026.07.08	machine-assisted WIP boundary
GAME.EXE	0x8005038c	0x3eb8c	0xc	0xc	1	function	ghidra-analysis	DisableEvent		Ghidra-12.0.4/ghidra_psx_ldr-2026.07.08	machine-assisted WIP boundary
GAME.EXE	0x8005039c	0x3eb9c	0xc	0xc	1	function	ghidra-analysis	StopCARD2		Ghidra-12.0.4/ghidra_psx_ldr-2026.07.08	machine-assisted WIP boundary
GAME.EXE	0x800503ac	0x3ebac	0xc	0xc	1	function	ghidra-analysis	DeliverEvent		Ghidra-12.0.4/ghidra_psx_ldr-2026.07.08	machine-assisted WIP boundary
GAME.EXE	0x800503bc	0x3ebbc	0xc	0xc	1	function	ghidra-analysis	HookEntryInt		Ghidra-12.0.4/ghidra_psx_ldr-2026.07.08	machine-assisted WIP boundary
GAME.EXE	0x800503cc	0x3ebcc	0xc	0xc	1	function	ghidra-analysis	PAD_init2		Ghidra-12.0.4/ghidra_psx_ldr-2026.07.08	machine-assisted WIP boundary
GAME.EXE	0x800503dc	0x3ebdc	0xc	0xc	1	function	ghidra-analysis	longjmp		Ghidra-12.0.4/ghidra_psx_ldr-2026.07.08	machine-assisted WIP boundary
GAME.EXE	0x800503ec	0x3ebec	0xc	0xc	1	function	ghidra-analysis	putchar		Ghidra-12.0.4/ghidra_psx_ldr-2026.07.08	machine-assisted WIP boundary
GAME.EXE	0x800503fc	0x3ebfc	0xc	0xc	1	function	ghidra-analysis	strncmp		Ghidra-12.0.4/ghidra_psx_ldr-2026.07.08	machine-assisted WIP boundary
GAME.EXE	0x8005040c	0x3ec0c	0xc	0xc	1	function	ghidra-analysis	InitHeap		Ghidra-12.0.4/ghidra_psx_ldr-2026.07.08	machine-assisted WIP boundary
GAME.EXE	0x8005041c	0x3ec1c	0xc	0xc	1	function	ghidra-analysis	StartCARD2		Ghidra-12.0.4/ghidra_psx_ldr-2026.07.08	machine-assisted WIP boundary
GAME.EXE	0x8005042c	0x3ec2c	0xc	0xc	1	function	ghidra-analysis	_bu_init		Ghidra-12.0.4/ghidra_psx_ldr-2026.07.08	machine-assisted WIP boundary
GAME.EXE	0x8005043c	0x3ec3c	0xc	0xc	1	function	ghidra-analysis			Ghidra-12.0.4/ghidra_psx_ldr-2026.07.08	machine-assisted WIP boundary
GAME.EXE	0x8005044c	0x3ec4c	0xc	0xc	1	function	ghidra-analysis			Ghidra-12.0.4/ghidra_psx_ldr-2026.07.08	machine-assisted WIP boundary
GAME.EXE	0x8005045c	0x3ec5c	0xc	0xc	1	function	ghidra-analysis	OpenEvent		Ghidra-12.0.4/ghidra_psx_ldr-2026.07.08	machine-assisted WIP boundary
GAME.EXE	0x8005046c	0x3ec6c	0xc	0xc	1	function	ghidra-analysis	UnDeliverEvent		Ghidra-12.0.4/ghidra_psx_ldr-2026.07.08	machine-assisted WIP boundary
GAME.EXE	0x8005047c	0x3ec7c	0xc	0xc	1	function	ghidra-analysis	read		Ghidra-12.0.4/ghidra_psx_ldr-2026.07.08	machine-assisted WIP boundary
GAME.EXE	0x8005048c	0x3ec8c	0xc	0xc	1	function	ghidra-analysis	free		Ghidra-12.0.4/ghidra_psx_ldr-2026.07.08	machine-assisted WIP boundary
GAME.EXE	0x8005049c	0x3ec9c	0xc	0xc	1	function	ghidra-analysis	rand		Ghidra-12.0.4/ghidra_psx_ldr-2026.07.08	machine-assisted WIP boundary
GAME.EXE	0x800504ac	0x3ecac	0xc	0xc	1	function	ghidra-analysis	_new_card		Ghidra-12.0.4/ghidra_psx_ldr-2026.07.08	machine-assisted WIP boundary
GAME.EXE	0x800504bc	0x3ecbc	0xc	0xc	1	function	ghidra-analysis	TestEvent		Ghidra-12.0.4/ghidra_psx_ldr-2026.07.08	machine-assisted WIP boundary
GAME.EXE	0x800504cc	0x3eccc	0x10	0x10	1	function	ghidra-analysis			Ghidra-12.0.4/ghidra_psx_ldr-2026.07.08	machine-assisted WIP boundary
GAME.EXE	0x800504dc	0x3ecdc	0xc	0xc	1	function	ghidra-analysis	open		Ghidra-12.0.4/ghidra_psx_ldr-2026.07.08	machine-assisted WIP boundary
GAME.EXE	0x800504ec	0x3ecec	0xc	0xc	1	function	ghidra-analysis	exit		Ghidra-12.0.4/ghidra_psx_ldr-2026.07.08	machine-assisted WIP boundary
GAME.EXE	0x800504fc	0x3ecfc	0xc	0xc	1	function	ghidra-analysis			Ghidra-12.0.4/ghidra_psx_ldr-2026.07.08	machine-assisted WIP boundary
GAME.EXE	0x8005050c	0x3ed0c	0xc	0xc	1	function	ghidra-analysis	ReturnFromException		Ghidra-12.0.4/ghidra_psx_ldr-2026.07.08	machine-assisted WIP boundary
GAME.EXE	0x8005051c	0x3ed1c	0x28	0x28	1	function	ghidra-analysis			Ghidra-12.0.4/ghidra_psx_ldr-2026.07.08	machine-assisted WIP boundary
GAME.EXE	0x80050544	0x3ed44	0x1b4	0x1b4	1	function	ghidra-analysis			Ghidra-12.0.4/ghidra_psx_ldr-2026.07.08	machine-assisted WIP boundary
GAME.EXE	0x80050700	0x3ef00	0xb8	0xb8	1	function	mips-frame-carve			scripts/kf/audit_functions.py	anonymous WIP start; stack-frame+ra-save+matching-stack-return
GAME.EXE	0x800507b8	0x3efb8	0x64	0x64	1	function	mips-frame-carve			scripts/kf/audit_functions.py	anonymous WIP start; stack-frame+ra-save+matching-stack-return
GAME.EXE	0x8005081c	0x3f01c	0x10	0x10	1	function	ghidra-analysis			Ghidra-12.0.4/ghidra_psx_ldr-2026.07.08	machine-assisted WIP boundary
GAME.EXE	0x8005082c	0x3f02c	0x10	0x10	1	function	ghidra-analysis			Ghidra-12.0.4/ghidra_psx_ldr-2026.07.08	machine-assisted WIP boundary
GAME.EXE	0x8005083c	0x3f03c	0x18	0x18	1	function	mips-return-carve			scripts/kf/audit_functions.py	anonymous WIP start; previous-return+return-delimited-valid-code
GAME.EXE	0x80050854	0x3f054	0x40	0x40	1	function	ghidra-analysis			Ghidra-12.0.4/ghidra_psx_ldr-2026.07.08	machine-assisted WIP boundary
GAME.EXE	0x80050894	0x3f094	0x30	0x30	1	function	ghidra-analysis			Ghidra-12.0.4/ghidra_psx_ldr-2026.07.08	machine-assisted WIP boundary
GAME.EXE	0x800508c4	0x3f0c4	0x94	0x94	1	function	mips-frame-carve			scripts/kf/audit_functions.py	anonymous WIP start; stack-frame+ra-save+matching-stack-return
GAME.EXE	0x80050958	0x3f158	0x64	0x64	1	function	ghidra-analysis			Ghidra-12.0.4/ghidra_psx_ldr-2026.07.08	machine-assisted WIP boundary
GAME.EXE	0x800509bc	0x3f1bc	0x64	0x64	1	function	mips-frame-carve			scripts/kf/audit_functions.py	anonymous WIP start; stack-frame+ra-save+matching-stack-return
GAME.EXE	0x80050a20	0x3f220	0xa4	0xa4	1	function	mips-frame-carve			scripts/kf/audit_functions.py	anonymous WIP start; stack-frame+ra-save+matching-stack-return
GAME.EXE	0x80050ac4	0x3f2c4	0x12c	0x12c	1	function	ghidra-analysis			Ghidra-12.0.4/ghidra_psx_ldr-2026.07.08	machine-assisted WIP boundary
GAME.EXE	0x80050bf0	0x3f3f0	0x54	0x54	1	function	mips-return-carve			scripts/kf/audit_functions.py	anonymous WIP start; previous-return+return-delimited-valid-code
GAME.EXE	0x80050c44	0x3f444	0x38	0x38	1	function	ghidra-analysis			Ghidra-12.0.4/ghidra_psx_ldr-2026.07.08	machine-assisted WIP boundary
GAME.EXE	0x80050c7c	0x3f47c	0x74	0x74	1	function	ghidra-analysis			Ghidra-12.0.4/ghidra_psx_ldr-2026.07.08	machine-assisted WIP boundary
GAME.EXE	0x80050cf0	0x3f4f0	0x58	0x58	1	function	ghidra-analysis			Ghidra-12.0.4/ghidra_psx_ldr-2026.07.08	machine-assisted WIP boundary
GAME.EXE	0x80050d48	0x3f548	0xc0	0xc0	1	function	ghidra-analysis			Ghidra-12.0.4/ghidra_psx_ldr-2026.07.08	machine-assisted WIP boundary
GAME.EXE	0x80050e08	0x3f608	0x60	0x60	1	function	mips-return-carve			scripts/kf/audit_functions.py	anonymous WIP start; previous-return+return-delimited-valid-code
GAME.EXE	0x80050e68	0x3f668	0x314	0x314	1	function	ghidra-analysis			Ghidra-12.0.4/ghidra_psx_ldr-2026.07.08	machine-assisted WIP boundary
GAME.EXE	0x8005117c	0x3f97c	0x64	0x64	1	function	mips-return-carve			scripts/kf/audit_functions.py	anonymous WIP start; previous-return+return-delimited-valid-code
GAME.EXE	0x800511e0	0x3f9e0	0x38	0x38	1	function	mips-frame-carve			scripts/kf/audit_functions.py	anonymous WIP start; stack-frame+ra-save+matching-stack-return
GAME.EXE	0x80051218	0x3fa18	0x40	0x40	1	function	mips-frame-carve			scripts/kf/audit_functions.py	anonymous WIP start; stack-frame+ra-save+matching-stack-return
GAME.EXE	0x80051258	0x3fa58	0x28	0x28	1	function	mips-return-carve			scripts/kf/audit_functions.py	anonymous WIP start; previous-return+return-delimited-valid-code
GAME.EXE	0x80051280	0x3fa80	0x54	0x54	1	function	mips-frame-carve			scripts/kf/audit_functions.py	anonymous WIP start; stack-frame+ra-save+matching-stack-return
GAME.EXE	0x800512d4	0x3fad4	0x260	0x260	1	function	ghidra-analysis			Ghidra-12.0.4/ghidra_psx_ldr-2026.07.08	machine-assisted WIP boundary
GAME.EXE	0x80051534	0x3fd34	0x50	0x50	1	function	ghidra-analysis			Ghidra-12.0.4/ghidra_psx_ldr-2026.07.08	machine-assisted WIP boundary
GAME.EXE	0x80051584	0x3fd84	0x90	0x90	1	function	ghidra-analysis			Ghidra-12.0.4/ghidra_psx_ldr-2026.07.08	machine-assisted WIP boundary
GAME.EXE	0x80051614	0x3fe14	0x90	0x90	1	function	ghidra-analysis			Ghidra-12.0.4/ghidra_psx_ldr-2026.07.08	machine-assisted WIP boundary
GAME.EXE	0x800516a4	0x3fea4	0x3c	0x3c	1	function	ghidra-analysis			Ghidra-12.0.4/ghidra_psx_ldr-2026.07.08	machine-assisted WIP boundary
GAME.EXE	0x800516e0	0x3fee0	0x84	0x84	1	function	ghidra-analysis			Ghidra-12.0.4/ghidra_psx_ldr-2026.07.08	machine-assisted WIP boundary
GAME.EXE	0x80051764	0x3ff64	0xd8	0xd8	1	function	ghidra-analysis			Ghidra-12.0.4/ghidra_psx_ldr-2026.07.08	machine-assisted WIP boundary
GAME.EXE	0x8005183c	0x4003c	0x7c	0x7c	1	function	ghidra-analysis			Ghidra-12.0.4/ghidra_psx_ldr-2026.07.08	machine-assisted WIP boundary
GAME.EXE	0x800518b8	0x400b8	0x130	0x130	1	function	ghidra-analysis			Ghidra-12.0.4/ghidra_psx_ldr-2026.07.08	machine-assisted WIP boundary
GAME.EXE	0x800519e8	0x401e8	0x204	0x204	1	function	mips-frame-carve			scripts/kf/audit_functions.py	anonymous WIP start; stack-frame+ra-save+matching-stack-return+stored-pointer+relocation-candidate
GAME.EXE	0x80051bec	0x403ec	0x2b0	0x2b0	1	function	mips-frame-carve			scripts/kf/audit_functions.py	anonymous WIP start; stack-frame+ra-save+matching-stack-return+stored-pointer+relocation-candidate
GAME.EXE	0x80051e9c	0x4069c	0x2a4	0x2a4	1	function	mips-frame-carve			scripts/kf/audit_functions.py	anonymous WIP start; stack-frame+ra-save+matching-stack-return+stored-pointer+relocation-candidate
GAME.EXE	0x80052140	0x40940	0x38	0x38	1	function	ghidra-analysis			Ghidra-12.0.4/ghidra_psx_ldr-2026.07.08	machine-assisted WIP boundary
GAME.EXE	0x80052178	0x40978	0x20	0x20	1	function	ghidra-analysis			Ghidra-12.0.4/ghidra_psx_ldr-2026.07.08	machine-assisted WIP boundary
GAME.EXE	0x80052198	0x40998	0x3c	0x3c	1	function	ghidra-analysis			Ghidra-12.0.4/ghidra_psx_ldr-2026.07.08	machine-assisted WIP boundary
GAME.EXE	0x800521d4	0x409d4	0x6c	0x6c	1	function	ghidra-analysis			Ghidra-12.0.4/ghidra_psx_ldr-2026.07.08	machine-assisted WIP boundary
GAME.EXE	0x80052240	0x40a40	0x18	0x18	1	function	ghidra-analysis			Ghidra-12.0.4/ghidra_psx_ldr-2026.07.08	machine-assisted WIP boundary
GAME.EXE	0x80052258	0x40a58	0x34	0x34	1	function	ghidra-analysis			Ghidra-12.0.4/ghidra_psx_ldr-2026.07.08	machine-assisted WIP boundary
GAME.EXE	0x8005228c	0x40a8c	0x88	0x88	1	function	ghidra-analysis			Ghidra-12.0.4/ghidra_psx_ldr-2026.07.08	machine-assisted WIP boundary
GAME.EXE	0x80052314	0x40b14	0x144	0x144	1	function	ghidra-analysis			Ghidra-12.0.4/ghidra_psx_ldr-2026.07.08	machine-assisted WIP boundary
GAME.EXE	0x80052458	0x40c58	0x1b4	0x1b4	1	function	ghidra-analysis			Ghidra-12.0.4/ghidra_psx_ldr-2026.07.08	machine-assisted WIP boundary
GAME.EXE	0x8005260c	0x40e0c	0xfc	0xfc	1	function	ghidra-analysis			Ghidra-12.0.4/ghidra_psx_ldr-2026.07.08	machine-assisted WIP boundary
GAME.EXE	0x80052708	0x40f08	0x230	0x230	1	function	ghidra-analysis			Ghidra-12.0.4/ghidra_psx_ldr-2026.07.08	machine-assisted WIP boundary
GAME.EXE	0x80052938	0x41138	0x30	0x30	1	function	ghidra-analysis			Ghidra-12.0.4/ghidra_psx_ldr-2026.07.08	machine-assisted WIP boundary
GAME.EXE	0x80052968	0x41168	0x28	0x28	1	function	mips-return-carve			scripts/kf/audit_functions.py	anonymous WIP start; previous-return+return-delimited-valid-code
GAME.EXE	0x80052990	0x41190	0xc	0xc	1	function	ghidra-analysis	GPU_cw		Ghidra-12.0.4/ghidra_psx_ldr-2026.07.08	machine-assisted WIP boundary
GAME.EXE	0x800529a0	0x411a0	0x10	0x10	1	function	ghidra-analysis			Ghidra-12.0.4/ghidra_psx_ldr-2026.07.08	machine-assisted WIP boundary
GAME.EXE	0x800529b0	0x411b0	0x64	0x64	1	function	ghidra-analysis			Ghidra-12.0.4/ghidra_psx_ldr-2026.07.08	machine-assisted WIP boundary
GAME.EXE	0x80052a14	0x41214	0x44	0x44	1	function	mips-frame-carve			scripts/kf/audit_functions.py	anonymous WIP start; stack-frame+ra-save+matching-stack-return
GAME.EXE	0x80052a58	0x41258	0x258	0x258	1	function	mips-frame-carve			scripts/kf/audit_functions.py	anonymous WIP start; stack-frame+ra-save+matching-stack-return
GAME.EXE	0x80052cb0	0x414b0	0x11c	0x11c	1	function	ghidra-analysis			Ghidra-12.0.4/ghidra_psx_ldr-2026.07.08	machine-assisted WIP boundary
GAME.EXE	0x80052dcc	0x415cc	0x194	0x194	1	function	mips-frame-carve			scripts/kf/audit_functions.py	anonymous WIP start; stack-frame+ra-save+matching-stack-return+relocation-candidate
GAME.EXE	0x80052f60	0x41760	0x117c	0x117c	1	function	mips-frame-carve			scripts/kf/audit_functions.py	anonymous WIP start; stack-frame+ra-save+matching-stack-return+relocation-candidate
GAME.EXE	0x800540dc	0x428dc	0x94	0x94	1	function	ghidra-analysis			Ghidra-12.0.4/ghidra_psx_ldr-2026.07.08	machine-assisted WIP boundary
GAME.EXE	0x80054170	0x42970	0x18	0x18	1	function	ghidra-analysis			Ghidra-12.0.4/ghidra_psx_ldr-2026.07.08	machine-assisted WIP boundary
GAME.EXE	0x80054188	0x42988	0x90	0x90	1	function	mips-frame-carve			scripts/kf/audit_functions.py	anonymous WIP start; stack-frame+ra-save+matching-stack-return
GAME.EXE	0x80054218	0x42a18	0x40	0x40	1	function	mips-frame-carve			scripts/kf/audit_functions.py	anonymous WIP start; stack-frame+ra-save+matching-stack-return
GAME.EXE	0x80054258	0x42a58	0x1c	0x1c	1	function	mips-return-carve			scripts/kf/audit_functions.py	anonymous WIP start; previous-return+return-delimited-valid-code
GAME.EXE	0x80054274	0x42a74	0x1c	0x1c	1	function	mips-return-carve			scripts/kf/audit_functions.py	anonymous WIP start; previous-return+return-delimited-valid-code
GAME.EXE	0x80054290	0x42a90	0x3c	0x3c	1	function	ghidra-analysis			Ghidra-12.0.4/ghidra_psx_ldr-2026.07.08	machine-assisted WIP boundary
GAME.EXE	0x800542cc	0x42acc	0x3c	0x3c	1	function	mips-return-carve			scripts/kf/audit_functions.py	anonymous WIP start; previous-return+return-delimited-valid-code
GAME.EXE	0x80054308	0x42b08	0x28	0x28	1	function	mips-return-carve			scripts/kf/audit_functions.py	anonymous WIP start; previous-return+return-delimited-valid-code
GAME.EXE	0x80054330	0x42b30	0x18	0x18	1	function	mips-return-carve			scripts/kf/audit_functions.py	anonymous WIP start; previous-return+return-delimited-valid-code
GAME.EXE	0x80054348	0x42b48	0x28	0x28	1	function	ghidra-analysis			Ghidra-12.0.4/ghidra_psx_ldr-2026.07.08	machine-assisted WIP boundary
GAME.EXE	0x80054370	0x42b70	0x28	0x28	1	function	mips-return-carve			scripts/kf/audit_functions.py	anonymous WIP start; previous-return+return-delimited-valid-code
GAME.EXE	0x80054398	0x42b98	0x14	0x14	1	function	ghidra-analysis			Ghidra-12.0.4/ghidra_psx_ldr-2026.07.08	machine-assisted WIP boundary
GAME.EXE	0x800543ac	0x42bac	0x14	0x14	1	function	ghidra-analysis			Ghidra-12.0.4/ghidra_psx_ldr-2026.07.08	machine-assisted WIP boundary
GAME.EXE	0x800543c0	0x42bc0	0x14	0x14	1	function	ghidra-analysis			Ghidra-12.0.4/ghidra_psx_ldr-2026.07.08	machine-assisted WIP boundary
GAME.EXE	0x800543d4	0x42bd4	0x14	0x14	1	function	ghidra-analysis			Ghidra-12.0.4/ghidra_psx_ldr-2026.07.08	machine-assisted WIP boundary
GAME.EXE	0x800543e8	0x42be8	0x14	0x14	1	function	ghidra-analysis			Ghidra-12.0.4/ghidra_psx_ldr-2026.07.08	machine-assisted WIP boundary
GAME.EXE	0x800543fc	0x42bfc	0x14	0x14	1	function	ghidra-analysis			Ghidra-12.0.4/ghidra_psx_ldr-2026.07.08	machine-assisted WIP boundary
GAME.EXE	0x80054410	0x42c10	0x14	0x14	1	function	ghidra-analysis			Ghidra-12.0.4/ghidra_psx_ldr-2026.07.08	machine-assisted WIP boundary
GAME.EXE	0x80054424	0x42c24	0x14	0x14	1	function	ghidra-analysis			Ghidra-12.0.4/ghidra_psx_ldr-2026.07.08	machine-assisted WIP boundary
GAME.EXE	0x80054438	0x42c38	0x14	0x14	1	function	mips-return-carve			scripts/kf/audit_functions.py	anonymous WIP start; previous-return+return-delimited-valid-code
GAME.EXE	0x8005444c	0x42c4c	0x14	0x14	1	function	mips-return-carve			scripts/kf/audit_functions.py	anonymous WIP start; previous-return+return-delimited-valid-code
GAME.EXE	0x80054460	0x42c60	0x14	0x14	1	function	mips-return-carve			scripts/kf/audit_functions.py	anonymous WIP start; previous-return+return-delimited-valid-code
GAME.EXE	0x80054474	0x42c74	0x14	0x14	1	function	mips-return-carve			scripts/kf/audit_functions.py	anonymous WIP start; previous-return+return-delimited-valid-code
GAME.EXE	0x80054488	0x42c88	0x14	0x14	1	function	mips-return-carve			scripts/kf/audit_functions.py	anonymous WIP start; previous-return+return-delimited-valid-code
GAME.EXE	0x8005449c	0x42c9c	0x14	0x14	1	function	mips-return-carve			scripts/kf/audit_functions.py	anonymous WIP start; previous-return+return-delimited-valid-code
GAME.EXE	0x800544b0	0x42cb0	0x14	0x14	1	function	mips-return-carve			scripts/kf/audit_functions.py	anonymous WIP start; previous-return+return-delimited-valid-code
GAME.EXE	0x800544c4	0x42cc4	0x14	0x14	1	function	mips-return-carve			scripts/kf/audit_functions.py	anonymous WIP start; previous-return+return-delimited-valid-code
GAME.EXE	0x800544d8	0x42cd8	0x14	0x14	1	function	mips-return-carve			scripts/kf/audit_functions.py	anonymous WIP start; previous-return+return-delimited-valid-code
GAME.EXE	0x800544ec	0x42cec	0x14	0x14	1	function	mips-return-carve			scripts/kf/audit_functions.py	anonymous WIP start; previous-return+return-delimited-valid-code
GAME.EXE	0x80054500	0x42d00	0x14	0x14	1	function	mips-return-carve			scripts/kf/audit_functions.py	anonymous WIP start; previous-return+return-delimited-valid-code
GAME.EXE	0x80054514	0x42d14	0x20	0x20	1	function	mips-return-carve			scripts/kf/audit_functions.py	anonymous WIP start; previous-return+return-delimited-valid-code
GAME.EXE	0x80054534	0x42d34	0x20	0x20	1	function	mips-return-carve			scripts/kf/audit_functions.py	anonymous WIP start; previous-return+return-delimited-valid-code
GAME.EXE	0x80054554	0x42d54	0x20	0x20	1	function	mips-return-carve			scripts/kf/audit_functions.py	anonymous WIP start; previous-return+return-delimited-valid-code
GAME.EXE	0x80054574	0x42d74	0x38	0x38	1	function	mips-return-carve			scripts/kf/audit_functions.py	anonymous WIP start; previous-return+return-delimited-valid-code
GAME.EXE	0x800545ac	0x42dac	0x144	0x144	1	function	mips-frame-carve			scripts/kf/audit_functions.py	anonymous WIP start; stack-frame+ra-save+matching-stack-return
GAME.EXE	0x800546f0	0x42ef0	0xb0	0xb0	1	function	mips-frame-carve			scripts/kf/audit_functions.py	anonymous WIP start; stack-frame+ra-save+matching-stack-return
GAME.EXE	0x800547a0	0x42fa0	0xe8	0xe8	1	function	mips-frame-carve			scripts/kf/audit_functions.py	anonymous WIP start; stack-frame+ra-save+matching-stack-return
GAME.EXE	0x80054888	0x43088	0x64	0x64	1	function	mips-frame-carve			scripts/kf/audit_functions.py	anonymous WIP start; stack-frame+ra-save+matching-stack-return
GAME.EXE	0x800548ec	0x430ec	0x8c	0x8c	1	function	ghidra-analysis			Ghidra-12.0.4/ghidra_psx_ldr-2026.07.08	machine-assisted WIP boundary
GAME.EXE	0x80054978	0x43178	0x34	0x34	1	function	ghidra-analysis			Ghidra-12.0.4/ghidra_psx_ldr-2026.07.08	machine-assisted WIP boundary
GAME.EXE	0x800549ac	0x431ac	0x94	0x94	1	function	ghidra-analysis			Ghidra-12.0.4/ghidra_psx_ldr-2026.07.08	machine-assisted WIP boundary
GAME.EXE	0x80054a40	0x43240	0x5c	0x5c	1	function	ghidra-analysis			Ghidra-12.0.4/ghidra_psx_ldr-2026.07.08	machine-assisted WIP boundary
GAME.EXE	0x80054a9c	0x4329c	0xa8	0xa8	1	function	ghidra-analysis			Ghidra-12.0.4/ghidra_psx_ldr-2026.07.08	machine-assisted WIP boundary
GAME.EXE	0x80054b44	0x43344	0x148	0x148	1	function	mips-frame-carve			scripts/kf/audit_functions.py	anonymous WIP start; stack-frame+ra-save+matching-stack-return
GAME.EXE	0x80054c8c	0x4348c	0x94	0x94	1	function	ghidra-analysis			Ghidra-12.0.4/ghidra_psx_ldr-2026.07.08	machine-assisted WIP boundary
GAME.EXE	0x80054d20	0x43520	0x3c	0x3c	1	function	mips-frame-carve			scripts/kf/audit_functions.py	anonymous WIP start; stack-frame+ra-save+matching-stack-return
GAME.EXE	0x80054d5c	0x4355c	0x854	0x854	1	function	ghidra-analysis			Ghidra-12.0.4/ghidra_psx_ldr-2026.07.08	machine-assisted WIP boundary
GAME.EXE	0x800555b0	0x43db0	0xc	0xc	1	function	ghidra-analysis	memchr		Ghidra-12.0.4/ghidra_psx_ldr-2026.07.08	machine-assisted WIP boundary
GAME.EXE	0x800555c0	0x43dc0	0xc	0xc	1	function	ghidra-analysis	strlen		Ghidra-12.0.4/ghidra_psx_ldr-2026.07.08	machine-assisted WIP boundary
GAME.EXE	0x800555d0	0x43dd0	0xc	0xc	1	function	ghidra-analysis			Ghidra-12.0.4/ghidra_psx_ldr-2026.07.08	machine-assisted WIP boundary
GAME.EXE	0x800555e0	0x43de0	0x64	0x64	1	function	ghidra-analysis			Ghidra-12.0.4/ghidra_psx_ldr-2026.07.08	machine-assisted WIP boundary
GAME.EXE	0x80055644	0x43e44	0x1bc	0x1bc	1	function	ghidra-analysis			Ghidra-12.0.4/ghidra_psx_ldr-2026.07.08	machine-assisted WIP boundary
GAME.EXE	0x80055800	0x44000	0xc	0xc	1	function	ghidra-analysis			Ghidra-12.0.4/ghidra_psx_ldr-2026.07.08	machine-assisted WIP boundary
OPEN.EXE	0x80013734	0x1f34	0x24	0x24	1	function	ghidra-analysis			Ghidra-12.0.4/ghidra_psx_ldr-2026.07.08	machine-assisted WIP boundary
OPEN.EXE	0x80013758	0x1f58	0x6c	0x6c	1	function	ghidra-analysis			Ghidra-12.0.4/ghidra_psx_ldr-2026.07.08	machine-assisted WIP boundary
OPEN.EXE	0x800137c4	0x1fc4	0x40	0x40	1	function	ghidra-analysis			Ghidra-12.0.4/ghidra_psx_ldr-2026.07.08	machine-assisted WIP boundary
OPEN.EXE	0x80013804	0x2004	0x198	0x198	1	function	ghidra-analysis			Ghidra-12.0.4/ghidra_psx_ldr-2026.07.08	machine-assisted WIP boundary
OPEN.EXE	0x8001399c	0x219c	0x1c0	0x1c0	1	function	ghidra-analysis			Ghidra-12.0.4/ghidra_psx_ldr-2026.07.08	machine-assisted WIP boundary
OPEN.EXE	0x80013b5c	0x235c	0x114	0x114	1	function	ghidra-analysis			Ghidra-12.0.4/ghidra_psx_ldr-2026.07.08	machine-assisted WIP boundary
OPEN.EXE	0x80013c70	0x2470	0x3c	0x3c	1	function	ghidra-analysis			Ghidra-12.0.4/ghidra_psx_ldr-2026.07.08	machine-assisted WIP boundary
OPEN.EXE	0x80013cac	0x24ac	0x48	0x48	1	function	ghidra-analysis			Ghidra-12.0.4/ghidra_psx_ldr-2026.07.08	machine-assisted WIP boundary
OPEN.EXE	0x80013cf4	0x24f4	0x310	0x310	1	function	ghidra-analysis			Ghidra-12.0.4/ghidra_psx_ldr-2026.07.08	machine-assisted WIP boundary
OPEN.EXE	0x80014004	0x2804	0xfc	0xfc	1	function	ghidra-analysis			Ghidra-12.0.4/ghidra_psx_ldr-2026.07.08	machine-assisted WIP boundary
OPEN.EXE	0x80014100	0x2900	0x168	0x168	1	function	ghidra-analysis			Ghidra-12.0.4/ghidra_psx_ldr-2026.07.08	machine-assisted WIP boundary
OPEN.EXE	0x80014268	0x2a68	0x174	0x174	1	function	ghidra-analysis			Ghidra-12.0.4/ghidra_psx_ldr-2026.07.08	machine-assisted WIP boundary
OPEN.EXE	0x800143dc	0x2bdc	0x180	0x180	1	function	ghidra-analysis			Ghidra-12.0.4/ghidra_psx_ldr-2026.07.08	machine-assisted WIP boundary
OPEN.EXE	0x8001455c	0x2d5c	0xac	0xac	1	function	ghidra-analysis			Ghidra-12.0.4/ghidra_psx_ldr-2026.07.08	machine-assisted WIP boundary
OPEN.EXE	0x80014608	0x2e08	0x1fc	0x1fc	1	function	ghidra-analysis			Ghidra-12.0.4/ghidra_psx_ldr-2026.07.08	machine-assisted WIP boundary
OPEN.EXE	0x80014804	0x3004	0x330	0x330	1	function	ghidra-analysis			Ghidra-12.0.4/ghidra_psx_ldr-2026.07.08	machine-assisted WIP boundary
OPEN.EXE	0x80014b34	0x3334	0x2f4	0x2f4	1	function	ghidra-analysis			Ghidra-12.0.4/ghidra_psx_ldr-2026.07.08	machine-assisted WIP boundary
OPEN.EXE	0x80014e28	0x3628	0x768	0x768	1	function	ghidra-analysis			Ghidra-12.0.4/ghidra_psx_ldr-2026.07.08	machine-assisted WIP boundary
OPEN.EXE	0x800155c0	0x3dc0	0xfc	0xfc	1	function	ghidra-analysis			Ghidra-12.0.4/ghidra_psx_ldr-2026.07.08	machine-assisted WIP boundary
OPEN.EXE	0x800156bc	0x3ebc	0x214	0x214	1	function	ghidra-analysis			Ghidra-12.0.4/ghidra_psx_ldr-2026.07.08	machine-assisted WIP boundary
OPEN.EXE	0x800158d0	0x40d0	0x70	0x70	1	function	ghidra-analysis			Ghidra-12.0.4/ghidra_psx_ldr-2026.07.08	machine-assisted WIP boundary
OPEN.EXE	0x80015940	0x4140	0x70	0x70	1	function	ghidra-analysis			Ghidra-12.0.4/ghidra_psx_ldr-2026.07.08	machine-assisted WIP boundary
OPEN.EXE	0x800159b0	0x41b0	0x70	0x70	1	function	ghidra-analysis			Ghidra-12.0.4/ghidra_psx_ldr-2026.07.08	machine-assisted WIP boundary
OPEN.EXE	0x80015a20	0x4220	0x68	0x68	1	function	ghidra-analysis			Ghidra-12.0.4/ghidra_psx_ldr-2026.07.08	machine-assisted WIP boundary
OPEN.EXE	0x80015a88	0x4288	0x84	0x84	1	function	mips-frame-carve			scripts/kf/audit_functions.py	anonymous WIP start; stack-frame+ra-save+matching-stack-return
OPEN.EXE	0x80015b0c	0x430c	0xd4	0xd4	1	function	mips-frame-carve			scripts/kf/audit_functions.py	anonymous WIP start; stack-frame+ra-save+matching-stack-return
OPEN.EXE	0x80015be0	0x43e0	0x5c	0x5c	1	function	mips-return-carve			scripts/kf/audit_functions.py	anonymous WIP start; previous-return+return-delimited-valid-code
OPEN.EXE	0x80015c3c	0x443c	0x5c	0x5c	1	function	mips-return-carve			scripts/kf/audit_functions.py	anonymous WIP start; previous-return+return-delimited-valid-code
OPEN.EXE	0x80015c98	0x4498	0x3c	0x3c	1	function	mips-return-carve			scripts/kf/audit_functions.py	anonymous WIP start; previous-return+return-delimited-valid-code
OPEN.EXE	0x80015cd4	0x44d4	0x10	0x10	1	function	mips-return-carve			scripts/kf/audit_functions.py	anonymous WIP start; previous-return+return-delimited-valid-code
OPEN.EXE	0x80015ce4	0x44e4	0xb0	0xb0	1	function	mips-return-carve			scripts/kf/audit_functions.py	anonymous WIP start; previous-return+return-delimited-valid-code+relocation-candidate
OPEN.EXE	0x80015db4	0x45b4	0x20	0x20	1	function	mips-frame-carve			scripts/kf/audit_functions.py	anonymous WIP start; stack-frame+ra-save+matching-stack-return
OPEN.EXE	0x80015dd4	0x45d4	0x38	0x38	1	function	ghidra-analysis			Ghidra-12.0.4/ghidra_psx_ldr-2026.07.08	machine-assisted WIP boundary
OPEN.EXE	0x80015e0c	0x460c	0x20	0x20	1	function	ghidra-analysis			Ghidra-12.0.4/ghidra_psx_ldr-2026.07.08	machine-assisted WIP boundary
OPEN.EXE	0x80015e2c	0x462c	0xa8	0xa8	1	function	ghidra-analysis			Ghidra-12.0.4/ghidra_psx_ldr-2026.07.08	machine-assisted WIP boundary
OPEN.EXE	0x80015ed4	0x46d4	0x20	0x20	1	function	ghidra-analysis			Ghidra-12.0.4/ghidra_psx_ldr-2026.07.08	machine-assisted WIP boundary
OPEN.EXE	0x80015ef4	0x46f4	0x3c	0x3c	1	function	ghidra-analysis			Ghidra-12.0.4/ghidra_psx_ldr-2026.07.08	machine-assisted WIP boundary
OPEN.EXE	0x80015f30	0x4730	0x80	0x80	1	function	ghidra-analysis			Ghidra-12.0.4/ghidra_psx_ldr-2026.07.08	machine-assisted WIP boundary
OPEN.EXE	0x80015fb0	0x47b0	0x64	0x64	1	function	ghidra-analysis			Ghidra-12.0.4/ghidra_psx_ldr-2026.07.08	machine-assisted WIP boundary
OPEN.EXE	0x80016014	0x4814	0x148	0x148	1	function	ghidra-analysis			Ghidra-12.0.4/ghidra_psx_ldr-2026.07.08	machine-assisted WIP boundary
OPEN.EXE	0x8001615c	0x495c	0x13c	0x13c	1	function	ghidra-analysis			Ghidra-12.0.4/ghidra_psx_ldr-2026.07.08	machine-assisted WIP boundary
OPEN.EXE	0x80016298	0x4a98	0x80	0x80	1	function	ghidra-analysis			Ghidra-12.0.4/ghidra_psx_ldr-2026.07.08	machine-assisted WIP boundary
OPEN.EXE	0x80016318	0x4b18	0x30	0x30	1	function	ghidra-analysis			Ghidra-12.0.4/ghidra_psx_ldr-2026.07.08	machine-assisted WIP boundary
OPEN.EXE	0x80016348	0x4b48	0x1c8	0x1c8	1	function	ghidra-analysis			Ghidra-12.0.4/ghidra_psx_ldr-2026.07.08	machine-assisted WIP boundary
OPEN.EXE	0x80016510	0x4d10	0xb4	0xb4	1	function	ghidra-analysis			Ghidra-12.0.4/ghidra_psx_ldr-2026.07.08	machine-assisted WIP boundary
OPEN.EXE	0x800165c4	0x4dc4	0xf0	0xf0	1	function	ghidra-analysis			Ghidra-12.0.4/ghidra_psx_ldr-2026.07.08	machine-assisted WIP boundary
OPEN.EXE	0x800166b4	0x4eb4	0x134	0x134	1	function	ghidra-analysis			Ghidra-12.0.4/ghidra_psx_ldr-2026.07.08	machine-assisted WIP boundary
OPEN.EXE	0x800167e8	0x4fe8	0x58	0x58	1	function	ghidra-analysis			Ghidra-12.0.4/ghidra_psx_ldr-2026.07.08	machine-assisted WIP boundary
OPEN.EXE	0x80016840	0x5040	0x9c	0x9c	1	function	ghidra-analysis			Ghidra-12.0.4/ghidra_psx_ldr-2026.07.08	machine-assisted WIP boundary
OPEN.EXE	0x800168dc	0x50dc	0x2c	0x2c	1	function	ghidra-analysis			Ghidra-12.0.4/ghidra_psx_ldr-2026.07.08	machine-assisted WIP boundary
OPEN.EXE	0x80016908	0x5108	0x1d4	0x1d4	1	function	ghidra-analysis			Ghidra-12.0.4/ghidra_psx_ldr-2026.07.08	machine-assisted WIP boundary
OPEN.EXE	0x80016adc	0x52dc	0x1d8	0x1d8	1	function	ghidra-analysis			Ghidra-12.0.4/ghidra_psx_ldr-2026.07.08	machine-assisted WIP boundary
OPEN.EXE	0x80016cb4	0x54b4	0x84	0x84	1	function	ghidra-analysis			Ghidra-12.0.4/ghidra_psx_ldr-2026.07.08	machine-assisted WIP boundary
OPEN.EXE	0x80016d38	0x5538	0x98	0x98	1	function	ghidra-analysis			Ghidra-12.0.4/ghidra_psx_ldr-2026.07.08	machine-assisted WIP boundary
OPEN.EXE	0x80016dd0	0x55d0	0x98	0x98	1	function	ghidra-analysis			Ghidra-12.0.4/ghidra_psx_ldr-2026.07.08	machine-assisted WIP boundary
OPEN.EXE	0x80016e68	0x5668	0x2c	0x2c	1	function	ghidra-analysis			Ghidra-12.0.4/ghidra_psx_ldr-2026.07.08	machine-assisted WIP boundary
OPEN.EXE	0x80016e94	0x5694	0x24	0x24	1	function	ghidra-analysis			Ghidra-12.0.4/ghidra_psx_ldr-2026.07.08	machine-assisted WIP boundary
OPEN.EXE	0x80016eb8	0x56b8	0x10	0x10	1	function	mips-return-carve			scripts/kf/audit_functions.py	anonymous WIP start; previous-return+return-delimited-valid-code
OPEN.EXE	0x80016ec8	0x56c8	0x3c	0x3c	1	function	ghidra-analysis			Ghidra-12.0.4/ghidra_psx_ldr-2026.07.08	machine-assisted WIP boundary
OPEN.EXE	0x80016f04	0x5704	0x12c	0x12c	1	function	ghidra-analysis			Ghidra-12.0.4/ghidra_psx_ldr-2026.07.08	machine-assisted WIP boundary
OPEN.EXE	0x80017030	0x5830	0x300	0x300	1	function	ghidra-analysis			Ghidra-12.0.4/ghidra_psx_ldr-2026.07.08	machine-assisted WIP boundary
OPEN.EXE	0x80017330	0x5b30	0x3c	0x3c	1	function	ghidra-analysis			Ghidra-12.0.4/ghidra_psx_ldr-2026.07.08	machine-assisted WIP boundary
OPEN.EXE	0x8001736c	0x5b6c	0x20	0x20	1	function	mips-frame-carve			scripts/kf/audit_functions.py	anonymous WIP start; stack-frame+ra-save+matching-stack-return
OPEN.EXE	0x8001738c	0x5b8c	0xcc	0xcc	1	function	ghidra-analysis			Ghidra-12.0.4/ghidra_psx_ldr-2026.07.08	machine-assisted WIP boundary
OPEN.EXE	0x80017458	0x5c58	0xa4	0xa4	1	function	ghidra-analysis			Ghidra-12.0.4/ghidra_psx_ldr-2026.07.08	machine-assisted WIP boundary
OPEN.EXE	0x800174fc	0x5cfc	0xac	0xac	1	function	mips-frame-carve			scripts/kf/audit_functions.py	anonymous WIP start; stack-frame+ra-save+matching-stack-return
OPEN.EXE	0x800175a8	0x5da8	0xa4	0xa4	1	function	mips-frame-carve			scripts/kf/audit_functions.py	anonymous WIP start; stack-frame+ra-save+matching-stack-return
OPEN.EXE	0x8001764c	0x5e4c	0xcf8	0xcf8	1	function	ghidra-analysis			Ghidra-12.0.4/ghidra_psx_ldr-2026.07.08	machine-assisted WIP boundary
OPEN.EXE	0x80018344	0x6b44	0x2a4	0x2a4	1	function	ghidra-analysis			Ghidra-12.0.4/ghidra_psx_ldr-2026.07.08	machine-assisted WIP boundary
OPEN.EXE	0x800185e8	0x6de8	0x3b8	0x3b8	1	function	ghidra-analysis			Ghidra-12.0.4/ghidra_psx_ldr-2026.07.08	machine-assisted WIP boundary
OPEN.EXE	0x800189a0	0x71a0	0x21c	0x21c	1	function	ghidra-analysis			Ghidra-12.0.4/ghidra_psx_ldr-2026.07.08	machine-assisted WIP boundary
OPEN.EXE	0x80018bbc	0x73bc	0x1d0	0x1d0	1	function	ghidra-analysis			Ghidra-12.0.4/ghidra_psx_ldr-2026.07.08	machine-assisted WIP boundary
OPEN.EXE	0x80018d8c	0x758c	0x140	0x140	1	function	ghidra-analysis			Ghidra-12.0.4/ghidra_psx_ldr-2026.07.08	machine-assisted WIP boundary
OPEN.EXE	0x80018ecc	0x76cc	0x228	0x228	1	function	ghidra-analysis			Ghidra-12.0.4/ghidra_psx_ldr-2026.07.08	machine-assisted WIP boundary
OPEN.EXE	0x800190f4	0x78f4	0x14c	0x14c	1	function	ghidra-analysis			Ghidra-12.0.4/ghidra_psx_ldr-2026.07.08	machine-assisted WIP boundary
OPEN.EXE	0x80019240	0x7a40	0x298	0x298	1	function	ghidra-analysis			Ghidra-12.0.4/ghidra_psx_ldr-2026.07.08	machine-assisted WIP boundary
OPEN.EXE	0x800194d8	0x7cd8	0x48	0x48	1	function	ghidra-analysis			Ghidra-12.0.4/ghidra_psx_ldr-2026.07.08	machine-assisted WIP boundary
OPEN.EXE	0x80019520	0x7d20	0x78	0x78	1	function	ghidra-analysis			Ghidra-12.0.4/ghidra_psx_ldr-2026.07.08	machine-assisted WIP boundary
OPEN.EXE	0x80019598	0x7d98	0x68	0x68	1	function	ghidra-analysis			Ghidra-12.0.4/ghidra_psx_ldr-2026.07.08	machine-assisted WIP boundary
OPEN.EXE	0x80019600	0x7e00	0x2c	0x2c	1	function	ghidra-analysis			Ghidra-12.0.4/ghidra_psx_ldr-2026.07.08	machine-assisted WIP boundary
OPEN.EXE	0x8001962c	0x7e2c	0x2c	0x2c	1	function	mips-frame-carve			scripts/kf/audit_functions.py	anonymous WIP start; stack-frame+ra-save+matching-stack-return
OPEN.EXE	0x8001966c	0x7e6c	0x30	0x30	1	function	mips-frame-carve			scripts/kf/audit_functions.py	anonymous WIP start; stack-frame+ra-save+matching-stack-return
OPEN.EXE	0x8001969c	0x7e9c	0x28	0x28	1	function	mips-frame-carve			scripts/kf/audit_functions.py	anonymous WIP start; stack-frame+ra-save+matching-stack-return
OPEN.EXE	0x800196c4	0x7ec4	0x88	0x88	1	function	ghidra-analysis			Ghidra-12.0.4/ghidra_psx_ldr-2026.07.08	machine-assisted WIP boundary
OPEN.EXE	0x8001974c	0x7f4c	0x98	0x98	1	function	mips-return-carve			scripts/kf/audit_functions.py	anonymous WIP start; previous-return+return-delimited-valid-code
OPEN.EXE	0x800197e4	0x7fe4	0x1b0	0x1b0	1	function	ghidra-analysis			Ghidra-12.0.4/ghidra_psx_ldr-2026.07.08	machine-assisted WIP boundary
OPEN.EXE	0x80019994	0x8194	0x4c	0x4c	1	function	ghidra-analysis			Ghidra-12.0.4/ghidra_psx_ldr-2026.07.08	machine-assisted WIP boundary
OPEN.EXE	0x800199e0	0x81e0	0x44	0x44	1	function	ghidra-analysis			Ghidra-12.0.4/ghidra_psx_ldr-2026.07.08	machine-assisted WIP boundary
OPEN.EXE	0x80019a24	0x8224	0x180	0x180	1	function	ghidra-analysis			Ghidra-12.0.4/ghidra_psx_ldr-2026.07.08	machine-assisted WIP boundary
OPEN.EXE	0x80019ba4	0x83a4	0xb8	0xb8	1	function	ghidra-analysis			Ghidra-12.0.4/ghidra_psx_ldr-2026.07.08	machine-assisted WIP boundary
OPEN.EXE	0x80019c5c	0x845c	0xf4	0xf4	1	function	ghidra-analysis			Ghidra-12.0.4/ghidra_psx_ldr-2026.07.08	machine-assisted WIP boundary
OPEN.EXE	0x80019d50	0x8550	0xd4	0xd4	1	function	ghidra-analysis			Ghidra-12.0.4/ghidra_psx_ldr-2026.07.08	machine-assisted WIP boundary
OPEN.EXE	0x80019e24	0x8624	0x9c	0x9c	1	function	ghidra-analysis			Ghidra-12.0.4/ghidra_psx_ldr-2026.07.08	machine-assisted WIP boundary
OPEN.EXE	0x80019ec0	0x86c0	0x38	0x38	1	function	ghidra-analysis			Ghidra-12.0.4/ghidra_psx_ldr-2026.07.08	machine-assisted WIP boundary
OPEN.EXE	0x80019ef8	0x86f8	0x4c	0x4c	1	function	ghidra-analysis			Ghidra-12.0.4/ghidra_psx_ldr-2026.07.08	machine-assisted WIP boundary
OPEN.EXE	0x80019f44	0x8744	0x1e8	0x1e8	1	function	mips-frame-carve			scripts/kf/audit_functions.py	anonymous WIP start; stack-frame+ra-save+matching-stack-return+relocation-candidate
OPEN.EXE	0x8001a12c	0x892c	0x30	0x30	1	function	mips-frame-carve			scripts/kf/audit_functions.py	anonymous WIP start; stack-frame+ra-save+matching-stack-return
OPEN.EXE	0x8001a15c	0x895c	0x2c	0x2c	1	function	mips-frame-carve			scripts/kf/audit_functions.py	anonymous WIP start; stack-frame+ra-save+matching-stack-return
OPEN.EXE	0x8001a188	0x8988	0x28	0x28	1	function	mips-frame-carve			scripts/kf/audit_functions.py	anonymous WIP start; stack-frame+ra-save+matching-stack-return
OPEN.EXE	0x8001a1b0	0x89b0	0x70	0x70	1	function	ghidra-analysis			Ghidra-12.0.4/ghidra_psx_ldr-2026.07.08	machine-assisted WIP boundary
OPEN.EXE	0x8001a220	0x8a20	0x48	0x48	1	function	ghidra-analysis			Ghidra-12.0.4/ghidra_psx_ldr-2026.07.08	machine-assisted WIP boundary
OPEN.EXE	0x8001a268	0x8a68	0x194	0x194	1	function	ghidra-analysis			Ghidra-12.0.4/ghidra_psx_ldr-2026.07.08	machine-assisted WIP boundary
OPEN.EXE	0x8001a3fc	0x8bfc	0xe0	0xe0	1	function	mips-return-carve			scripts/kf/audit_functions.py	anonymous WIP start; previous-return+return-delimited-valid-code+relocation-candidate
OPEN.EXE	0x8001a4dc	0x8cdc	0x8c	0x8c	1	function	mips-return-carve			scripts/kf/audit_functions.py	anonymous WIP start; previous-return+return-delimited-valid-code+relocation-candidate
OPEN.EXE	0x8001a568	0x8d68	0x6c	0x6c	1	function	mips-return-carve			scripts/kf/audit_functions.py	anonymous WIP start; previous-return+return-delimited-valid-code+relocation-candidate
OPEN.EXE	0x8001a5d4	0x8dd4	0x240	0x240	1	function	mips-frame-carve			scripts/kf/audit_functions.py	anonymous WIP start; stack-frame+ra-save+matching-stack-return
OPEN.EXE	0x8001a814	0x9014	0x18	0x18	1	function	ghidra-analysis			Ghidra-12.0.4/ghidra_psx_ldr-2026.07.08	machine-assisted WIP boundary
OPEN.EXE	0x8001a82c	0x902c	0x248	0x248	1	function	mips-frame-carve			scripts/kf/audit_functions.py	anonymous WIP start; stack-frame+ra-save+matching-stack-return
OPEN.EXE	0x8001aa74	0x9274	0x8	0x8	1	function	ghidra-analysis			Ghidra-12.0.4/ghidra_psx_ldr-2026.07.08	machine-assisted WIP boundary
OPEN.EXE	0x8001aa7c	0x927c	0x10	0x10	1	function	entry	start		Ghidra-12.0.4/ghidra_psx_ldr-2026.07.08	machine-assisted WIP boundary
OPEN.EXE	0x8001aa8c	0x928c	0x20	0x20	1	function	ghidra-analysis			Ghidra-12.0.4/ghidra_psx_ldr-2026.07.08	machine-assisted WIP boundary
OPEN.EXE	0x8001aaac	0x92ac	0x18	0x18	1	function	mips-return-carve			scripts/kf/audit_functions.py	anonymous WIP start; previous-return+return-delimited-valid-code
OPEN.EXE	0x8001aac4	0x92c4	0x38	0x38	1	function	mips-return-carve			scripts/kf/audit_functions.py	anonymous WIP start; previous-return+return-delimited-valid-code
OPEN.EXE	0x8001aafc	0x92fc	0x38	0x38	1	function	mips-return-carve			scripts/kf/audit_functions.py	anonymous WIP start; previous-return+return-delimited-valid-code
OPEN.EXE	0x8001ab34	0x9334	0x20	0x20	1	function	mips-frame-carve			scripts/kf/audit_functions.py	anonymous WIP start; stack-frame+ra-save+matching-stack-return
OPEN.EXE	0x8001ab54	0x9354	0x20	0x20	1	function	mips-frame-carve			scripts/kf/audit_functions.py	anonymous WIP start; stack-frame+ra-save+matching-stack-return+relocation-candidate
OPEN.EXE	0x8001ab74	0x9374	0x20	0x20	1	function	ghidra-analysis			Ghidra-12.0.4/ghidra_psx_ldr-2026.07.08	machine-assisted WIP boundary
OPEN.EXE	0x8001ab94	0x9394	0x18	0x18	1	function	ghidra-analysis			Ghidra-12.0.4/ghidra_psx_ldr-2026.07.08	machine-assisted WIP boundary
OPEN.EXE	0x8001abac	0x93ac	0x18	0x18	1	function	ghidra-analysis			Ghidra-12.0.4/ghidra_psx_ldr-2026.07.08	machine-assisted WIP boundary
OPEN.EXE	0x8001abc4	0x93c4	0x18	0x18	1	function	ghidra-analysis			Ghidra-12.0.4/ghidra_psx_ldr-2026.07.08	machine-assisted WIP boundary
OPEN.EXE	0x8001abdc	0x93dc	0x11c	0x11c	1	function	ghidra-analysis			Ghidra-12.0.4/ghidra_psx_ldr-2026.07.08	machine-assisted WIP boundary
OPEN.EXE	0x8001acf8	0x94f8	0x64	0x64	1	function	ghidra-analysis			Ghidra-12.0.4/ghidra_psx_ldr-2026.07.08	machine-assisted WIP boundary
OPEN.EXE	0x8001ad5c	0x955c	0x5c	0x5c	1	function	mips-frame-carve			scripts/kf/audit_functions.py	anonymous WIP start; stack-frame+ra-save+matching-stack-return
OPEN.EXE	0x8001adb8	0x95b8	0x7c	0x7c	1	function	mips-frame-carve			scripts/kf/audit_functions.py	anonymous WIP start; stack-frame+ra-save+matching-stack-return+relocation-candidate
OPEN.EXE	0x8001ae34	0x9634	0x20	0x20	1	function	ghidra-analysis	CdGetSector		Ghidra-12.0.4/ghidra_psx_ldr-2026.07.08	machine-assisted WIP boundary
OPEN.EXE	0x8001ae54	0x9654	0xd4	0xd4	1	function	ghidra-analysis			Ghidra-12.0.4/ghidra_psx_ldr-2026.07.08	machine-assisted WIP boundary
OPEN.EXE	0x8001af28	0x9728	0x3c	0x3c	1	function	mips-frame-carve			scripts/kf/audit_functions.py	anonymous WIP start; stack-frame+ra-save+matching-stack-return
OPEN.EXE	0x8001af64	0x9764	0x30	0x30	1	function	mips-frame-carve			scripts/kf/audit_functions.py	anonymous WIP start; stack-frame+ra-save+matching-stack-return
OPEN.EXE	0x8001af94	0x9794	0x20	0x20	1	function	mips-frame-carve			scripts/kf/audit_functions.py	anonymous WIP start; stack-frame+ra-save+matching-stack-return
OPEN.EXE	0x8001afb4	0x97b4	0x60	0x60	1	function	mips-frame-carve			scripts/kf/audit_functions.py	anonymous WIP start; stack-frame+ra-save+matching-stack-return
OPEN.EXE	0x8001b014	0x9814	0x54	0x54	1	function	mips-frame-carve			scripts/kf/audit_functions.py	anonymous WIP start; stack-frame+ra-save+matching-stack-return
OPEN.EXE	0x8001b068	0x9868	0x2c	0x2c	1	function	mips-frame-carve			scripts/kf/audit_functions.py	anonymous WIP start; stack-frame+ra-save+matching-stack-return
OPEN.EXE	0x8001b094	0x9894	0x70	0x70	1	function	mips-frame-carve			scripts/kf/audit_functions.py	anonymous WIP start; stack-frame+ra-save+matching-stack-return
OPEN.EXE	0x8001b104	0x9904	0x12c	0x12c	1	function	ghidra-analysis			Ghidra-12.0.4/ghidra_psx_ldr-2026.07.08	machine-assisted WIP boundary
OPEN.EXE	0x8001b230	0x9a30	0xa8	0xa8	1	function	ghidra-analysis			Ghidra-12.0.4/ghidra_psx_ldr-2026.07.08	machine-assisted WIP boundary
OPEN.EXE	0x8001b2d8	0x9ad8	0x30	0x30	1	function	ghidra-analysis			Ghidra-12.0.4/ghidra_psx_ldr-2026.07.08	machine-assisted WIP boundary
OPEN.EXE	0x8001b308	0x9b08	0x98	0x98	1	function	ghidra-analysis			Ghidra-12.0.4/ghidra_psx_ldr-2026.07.08	machine-assisted WIP boundary
OPEN.EXE	0x8001b3a0	0x9ba0	0x2c	0x2c	1	function	ghidra-analysis			Ghidra-12.0.4/ghidra_psx_ldr-2026.07.08	machine-assisted WIP boundary
OPEN.EXE	0x8001b3cc	0x9bcc	0x31c	0x31c	1	function	ghidra-analysis			Ghidra-12.0.4/ghidra_psx_ldr-2026.07.08	machine-assisted WIP boundary
OPEN.EXE	0x8001b6e8	0x9ee8	0x34	0x34	1	function	mips-frame-carve			scripts/kf/audit_functions.py	anonymous WIP start; stack-frame+ra-save+matching-stack-return+relocation-candidate
OPEN.EXE	0x8001b71c	0x9f1c	0x120	0x120	1	function	ghidra-analysis			Ghidra-12.0.4/ghidra_psx_ldr-2026.07.08	machine-assisted WIP boundary
OPEN.EXE	0x8001b83c	0xa03c	0x124	0x124	1	function	ghidra-analysis			Ghidra-12.0.4/ghidra_psx_ldr-2026.07.08	machine-assisted WIP boundary
OPEN.EXE	0x8001b960	0xa160	0x158	0x158	1	function	ghidra-analysis			Ghidra-12.0.4/ghidra_psx_ldr-2026.07.08	machine-assisted WIP boundary
OPEN.EXE	0x8001bab8	0xa2b8	0x124	0x124	1	function	ghidra-analysis			Ghidra-12.0.4/ghidra_psx_ldr-2026.07.08	machine-assisted WIP boundary
OPEN.EXE	0x8001bbdc	0xa3dc	0x394	0x394	1	function	ghidra-analysis			Ghidra-12.0.4/ghidra_psx_ldr-2026.07.08	machine-assisted WIP boundary
OPEN.EXE	0x8001bf70	0xa770	0x100	0x100	1	function	ghidra-analysis			Ghidra-12.0.4/ghidra_psx_ldr-2026.07.08	machine-assisted WIP boundary
OPEN.EXE	0x8001c070	0xa870	0x120	0x120	1	function	ghidra-analysis			Ghidra-12.0.4/ghidra_psx_ldr-2026.07.08	machine-assisted WIP boundary
OPEN.EXE	0x8001c190	0xa990	0xc8	0xc8	1	function	ghidra-analysis			Ghidra-12.0.4/ghidra_psx_ldr-2026.07.08	machine-assisted WIP boundary
OPEN.EXE	0x8001c258	0xaa58	0x128	0x128	1	function	mips-frame-carve			scripts/kf/audit_functions.py	anonymous WIP start; stack-frame+ra-save+matching-stack-return+relocation-candidate
OPEN.EXE	0x8001c380	0xab80	0x10	0x10	1	function	mips-return-carve			scripts/kf/audit_functions.py	anonymous WIP start; previous-return+return-delimited-valid-code
OPEN.EXE	0x8001c390	0xab90	0x50	0x50	1	function	ghidra-analysis			Ghidra-12.0.4/ghidra_psx_ldr-2026.07.08	machine-assisted WIP boundary
OPEN.EXE	0x8001c3e0	0xabe0	0x78	0x78	1	function	mips-frame-carve			scripts/kf/audit_functions.py	anonymous WIP start; stack-frame+ra-save+matching-stack-return
OPEN.EXE	0x8001c458	0xac58	0x28	0x28	1	function	mips-frame-carve			scripts/kf/audit_functions.py	anonymous WIP start; stack-frame+ra-save+matching-stack-return+relocation-candidate
OPEN.EXE	0x8001c480	0xac80	0x28	0x28	1	function	mips-frame-carve			scripts/kf/audit_functions.py	anonymous WIP start; stack-frame+ra-save+matching-stack-return+relocation-candidate
OPEN.EXE	0x8001c4a8	0xaca8	0x28	0x28	1	function	mips-frame-carve			scripts/kf/audit_functions.py	anonymous WIP start; stack-frame+ra-save+matching-stack-return+relocation-candidate
OPEN.EXE	0x8001c4d0	0xacd0	0x8	0x8	1	function	mips-return-carve			scripts/kf/audit_functions.py	anonymous WIP start; previous-return+return-delimited-valid-code+relocation-candidate
OPEN.EXE	0x8001c4d8	0xacd8	0x80	0x80	1	function	mips-frame-carve			scripts/kf/audit_functions.py	anonymous WIP start; stack-frame+ra-save+matching-stack-return+relocation-candidate
OPEN.EXE	0x8001c558	0xad58	0x28	0x28	1	function	mips-frame-carve			scripts/kf/audit_functions.py	anonymous WIP start; stack-frame+ra-save+matching-stack-return+relocation-candidate
OPEN.EXE	0x8001c580	0xad80	0x28	0x28	1	function	mips-frame-carve			scripts/kf/audit_functions.py	anonymous WIP start; stack-frame+ra-save+matching-stack-return+relocation-candidate
OPEN.EXE	0x8001c5a8	0xada8	0x3c	0x3c	1	function	mips-frame-carve			scripts/kf/audit_functions.py	anonymous WIP start; stack-frame+ra-save+matching-stack-return+relocation-candidate
OPEN.EXE	0x8001c5e4	0xade4	0x4c	0x4c	1	function	mips-frame-carve			scripts/kf/audit_functions.py	anonymous WIP start; stack-frame+ra-save+matching-stack-return+relocation-candidate
OPEN.EXE	0x8001c630	0xae30	0x2c8	0x2c8	1	function	ghidra-analysis			Ghidra-12.0.4/ghidra_psx_ldr-2026.07.08	machine-assisted WIP boundary
OPEN.EXE	0x8001c8f8	0xb0f8	0x20	0x20	1	function	ghidra-analysis			Ghidra-12.0.4/ghidra_psx_ldr-2026.07.08	machine-assisted WIP boundary
OPEN.EXE	0x8001c918	0xb118	0x2a0	0x2a0	1	function	ghidra-analysis			Ghidra-12.0.4/ghidra_psx_ldr-2026.07.08	machine-assisted WIP boundary
OPEN.EXE	0x8001cbb8	0xb3b8	0x94	0x94	1	function	ghidra-analysis			Ghidra-12.0.4/ghidra_psx_ldr-2026.07.08	machine-assisted WIP boundary
OPEN.EXE	0x8001cc4c	0xb44c	0x224	0x224	1	function	ghidra-analysis			Ghidra-12.0.4/ghidra_psx_ldr-2026.07.08	machine-assisted WIP boundary
OPEN.EXE	0x8001ce70	0xb670	0x30	0x30	1	function	ghidra-analysis			Ghidra-12.0.4/ghidra_psx_ldr-2026.07.08	machine-assisted WIP boundary
OPEN.EXE	0x8001cea0	0xb6a0	0xc8	0xc8	1	function	ghidra-analysis			Ghidra-12.0.4/ghidra_psx_ldr-2026.07.08	machine-assisted WIP boundary
OPEN.EXE	0x8001cf68	0xb768	0x2c	0x2c	1	function	mips-frame-carve			scripts/kf/audit_functions.py	anonymous WIP start; stack-frame+ra-save+matching-stack-return
OPEN.EXE	0x8001cf94	0xb794	0x158	0x158	1	function	ghidra-analysis			Ghidra-12.0.4/ghidra_psx_ldr-2026.07.08	machine-assisted WIP boundary
OPEN.EXE	0x8001d0ec	0xb8ec	0x58	0x58	1	function	mips-frame-carve			scripts/kf/audit_functions.py	anonymous WIP start; stack-frame+ra-save+matching-stack-return
OPEN.EXE	0x8001d14c	0xb94c	0x48	0x48	1	function	mips-frame-carve			scripts/kf/audit_functions.py	anonymous WIP start; stack-frame+ra-save+matching-stack-return
OPEN.EXE	0x8001d194	0xb994	0x38	0x38	1	function	mips-frame-carve			scripts/kf/audit_functions.py	anonymous WIP start; stack-frame+ra-save+matching-stack-return
OPEN.EXE	0x8001d1dc	0xb9dc	0x58	0x58	1	function	mips-frame-carve			scripts/kf/audit_functions.py	anonymous WIP start; stack-frame+ra-save+matching-stack-return
OPEN.EXE	0x8001d234	0xba34	0x64	0x64	1	function	mips-frame-carve			scripts/kf/audit_functions.py	anonymous WIP start; stack-frame+ra-save+matching-stack-return
OPEN.EXE	0x8001d298	0xba98	0x70	0x70	1	function	mips-frame-carve			scripts/kf/audit_functions.py	anonymous WIP start; stack-frame+ra-save+matching-stack-return
OPEN.EXE	0x8001d308	0xbb08	0xcc	0xcc	1	function	mips-return-carve			scripts/kf/audit_functions.py	anonymous WIP start; previous-return+return-delimited-valid-code
OPEN.EXE	0x8001d3d4	0xbbd4	0x3c	0x3c	1	function	mips-return-carve			scripts/kf/audit_functions.py	anonymous WIP start; previous-return+return-delimited-valid-code+relocation-candidate
OPEN.EXE	0x8001d410	0xbc10	0xb4	0xb4	1	function	mips-return-carve			scripts/kf/audit_functions.py	anonymous WIP start; previous-return+return-delimited-valid-code
OPEN.EXE	0x8001d4c4	0xbcc4	0x20	0x20	1	function	mips-return-carve			scripts/kf/audit_functions.py	anonymous WIP start; previous-return+return-delimited-valid-code+relocation-candidate
OPEN.EXE	0x8001d4e4	0xbce4	0x9b4	0x9b4	1	function	mips-frame-carve			scripts/kf/audit_functions.py	anonymous WIP start; stack-frame+ra-save+matching-stack-return+relocation-candidate
OPEN.EXE	0x8001de98	0xc698	0x18c	0x18c	1	function	mips-frame-carve			scripts/kf/audit_functions.py	anonymous WIP start; stack-frame+ra-save+matching-stack-return+relocation-candidate
OPEN.EXE	0x8001e024	0xc824	0x30	0x30	1	function	mips-return-carve			scripts/kf/audit_functions.py	anonymous WIP start; previous-return+return-delimited-valid-code+relocation-candidate
OPEN.EXE	0x8001e054	0xc854	0x24	0x24	1	function	mips-return-carve			scripts/kf/audit_functions.py	anonymous WIP start; previous-return+return-delimited-valid-code
OPEN.EXE	0x8001e078	0xc878	0x38	0x38	1	function	ghidra-analysis			Ghidra-12.0.4/ghidra_psx_ldr-2026.07.08	machine-assisted WIP boundary
OPEN.EXE	0x8001e0b0	0xc8b0	0x3c	0x3c	1	function	mips-frame-carve			scripts/kf/audit_functions.py	anonymous WIP start; stack-frame+ra-save+matching-stack-return
OPEN.EXE	0x8001e0ec	0xc8ec	0x84	0x84	1	function	ghidra-analysis			Ghidra-12.0.4/ghidra_psx_ldr-2026.07.08	machine-assisted WIP boundary
OPEN.EXE	0x8001e170	0xc970	0xf0	0xf0	1	function	ghidra-analysis			Ghidra-12.0.4/ghidra_psx_ldr-2026.07.08	machine-assisted WIP boundary
OPEN.EXE	0x8001e260	0xca60	0x1ac	0x1ac	1	function	ghidra-analysis			Ghidra-12.0.4/ghidra_psx_ldr-2026.07.08	machine-assisted WIP boundary
OPEN.EXE	0x8001e40c	0xcc0c	0xc0	0xc0	1	function	ghidra-analysis			Ghidra-12.0.4/ghidra_psx_ldr-2026.07.08	machine-assisted WIP boundary
OPEN.EXE	0x8001e4cc	0xcccc	0x1c	0x1c	1	function	ghidra-analysis			Ghidra-12.0.4/ghidra_psx_ldr-2026.07.08	machine-assisted WIP boundary
OPEN.EXE	0x8001e4e8	0xcce8	0x278	0x278	1	function	ghidra-analysis			Ghidra-12.0.4/ghidra_psx_ldr-2026.07.08	machine-assisted WIP boundary
OPEN.EXE	0x8001e760	0xcf60	0x70	0x70	1	function	ghidra-analysis			Ghidra-12.0.4/ghidra_psx_ldr-2026.07.08	machine-assisted WIP boundary
OPEN.EXE	0x8001e7d0	0xcfd0	0x14c	0x14c	1	function	ghidra-analysis			Ghidra-12.0.4/ghidra_psx_ldr-2026.07.08	machine-assisted WIP boundary
OPEN.EXE	0x8001e91c	0xd11c	0x60	0x60	1	function	ghidra-analysis			Ghidra-12.0.4/ghidra_psx_ldr-2026.07.08	machine-assisted WIP boundary
OPEN.EXE	0x8001e97c	0xd17c	0x30	0x30	1	function	ghidra-analysis			Ghidra-12.0.4/ghidra_psx_ldr-2026.07.08	machine-assisted WIP boundary
OPEN.EXE	0x8001e9ac	0xd1ac	0x30	0x30	1	function	ghidra-analysis			Ghidra-12.0.4/ghidra_psx_ldr-2026.07.08	machine-assisted WIP boundary
OPEN.EXE	0x8001e9dc	0xd1dc	0x58	0x58	1	function	ghidra-analysis			Ghidra-12.0.4/ghidra_psx_ldr-2026.07.08	machine-assisted WIP boundary
OPEN.EXE	0x8001ea34	0xd234	0x238	0x238	1	function	ghidra-analysis			Ghidra-12.0.4/ghidra_psx_ldr-2026.07.08	machine-assisted WIP boundary
OPEN.EXE	0x8001ec6c	0xd46c	0x8	0x8	1	function	ghidra-analysis			Ghidra-12.0.4/ghidra_psx_ldr-2026.07.08	machine-assisted WIP boundary
OPEN.EXE	0x8001ec74	0xd474	0x8	0x8	1	function	mips-return-carve			scripts/kf/audit_functions.py	anonymous WIP start; previous-return+return-delimited-valid-code
OPEN.EXE	0x8001ec7c	0xd47c	0xec	0xec	1	function	ghidra-analysis			Ghidra-12.0.4/ghidra_psx_ldr-2026.07.08	machine-assisted WIP boundary
OPEN.EXE	0x8001ed68	0xd568	0x28c	0x28c	1	function	ghidra-analysis			Ghidra-12.0.4/ghidra_psx_ldr-2026.07.08	machine-assisted WIP boundary
OPEN.EXE	0x8001eff4	0xd7f4	0x27c	0x27c	1	function	ghidra-analysis			Ghidra-12.0.4/ghidra_psx_ldr-2026.07.08	machine-assisted WIP boundary
OPEN.EXE	0x8001f270	0xda70	0x28	0x28	1	function	ghidra-analysis			Ghidra-12.0.4/ghidra_psx_ldr-2026.07.08	machine-assisted WIP boundary
OPEN.EXE	0x8001f298	0xda98	0xa28	0xa28	1	function	ghidra-analysis			Ghidra-12.0.4/ghidra_psx_ldr-2026.07.08	machine-assisted WIP boundary
OPEN.EXE	0x8001fcc0	0xe4c0	0x184	0x184	1	function	ghidra-analysis			Ghidra-12.0.4/ghidra_psx_ldr-2026.07.08	machine-assisted WIP boundary
OPEN.EXE	0x8001fe44	0xe644	0x11c	0x11c	1	function	ghidra-analysis			Ghidra-12.0.4/ghidra_psx_ldr-2026.07.08	machine-assisted WIP boundary
OPEN.EXE	0x8001ff60	0xe760	0x4d0	0x4d0	1	function	ghidra-analysis			Ghidra-12.0.4/ghidra_psx_ldr-2026.07.08	machine-assisted WIP boundary
OPEN.EXE	0x80020430	0xec30	0x194	0x194	1	function	ghidra-analysis			Ghidra-12.0.4/ghidra_psx_ldr-2026.07.08	machine-assisted WIP boundary
OPEN.EXE	0x800205c4	0xedc4	0x398	0x398	1	function	ghidra-analysis			Ghidra-12.0.4/ghidra_psx_ldr-2026.07.08	machine-assisted WIP boundary
OPEN.EXE	0x8002095c	0xf15c	0x12c	0x12c	1	function	ghidra-analysis			Ghidra-12.0.4/ghidra_psx_ldr-2026.07.08	machine-assisted WIP boundary
OPEN.EXE	0x80020a88	0xf288	0x1c	0x1c	1	function	mips-return-carve			scripts/kf/audit_functions.py	anonymous WIP start; previous-return+return-delimited-valid-code
OPEN.EXE	0x80020aa4	0xf2a4	0x1c	0x1c	1	function	mips-return-carve			scripts/kf/audit_functions.py	anonymous WIP start; previous-return+return-delimited-valid-code
OPEN.EXE	0x80020ac0	0xf2c0	0x64	0x64	1	function	mips-return-carve			scripts/kf/audit_functions.py	anonymous WIP start; previous-return+return-delimited-valid-code+relocation-candidate
OPEN.EXE	0x80020b24	0xf324	0x30	0x30	1	function	mips-frame-carve			scripts/kf/audit_functions.py	anonymous WIP start; stack-frame+ra-save+matching-stack-return
OPEN.EXE	0x80020b54	0xf354	0x1dc	0x1dc	1	function	ghidra-analysis			Ghidra-12.0.4/ghidra_psx_ldr-2026.07.08	machine-assisted WIP boundary
OPEN.EXE	0x80020d30	0xf530	0x130	0x130	1	function	ghidra-analysis			Ghidra-12.0.4/ghidra_psx_ldr-2026.07.08	machine-assisted WIP boundary
OPEN.EXE	0x80020e60	0xf660	0x30	0x30	1	function	ghidra-analysis			Ghidra-12.0.4/ghidra_psx_ldr-2026.07.08	machine-assisted WIP boundary
OPEN.EXE	0x80020e90	0xf690	0x4f4	0x4f4	1	function	ghidra-analysis			Ghidra-12.0.4/ghidra_psx_ldr-2026.07.08	machine-assisted WIP boundary
OPEN.EXE	0x80021384	0xfb84	0x2fc	0x2fc	1	function	ghidra-analysis			Ghidra-12.0.4/ghidra_psx_ldr-2026.07.08	machine-assisted WIP boundary
OPEN.EXE	0x80021680	0xfe80	0x70	0x70	1	function	ghidra-analysis			Ghidra-12.0.4/ghidra_psx_ldr-2026.07.08	machine-assisted WIP boundary
OPEN.EXE	0x800216f0	0xfef0	0x2c0	0x2c0	1	function	ghidra-analysis			Ghidra-12.0.4/ghidra_psx_ldr-2026.07.08	machine-assisted WIP boundary
OPEN.EXE	0x800219b0	0x101b0	0x35c	0x35c	1	function	mips-frame-carve			scripts/kf/audit_functions.py	anonymous WIP start; stack-frame+ra-save+matching-stack-return+relocation-candidate
OPEN.EXE	0x80021d0c	0x1050c	0x2a8	0x2a8	1	function	mips-frame-carve			scripts/kf/audit_functions.py	anonymous WIP start; stack-frame+ra-save+matching-stack-return
OPEN.EXE	0x80021fb4	0x107b4	0x70	0x70	1	function	ghidra-analysis			Ghidra-12.0.4/ghidra_psx_ldr-2026.07.08	machine-assisted WIP boundary
OPEN.EXE	0x80022024	0x10824	0x28	0x28	1	function	ghidra-analysis			Ghidra-12.0.4/ghidra_psx_ldr-2026.07.08	machine-assisted WIP boundary
OPEN.EXE	0x8002204c	0x1084c	0x7c	0x7c	1	function	ghidra-analysis			Ghidra-12.0.4/ghidra_psx_ldr-2026.07.08	machine-assisted WIP boundary
OPEN.EXE	0x800220d0	0x108d0	0xa8	0xa8	1	function	mips-frame-carve			scripts/kf/audit_functions.py	anonymous WIP start; stack-frame+ra-save+matching-stack-return
OPEN.EXE	0x80022178	0x10978	0x14	0x14	1	function	mips-return-carve			scripts/kf/audit_functions.py	anonymous WIP start; previous-return+return-delimited-valid-code
OPEN.EXE	0x8002218c	0x1098c	0x10	0x10	1	function	mips-return-carve			scripts/kf/audit_functions.py	anonymous WIP start; previous-return+return-delimited-valid-code
OPEN.EXE	0x8002219c	0x1099c	0x10	0x10	1	function	mips-return-carve			scripts/kf/audit_functions.py	anonymous WIP start; previous-return+return-delimited-valid-code
OPEN.EXE	0x800221ac	0x109ac	0x2a0	0x2a0	1	function	ghidra-analysis			Ghidra-12.0.4/ghidra_psx_ldr-2026.07.08	machine-assisted WIP boundary
OPEN.EXE	0x8002244c	0x10c4c	0x320	0x320	1	function	ghidra-analysis			Ghidra-12.0.4/ghidra_psx_ldr-2026.07.08	machine-assisted WIP boundary
OPEN.EXE	0x8002276c	0x10f6c	0x3b4	0x3b4	1	function	ghidra-analysis			Ghidra-12.0.4/ghidra_psx_ldr-2026.07.08	machine-assisted WIP boundary
OPEN.EXE	0x80022b20	0x11320	0xa0	0xa0	1	function	ghidra-analysis			Ghidra-12.0.4/ghidra_psx_ldr-2026.07.08	machine-assisted WIP boundary
OPEN.EXE	0x80022bc0	0x113c0	0xbc	0xbc	1	function	ghidra-analysis			Ghidra-12.0.4/ghidra_psx_ldr-2026.07.08	machine-assisted WIP boundary
OPEN.EXE	0x80022c7c	0x1147c	0xb0	0xb0	1	function	ghidra-analysis			Ghidra-12.0.4/ghidra_psx_ldr-2026.07.08	machine-assisted WIP boundary
OPEN.EXE	0x80022d2c	0x1152c	0x17c	0x17c	1	function	ghidra-analysis			Ghidra-12.0.4/ghidra_psx_ldr-2026.07.08	machine-assisted WIP boundary
OPEN.EXE	0x80022ea8	0x116a8	0x14	0x14	1	function	ghidra-analysis			Ghidra-12.0.4/ghidra_psx_ldr-2026.07.08	machine-assisted WIP boundary
OPEN.EXE	0x80022ebc	0x116bc	0x10	0x10	1	function	ghidra-analysis			Ghidra-12.0.4/ghidra_psx_ldr-2026.07.08	machine-assisted WIP boundary
OPEN.EXE	0x80022ecc	0x116cc	0x32c	0x32c	1	function	ghidra-analysis			Ghidra-12.0.4/ghidra_psx_ldr-2026.07.08	machine-assisted WIP boundary
OPEN.EXE	0x800231f8	0x119f8	0xc8	0xc8	1	function	mips-return-carve			scripts/kf/audit_functions.py	anonymous WIP start; previous-return+return-delimited-valid-code+relocation-candidate
OPEN.EXE	0x800232c0	0x11ac0	0x44	0x44	1	function	ghidra-analysis			Ghidra-12.0.4/ghidra_psx_ldr-2026.07.08	machine-assisted WIP boundary
OPEN.EXE	0x8002330c	0x11b0c	0x8c	0x8c	1	function	mips-frame-carve			scripts/kf/audit_functions.py	anonymous WIP start; stack-frame+ra-save+matching-stack-return
OPEN.EXE	0x80023398	0x11b98	0x2c	0x2c	1	function	mips-frame-carve			scripts/kf/audit_functions.py	anonymous WIP start; stack-frame+ra-save+matching-stack-return
OPEN.EXE	0x800233c4	0x11bc4	0x90	0x90	1	function	mips-frame-carve			scripts/kf/audit_functions.py	anonymous WIP start; stack-frame+ra-save+matching-stack-return+relocation-candidate
OPEN.EXE	0x80023454	0x11c54	0x280	0x280	1	function	ghidra-analysis			Ghidra-12.0.4/ghidra_psx_ldr-2026.07.08	machine-assisted WIP boundary
OPEN.EXE	0x800236d4	0x11ed4	0xd4	0xd4	1	function	ghidra-analysis			Ghidra-12.0.4/ghidra_psx_ldr-2026.07.08	machine-assisted WIP boundary
OPEN.EXE	0x800237a8	0x11fa8	0x404	0x404	1	function	ghidra-analysis			Ghidra-12.0.4/ghidra_psx_ldr-2026.07.08	machine-assisted WIP boundary
OPEN.EXE	0x80023bac	0x123ac	0x154	0x154	1	function	ghidra-analysis			Ghidra-12.0.4/ghidra_psx_ldr-2026.07.08	machine-assisted WIP boundary
OPEN.EXE	0x80023d00	0x12500	0x150	0x150	1	function	ghidra-analysis			Ghidra-12.0.4/ghidra_psx_ldr-2026.07.08	machine-assisted WIP boundary
OPEN.EXE	0x80023e50	0x12650	0xf0	0xf0	1	function	mips-frame-carve			scripts/kf/audit_functions.py	anonymous WIP start; stack-frame+ra-save+matching-stack-return
OPEN.EXE	0x80023f40	0x12740	0x34	0x34	1	function	mips-frame-carve			scripts/kf/audit_functions.py	anonymous WIP start; stack-frame+ra-save+matching-stack-return+relocation-candidate
OPEN.EXE	0x80023f74	0x12774	0x8	0x8	1	function	mips-return-carve			scripts/kf/audit_functions.py	anonymous WIP start; previous-return+return-delimited-valid-code
OPEN.EXE	0x80023f7c	0x1277c	0x158	0x158	1	function	ghidra-analysis			Ghidra-12.0.4/ghidra_psx_ldr-2026.07.08	machine-assisted WIP boundary
OPEN.EXE	0x800240d4	0x128d4	0x54	0x54	1	function	ghidra-analysis			Ghidra-12.0.4/ghidra_psx_ldr-2026.07.08	machine-assisted WIP boundary
OPEN.EXE	0x80024128	0x12928	0x70	0x70	1	function	mips-frame-carve			scripts/kf/audit_functions.py	anonymous WIP start; stack-frame+ra-save+matching-stack-return
OPEN.EXE	0x80024198	0x12998	0x50	0x50	1	function	ghidra-analysis			Ghidra-12.0.4/ghidra_psx_ldr-2026.07.08	machine-assisted WIP boundary
OPEN.EXE	0x800241e8	0x129e8	0x70	0x70	1	function	mips-frame-carve			scripts/kf/audit_functions.py	anonymous WIP start; stack-frame+ra-save+matching-stack-return
OPEN.EXE	0x80024258	0x12a58	0x50	0x50	1	function	mips-frame-carve			scripts/kf/audit_functions.py	anonymous WIP start; stack-frame+ra-save+matching-stack-return
OPEN.EXE	0x800242a8	0x12aa8	0x3c	0x3c	1	function	mips-return-carve			scripts/kf/audit_functions.py	anonymous WIP start; previous-return+return-delimited-valid-code
OPEN.EXE	0x800242e4	0x12ae4	0x34	0x34	1	function	mips-return-carve			scripts/kf/audit_functions.py	anonymous WIP start; previous-return+return-delimited-valid-code
OPEN.EXE	0x80024318	0x12b18	0x34	0x34	1	function	mips-return-carve			scripts/kf/audit_functions.py	anonymous WIP start; previous-return+return-delimited-valid-code
OPEN.EXE	0x8002434c	0x12b4c	0x94	0x94	1	function	ghidra-analysis			Ghidra-12.0.4/ghidra_psx_ldr-2026.07.08	machine-assisted WIP boundary
OPEN.EXE	0x800243e0	0x12be0	0x8c	0x8c	1	function	ghidra-analysis			Ghidra-12.0.4/ghidra_psx_ldr-2026.07.08	machine-assisted WIP boundary
OPEN.EXE	0x8002446c	0x12c6c	0x5c	0x5c	1	function	mips-frame-carve			scripts/kf/audit_functions.py	anonymous WIP start; stack-frame+ra-save+matching-stack-return
OPEN.EXE	0x800244c8	0x12cc8	0x400	0x400	1	function	ghidra-analysis			Ghidra-12.0.4/ghidra_psx_ldr-2026.07.08	machine-assisted WIP boundary
OPEN.EXE	0x800248c8	0x130c8	0xd0	0xd0	1	function	ghidra-analysis			Ghidra-12.0.4/ghidra_psx_ldr-2026.07.08	machine-assisted WIP boundary
OPEN.EXE	0x80024998	0x13198	0x16c	0x16c	1	function	mips-frame-carve			scripts/kf/audit_functions.py	anonymous WIP start; stack-frame+ra-save+matching-stack-return
OPEN.EXE	0x80024b04	0x13304	0x28	0x28	1	function	ghidra-analysis			Ghidra-12.0.4/ghidra_psx_ldr-2026.07.08	machine-assisted WIP boundary
OPEN.EXE	0x80024b2c	0x1332c	0x19c	0x19c	1	function	mips-frame-carve			scripts/kf/audit_functions.py	anonymous WIP start; stack-frame+ra-save+matching-stack-return
OPEN.EXE	0x80024cc8	0x134c8	0x104	0x104	1	function	ghidra-analysis			Ghidra-12.0.4/ghidra_psx_ldr-2026.07.08	machine-assisted WIP boundary
OPEN.EXE	0x80024dcc	0x135cc	0x3cc	0x3cc	1	function	ghidra-analysis			Ghidra-12.0.4/ghidra_psx_ldr-2026.07.08	machine-assisted WIP boundary
OPEN.EXE	0x80025198	0x13998	0x124	0x124	1	function	ghidra-analysis			Ghidra-12.0.4/ghidra_psx_ldr-2026.07.08	machine-assisted WIP boundary
OPEN.EXE	0x800252bc	0x13abc	0x3c	0x3c	1	function	mips-frame-carve			scripts/kf/audit_functions.py	anonymous WIP start; stack-frame+ra-save+matching-stack-return
OPEN.EXE	0x800252f8	0x13af8	0xf8	0xf8	1	function	mips-frame-carve			scripts/kf/audit_functions.py	anonymous WIP start; stack-frame+ra-save+matching-stack-return
OPEN.EXE	0x800253f0	0x13bf0	0xb4	0xb4	1	function	mips-return-carve			scripts/kf/audit_functions.py	anonymous WIP start; previous-return+return-delimited-valid-code
OPEN.EXE	0x800254a4	0x13ca4	0xe4	0xe4	1	function	mips-return-carve			scripts/kf/audit_functions.py	anonymous WIP start; previous-return+return-delimited-valid-code
OPEN.EXE	0x80025588	0x13d88	0x94	0x94	1	function	mips-return-carve			scripts/kf/audit_functions.py	anonymous WIP start; previous-return+return-delimited-valid-code
OPEN.EXE	0x8002561c	0x13e1c	0x108	0x108	1	function	ghidra-analysis			Ghidra-12.0.4/ghidra_psx_ldr-2026.07.08	machine-assisted WIP boundary
OPEN.EXE	0x80025724	0x13f24	0xcc	0xcc	1	function	mips-frame-carve			scripts/kf/audit_functions.py	anonymous WIP start; stack-frame+ra-save+matching-stack-return
OPEN.EXE	0x800257f0	0x13ff0	0x23c	0x23c	1	function	ghidra-analysis			Ghidra-12.0.4/ghidra_psx_ldr-2026.07.08	machine-assisted WIP boundary
OPEN.EXE	0x80025a2c	0x1422c	0x1c8	0x1c8	1	function	ghidra-analysis			Ghidra-12.0.4/ghidra_psx_ldr-2026.07.08	machine-assisted WIP boundary
OPEN.EXE	0x80025bf4	0x143f4	0x58	0x58	1	function	mips-return-carve			scripts/kf/audit_functions.py	anonymous WIP start; previous-return+return-delimited-valid-code
OPEN.EXE	0x80025c4c	0x1444c	0x40	0x40	1	function	mips-return-carve			scripts/kf/audit_functions.py	anonymous WIP start; previous-return+return-delimited-valid-code
OPEN.EXE	0x80025c8c	0x1448c	0xb0	0xb0	1	function	mips-return-carve			scripts/kf/audit_functions.py	anonymous WIP start; previous-return+return-delimited-valid-code
OPEN.EXE	0x80025d3c	0x1453c	0x60	0x60	1	function	mips-return-carve			scripts/kf/audit_functions.py	anonymous WIP start; previous-return+return-delimited-valid-code
OPEN.EXE	0x80025d9c	0x1459c	0x1c	0x1c	1	function	mips-return-carve			scripts/kf/audit_functions.py	anonymous WIP start; previous-return+return-delimited-valid-code
OPEN.EXE	0x80025db8	0x145b8	0x1c	0x1c	1	function	mips-return-carve			scripts/kf/audit_functions.py	anonymous WIP start; previous-return+return-delimited-valid-code
OPEN.EXE	0x80025dd4	0x145d4	0x20	0x20	1	function	ghidra-analysis			Ghidra-12.0.4/ghidra_psx_ldr-2026.07.08	machine-assisted WIP boundary
OPEN.EXE	0x80025df4	0x145f4	0x20	0x20	1	function	ghidra-analysis			Ghidra-12.0.4/ghidra_psx_ldr-2026.07.08	machine-assisted WIP boundary
OPEN.EXE	0x80025e14	0x14614	0x60	0x60	1	function	ghidra-analysis			Ghidra-12.0.4/ghidra_psx_ldr-2026.07.08	machine-assisted WIP boundary
OPEN.EXE	0x80025e74	0x14674	0x10	0x10	1	function	mips-return-carve			scripts/kf/audit_functions.py	anonymous WIP start; previous-return+return-delimited-valid-code
OPEN.EXE	0x80025e84	0x14684	0xbc	0xbc	1	function	ghidra-analysis			Ghidra-12.0.4/ghidra_psx_ldr-2026.07.08	machine-assisted WIP boundary
OPEN.EXE	0x80025f40	0x14740	0x40	0x40	1	function	ghidra-analysis			Ghidra-12.0.4/ghidra_psx_ldr-2026.07.08	machine-assisted WIP boundary
OPEN.EXE	0x80025f80	0x14780	0x40	0x40	1	function	ghidra-analysis			Ghidra-12.0.4/ghidra_psx_ldr-2026.07.08	machine-assisted WIP boundary
OPEN.EXE	0x80025fc0	0x147c0	0xac	0xac	1	function	mips-frame-carve			scripts/kf/audit_functions.py	anonymous WIP start; stack-frame+ra-save+matching-stack-return
OPEN.EXE	0x8002606c	0x1486c	0xd8	0xd8	1	function	mips-frame-carve			scripts/kf/audit_functions.py	anonymous WIP start; stack-frame+ra-save+matching-stack-return
OPEN.EXE	0x80026144	0x14944	0x28	0x28	1	function	mips-return-carve			scripts/kf/audit_functions.py	anonymous WIP start; previous-return+return-delimited-valid-code
OPEN.EXE	0x8002616c	0x1496c	0x20	0x20	1	function	mips-frame-carve			scripts/kf/audit_functions.py	anonymous WIP start; stack-frame+ra-save+matching-stack-return
OPEN.EXE	0x80026194	0x14994	0x160	0x160	1	function	mips-frame-carve			scripts/kf/audit_functions.py	anonymous WIP start; stack-frame+ra-save+matching-stack-return
OPEN.EXE	0x800262f4	0x14af4	0xac	0xac	1	function	ghidra-analysis			Ghidra-12.0.4/ghidra_psx_ldr-2026.07.08	machine-assisted WIP boundary
OPEN.EXE	0x800263a0	0x14ba0	0xb0	0xb0	1	function	ghidra-analysis			Ghidra-12.0.4/ghidra_psx_ldr-2026.07.08	machine-assisted WIP boundary
OPEN.EXE	0x80026450	0x14c50	0x2c	0x2c	1	function	ghidra-analysis			Ghidra-12.0.4/ghidra_psx_ldr-2026.07.08	machine-assisted WIP boundary
OPEN.EXE	0x8002647c	0x14c7c	0x10	0x10	1	function	ghidra-analysis			Ghidra-12.0.4/ghidra_psx_ldr-2026.07.08	machine-assisted WIP boundary
OPEN.EXE	0x8002648c	0x14c8c	0x54	0x54	1	function	ghidra-analysis			Ghidra-12.0.4/ghidra_psx_ldr-2026.07.08	machine-assisted WIP boundary
OPEN.EXE	0x800264e0	0x14ce0	0x6c	0x6c	1	function	ghidra-analysis			Ghidra-12.0.4/ghidra_psx_ldr-2026.07.08	machine-assisted WIP boundary
OPEN.EXE	0x8002654c	0x14d4c	0x50	0x50	1	function	ghidra-analysis			Ghidra-12.0.4/ghidra_psx_ldr-2026.07.08	machine-assisted WIP boundary
OPEN.EXE	0x8002659c	0x14d9c	0x88	0x88	1	function	mips-frame-carve			scripts/kf/audit_functions.py	anonymous WIP start; stack-frame+ra-save+matching-stack-return+relocation-candidate
OPEN.EXE	0x80026624	0x14e24	0x30	0x30	1	function	mips-frame-carve			scripts/kf/audit_functions.py	anonymous WIP start; stack-frame+ra-save+matching-stack-return+relocation-candidate
OPEN.EXE	0x80026654	0x14e54	0x58	0x58	1	function	ghidra-analysis			Ghidra-12.0.4/ghidra_psx_ldr-2026.07.08	machine-assisted WIP boundary
OPEN.EXE	0x800266ac	0x14eac	0xb0	0xb0	1	function	ghidra-analysis			Ghidra-12.0.4/ghidra_psx_ldr-2026.07.08	machine-assisted WIP boundary
OPEN.EXE	0x80026764	0x14f64	0x104	0x104	1	function	mips-frame-carve			scripts/kf/audit_functions.py	anonymous WIP start; stack-frame+ra-save+matching-stack-return
OPEN.EXE	0x80026868	0x15068	0x710	0x710	1	function	mips-frame-carve			scripts/kf/audit_functions.py	anonymous WIP start; stack-frame+ra-save+matching-stack-return+relocation-candidate
OPEN.EXE	0x80026f78	0x15778	0x544	0x544	1	function	ghidra-analysis			Ghidra-12.0.4/ghidra_psx_ldr-2026.07.08	machine-assisted WIP boundary
OPEN.EXE	0x800274bc	0x15cbc	0x1dc	0x1dc	1	function	ghidra-analysis			Ghidra-12.0.4/ghidra_psx_ldr-2026.07.08	machine-assisted WIP boundary
OPEN.EXE	0x80027698	0x15e98	0x368	0x368	1	function	ghidra-analysis			Ghidra-12.0.4/ghidra_psx_ldr-2026.07.08	machine-assisted WIP boundary
OPEN.EXE	0x80027a00	0x16200	0x100	0x100	1	function	ghidra-analysis			Ghidra-12.0.4/ghidra_psx_ldr-2026.07.08	machine-assisted WIP boundary
OPEN.EXE	0x80027b00	0x16300	0x8c	0x8c	1	function	ghidra-analysis			Ghidra-12.0.4/ghidra_psx_ldr-2026.07.08	machine-assisted WIP boundary
OPEN.EXE	0x80027b8c	0x1638c	0x428	0x428	1	function	ghidra-analysis			Ghidra-12.0.4/ghidra_psx_ldr-2026.07.08	machine-assisted WIP boundary
OPEN.EXE	0x80027fb4	0x167b4	0x1b0	0x1b0	1	function	ghidra-analysis			Ghidra-12.0.4/ghidra_psx_ldr-2026.07.08	machine-assisted WIP boundary
OPEN.EXE	0x80028164	0x16964	0x1b0	0x1b0	1	function	ghidra-analysis			Ghidra-12.0.4/ghidra_psx_ldr-2026.07.08	machine-assisted WIP boundary
OPEN.EXE	0x80028314	0x16b14	0x278	0x278	1	function	ghidra-analysis			Ghidra-12.0.4/ghidra_psx_ldr-2026.07.08	machine-assisted WIP boundary
OPEN.EXE	0x8002858c	0x16d8c	0x110	0x110	1	function	ghidra-analysis			Ghidra-12.0.4/ghidra_psx_ldr-2026.07.08	machine-assisted WIP boundary
OPEN.EXE	0x8002869c	0x16e9c	0x1f0	0x1f0	1	function	ghidra-analysis			Ghidra-12.0.4/ghidra_psx_ldr-2026.07.08	machine-assisted WIP boundary
OPEN.EXE	0x8002888c	0x1708c	0x23c	0x23c	1	function	ghidra-analysis			Ghidra-12.0.4/ghidra_psx_ldr-2026.07.08	machine-assisted WIP boundary
OPEN.EXE	0x80028ac8	0x172c8	0x9c	0x9c	1	function	ghidra-analysis			Ghidra-12.0.4/ghidra_psx_ldr-2026.07.08	machine-assisted WIP boundary
OPEN.EXE	0x80028b64	0x17364	0x9c	0x9c	1	function	ghidra-analysis			Ghidra-12.0.4/ghidra_psx_ldr-2026.07.08	machine-assisted WIP boundary
OPEN.EXE	0x80028c00	0x17400	0x654	0x654	1	function	ghidra-analysis			Ghidra-12.0.4/ghidra_psx_ldr-2026.07.08	machine-assisted WIP boundary
OPEN.EXE	0x80029254	0x17a54	0x340	0x340	1	function	ghidra-analysis			Ghidra-12.0.4/ghidra_psx_ldr-2026.07.08	machine-assisted WIP boundary
OPEN.EXE	0x80029594	0x17d94	0xc8	0xc8	1	function	ghidra-analysis			Ghidra-12.0.4/ghidra_psx_ldr-2026.07.08	machine-assisted WIP boundary
OPEN.EXE	0x8002965c	0x17e5c	0x4f8	0x4f8	1	function	ghidra-analysis			Ghidra-12.0.4/ghidra_psx_ldr-2026.07.08	machine-assisted WIP boundary
OPEN.EXE	0x80029b54	0x18354	0x110	0x110	1	function	ghidra-analysis			Ghidra-12.0.4/ghidra_psx_ldr-2026.07.08	machine-assisted WIP boundary
OPEN.EXE	0x80029c64	0x18464	0x140	0x140	1	function	ghidra-analysis			Ghidra-12.0.4/ghidra_psx_ldr-2026.07.08	machine-assisted WIP boundary
OPEN.EXE	0x80029da4	0x185a4	0x5c	0x5c	1	function	ghidra-analysis			Ghidra-12.0.4/ghidra_psx_ldr-2026.07.08	machine-assisted WIP boundary
OPEN.EXE	0x80029e00	0x18600	0x8c	0x8c	1	function	ghidra-analysis			Ghidra-12.0.4/ghidra_psx_ldr-2026.07.08	machine-assisted WIP boundary
OPEN.EXE	0x80029e8c	0x1868c	0x38	0x38	1	function	ghidra-analysis			Ghidra-12.0.4/ghidra_psx_ldr-2026.07.08	machine-assisted WIP boundary
OPEN.EXE	0x80029ec4	0x186c4	0x38	0x38	1	function	mips-frame-carve			scripts/kf/audit_functions.py	anonymous WIP start; stack-frame+ra-save+matching-stack-return
OPEN.EXE	0x80029efc	0x186fc	0xf4	0xf4	1	function	mips-frame-carve			scripts/kf/audit_functions.py	anonymous WIP start; stack-frame+ra-save+matching-stack-return
OPEN.EXE	0x80029ff0	0x187f0	0x128	0x128	1	function	ghidra-analysis			Ghidra-12.0.4/ghidra_psx_ldr-2026.07.08	machine-assisted WIP boundary
OPEN.EXE	0x8002a118	0x18918	0x30	0x30	1	function	ghidra-analysis			Ghidra-12.0.4/ghidra_psx_ldr-2026.07.08	machine-assisted WIP boundary
OPEN.EXE	0x8002a148	0x18948	0x54	0x54	1	function	mips-return-carve			scripts/kf/audit_functions.py	anonymous WIP start; previous-return+return-delimited-valid-code
OPEN.EXE	0x8002a19c	0x1899c	0x164	0x164	1	function	ghidra-analysis			Ghidra-12.0.4/ghidra_psx_ldr-2026.07.08	machine-assisted WIP boundary
OPEN.EXE	0x8002a300	0x18b00	0x30	0x30	1	function	ghidra-analysis			Ghidra-12.0.4/ghidra_psx_ldr-2026.07.08	machine-assisted WIP boundary
OPEN.EXE	0x8002a330	0x18b30	0x2f8	0x2f8	1	function	cross-overlay-sdk-candidate	SsSeqCalledTbyT		config/evidence/overlay_lineage.tsv;LIBSND/SSCALL	boundary corrected eight bytes earlier; name remains a structural candidate: psy-k extraction of the Release 2.5 LIBSND.LIB SSCALL object (0x244 bytes) aligns best at retail+0x7c with 72 equal, 28 relocation-masked, and 45 differing words of 145, so this 0x2f8-byte body is a different libsnd build and no supplied archive proves it
OPEN.EXE	0x8002a628	0x18e28	0x548	0x548	1	function	ghidra-analysis			Ghidra-12.0.4/ghidra_psx_ldr-2026.07.08	machine-assisted WIP boundary
OPEN.EXE	0x8002ab70	0x19370	0x68	0x68	1	function	ghidra-analysis			Ghidra-12.0.4/ghidra_psx_ldr-2026.07.08	machine-assisted WIP boundary
OPEN.EXE	0x8002abd8	0x193d8	0x2c	0x2c	1	function	ghidra-analysis			Ghidra-12.0.4/ghidra_psx_ldr-2026.07.08	machine-assisted WIP boundary
OPEN.EXE	0x8002ac04	0x19404	0x530	0x530	1	function	ghidra-analysis			Ghidra-12.0.4/ghidra_psx_ldr-2026.07.08	machine-assisted WIP boundary
OPEN.EXE	0x8002b134	0x19934	0x94	0x94	1	function	ghidra-analysis			Ghidra-12.0.4/ghidra_psx_ldr-2026.07.08	machine-assisted WIP boundary
OPEN.EXE	0x8002b1c8	0x199c8	0x64	0x64	1	function	mips-return-carve			scripts/kf/audit_functions.py	anonymous WIP start; previous-return+return-delimited-valid-code
OPEN.EXE	0x8002b22c	0x19a2c	0x24c	0x24c	1	function	ghidra-analysis			Ghidra-12.0.4/ghidra_psx_ldr-2026.07.08	machine-assisted WIP boundary
OPEN.EXE	0x8002b478	0x19c78	0x3c	0x3c	1	function	mips-frame-carve			scripts/kf/audit_functions.py	anonymous WIP start; stack-frame+ra-save+matching-stack-return+relocation-candidate
OPEN.EXE	0x8002b4b4	0x19cb4	0x168	0x168	1	function	ghidra-analysis			Ghidra-12.0.4/ghidra_psx_ldr-2026.07.08	machine-assisted WIP boundary
OPEN.EXE	0x8002b61c	0x19e1c	0x168	0x168	1	function	mips-frame-carve			scripts/kf/audit_functions.py	anonymous WIP start; stack-frame+ra-save+matching-stack-return
OPEN.EXE	0x8002b784	0x19f84	0x1e4	0x1e4	1	function	mips-frame-carve			scripts/kf/audit_functions.py	anonymous WIP start; stack-frame+ra-save+matching-stack-return
OPEN.EXE	0x8002b968	0x1a168	0x128	0x128	1	function	mips-return-carve			scripts/kf/audit_functions.py	anonymous WIP start; previous-return+return-delimited-valid-code+relocation-candidate
OPEN.EXE	0x8002ba90	0x1a290	0xa0	0xa0	1	function	mips-return-carve			scripts/kf/audit_functions.py	anonymous WIP start; previous-return+return-delimited-valid-code+relocation-candidate
OPEN.EXE	0x8002bb30	0x1a330	0xbc	0xbc	1	function	mips-frame-carve			scripts/kf/audit_functions.py	anonymous WIP start; stack-frame+ra-save+matching-stack-return+relocation-candidate
OPEN.EXE	0x8002bbec	0x1a3ec	0x50	0x50	1	function	mips-frame-carve			scripts/kf/audit_functions.py	anonymous WIP start; stack-frame+ra-save+matching-stack-return+relocation-candidate
OPEN.EXE	0x8002bc3c	0x1a43c	0x94	0x94	1	function	mips-return-carve			scripts/kf/audit_functions.py	anonymous WIP start; previous-return+return-delimited-valid-code+relocation-candidate
OPEN.EXE	0x8002bcd0	0x1a4d0	0x70	0x70	1	function	mips-frame-carve			scripts/kf/audit_functions.py	anonymous WIP start; stack-frame+ra-save+matching-stack-return
OPEN.EXE	0x8002bd40	0x1a540	0x158	0x158	1	function	mips-return-carve			scripts/kf/audit_functions.py	anonymous WIP start; previous-return+return-delimited-valid-code+relocation-candidate
OPEN.EXE	0x8002be98	0x1a698	0x98	0x98	1	function	mips-frame-carve			scripts/kf/audit_functions.py	anonymous WIP start; stack-frame+ra-save+matching-stack-return
OPEN.EXE	0x8002bf30	0x1a730	0xd0	0xd0	1	function	mips-return-carve			scripts/kf/audit_functions.py	anonymous WIP start; previous-return+return-delimited-valid-code+relocation-candidate
OPEN.EXE	0x8002c000	0x1a800	0x10	0x10	1	function	mips-return-carve			scripts/kf/audit_functions.py	anonymous WIP start; previous-return+return-delimited-valid-code
OPEN.EXE	0x8002c010	0x1a810	0x10	0x10	1	function	mips-return-carve			scripts/kf/audit_functions.py	anonymous WIP start; previous-return+return-delimited-valid-code
OPEN.EXE	0x8002c020	0x1a820	0x10	0x10	1	function	mips-return-carve			scripts/kf/audit_functions.py	anonymous WIP start; previous-return+return-delimited-valid-code
OPEN.EXE	0x8002c030	0x1a830	0x20	0x20	1	function	mips-return-carve			scripts/kf/audit_functions.py	anonymous WIP start; previous-return+return-delimited-valid-code
OPEN.EXE	0x8002c050	0x1a850	0xc	0xc	1	function	mips-return-carve			scripts/kf/audit_functions.py	anonymous WIP start; previous-return+return-delimited-valid-code
OPEN.EXE	0x8002c05c	0x1a85c	0x14	0x14	1	function	mips-return-carve			scripts/kf/audit_functions.py	anonymous WIP start; previous-return+return-delimited-valid-code
OPEN.EXE	0x8002c070	0x1a870	0x14	0x14	1	function	mips-return-carve			scripts/kf/audit_functions.py	anonymous WIP start; previous-return+return-delimited-valid-code
OPEN.EXE	0x8002c084	0x1a884	0xc	0xc	1	function	mips-return-carve			scripts/kf/audit_functions.py	anonymous WIP start; previous-return+return-delimited-valid-code
OPEN.EXE	0x8002c090	0x1a890	0x20	0x20	1	function	ghidra-analysis	SetBackColor		Ghidra-12.0.4/ghidra_psx_ldr-2026.07.08	machine-assisted WIP boundary
OPEN.EXE	0x8002c0b0	0x1a8b0	0x20	0x20	1	function	ghidra-analysis	SetFarColor		Ghidra-12.0.4/ghidra_psx_ldr-2026.07.08	machine-assisted WIP boundary
OPEN.EXE	0x8002c0d0	0x1a8d0	0x14	0x14	1	function	mips-return-carve			scripts/kf/audit_functions.py	anonymous WIP start; previous-return+return-delimited-valid-code
OPEN.EXE	0x8002c0e4	0x1a8e4	0x18	0x18	1	function	mips-return-carve			scripts/kf/audit_functions.py	anonymous WIP start; previous-return+return-delimited-valid-code
OPEN.EXE	0x8002c0fc	0x1a8fc	0x14	0x14	1	function	mips-return-carve			scripts/kf/audit_functions.py	anonymous WIP start; previous-return+return-delimited-valid-code
OPEN.EXE	0x8002c110	0x1a910	0x14	0x14	1	function	mips-return-carve			scripts/kf/audit_functions.py	anonymous WIP start; previous-return+return-delimited-valid-code
OPEN.EXE	0x8002c124	0x1a924	0x14	0x14	1	function	mips-return-carve			scripts/kf/audit_functions.py	anonymous WIP start; previous-return+return-delimited-valid-code
OPEN.EXE	0x8002c138	0x1a938	0xc	0xc	1	function	mips-return-carve			scripts/kf/audit_functions.py	anonymous WIP start; previous-return+return-delimited-valid-code
OPEN.EXE	0x8002c144	0x1a944	0x18	0x18	1	function	ghidra-analysis			Ghidra-12.0.4/ghidra_psx_ldr-2026.07.08	machine-assisted WIP boundary
OPEN.EXE	0x8002c15c	0x1a95c	0xc	0xc	1	function	ghidra-analysis			Ghidra-12.0.4/ghidra_psx_ldr-2026.07.08	machine-assisted WIP boundary
OPEN.EXE	0x8002c168	0x1a968	0xc	0xc	1	function	ghidra-analysis			Ghidra-12.0.4/ghidra_psx_ldr-2026.07.08	machine-assisted WIP boundary
OPEN.EXE	0x8002c174	0x1a974	0xc	0xc	1	function	ghidra-analysis			Ghidra-12.0.4/ghidra_psx_ldr-2026.07.08	machine-assisted WIP boundary
OPEN.EXE	0x8002c180	0x1a980	0xc	0xc	1	function	mips-return-carve			scripts/kf/audit_functions.py	anonymous WIP start; previous-return+return-delimited-valid-code
OPEN.EXE	0x8002c18c	0x1a98c	0xc	0xc	1	function	mips-return-carve			scripts/kf/audit_functions.py	anonymous WIP start; previous-return+return-delimited-valid-code
OPEN.EXE	0x8002c198	0x1a998	0x14	0x14	1	function	mips-return-carve			scripts/kf/audit_functions.py	anonymous WIP start; previous-return+return-delimited-valid-code
OPEN.EXE	0x8002c1ac	0x1a9ac	0xc	0xc	1	function	ghidra-analysis			Ghidra-12.0.4/ghidra_psx_ldr-2026.07.08	machine-assisted WIP boundary
OPEN.EXE	0x8002c1b8	0x1a9b8	0x14	0x14	1	function	mips-return-carve			scripts/kf/audit_functions.py	anonymous WIP start; previous-return+return-delimited-valid-code
OPEN.EXE	0x8002c1cc	0x1a9cc	0x18	0x18	1	function	mips-return-carve			scripts/kf/audit_functions.py	anonymous WIP start; previous-return+return-delimited-valid-code
OPEN.EXE	0x8002c1e4	0x1a9e4	0x14	0x14	1	function	mips-return-carve			scripts/kf/audit_functions.py	anonymous WIP start; previous-return+return-delimited-valid-code
OPEN.EXE	0x8002c1f8	0x1a9f8	0x14	0x14	1	function	mips-return-carve			scripts/kf/audit_functions.py	anonymous WIP start; previous-return+return-delimited-valid-code
OPEN.EXE	0x8002c20c	0x1aa0c	0xc	0xc	1	function	mips-return-carve			scripts/kf/audit_functions.py	anonymous WIP start; previous-return+return-delimited-valid-code
OPEN.EXE	0x8002c218	0x1aa18	0x14	0x14	1	function	mips-return-carve			scripts/kf/audit_functions.py	anonymous WIP start; previous-return+return-delimited-valid-code
OPEN.EXE	0x8002c22c	0x1aa2c	0x30	0x30	1	function	ghidra-analysis	ReadORGB		Ghidra-12.0.4/ghidra_psx_ldr-2026.07.08	machine-assisted WIP boundary
OPEN.EXE	0x8002c25c	0x1aa5c	0xc	0xc	1	function	mips-return-carve			scripts/kf/audit_functions.py	anonymous WIP start; previous-return+return-delimited-valid-code
OPEN.EXE	0x8002c268	0x1aa68	0xc	0xc	1	function	mips-return-carve			scripts/kf/audit_functions.py	anonymous WIP start; previous-return+return-delimited-valid-code
OPEN.EXE	0x8002c274	0x1aa74	0x20	0x20	1	function	ghidra-analysis	ReadGeomOffset		Ghidra-12.0.4/ghidra_psx_ldr-2026.07.08	machine-assisted WIP boundary
OPEN.EXE	0x8002c294	0x1aa94	0xc	0xc	1	function	mips-return-carve			scripts/kf/audit_functions.py	anonymous WIP start; previous-return+return-delimited-valid-code
OPEN.EXE	0x8002c2a0	0x1aaa0	0x68	0x68	1	function	ghidra-analysis			Ghidra-12.0.4/ghidra_psx_ldr-2026.07.08	machine-assisted WIP boundary
OPEN.EXE	0x8002c308	0x1ab08	0x54	0x54	1	function	mips-return-carve			scripts/kf/audit_functions.py	anonymous WIP start; previous-return+return-delimited-valid-code
OPEN.EXE	0x8002c35c	0x1ab5c	0x54	0x54	1	function	mips-return-carve			scripts/kf/audit_functions.py	anonymous WIP start; previous-return+return-delimited-valid-code
OPEN.EXE	0x8002c3b0	0x1abb0	0x8c	0x8c	1	function	mips-return-carve			scripts/kf/audit_functions.py	anonymous WIP start; previous-return+return-delimited-valid-code
OPEN.EXE	0x8002c43c	0x1ac3c	0x8c	0x8c	1	function	mips-return-carve			scripts/kf/audit_functions.py	anonymous WIP start; previous-return+return-delimited-valid-code
OPEN.EXE	0x8002c4c8	0x1acc8	0x60	0x60	1	function	mips-return-carve			scripts/kf/audit_functions.py	anonymous WIP start; previous-return+return-delimited-valid-code
OPEN.EXE	0x8002c528	0x1ad28	0x78	0x78	1	function	mips-return-carve			scripts/kf/audit_functions.py	anonymous WIP start; previous-return+return-delimited-valid-code
OPEN.EXE	0x8002c5a0	0x1ada0	0xc8	0xc8	1	function	ghidra-analysis			Ghidra-12.0.4/ghidra_psx_ldr-2026.07.08	machine-assisted WIP boundary
OPEN.EXE	0x8002c668	0x1ae68	0xc8	0xc8	1	function	mips-return-carve			scripts/kf/audit_functions.py	anonymous WIP start; previous-return+return-delimited-valid-code
OPEN.EXE	0x8002c730	0x1af30	0x84	0x7c	2	function	ghidra-analysis			Ghidra-12.0.4/ghidra_psx_ldr-2026.07.08	machine-assisted WIP boundary
OPEN.EXE	0x8002c7b4	0x1afb4	0x80	0x80	1	function	mips-return-carve			scripts/kf/audit_functions.py	anonymous WIP start; previous-return+return-delimited-valid-code
OPEN.EXE	0x8002c834	0x1b034	0xc	0xc	1	function	mips-return-carve			scripts/kf/audit_functions.py	anonymous WIP start; previous-return+return-delimited-valid-code
OPEN.EXE	0x8002c840	0x1b040	0x8	0x8	1	function	mips-return-carve			scripts/kf/audit_functions.py	anonymous WIP start; previous-return+return-delimited-valid-code
OPEN.EXE	0x8002c848	0x1b048	0x8c	0x84	2	function	ghidra-analysis			Ghidra-12.0.4/ghidra_psx_ldr-2026.07.08	machine-assisted WIP boundary
OPEN.EXE	0x8002c8d4	0x1b0d4	0x80	0x80	1	function	ghidra-analysis	gteMIMefunc		Ghidra-12.0.4/ghidra_psx_ldr-2026.07.08	machine-assisted WIP boundary
OPEN.EXE	0x8002c954	0x1b154	0x7c	0x7c	1	function	mips-return-carve			scripts/kf/audit_functions.py	anonymous WIP start; previous-return+return-delimited-valid-code
OPEN.EXE	0x8002c9d0	0x1b1d0	0x4c	0x4c	1	function	mips-return-carve			scripts/kf/audit_functions.py	anonymous WIP start; previous-return+return-delimited-valid-code
OPEN.EXE	0x8002ca20	0x1b220	0x188	0x188	1	function	mips-return-carve			scripts/kf/audit_functions.py	anonymous WIP start; previous-return+return-delimited-valid-code+skipped-1-padding-nop
OPEN.EXE	0x8002cba8	0x1b3a8	0x124	0x124	1	function	ghidra-analysis			Ghidra-12.0.4/ghidra_psx_ldr-2026.07.08	machine-assisted WIP boundary
OPEN.EXE	0x8002cccc	0x1b4cc	0xfc	0xfc	1	function	mips-return-carve			scripts/kf/audit_functions.py	anonymous WIP start; previous-return+return-delimited-valid-code
OPEN.EXE	0x8002cdc8	0x1b5c8	0x128	0x128	1	function	ghidra-analysis			Ghidra-12.0.4/ghidra_psx_ldr-2026.07.08	machine-assisted WIP boundary
OPEN.EXE	0x8002cef0	0x1b6f0	0x128	0x128	1	function	ghidra-analysis			Ghidra-12.0.4/ghidra_psx_ldr-2026.07.08	machine-assisted WIP boundary
OPEN.EXE	0x8002d018	0x1b818	0x100	0x100	1	function	mips-return-carve			scripts/kf/audit_functions.py	anonymous WIP start; previous-return+return-delimited-valid-code
OPEN.EXE	0x8002d118	0x1b918	0x12c	0x12c	1	function	mips-return-carve			scripts/kf/audit_functions.py	anonymous WIP start; previous-return+return-delimited-valid-code
OPEN.EXE	0x8002d244	0x1ba44	0x68	0x68	1	function	mips-return-carve			scripts/kf/audit_functions.py	anonymous WIP start; previous-return+return-delimited-valid-code+relocation-candidate
OPEN.EXE	0x8002d2ac	0x1baac	0x40	0x40	1	function	mips-return-carve			scripts/kf/audit_functions.py	anonymous WIP start; previous-return+return-delimited-valid-code
OPEN.EXE	0x8002d2ec	0x1baec	0x24	0x24	1	function	mips-return-carve			scripts/kf/audit_functions.py	anonymous WIP start; previous-return+return-delimited-valid-code
OPEN.EXE	0x8002d310	0x1bb10	0x124	0x124	1	function	ghidra-analysis			Ghidra-12.0.4/ghidra_psx_ldr-2026.07.08	machine-assisted WIP boundary
OPEN.EXE	0x8002d434	0x1bc34	0x124	0x124	1	function	mips-return-carve			scripts/kf/audit_functions.py	anonymous WIP start; previous-return+return-delimited-valid-code
OPEN.EXE	0x8002d558	0x1bd58	0x30	0x30	1	function	ghidra-analysis	SetRotMatrix		Ghidra-12.0.4/ghidra_psx_ldr-2026.07.08	machine-assisted WIP boundary
OPEN.EXE	0x8002d588	0x1bd88	0x30	0x30	1	function	ghidra-analysis	SetLightMatrix		Ghidra-12.0.4/ghidra_psx_ldr-2026.07.08	machine-assisted WIP boundary
OPEN.EXE	0x8002d5b8	0x1bdb8	0x30	0x30	1	function	ghidra-analysis	SetColorMatrix		Ghidra-12.0.4/ghidra_psx_ldr-2026.07.08	machine-assisted WIP boundary
OPEN.EXE	0x8002d5e8	0x1bde8	0x20	0x20	1	function	ghidra-analysis	SetTransMatrix		Ghidra-12.0.4/ghidra_psx_ldr-2026.07.08	machine-assisted WIP boundary
OPEN.EXE	0x8002d608	0x1be08	0xa0	0xa0	1	function	cross-overlay-sdk-lineage	PushMatrix		config/evidence/overlay_lineage.tsv;LIBGTE/MTX	branch target 0x8002d644 is an internal success path, not a function start
OPEN.EXE	0x8002d6a8	0x1bea8	0xa0	0xa0	1	function	cross-overlay-sdk-lineage	PopMatrix		config/evidence/overlay_lineage.tsv;LIBGTE/MTX	branch target 0x8002d6e0 is an internal success path, not a function start
OPEN.EXE	0x8002d748	0x1bf48	0x48	0x48	1	function	mips-return-carve			scripts/kf/audit_functions.py	anonymous WIP start; previous-return+return-delimited-valid-code
OPEN.EXE	0x8002d790	0x1bf90	0x48	0x48	1	function	mips-return-carve			scripts/kf/audit_functions.py	anonymous WIP start; previous-return+return-delimited-valid-code
OPEN.EXE	0x8002d7d8	0x1bfd8	0x48	0x48	1	function	mips-return-carve			scripts/kf/audit_functions.py	anonymous WIP start; previous-return+return-delimited-valid-code
OPEN.EXE	0x8002d820	0x1c020	0x34	0x34	1	function	ghidra-analysis			Ghidra-12.0.4/ghidra_psx_ldr-2026.07.08	machine-assisted WIP boundary
OPEN.EXE	0x8002d854	0x1c054	0x5c	0x5c	1	function	mips-return-carve			scripts/kf/audit_functions.py	anonymous WIP start; previous-return+return-delimited-valid-code
OPEN.EXE	0x8002d8b0	0x1c0b0	0x34	0x34	1	function	ghidra-analysis			Ghidra-12.0.4/ghidra_psx_ldr-2026.07.08	machine-assisted WIP boundary
OPEN.EXE	0x8002d8e4	0x1c0e4	0x34	0x34	1	function	mips-return-carve			scripts/kf/audit_functions.py	anonymous WIP start; previous-return+return-delimited-valid-code
OPEN.EXE	0x8002d918	0x1c118	0x28	0x28	1	function	mips-return-carve			scripts/kf/audit_functions.py	anonymous WIP start; previous-return+return-delimited-valid-code
OPEN.EXE	0x8002d940	0x1c140	0x2c	0x2c	1	function	mips-return-carve			scripts/kf/audit_functions.py	anonymous WIP start; previous-return+return-delimited-valid-code
OPEN.EXE	0x8002d96c	0x1c16c	0x2c	0x2c	1	function	mips-return-carve			scripts/kf/audit_functions.py	anonymous WIP start; previous-return+return-delimited-valid-code
OPEN.EXE	0x8002d998	0x1c198	0x20	0x20	1	function	ghidra-analysis			Ghidra-12.0.4/ghidra_psx_ldr-2026.07.08	machine-assisted WIP boundary
OPEN.EXE	0x8002d9b8	0x1c1b8	0x40	0x40	1	function	mips-return-carve			scripts/kf/audit_functions.py	anonymous WIP start; previous-return+return-delimited-valid-code
OPEN.EXE	0x8002d9f8	0x1c1f8	0x28	0x28	1	function	mips-return-carve			scripts/kf/audit_functions.py	anonymous WIP start; previous-return+return-delimited-valid-code
OPEN.EXE	0x8002da20	0x1c220	0x30	0x30	1	function	mips-return-carve			scripts/kf/audit_functions.py	anonymous WIP start; previous-return+return-delimited-valid-code
OPEN.EXE	0x8002da50	0x1c250	0x30	0x30	1	function	mips-return-carve			scripts/kf/audit_functions.py	anonymous WIP start; previous-return+return-delimited-valid-code
OPEN.EXE	0x8002da80	0x1c280	0x24	0x24	1	function	mips-return-carve			scripts/kf/audit_functions.py	anonymous WIP start; previous-return+return-delimited-valid-code
OPEN.EXE	0x8002daa4	0x1c2a4	0x44	0x44	1	function	mips-return-carve			scripts/kf/audit_functions.py	anonymous WIP start; previous-return+return-delimited-valid-code
OPEN.EXE	0x8002dae8	0x1c2e8	0x2c	0x2c	1	function	ghidra-analysis			Ghidra-12.0.4/ghidra_psx_ldr-2026.07.08	machine-assisted WIP boundary
OPEN.EXE	0x8002db14	0x1c314	0x4c	0x4c	1	function	ghidra-analysis			Ghidra-12.0.4/ghidra_psx_ldr-2026.07.08	machine-assisted WIP boundary
OPEN.EXE	0x8002db60	0x1c360	0x24	0x24	1	function	ghidra-analysis			Ghidra-12.0.4/ghidra_psx_ldr-2026.07.08	machine-assisted WIP boundary
OPEN.EXE	0x8002db84	0x1c384	0x48	0x48	1	function	ghidra-analysis			Ghidra-12.0.4/ghidra_psx_ldr-2026.07.08	machine-assisted WIP boundary
OPEN.EXE	0x8002dbcc	0x1c3cc	0x2c	0x2c	1	function	mips-return-carve			scripts/kf/audit_functions.py	anonymous WIP start; previous-return+return-delimited-valid-code
OPEN.EXE	0x8002dbf8	0x1c3f8	0x28	0x28	1	function	mips-return-carve			scripts/kf/audit_functions.py	anonymous WIP start; previous-return+return-delimited-valid-code
OPEN.EXE	0x8002dc20	0x1c420	0x2c	0x2c	1	function	ghidra-analysis			Ghidra-12.0.4/ghidra_psx_ldr-2026.07.08	machine-assisted WIP boundary
OPEN.EXE	0x8002dc4c	0x1c44c	0x18	0x18	1	function	mips-return-carve			scripts/kf/audit_functions.py	anonymous WIP start; previous-return+return-delimited-valid-code
OPEN.EXE	0x8002dc64	0x1c464	0x24	0x24	1	function	mips-return-carve			scripts/kf/audit_functions.py	anonymous WIP start; previous-return+return-delimited-valid-code
OPEN.EXE	0x8002dc88	0x1c488	0x14	0x14	1	function	mips-return-carve			scripts/kf/audit_functions.py	anonymous WIP start; previous-return+return-delimited-valid-code
OPEN.EXE	0x8002dc9c	0x1c49c	0x28	0x28	1	function	mips-return-carve			scripts/kf/audit_functions.py	anonymous WIP start; previous-return+return-delimited-valid-code
OPEN.EXE	0x8002dcc4	0x1c4c4	0x14	0x14	1	function	mips-return-carve			scripts/kf/audit_functions.py	anonymous WIP start; previous-return+return-delimited-valid-code
OPEN.EXE	0x8002dcd8	0x1c4d8	0x5c	0x5c	1	function	ghidra-analysis			Ghidra-12.0.4/ghidra_psx_ldr-2026.07.08	machine-assisted WIP boundary
OPEN.EXE	0x8002dd34	0x1c534	0x5c	0x5c	1	function	mips-return-carve			scripts/kf/audit_functions.py	anonymous WIP start; previous-return+return-delimited-valid-code
OPEN.EXE	0x8002dd90	0x1c590	0x18	0x18	1	function	mips-return-carve			scripts/kf/audit_functions.py	anonymous WIP start; previous-return+return-delimited-valid-code+relocation-candidate
OPEN.EXE	0x8002ddb0	0x1c5b0	0x58	0x58	1	function	mips-return-carve			scripts/kf/audit_functions.py	anonymous WIP start; previous-return+return-delimited-valid-code+skipped-2-padding-nop
OPEN.EXE	0x8002de08	0x1c608	0x80	0x80	1	function	mips-return-carve			scripts/kf/audit_functions.py	anonymous WIP start; previous-return+return-delimited-valid-code
OPEN.EXE	0x8002de88	0x1c688	0x84	0x84	1	function	ghidra-analysis			Ghidra-12.0.4/ghidra_psx_ldr-2026.07.08	machine-assisted WIP boundary
OPEN.EXE	0x8002df0c	0x1c70c	0x60	0x60	1	function	mips-return-carve			scripts/kf/audit_functions.py	anonymous WIP start; previous-return+return-delimited-valid-code
OPEN.EXE	0x8002df6c	0x1c76c	0x88	0x88	1	function	mips-return-carve			scripts/kf/audit_functions.py	anonymous WIP start; previous-return+return-delimited-valid-code
OPEN.EXE	0x8002dff4	0x1c7f4	0x34	0x34	1	function	mips-return-carve			scripts/kf/audit_functions.py	anonymous WIP start; previous-return+return-delimited-valid-code
OPEN.EXE	0x8002e028	0x1c828	0x8c	0x8c	1	function	mips-return-carve			scripts/kf/audit_functions.py	anonymous WIP start; previous-return+return-delimited-valid-code
OPEN.EXE	0x8002e0b4	0x1c8b4	0xbc	0xbc	1	function	mips-return-carve			scripts/kf/audit_functions.py	anonymous WIP start; previous-return+return-delimited-valid-code
OPEN.EXE	0x8002e170	0x1c970	0x94	0x94	1	function	mips-return-carve			scripts/kf/audit_functions.py	anonymous WIP start; previous-return+return-delimited-valid-code
OPEN.EXE	0x8002e204	0x1ca04	0xac	0xac	1	function	mips-return-carve			scripts/kf/audit_functions.py	anonymous WIP start; previous-return+return-delimited-valid-code
OPEN.EXE	0x8002e2b0	0x1cab0	0xc0	0xc0	1	function	mips-return-carve			scripts/kf/audit_functions.py	anonymous WIP start; previous-return+return-delimited-valid-code
OPEN.EXE	0x8002e370	0x1cb70	0x58	0x58	1	function	mips-return-carve			scripts/kf/audit_functions.py	anonymous WIP start; previous-return+return-delimited-valid-code
OPEN.EXE	0x8002e3c8	0x1cbc8	0xa4	0xa4	1	function	mips-return-carve			scripts/kf/audit_functions.py	anonymous WIP start; previous-return+return-delimited-valid-code
OPEN.EXE	0x8002e46c	0x1cc6c	0xd8	0xd8	1	function	mips-return-carve			scripts/kf/audit_functions.py	anonymous WIP start; previous-return+return-delimited-valid-code
OPEN.EXE	0x8002e544	0x1cd44	0xd8	0xd8	1	function	mips-return-carve			scripts/kf/audit_functions.py	anonymous WIP start; previous-return+return-delimited-valid-code
OPEN.EXE	0x8002e61c	0x1ce1c	0x74	0x74	1	function	mips-return-carve			scripts/kf/audit_functions.py	anonymous WIP start; previous-return+return-delimited-valid-code
OPEN.EXE	0x8002e690	0x1ce90	0x44	0x44	1	function	mips-return-carve			scripts/kf/audit_functions.py	anonymous WIP start; previous-return+return-delimited-valid-code
OPEN.EXE	0x8002e6d4	0x1ced4	0x40	0x40	1	function	mips-return-carve			scripts/kf/audit_functions.py	anonymous WIP start; previous-return+return-delimited-valid-code
OPEN.EXE	0x8002e720	0x1cf20	0x6c	0x6c	1	function	mips-return-carve			scripts/kf/audit_functions.py	anonymous WIP start; previous-return+return-delimited-valid-code+skipped-3-padding-nop
OPEN.EXE	0x8002e78c	0x1cf8c	0x1e4	0x1e4	1	function	ghidra-analysis			Ghidra-12.0.4/ghidra_psx_ldr-2026.07.08	machine-assisted WIP boundary
OPEN.EXE	0x8002e970	0x1d170	0x1dc	0x1dc	1	function	mips-frame-carve			scripts/kf/audit_functions.py	anonymous WIP start; stack-frame+ra-save+matching-stack-return
OPEN.EXE	0x8002eb4c	0x1d34c	0x1ac	0x1ac	1	function	mips-frame-carve			scripts/kf/audit_functions.py	anonymous WIP start; stack-frame+ra-save+matching-stack-return
OPEN.EXE	0x8002ecf8	0x1d4f8	0x1ac	0x1ac	1	function	mips-frame-carve			scripts/kf/audit_functions.py	anonymous WIP start; stack-frame+ra-save+matching-stack-return
OPEN.EXE	0x8002eea4	0x1d6a4	0x1ac	0x1ac	1	function	mips-frame-carve			scripts/kf/audit_functions.py	anonymous WIP start; stack-frame+ra-save+matching-stack-return
OPEN.EXE	0x8002f050	0x1d850	0x50	0x50	1	function	ghidra-analysis			Ghidra-12.0.4/ghidra_psx_ldr-2026.07.08	machine-assisted WIP boundary
OPEN.EXE	0x8002f0a0	0x1d8a0	0xb8	0xb8	1	function	ghidra-analysis			Ghidra-12.0.4/ghidra_psx_ldr-2026.07.08	machine-assisted WIP boundary
OPEN.EXE	0x8002f158	0x1d958	0xd4	0xd4	1	function	ghidra-analysis			Ghidra-12.0.4/ghidra_psx_ldr-2026.07.08	machine-assisted WIP boundary
OPEN.EXE	0x8002f260	0x1da60	0x28	0x28	1	function	mips-frame-carve			scripts/kf/audit_functions.py	anonymous WIP start; stack-frame+ra-save+matching-stack-return
OPEN.EXE	0x8002f288	0x1da88	0x64	0x64	1	function	ghidra-analysis			Ghidra-12.0.4/ghidra_psx_ldr-2026.07.08	machine-assisted WIP boundary
OPEN.EXE	0x8002f2ec	0x1daec	0x418	0x418	1	function	mips-frame-carve			scripts/kf/audit_functions.py	anonymous WIP start; stack-frame+ra-save+matching-stack-return
OPEN.EXE	0x8002f704	0x1df04	0xd0	0xd0	1	function	mips-return-carve			scripts/kf/audit_functions.py	anonymous WIP start; previous-return+return-delimited-valid-code
OPEN.EXE	0x8002f7d4	0x1dfd4	0x40	0x40	1	function	ghidra-analysis			Ghidra-12.0.4/ghidra_psx_ldr-2026.07.08	machine-assisted WIP boundary
OPEN.EXE	0x8002f814	0x1e014	0x5c	0x5c	1	function	ghidra-analysis			Ghidra-12.0.4/ghidra_psx_ldr-2026.07.08	machine-assisted WIP boundary
OPEN.EXE	0x8002f870	0x1e070	0x28	0x28	1	function	mips-frame-carve			scripts/kf/audit_functions.py	anonymous WIP start; stack-frame+ra-save+matching-stack-return
OPEN.EXE	0x8002f898	0x1e098	0x24	0x24	1	function	mips-frame-carve			scripts/kf/audit_functions.py	anonymous WIP start; stack-frame+ra-save+matching-stack-return
OPEN.EXE	0x8002f8bc	0x1e0bc	0x24	0x24	1	function	mips-frame-carve			scripts/kf/audit_functions.py	anonymous WIP start; stack-frame+ra-save+matching-stack-return
OPEN.EXE	0x8002f8e0	0x1e0e0	0x24	0x24	1	function	ghidra-analysis			Ghidra-12.0.4/ghidra_psx_ldr-2026.07.08	machine-assisted WIP boundary
OPEN.EXE	0x8002f904	0x1e104	0x24	0x24	1	function	mips-frame-carve			scripts/kf/audit_functions.py	anonymous WIP start; stack-frame+ra-save+matching-stack-return+relocation-candidate
OPEN.EXE	0x8002f928	0x1e128	0x24	0x24	1	function	ghidra-analysis			Ghidra-12.0.4/ghidra_psx_ldr-2026.07.08	machine-assisted WIP boundary
OPEN.EXE	0x8002f94c	0x1e14c	0x24	0x24	1	function	mips-frame-carve			scripts/kf/audit_functions.py	anonymous WIP start; stack-frame+ra-save+matching-stack-return
OPEN.EXE	0x8002f970	0x1e170	0x24	0x24	1	function	mips-frame-carve			scripts/kf/audit_functions.py	anonymous WIP start; stack-frame+ra-save+matching-stack-return
OPEN.EXE	0x8002f994	0x1e194	0x24	0x24	1	function	ghidra-analysis			Ghidra-12.0.4/ghidra_psx_ldr-2026.07.08	machine-assisted WIP boundary
OPEN.EXE	0x8002f9b8	0x1e1b8	0x24	0x24	1	function	ghidra-analysis			Ghidra-12.0.4/ghidra_psx_ldr-2026.07.08	machine-assisted WIP boundary
OPEN.EXE	0x8002f9dc	0x1e1dc	0x24	0x24	1	function	mips-frame-carve			scripts/kf/audit_functions.py	anonymous WIP start; stack-frame+ra-save+matching-stack-return
OPEN.EXE	0x8002fa00	0x1e200	0x80	0x80	1	function	ghidra-analysis			Ghidra-12.0.4/ghidra_psx_ldr-2026.07.08	machine-assisted WIP boundary
OPEN.EXE	0x8002fa80	0x1e280	0x84	0x84	1	function	ghidra-analysis			Ghidra-12.0.4/ghidra_psx_ldr-2026.07.08	machine-assisted WIP boundary
OPEN.EXE	0x8002fb04	0x1e304	0x2d0	0x2d0	1	function	ghidra-analysis			Ghidra-12.0.4/ghidra_psx_ldr-2026.07.08	machine-assisted WIP boundary
OPEN.EXE	0x8002fdd4	0x1e5d4	0x5c	0x5c	1	function	mips-return-carve			scripts/kf/audit_functions.py	anonymous WIP start; previous-return+return-delimited-valid-code+relocation-candidate
OPEN.EXE	0x8002fe30	0x1e630	0x5c	0x5c	1	function	ghidra-analysis			Ghidra-12.0.4/ghidra_psx_ldr-2026.07.08	machine-assisted WIP boundary
OPEN.EXE	0x8002fe8c	0x1e68c	0x74	0x74	1	function	ghidra-analysis			Ghidra-12.0.4/ghidra_psx_ldr-2026.07.08	machine-assisted WIP boundary
OPEN.EXE	0x8002ff00	0x1e700	0x44	0x44	1	function	ghidra-analysis			Ghidra-12.0.4/ghidra_psx_ldr-2026.07.08	machine-assisted WIP boundary
OPEN.EXE	0x8002ff44	0x1e744	0x3c	0x3c	1	function	ghidra-analysis			Ghidra-12.0.4/ghidra_psx_ldr-2026.07.08	machine-assisted WIP boundary
OPEN.EXE	0x8002ff80	0x1e780	0x30	0x30	1	function	ghidra-analysis			Ghidra-12.0.4/ghidra_psx_ldr-2026.07.08	machine-assisted WIP boundary
OPEN.EXE	0x8002ffb0	0x1e7b0	0x30	0x30	1	function	ghidra-analysis			Ghidra-12.0.4/ghidra_psx_ldr-2026.07.08	machine-assisted WIP boundary
OPEN.EXE	0x8002ffe0	0x1e7e0	0x30	0x30	1	function	ghidra-analysis			Ghidra-12.0.4/ghidra_psx_ldr-2026.07.08	machine-assisted WIP boundary
OPEN.EXE	0x80030010	0x1e810	0xc	0xc	1	function	ghidra-analysis	CloseEvent		Ghidra-12.0.4/ghidra_psx_ldr-2026.07.08	machine-assisted WIP boundary
OPEN.EXE	0x80030020	0x1e820	0xc	0xc	1	function	ghidra-analysis	PAD_dr		Ghidra-12.0.4/ghidra_psx_ldr-2026.07.08	machine-assisted WIP boundary
OPEN.EXE	0x80030030	0x1e830	0x10	0x10	1	function	ghidra-analysis			Ghidra-12.0.4/ghidra_psx_ldr-2026.07.08	machine-assisted WIP boundary
OPEN.EXE	0x80030040	0x1e840	0xc	0xc	1	function	ghidra-analysis	EnableEvent		Ghidra-12.0.4/ghidra_psx_ldr-2026.07.08	machine-assisted WIP boundary
OPEN.EXE	0x80030050	0x1e850	0xc	0xc	1	function	ghidra-analysis	malloc		Ghidra-12.0.4/ghidra_psx_ldr-2026.07.08	machine-assisted WIP boundary
OPEN.EXE	0x80030060	0x1e860	0xc	0xc	1	function	ghidra-analysis	StopPAD2		Ghidra-12.0.4/ghidra_psx_ldr-2026.07.08	machine-assisted WIP boundary
OPEN.EXE	0x80030070	0x1e870	0xc	0xc	1	function	ghidra-analysis	memset		Ghidra-12.0.4/ghidra_psx_ldr-2026.07.08	machine-assisted WIP boundary
OPEN.EXE	0x80030080	0x1e880	0xc	0xc	1	function	ghidra-analysis	strcat		Ghidra-12.0.4/ghidra_psx_ldr-2026.07.08	machine-assisted WIP boundary
OPEN.EXE	0x80030090	0x1e890	0xc	0xc	1	function	ghidra-analysis	printf		Ghidra-12.0.4/ghidra_psx_ldr-2026.07.08	machine-assisted WIP boundary
OPEN.EXE	0x800300a0	0x1e8a0	0xc	0xc	1	function	ghidra-analysis	setjmp		Ghidra-12.0.4/ghidra_psx_ldr-2026.07.08	machine-assisted WIP boundary
OPEN.EXE	0x800300b0	0x1e8b0	0xc	0xc	1	function	ghidra-analysis	strcmp		Ghidra-12.0.4/ghidra_psx_ldr-2026.07.08	machine-assisted WIP boundary
OPEN.EXE	0x800300c0	0x1e8c0	0xc	0xc	1	function	ghidra-analysis			Ghidra-12.0.4/ghidra_psx_ldr-2026.07.08	machine-assisted WIP boundary
OPEN.EXE	0x800300d0	0x1e8d0	0xc	0xc	1	function	ghidra-analysis	strcpy		Ghidra-12.0.4/ghidra_psx_ldr-2026.07.08	machine-assisted WIP boundary
OPEN.EXE	0x800300e0	0x1e8e0	0xc	0xc	1	function	ghidra-analysis	DisableEvent		Ghidra-12.0.4/ghidra_psx_ldr-2026.07.08	machine-assisted WIP boundary
OPEN.EXE	0x800300f0	0x1e8f0	0xc	0xc	1	function	ghidra-analysis	DeliverEvent		Ghidra-12.0.4/ghidra_psx_ldr-2026.07.08	machine-assisted WIP boundary
OPEN.EXE	0x80030100	0x1e900	0xc	0xc	1	function	ghidra-analysis	HookEntryInt		Ghidra-12.0.4/ghidra_psx_ldr-2026.07.08	machine-assisted WIP boundary
OPEN.EXE	0x80030110	0x1e910	0xc	0xc	1	function	ghidra-analysis	PAD_init2		Ghidra-12.0.4/ghidra_psx_ldr-2026.07.08	machine-assisted WIP boundary
OPEN.EXE	0x80030120	0x1e920	0xc	0xc	1	function	ghidra-analysis	longjmp		Ghidra-12.0.4/ghidra_psx_ldr-2026.07.08	machine-assisted WIP boundary
OPEN.EXE	0x80030130	0x1e930	0xc	0xc	1	function	ghidra-analysis	putchar		Ghidra-12.0.4/ghidra_psx_ldr-2026.07.08	machine-assisted WIP boundary
OPEN.EXE	0x80030140	0x1e940	0xc	0xc	1	function	ghidra-analysis	strncmp		Ghidra-12.0.4/ghidra_psx_ldr-2026.07.08	machine-assisted WIP boundary
OPEN.EXE	0x80030150	0x1e950	0xc	0xc	1	function	ghidra-analysis	InitHeap		Ghidra-12.0.4/ghidra_psx_ldr-2026.07.08	machine-assisted WIP boundary
OPEN.EXE	0x80030160	0x1e960	0xc	0xc	1	function	ghidra-analysis			Ghidra-12.0.4/ghidra_psx_ldr-2026.07.08	machine-assisted WIP boundary
OPEN.EXE	0x80030170	0x1e970	0xc	0xc	1	function	ghidra-analysis			Ghidra-12.0.4/ghidra_psx_ldr-2026.07.08	machine-assisted WIP boundary
OPEN.EXE	0x80030180	0x1e980	0xc	0xc	1	function	ghidra-analysis	OpenEvent		Ghidra-12.0.4/ghidra_psx_ldr-2026.07.08	machine-assisted WIP boundary
OPEN.EXE	0x80030190	0x1e990	0xc	0xc	1	function	ghidra-analysis	free		Ghidra-12.0.4/ghidra_psx_ldr-2026.07.08	machine-assisted WIP boundary
OPEN.EXE	0x800301a0	0x1e9a0	0xc	0xc	1	function	ghidra-analysis	rand		Ghidra-12.0.4/ghidra_psx_ldr-2026.07.08	machine-assisted WIP boundary
OPEN.EXE	0x800301b0	0x1e9b0	0xc	0xc	1	function	ghidra-analysis	TestEvent		Ghidra-12.0.4/ghidra_psx_ldr-2026.07.08	machine-assisted WIP boundary
OPEN.EXE	0x800301c0	0x1e9c0	0x10	0x10	1	function	ghidra-analysis			Ghidra-12.0.4/ghidra_psx_ldr-2026.07.08	machine-assisted WIP boundary
OPEN.EXE	0x800301d0	0x1e9d0	0xc	0xc	1	function	ghidra-analysis	exit		Ghidra-12.0.4/ghidra_psx_ldr-2026.07.08	machine-assisted WIP boundary
OPEN.EXE	0x800301e0	0x1e9e0	0xc	0xc	1	function	ghidra-analysis			Ghidra-12.0.4/ghidra_psx_ldr-2026.07.08	machine-assisted WIP boundary
OPEN.EXE	0x800301f0	0x1e9f0	0xc	0xc	1	function	ghidra-analysis	ReturnFromException		Ghidra-12.0.4/ghidra_psx_ldr-2026.07.08	machine-assisted WIP boundary
OPEN.EXE	0x80030200	0x1ea00	0x28	0x28	1	function	ghidra-analysis			Ghidra-12.0.4/ghidra_psx_ldr-2026.07.08	machine-assisted WIP boundary
OPEN.EXE	0x80030228	0x1ea28	0x1b4	0x1b4	1	function	ghidra-analysis			Ghidra-12.0.4/ghidra_psx_ldr-2026.07.08	machine-assisted WIP boundary
OPEN.EXE	0x800303e4	0x1ebe4	0xb8	0xb8	1	function	mips-frame-carve			scripts/kf/audit_functions.py	anonymous WIP start; stack-frame+ra-save+matching-stack-return
OPEN.EXE	0x8003049c	0x1ec9c	0x64	0x64	1	function	mips-frame-carve			scripts/kf/audit_functions.py	anonymous WIP start; stack-frame+ra-save+matching-stack-return
OPEN.EXE	0x80030500	0x1ed00	0x10	0x10	1	function	ghidra-analysis			Ghidra-12.0.4/ghidra_psx_ldr-2026.07.08	machine-assisted WIP boundary
OPEN.EXE	0x80030510	0x1ed10	0x10	0x10	1	function	ghidra-analysis			Ghidra-12.0.4/ghidra_psx_ldr-2026.07.08	machine-assisted WIP boundary
OPEN.EXE	0x80030520	0x1ed20	0x18	0x18	1	function	mips-return-carve			scripts/kf/audit_functions.py	anonymous WIP start; previous-return+return-delimited-valid-code
OPEN.EXE	0x80030538	0x1ed38	0x40	0x40	1	function	ghidra-analysis			Ghidra-12.0.4/ghidra_psx_ldr-2026.07.08	machine-assisted WIP boundary
OPEN.EXE	0x80030578	0x1ed78	0x30	0x30	1	function	ghidra-analysis			Ghidra-12.0.4/ghidra_psx_ldr-2026.07.08	machine-assisted WIP boundary
OPEN.EXE	0x800305a8	0x1eda8	0x94	0x94	1	function	mips-frame-carve			scripts/kf/audit_functions.py	anonymous WIP start; stack-frame+ra-save+matching-stack-return
OPEN.EXE	0x8003063c	0x1ee3c	0x64	0x64	1	function	ghidra-analysis			Ghidra-12.0.4/ghidra_psx_ldr-2026.07.08	machine-assisted WIP boundary
OPEN.EXE	0x800306a0	0x1eea0	0x64	0x64	1	function	mips-frame-carve			scripts/kf/audit_functions.py	anonymous WIP start; stack-frame+ra-save+matching-stack-return
OPEN.EXE	0x80030704	0x1ef04	0xa4	0xa4	1	function	mips-frame-carve			scripts/kf/audit_functions.py	anonymous WIP start; stack-frame+ra-save+matching-stack-return
OPEN.EXE	0x800307a8	0x1efa8	0x12c	0x12c	1	function	ghidra-analysis			Ghidra-12.0.4/ghidra_psx_ldr-2026.07.08	machine-assisted WIP boundary
OPEN.EXE	0x800308d4	0x1f0d4	0x54	0x54	1	function	mips-return-carve			scripts/kf/audit_functions.py	anonymous WIP start; previous-return+return-delimited-valid-code
OPEN.EXE	0x80030928	0x1f128	0x38	0x38	1	function	ghidra-analysis			Ghidra-12.0.4/ghidra_psx_ldr-2026.07.08	machine-assisted WIP boundary
OPEN.EXE	0x80030960	0x1f160	0x74	0x74	1	function	ghidra-analysis			Ghidra-12.0.4/ghidra_psx_ldr-2026.07.08	machine-assisted WIP boundary
OPEN.EXE	0x800309d4	0x1f1d4	0x58	0x58	1	function	ghidra-analysis			Ghidra-12.0.4/ghidra_psx_ldr-2026.07.08	machine-assisted WIP boundary
OPEN.EXE	0x80030a2c	0x1f22c	0xc0	0xc0	1	function	ghidra-analysis			Ghidra-12.0.4/ghidra_psx_ldr-2026.07.08	machine-assisted WIP boundary
OPEN.EXE	0x80030aec	0x1f2ec	0x60	0x60	1	function	mips-return-carve			scripts/kf/audit_functions.py	anonymous WIP start; previous-return+return-delimited-valid-code
OPEN.EXE	0x80030b4c	0x1f34c	0x314	0x314	1	function	ghidra-analysis			Ghidra-12.0.4/ghidra_psx_ldr-2026.07.08	machine-assisted WIP boundary
OPEN.EXE	0x80030e60	0x1f660	0x64	0x64	1	function	mips-return-carve			scripts/kf/audit_functions.py	anonymous WIP start; previous-return+return-delimited-valid-code
OPEN.EXE	0x80030ec4	0x1f6c4	0x38	0x38	1	function	mips-frame-carve			scripts/kf/audit_functions.py	anonymous WIP start; stack-frame+ra-save+matching-stack-return
OPEN.EXE	0x80030efc	0x1f6fc	0x40	0x40	1	function	mips-frame-carve			scripts/kf/audit_functions.py	anonymous WIP start; stack-frame+ra-save+matching-stack-return
OPEN.EXE	0x80030f3c	0x1f73c	0x28	0x28	1	function	mips-return-carve			scripts/kf/audit_functions.py	anonymous WIP start; previous-return+return-delimited-valid-code
OPEN.EXE	0x80030f64	0x1f764	0x54	0x54	1	function	mips-frame-carve			scripts/kf/audit_functions.py	anonymous WIP start; stack-frame+ra-save+matching-stack-return
OPEN.EXE	0x80030fb8	0x1f7b8	0x260	0x260	1	function	ghidra-analysis			Ghidra-12.0.4/ghidra_psx_ldr-2026.07.08	machine-assisted WIP boundary
OPEN.EXE	0x80031218	0x1fa18	0x50	0x50	1	function	ghidra-analysis			Ghidra-12.0.4/ghidra_psx_ldr-2026.07.08	machine-assisted WIP boundary
OPEN.EXE	0x80031268	0x1fa68	0x90	0x90	1	function	ghidra-analysis			Ghidra-12.0.4/ghidra_psx_ldr-2026.07.08	machine-assisted WIP boundary
OPEN.EXE	0x800312f8	0x1faf8	0x90	0x90	1	function	ghidra-analysis			Ghidra-12.0.4/ghidra_psx_ldr-2026.07.08	machine-assisted WIP boundary
OPEN.EXE	0x80031388	0x1fb88	0x3c	0x3c	1	function	ghidra-analysis			Ghidra-12.0.4/ghidra_psx_ldr-2026.07.08	machine-assisted WIP boundary
OPEN.EXE	0x800313c4	0x1fbc4	0x84	0x84	1	function	ghidra-analysis			Ghidra-12.0.4/ghidra_psx_ldr-2026.07.08	machine-assisted WIP boundary
OPEN.EXE	0x80031448	0x1fc48	0xd8	0xd8	1	function	ghidra-analysis			Ghidra-12.0.4/ghidra_psx_ldr-2026.07.08	machine-assisted WIP boundary
OPEN.EXE	0x80031520	0x1fd20	0x7c	0x7c	1	function	ghidra-analysis			Ghidra-12.0.4/ghidra_psx_ldr-2026.07.08	machine-assisted WIP boundary
OPEN.EXE	0x8003159c	0x1fd9c	0x130	0x130	1	function	ghidra-analysis			Ghidra-12.0.4/ghidra_psx_ldr-2026.07.08	machine-assisted WIP boundary
OPEN.EXE	0x800316cc	0x1fecc	0x204	0x204	1	function	mips-frame-carve			scripts/kf/audit_functions.py	anonymous WIP start; stack-frame+ra-save+matching-stack-return+stored-pointer+relocation-candidate
OPEN.EXE	0x800318d0	0x200d0	0x2b0	0x2b0	1	function	mips-frame-carve			scripts/kf/audit_functions.py	anonymous WIP start; stack-frame+ra-save+matching-stack-return+stored-pointer+relocation-candidate
OPEN.EXE	0x80031b80	0x20380	0x2a4	0x2a4	1	function	mips-frame-carve			scripts/kf/audit_functions.py	anonymous WIP start; stack-frame+ra-save+matching-stack-return+stored-pointer+relocation-candidate
OPEN.EXE	0x80031e24	0x20624	0x38	0x38	1	function	ghidra-analysis			Ghidra-12.0.4/ghidra_psx_ldr-2026.07.08	machine-assisted WIP boundary
OPEN.EXE	0x80031e5c	0x2065c	0x20	0x20	1	function	ghidra-analysis			Ghidra-12.0.4/ghidra_psx_ldr-2026.07.08	machine-assisted WIP boundary
OPEN.EXE	0x80031e7c	0x2067c	0x3c	0x3c	1	function	ghidra-analysis			Ghidra-12.0.4/ghidra_psx_ldr-2026.07.08	machine-assisted WIP boundary
OPEN.EXE	0x80031eb8	0x206b8	0x6c	0x6c	1	function	ghidra-analysis			Ghidra-12.0.4/ghidra_psx_ldr-2026.07.08	machine-assisted WIP boundary
OPEN.EXE	0x80031f24	0x20724	0x18	0x18	1	function	ghidra-analysis			Ghidra-12.0.4/ghidra_psx_ldr-2026.07.08	machine-assisted WIP boundary
OPEN.EXE	0x80031f3c	0x2073c	0x34	0x34	1	function	ghidra-analysis			Ghidra-12.0.4/ghidra_psx_ldr-2026.07.08	machine-assisted WIP boundary
OPEN.EXE	0x80031f70	0x20770	0x88	0x88	1	function	ghidra-analysis			Ghidra-12.0.4/ghidra_psx_ldr-2026.07.08	machine-assisted WIP boundary
OPEN.EXE	0x80031ff8	0x207f8	0x144	0x144	1	function	ghidra-analysis			Ghidra-12.0.4/ghidra_psx_ldr-2026.07.08	machine-assisted WIP boundary
OPEN.EXE	0x8003213c	0x2093c	0x1b4	0x1b4	1	function	ghidra-analysis			Ghidra-12.0.4/ghidra_psx_ldr-2026.07.08	machine-assisted WIP boundary
OPEN.EXE	0x800322f0	0x20af0	0xfc	0xfc	1	function	ghidra-analysis			Ghidra-12.0.4/ghidra_psx_ldr-2026.07.08	machine-assisted WIP boundary
OPEN.EXE	0x800323ec	0x20bec	0x230	0x230	1	function	ghidra-analysis			Ghidra-12.0.4/ghidra_psx_ldr-2026.07.08	machine-assisted WIP boundary
OPEN.EXE	0x8003261c	0x20e1c	0x30	0x30	1	function	ghidra-analysis			Ghidra-12.0.4/ghidra_psx_ldr-2026.07.08	machine-assisted WIP boundary
OPEN.EXE	0x8003264c	0x20e4c	0x28	0x28	1	function	mips-return-carve			scripts/kf/audit_functions.py	anonymous WIP start; previous-return+return-delimited-valid-code
OPEN.EXE	0x80032674	0x20e74	0xc	0xc	1	function	ghidra-analysis	GPU_cw		Ghidra-12.0.4/ghidra_psx_ldr-2026.07.08	machine-assisted WIP boundary
OPEN.EXE	0x80032684	0x20e84	0x10	0x10	1	function	ghidra-analysis			Ghidra-12.0.4/ghidra_psx_ldr-2026.07.08	machine-assisted WIP boundary
OPEN.EXE	0x80032694	0x20e94	0x64	0x64	1	function	ghidra-analysis			Ghidra-12.0.4/ghidra_psx_ldr-2026.07.08	machine-assisted WIP boundary
OPEN.EXE	0x800326f8	0x20ef8	0x44	0x44	1	function	mips-frame-carve			scripts/kf/audit_functions.py	anonymous WIP start; stack-frame+ra-save+matching-stack-return
OPEN.EXE	0x8003273c	0x20f3c	0x258	0x258	1	function	mips-frame-carve			scripts/kf/audit_functions.py	anonymous WIP start; stack-frame+ra-save+matching-stack-return
OPEN.EXE	0x80032994	0x21194	0x11c	0x11c	1	function	ghidra-analysis			Ghidra-12.0.4/ghidra_psx_ldr-2026.07.08	machine-assisted WIP boundary
OPEN.EXE	0x80032ab0	0x212b0	0x194	0x194	1	function	mips-frame-carve			scripts/kf/audit_functions.py	anonymous WIP start; stack-frame+ra-save+matching-stack-return+relocation-candidate
OPEN.EXE	0x80032c44	0x21444	0x117c	0x117c	1	function	mips-frame-carve			scripts/kf/audit_functions.py	anonymous WIP start; stack-frame+ra-save+matching-stack-return+relocation-candidate
OPEN.EXE	0x80033dc0	0x225c0	0x94	0x94	1	function	ghidra-analysis			Ghidra-12.0.4/ghidra_psx_ldr-2026.07.08	machine-assisted WIP boundary
OPEN.EXE	0x80033e54	0x22654	0x18	0x18	1	function	ghidra-analysis			Ghidra-12.0.4/ghidra_psx_ldr-2026.07.08	machine-assisted WIP boundary
OPEN.EXE	0x80033e6c	0x2266c	0x90	0x90	1	function	mips-frame-carve			scripts/kf/audit_functions.py	anonymous WIP start; stack-frame+ra-save+matching-stack-return
OPEN.EXE	0x80033efc	0x226fc	0x40	0x40	1	function	mips-frame-carve			scripts/kf/audit_functions.py	anonymous WIP start; stack-frame+ra-save+matching-stack-return
OPEN.EXE	0x80033f3c	0x2273c	0x1c	0x1c	1	function	mips-return-carve			scripts/kf/audit_functions.py	anonymous WIP start; previous-return+return-delimited-valid-code
OPEN.EXE	0x80033f58	0x22758	0x1c	0x1c	1	function	mips-return-carve			scripts/kf/audit_functions.py	anonymous WIP start; previous-return+return-delimited-valid-code
OPEN.EXE	0x80033f74	0x22774	0x3c	0x3c	1	function	ghidra-analysis			Ghidra-12.0.4/ghidra_psx_ldr-2026.07.08	machine-assisted WIP boundary
OPEN.EXE	0x80033fb0	0x227b0	0x3c	0x3c	1	function	mips-return-carve			scripts/kf/audit_functions.py	anonymous WIP start; previous-return+return-delimited-valid-code
OPEN.EXE	0x80033fec	0x227ec	0x28	0x28	1	function	mips-return-carve			scripts/kf/audit_functions.py	anonymous WIP start; previous-return+return-delimited-valid-code
OPEN.EXE	0x80034014	0x22814	0x18	0x18	1	function	mips-return-carve			scripts/kf/audit_functions.py	anonymous WIP start; previous-return+return-delimited-valid-code
OPEN.EXE	0x8003402c	0x2282c	0x28	0x28	1	function	ghidra-analysis			Ghidra-12.0.4/ghidra_psx_ldr-2026.07.08	machine-assisted WIP boundary
OPEN.EXE	0x80034054	0x22854	0x28	0x28	1	function	mips-return-carve			scripts/kf/audit_functions.py	anonymous WIP start; previous-return+return-delimited-valid-code
OPEN.EXE	0x8003407c	0x2287c	0x14	0x14	1	function	ghidra-analysis			Ghidra-12.0.4/ghidra_psx_ldr-2026.07.08	machine-assisted WIP boundary
OPEN.EXE	0x80034090	0x22890	0x14	0x14	1	function	ghidra-analysis			Ghidra-12.0.4/ghidra_psx_ldr-2026.07.08	machine-assisted WIP boundary
OPEN.EXE	0x800340a4	0x228a4	0x14	0x14	1	function	ghidra-analysis			Ghidra-12.0.4/ghidra_psx_ldr-2026.07.08	machine-assisted WIP boundary
OPEN.EXE	0x800340b8	0x228b8	0x14	0x14	1	function	ghidra-analysis			Ghidra-12.0.4/ghidra_psx_ldr-2026.07.08	machine-assisted WIP boundary
OPEN.EXE	0x800340cc	0x228cc	0x14	0x14	1	function	ghidra-analysis			Ghidra-12.0.4/ghidra_psx_ldr-2026.07.08	machine-assisted WIP boundary
OPEN.EXE	0x800340e0	0x228e0	0x14	0x14	1	function	ghidra-analysis			Ghidra-12.0.4/ghidra_psx_ldr-2026.07.08	machine-assisted WIP boundary
OPEN.EXE	0x800340f4	0x228f4	0x14	0x14	1	function	ghidra-analysis			Ghidra-12.0.4/ghidra_psx_ldr-2026.07.08	machine-assisted WIP boundary
OPEN.EXE	0x80034108	0x22908	0x14	0x14	1	function	ghidra-analysis			Ghidra-12.0.4/ghidra_psx_ldr-2026.07.08	machine-assisted WIP boundary
OPEN.EXE	0x8003411c	0x2291c	0x14	0x14	1	function	mips-return-carve			scripts/kf/audit_functions.py	anonymous WIP start; previous-return+return-delimited-valid-code
OPEN.EXE	0x80034130	0x22930	0x14	0x14	1	function	mips-return-carve			scripts/kf/audit_functions.py	anonymous WIP start; previous-return+return-delimited-valid-code
OPEN.EXE	0x80034144	0x22944	0x14	0x14	1	function	mips-return-carve			scripts/kf/audit_functions.py	anonymous WIP start; previous-return+return-delimited-valid-code
OPEN.EXE	0x80034158	0x22958	0x14	0x14	1	function	mips-return-carve			scripts/kf/audit_functions.py	anonymous WIP start; previous-return+return-delimited-valid-code
OPEN.EXE	0x8003416c	0x2296c	0x14	0x14	1	function	mips-return-carve			scripts/kf/audit_functions.py	anonymous WIP start; previous-return+return-delimited-valid-code
OPEN.EXE	0x80034180	0x22980	0x14	0x14	1	function	mips-return-carve			scripts/kf/audit_functions.py	anonymous WIP start; previous-return+return-delimited-valid-code
OPEN.EXE	0x80034194	0x22994	0x14	0x14	1	function	mips-return-carve			scripts/kf/audit_functions.py	anonymous WIP start; previous-return+return-delimited-valid-code
OPEN.EXE	0x800341a8	0x229a8	0x14	0x14	1	function	mips-return-carve			scripts/kf/audit_functions.py	anonymous WIP start; previous-return+return-delimited-valid-code
OPEN.EXE	0x800341bc	0x229bc	0x14	0x14	1	function	mips-return-carve			scripts/kf/audit_functions.py	anonymous WIP start; previous-return+return-delimited-valid-code
OPEN.EXE	0x800341d0	0x229d0	0x14	0x14	1	function	mips-return-carve			scripts/kf/audit_functions.py	anonymous WIP start; previous-return+return-delimited-valid-code
OPEN.EXE	0x800341e4	0x229e4	0x14	0x14	1	function	mips-return-carve			scripts/kf/audit_functions.py	anonymous WIP start; previous-return+return-delimited-valid-code
OPEN.EXE	0x800341f8	0x229f8	0x20	0x20	1	function	mips-return-carve			scripts/kf/audit_functions.py	anonymous WIP start; previous-return+return-delimited-valid-code
OPEN.EXE	0x80034218	0x22a18	0x20	0x20	1	function	mips-return-carve			scripts/kf/audit_functions.py	anonymous WIP start; previous-return+return-delimited-valid-code
OPEN.EXE	0x80034238	0x22a38	0x20	0x20	1	function	mips-return-carve			scripts/kf/audit_functions.py	anonymous WIP start; previous-return+return-delimited-valid-code
OPEN.EXE	0x80034258	0x22a58	0x38	0x38	1	function	mips-return-carve			scripts/kf/audit_functions.py	anonymous WIP start; previous-return+return-delimited-valid-code
OPEN.EXE	0x80034290	0x22a90	0x144	0x144	1	function	mips-frame-carve			scripts/kf/audit_functions.py	anonymous WIP start; stack-frame+ra-save+matching-stack-return
OPEN.EXE	0x800343d4	0x22bd4	0xb0	0xb0	1	function	mips-frame-carve			scripts/kf/audit_functions.py	anonymous WIP start; stack-frame+ra-save+matching-stack-return
OPEN.EXE	0x80034484	0x22c84	0xe8	0xe8	1	function	mips-frame-carve			scripts/kf/audit_functions.py	anonymous WIP start; stack-frame+ra-save+matching-stack-return
OPEN.EXE	0x8003456c	0x22d6c	0x64	0x64	1	function	mips-frame-carve			scripts/kf/audit_functions.py	anonymous WIP start; stack-frame+ra-save+matching-stack-return
OPEN.EXE	0x800345d0	0x22dd0	0x8c	0x8c	1	function	ghidra-analysis			Ghidra-12.0.4/ghidra_psx_ldr-2026.07.08	machine-assisted WIP boundary
OPEN.EXE	0x8003465c	0x22e5c	0x34	0x34	1	function	ghidra-analysis			Ghidra-12.0.4/ghidra_psx_ldr-2026.07.08	machine-assisted WIP boundary
OPEN.EXE	0x80034690	0x22e90	0x94	0x94	1	function	ghidra-analysis			Ghidra-12.0.4/ghidra_psx_ldr-2026.07.08	machine-assisted WIP boundary
OPEN.EXE	0x80034724	0x22f24	0x5c	0x5c	1	function	ghidra-analysis			Ghidra-12.0.4/ghidra_psx_ldr-2026.07.08	machine-assisted WIP boundary
OPEN.EXE	0x80034780	0x22f80	0xa8	0xa8	1	function	ghidra-analysis			Ghidra-12.0.4/ghidra_psx_ldr-2026.07.08	machine-assisted WIP boundary
OPEN.EXE	0x80034828	0x23028	0x148	0x148	1	function	mips-frame-carve			scripts/kf/audit_functions.py	anonymous WIP start; stack-frame+ra-save+matching-stack-return
OPEN.EXE	0x80034970	0x23170	0x94	0x94	1	function	ghidra-analysis			Ghidra-12.0.4/ghidra_psx_ldr-2026.07.08	machine-assisted WIP boundary
OPEN.EXE	0x80034a04	0x23204	0x3c	0x3c	1	function	mips-frame-carve			scripts/kf/audit_functions.py	anonymous WIP start; stack-frame+ra-save+matching-stack-return
OPEN.EXE	0x80034a40	0x23240	0x854	0x854	1	function	ghidra-analysis			Ghidra-12.0.4/ghidra_psx_ldr-2026.07.08	machine-assisted WIP boundary
OPEN.EXE	0x80035294	0x23a94	0xc	0xc	1	function	ghidra-analysis	memchr		Ghidra-12.0.4/ghidra_psx_ldr-2026.07.08	machine-assisted WIP boundary
OPEN.EXE	0x800352a4	0x23aa4	0xc	0xc	1	function	ghidra-analysis	strlen		Ghidra-12.0.4/ghidra_psx_ldr-2026.07.08	machine-assisted WIP boundary
OPEN.EXE	0x800352b4	0x23ab4	0xc	0xc	1	function	ghidra-analysis			Ghidra-12.0.4/ghidra_psx_ldr-2026.07.08	machine-assisted WIP boundary
OPEN.EXE	0x800352c4	0x23ac4	0x64	0x64	1	function	ghidra-analysis			Ghidra-12.0.4/ghidra_psx_ldr-2026.07.08	machine-assisted WIP boundary
OPEN.EXE	0x80035328	0x23b28	0x1bc	0x1bc	1	function	ghidra-analysis			Ghidra-12.0.4/ghidra_psx_ldr-2026.07.08	machine-assisted WIP boundary
OPEN.EXE	0x800354e4	0x23ce4	0xc	0xc	1	function	ghidra-analysis			Ghidra-12.0.4/ghidra_psx_ldr-2026.07.08	machine-assisted WIP boundary
