value	decision	members	reason
-300	retain	src/game/actor_behavior.c:ACTOR_HIGH_STEP_VELOCITY_Y;src/game/actor_behavior.c:ACTOR_JUMP_LONG_VELOCITY_Y;src/game/player_core.c:PLAYER_FAST_STEP_UP_VELOCITY	Actor high-step, long-jump and player fast-step velocities belong to different movement branches; equal launch speeds do not establish one tuning parameter.
-120	retain	src/game/actor_behavior.c:ACTOR_JUMP_BOUNCE_VELOCITY_Y;src/game/actor_behavior.c:ACTOR_LOW_STEP_VELOCITY_Y;src/game/map_object.c:MAP_GOLD_DROP_INITIAL_VELOCITY_Y	Actor bounce, actor low-step and gold-drop launch each initializes a different motion state.
-100	retain	src/game/player_core.c:PLAYER_SLOW_STEP_UP_VELOCITY;src/open/entity_render.c:OPENING_MODEL_DEPTH_BIAS	OPEN model depth bias is a render offset; player slow-step is vertical velocity.
-99	retain	include/kf/game_menu.h:KF_ITEM_PICKUP_PENDING;include/kf/game_menu.h:KF_MAGIC_PANEL_PENDING;include/kf/game_menu.h:KF_MENU_CONFIRM_PENDING;include/kf/game_menu.h:KF_MENU_LIST_PENDING;include/kf/game_menu.h:KF_MENU_PANEL_OPEN;include/kf/game_menu.h:KF_MENU_ROOT_PENDING;include/kf/game_menu.h:KF_MENU_SYSTEM_PENDING	Menu pending/open controls retain their result or phase domains; existing system/root and magic/list aliases cover direct transport. Panel phase and confirmation/list results remain separate protocols.
-3	linked	include/kf/game_menu.h:KF_MENU_ROOT_GAME_LOADED;include/kf/game_menu.h:KF_MENU_SYSTEM_LOADED	System-loaded is already an alias of the root-loaded result transported by the menu dispatcher.
-1	retain	include/kf/audio.h:KF_AUDIO_VAB_AUTO;include/kf/audio.h:KF_AUDIO_VAB_UNAVAILABLE;include/kf/audio.h:KF_AUDIO_VOICE_INACTIVE;include/kf/game_actor.h:KF_ACTOR_MOVE_BACKWARD;include/kf/game_collision.h:KF_COLLISION_NONE;include/kf/game_map.h:KF_CAMERA_PATH_END_X;include/kf/game_map.h:KF_CAMERA_PATH_FINISHED;include/kf/game_menu.h:KF_EQUIP_MENU_NONE;include/kf/game_menu.h:KF_MAGIC_PANEL_CANCELLED;include/kf/game_menu.h:KF_MENU_CONFIRM_CANCELLED;include/kf/game_menu.h:KF_MENU_LIST_NO_SELECTION;include/kf/game_menu.h:KF_MENU_PANEL_CLOSED;include/kf/game_menu.h:KF_MENU_ROOT_NO_ITEM;include/kf/game_menu.h:KF_MENU_SYSTEM_ACTION_NONE;include/kf/game_menu.h:KF_MENU_SYSTEM_CANCELLED;include/kf/game_menu.h:KF_ROOT_CHOICE_NONE;include/kf/game_menu.h:KF_SAVE_OVERLAY_NONE;include/kf/game_menu.h:KF_SHOP_ACTION_NONE;include/kf/game_menu.h:MENU_TEXT_END;include/kf/game_player.h:KF_ILLUSION_STAFF_INACTIVE;include/kf/game_player.h:KF_PLAYER_STATUS_TIMER_INACTIVE;include/kf/game_player.h:KF_WEAPON_ATTACK_INACTIVE;src/game/save_system.c:SAVE_DIRECTORY_ENTRY_NOT_FOUND;src/open/opening_scenes.c:ENDING_SCROLL_TICK_WRAP	Independent absence/cancel/end markers and the backward movement direction retain owner-specific types. Existing menu result aliases stay explicit; no universal invalid-value enum.
0	alias	include/kf/animation.h:KF_ANIMATION_BLEND_FORWARD;include/kf/animation.h:KF_ANIMATION_CLIP_FIRST;include/kf/audio.h:KF_AUDIO_NOT_PLAYED;include/kf/audio.h:KF_AUDIO_SEQUENCE_INACTIVE;include/kf/audio.h:KF_AUDIO_STOP_IMMEDIATE;include/kf/cd_file.h:KF_RESOURCE_LOADED;include/kf/combat.h:KF_COMBAT_COMPONENT_CUTTING;include/kf/debug.h:KF_FORMAT_DIGITS_LEADING;include/kf/debug.h:KF_FORMAT_PAD_SPACES;include/kf/debug.h:KF_FORMAT_PARSER_TEXT;include/kf/floor.h:KF_MAP_VARIANT_DEFAULT;include/kf/game_actor.h:KF_ACTOR_ACTION_IDLE;include/kf/game_actor.h:KF_ACTOR_ANIM_SLOT_IDLE;include/kf/game_actor.h:KF_ACTOR_ATTACK_CUTTING;include/kf/game_actor.h:KF_ACTOR_COLLISION_CLEAR;include/kf/game_actor.h:KF_ACTOR_COLLISION_STEER;include/kf/game_actor.h:KF_ACTOR_CULL_VISIBILITY_GRID;include/kf/game_actor.h:KF_ACTOR_DEFENSE_CUTTING;include/kf/game_actor.h:KF_ACTOR_EFFECT_CODE_NONE;include/kf/game_actor.h:KF_ACTOR_EFFECT_SLOT_FIRST;include/kf/game_actor.h:KF_ACTOR_HEADING_0;include/kf/game_actor.h:KF_ACTOR_LIFECYCLE_DORMANT;include/kf/game_actor.h:KF_ACTOR_MOVE_SUCCEEDED;include/kf/game_actor.h:KF_ACTOR_PROGRESS_INIT;include/kf/game_actor.h:KF_ACTOR_SLOT_DYNAMIC;include/kf/game_actor.h:KF_ACTOR_SOUND_ATTACK;include/kf/game_actor.h:KF_ACTOR_VERTICAL_NONE;include/kf/game_asset.h:KF_ASSET_ACTOR_FIRST;include/kf/game_effect.h:KF_EFFECT_BILLBOARD_FIRE_BALL;include/kf/game_effect.h:KF_EFFECT_FLOOR_DEFORM_ADVANCE;include/kf/game_effect.h:KF_EFFECT_GROUND_BRANCH_ROOT;include/kf/game_effect.h:KF_EFFECT_GROUND_TRAIL_WAIT_FOR_PARENT;include/kf/game_effect.h:KF_EFFECT_HAZARD_RUNNING;include/kf/game_effect.h:KF_EFFECT_MODEL_LIGHTNING_RADIAL_BLAST;include/kf/game_effect.h:KF_EFFECT_PHASE_INIT;include/kf/game_effect.h:KF_EFFECT_PROJECTILE_TRAVEL;include/kf/game_effect.h:KF_EFFECT_SOUND_SILENT;include/kf/game_effect.h:KF_EFFECT_SWING_PROBE_SHORT;include/kf/game_effect.h:KF_EFFECT_TYPE_NONE;include/kf/game_equipment.h:KF_EQUIPMENT_SLOT_HEAD;include/kf/game_equipment.h:KF_WEAPON_ATTACK_CUTTING;include/kf/game_equipment.h:KF_WEAPON_ITEM_FIRST;include/kf/game_map.h:KF_MAP_COPY_FLOOR1_GRAVESTONE;include/kf/game_map.h:KF_MAP_EVENT_BEHAVIOR_SHOP;include/kf/game_map.h:KF_MAP_EVENT_COLLISION_TURN_NONE;include/kf/game_map.h:KF_MAP_EVENT_INACTIVE;include/kf/game_map.h:KF_MAP_OBJECT_ACTION_SWING_DOOR;include/kf/game_map.h:KF_MAP_OBJECT_BEHAVIOR_HINGED_DOOR;include/kf/game_map.h:KF_MAP_OBJECT_DROP_FROM_PLACEMENT;include/kf/game_map.h:KF_MAP_OBJECT_PROGRESS_INIT;include/kf/game_map.h:KF_MAP_OBJECT_SWITCH_READY;include/kf/game_map.h:KF_MAP_SCRIPT_UNSET;include/kf/game_map.h:KF_MAP_TRIGGER_AWAIT_ENTRY;include/kf/game_menu.h:KF_EQUIP_MENU_WEAPON;include/kf/game_menu.h:KF_ITEM_PICKUP_ACQUIRED;include/kf/game_menu.h:KF_ITEM_PRICE_BUY;include/kf/game_menu.h:KF_MAGIC_PANEL_HEALING;include/kf/game_menu.h:KF_MENU_CHOICE_ACCEPT;include/kf/game_menu.h:KF_MENU_CONFIG_EFFECTS_ROW;include/kf/game_menu.h:KF_MENU_CONFIRM_ACCEPTED;include/kf/game_menu.h:KF_MENU_CONFIRM_IDLE;include/kf/game_menu.h:KF_MENU_CONFIRM_USE;include/kf/game_menu.h:KF_MENU_MODEL_RELEASED;include/kf/game_menu.h:KF_MENU_MODE_ROOT;include/kf/game_menu.h:KF_MENU_PREVIEW_ITEM_MODEL;include/kf/game_menu.h:KF_MENU_SYSTEM_ACCEPTED;include/kf/game_menu.h:KF_MENU_SYSTEM_ACTION_LOAD;include/kf/game_menu.h:KF_MENU_SYSTEM_LOAD_ROW;include/kf/game_menu.h:KF_MENU_WINDOW_ROOT;include/kf/game_menu.h:KF_ROOT_CHOICE_USE_ITEM;include/kf/game_menu.h:KF_SAVE_OVERLAY_SKIP_FIRST;include/kf/game_menu.h:KF_SHOP_ACTION_BUY;include/kf/game_menu.h:KF_SHOP_ROW_BUY;include/kf/game_menu.h:MENU_LIST_TILE_BACKDROP;include/kf/game_menu.h:MENU_SOUND_CURSOR;include/kf/game_player.h:KF_ACTOR_NEAR_SPAWN_FORBIDDEN;include/kf/game_player.h:KF_PLAYER_OPTION_OFF;include/kf/game_player.h:KF_PLAYER_SOUND_WEAPON_ATTACK;include/kf/game_player.h:KF_PLAYER_UPDATE_NORMAL;include/kf/game_player.h:KF_PLAYER_VERTICAL_GROUNDED;include/kf/game_player.h:KF_WARP_SHIMMER_GROW_REMOVE;include/kf/game_player.h:KF_WEAPON_ATTACK_NORMAL_CHARGE;include/kf/game_render.h:KF_EFFECT_SPRITE_COMPASS;include/kf/game_render.h:KF_EFFECT_SPRITE_HIDDEN;include/kf/game_render.h:KF_GAME_COLOR_DEFAULT;include/kf/game_render.h:KF_HUD_HIDDEN;include/kf/game_render.h:KF_HUD_HP_GAUGE;include/kf/game_render.h:KF_RENDER_LIGHT_ACTOR;include/kf/game_render.h:KF_SYSTEM_SCREEN_CD_SEARCH_FAILED;include/kf/game_save.h:KF_CARD_CHANNEL;include/kf/game_save.h:KF_CARD_FORMAT_UNCONFIRMED;include/kf/game_save.h:KF_CARD_STATUS_NOT_STARTED;include/kf/game_save.h:KF_SAVE_CLEANUP_TEMP_OPEN_FAILED;include/kf/game_save.h:KF_SAVE_RESULT_FAILED;include/kf/game_save.h:KF_SAVE_SLOT_EMPTY;include/kf/item.h:KF_FLOOR_ITEM_APPEARANCE_EMPTY;include/kf/item.h:KF_FLOOR_ITEM_FACING_BILLBOARD;include/kf/item.h:KF_FLOOR_ITEM_SPRITE_0;include/kf/item.h:KF_ITEM_SHORT_SWORD;include/kf/item.h:KF_ITEM_STOCK_PLAYER;include/kf/item.h:KF_SHOP_NONE;include/kf/magic.h:KF_MAGIC_HEALING;include/kf/magic.h:KF_MAGIC_UNLEARNED;include/kf/map_data.h:KF_MAP_ATTRIBUTE_00;include/kf/map_data.h:KF_MAP_CELL_BLOCKED;include/kf/memory.h:KF_MEMORY_CREATE_ARENA;include/kf/memory.h:KF_MEMORY_STACK_DEPTH_INDEX;include/kf/notify.h:KF_NOTIFICATION_SPRITE_HIDDEN;include/kf/notify.h:KF_NOTIFICATION_TEXT_SPRITE;include/kf/notify_types.h:KF_NOTIFICATION_IDLE;include/kf/notify_types.h:KF_NOTIFICATION_LEVEL_UP;include/kf/open_opening_helpers.h:KF_OPENING_INPUT_NONE;include/kf/open_opening_scenes.h:KF_OPENING_TRANSITION_GROW;include/kf/open_render.h:KF_OPEN_COLOR_DEFAULT;include/kf/open_resources.h:KF_OPENING_ENTITY_FLOOR_HEIGHT;include/kf/overlay.h:KF_GAME_EXIT_NONE;include/kf/overlay.h:KF_OVERLAY_OPEN_PATH;include/kf/player_status.h:KF_PLAYER_STATUS_NONE;include/kf/pool.h:KF_ANIMATION_CACHE_FREE;include/kf/render_types.h:KF_CELL_WINDOW_HIDDEN;include/kf/render_types.h:KF_DISPLAY_BUFFER_FIRST;include/kf/render_types.h:KF_GPU_BLEND_AVERAGE;include/kf/render_types.h:KF_GPU_RESET_FULL;include/kf/render_types.h:KF_GPU_TEXTURE_4BIT;include/kf/render_types.h:KF_QUAD_TEX_U;include/kf/render_types.h:KF_SPRITE_DEPTH_CUE_NORMAL;include/kf/tmd.h:KF_TMD_MODE_NONE;include/kf/tmd.h:KF_TMD_SLOT_MAP;src/game/actor_pool.c:KF_ACTOR_PLACEMENTS_READING;src/game/map_scripts.c:MAP_IMAGE_GROUP_SIGNBOARD;src/game/map_scripts.c:MAP_WEAPON_TRANSFORM_SPIN_UP;src/game/player_use_item.c:PLAYER_HARP_FLOOR2_FIRST_SEGMENT;src/game/render.c:RENDER_PALETTE_HUD;src/game/resources.c:MAP_SEQUENCE_DEFAULT;src/open/opening_scenes.c:ENDING_LIGHT_TO_MIDPOINT;src/open/opening_scenes.c:ENDING_SCROLL_TICK_STARFIELD_AND_PANELS;src/open/opening_scenes.c:ENDING_SCROLL_WAIT_DISK;src/open/opening_scenes.c:ENDING_SEQUENCE_WAIT_SCROLL	Link cutting-component positions and directly transported map behavior/action encodings. Retain unrelated zero-based IDs, independent state-machine starts, success/false encodings, GPU modes, array origins and defaults; existing equipment/item, magic/menu and shop-row aliases remain.
1	alias	include/kf/animation.h:KF_ANIMATION_BLEND_REVERSE;include/kf/animation.h:KF_ANIMATION_CLIP_SECOND;include/kf/audio.h:KF_AUDIO_PLAYED;include/kf/audio.h:KF_AUDIO_SEQUENCE_ACTIVE;include/kf/audio.h:KF_AUDIO_STOP_FADE;include/kf/audio.h:KF_AUDIO_TRACKS_PER_SEQUENCE;include/kf/cd_file.h:KF_CD_READ_POLL;include/kf/cd_file.h:KF_RESOURCE_LOAD_FAILED;include/kf/combat.h:KF_COMBAT_COMPONENT_STRIKING;include/kf/debug.h:KF_FORMAT_DIGITS_EMITTED;include/kf/debug.h:KF_FORMAT_PAD_ZEROES;include/kf/debug.h:KF_FORMAT_PARSER_CONVERSION;include/kf/floor.h:KF_FLOOR5_ENTRY_VARIANT;include/kf/floor.h:KF_FLOOR_1;include/kf/game_actor.h:KF_ACTOR_ACTION_WANDER;include/kf/game_actor.h:KF_ACTOR_ANIM_SLOT_MOVE;include/kf/game_actor.h:KF_ACTOR_ATTACK_STRIKING;include/kf/game_actor.h:KF_ACTOR_COLLISION_SLIDING;include/kf/game_actor.h:KF_ACTOR_COLLISION_STOP;include/kf/game_actor.h:KF_ACTOR_CULL_NEAR_SQUARE;include/kf/game_actor.h:KF_ACTOR_DEFENSE_STRIKING;include/kf/game_actor.h:KF_ACTOR_EFFECT_SLOT_SECOND;include/kf/game_actor.h:KF_ACTOR_HEADING_90;include/kf/game_actor.h:KF_ACTOR_LIFECYCLE_ACTIVE;include/kf/game_actor.h:KF_ACTOR_MOVE_BLOCKED;include/kf/game_actor.h:KF_ACTOR_MOVE_FORWARD;include/kf/game_actor.h:KF_ACTOR_PROGRESS_JUMP_RISING;include/kf/game_actor.h:KF_ACTOR_PROGRESS_RUNNING;include/kf/game_actor.h:KF_ACTOR_SLOT_PERSISTENT;include/kf/game_actor.h:KF_ACTOR_SOUND_HIT_REACTION;include/kf/game_actor.h:KF_ACTOR_VERTICAL_STEP_UP;include/kf/game_collision.h:KF_COLLISION_SKIP_TERRAIN;include/kf/game_effect.h:KF_EFFECT_BILLBOARD_FIRE_BALL_FRAME_1;include/kf/game_effect.h:KF_EFFECT_COLLISION_TARGET_ACTORS;include/kf/game_effect.h:KF_EFFECT_FLOOR_DEFORM_HOLD;include/kf/game_effect.h:KF_EFFECT_GROUND_BRANCH_QUARTER_TURN;include/kf/game_effect.h:KF_EFFECT_GROUND_TRAIL_SHRINK;include/kf/game_effect.h:KF_EFFECT_HAZARD_RELEASE_REQUEST;include/kf/game_effect.h:KF_EFFECT_MODEL_GROUND_BRANCH;include/kf/game_effect.h:KF_EFFECT_PROJECTILE_IMPACT_FIRST;include/kf/game_effect.h:KF_EFFECT_SOUND_PLAY;include/kf/game_effect.h:KF_EFFECT_SWING_PROBE_LONG;include/kf/game_equipment.h:KF_EQUIPMENT_SLOT_BODY;include/kf/game_equipment.h:KF_WEAPON_ATTACK_STRIKING;include/kf/game_map.h:KF_DIALOGUE_FIRST_PAGE;include/kf/game_map.h:KF_DIALOGUE_FIRST_STAGE;include/kf/game_map.h:KF_MAP_COPY_FLOOR1_PASSAGE;include/kf/game_map.h:KF_MAP_EVENT_ACTIVE;include/kf/game_map.h:KF_MAP_EVENT_BEHAVIOR_WANDER;include/kf/game_map.h:KF_MAP_EVENT_COLLISION_TURN_PENDING;include/kf/game_map.h:KF_MAP_OBJECT_ACTION_SWING_DOOR_PARTNER;include/kf/game_map.h:KF_MAP_OBJECT_BEHAVIOR_HINGED_DOOR_PARTNER;include/kf/game_map.h:KF_MAP_OBJECT_DROP_FROM_DEFINITION;include/kf/game_map.h:KF_MAP_OBJECT_PROGRESS_RUNNING;include/kf/game_map.h:KF_MAP_OBJECT_SWITCH_FORWARD;include/kf/game_map.h:KF_MAP_SCRIPT_SET;include/kf/game_map.h:KF_MAP_TRIGGER_AWAIT_EXIT;include/kf/game_menu.h:KF_EQUIP_MENU_MAGIC;include/kf/game_menu.h:KF_ITEM_PICKUP_NOT_ACQUIRED;include/kf/game_menu.h:KF_ITEM_PRICE_SELL;include/kf/game_menu.h:KF_MAGIC_PANEL_DISPOISON;include/kf/game_menu.h:KF_MENU_CHOICE_DECLINE;include/kf/game_menu.h:KF_MENU_CONFIG_MUSIC_ROW;include/kf/game_menu.h:KF_MENU_CONFIRM_DROP;include/kf/game_menu.h:KF_MENU_CONFIRM_REQUESTED;include/kf/game_menu.h:KF_MENU_MODEL_ALLOCATED;include/kf/game_menu.h:KF_MENU_MODE_ITEM_PICKUP;include/kf/game_menu.h:KF_MENU_PREVIEW_ITEM_DETAIL;include/kf/game_menu.h:KF_MENU_SYSTEM_ACTION_QUIT;include/kf/game_menu.h:KF_MENU_SYSTEM_QUIT_ROW;include/kf/game_menu.h:KF_MENU_WINDOW_EQUIPMENT;include/kf/game_menu.h:KF_ROOT_CHOICE_USE_MAGIC;include/kf/game_menu.h:KF_SAVE_OVERLAY_SKIP_SECOND;include/kf/game_menu.h:KF_SHOP_ACTION_SELL;include/kf/game_menu.h:KF_SHOP_ROW_SELL;include/kf/game_menu.h:MENU_LIST_TILE_ROW;include/kf/game_menu.h:MENU_SOUND_CONFIRM;include/kf/game_player.h:KF_ACTOR_NEAR_SPAWN_ALLOWED;include/kf/game_player.h:KF_PLAYER_DAMAGE_FRAME_FIRST;include/kf/game_player.h:KF_PLAYER_OPTION_ON;include/kf/game_player.h:KF_PLAYER_SOUND_DEATH;include/kf/game_player.h:KF_WARP_SHIMMER_SHRINK_REMOVE;include/kf/game_player.h:KF_WEAPON_ATTACK_FULL_CHARGE;include/kf/game_render.h:KF_EFFECT_SPRITE_ACTIVE;include/kf/game_render.h:KF_GAME_COLOR_DAMAGE;include/kf/game_render.h:KF_HUD_MP_GAUGE;include/kf/game_render.h:KF_HUD_VISIBLE;include/kf/game_render.h:KF_RENDER_LIGHT_FLOOR_ITEM;include/kf/game_render.h:KF_SYSTEM_SCREEN_CD_READ_FAILED;include/kf/game_save.h:KF_CARD_FORMAT_CONFIRMED;include/kf/game_save.h:KF_CARD_STATUS_IO_END;include/kf/game_save.h:KF_SAVE_CLEANUP_TEMP_OPENED;include/kf/game_save.h:KF_SAVE_RESULT_OK;include/kf/game_save.h:KF_SAVE_SLOT_FIRST;include/kf/game_save.h:SAVE_STATUS_OK;include/kf/item.h:KF_FLOOR_ITEM_SPRITE_1;include/kf/item.h:KF_ITEM_BATTLE_AXE;include/kf/item.h:KF_ITEM_STOCK_FIRST_SHOP;include/kf/item.h:KF_SHOP_FIRST;include/kf/magic.h:KF_MAGIC_DISPOISON;include/kf/magic.h:KF_MAGIC_LEARNED;include/kf/map_data.h:KF_MAP_ATTRIBUTE_01;include/kf/map_data.h:KF_MAP_CELL_FLOOR;include/kf/map_data.h:KF_MAP_ORIENT_UNROTATED;include/kf/memory.h:KF_MEMORY_REBASE_ARENA;include/kf/memory.h:KF_MEMORY_STACK_FIRST_ENTRY;include/kf/notify.h:KF_NOTIFICATION_GOLD_SPRITE;include/kf/notify.h:KF_NOTIFICATION_SPRITE_VISIBLE;include/kf/notify_types.h:KF_NOTIFICATION_MAGIC_LEARNED;include/kf/open_opening_helpers.h:KF_OPENING_INPUT_ADVANCE;include/kf/open_opening_scenes.h:KF_OPENING_TRANSITION_REMOVE;include/kf/open_render.h:KF_OPEN_COLOR_BLACK;include/kf/overlay.h:KF_GAME_EXIT_INTRO;include/kf/overlay.h:KF_OPEN_MODE_INTRO;include/kf/overlay.h:KF_OVERLAY_ENTRY_ARGC;include/kf/overlay.h:KF_OVERLAY_GAME_PATH;include/kf/player_status.h:KF_PLAYER_STATUS_CURSE;include/kf/pool.h:KF_ANIMATION_BIND_STATIC;include/kf/pool.h:KF_ANIMATION_CACHE_STALE;include/kf/render_types.h:KF_CELL_WINDOW_DISTANT;include/kf/render_types.h:KF_DISPLAY_BUFFER_SECOND;include/kf/render_types.h:KF_GPU_TEXTURE_8BIT;include/kf/render_types.h:KF_SPRITE_DEPTH_CUE_BOOSTED;include/kf/tmd.h:KF_TMD_DEFAULT_PERSPECTIVE_SHIFT;include/kf/tmd.h:KF_TMD_ILEN_BYTE;include/kf/tmd.h:KF_TMD_SLOT_ENTITIES;src/game/actor.c:ACTOR_GROUND_FAR_CHANCE_SHIFT;src/game/actor.c:ACTOR_SELECTION_MIDDLE_CHANCE_SHIFT;src/game/actor_behavior.c:ACTOR_DRIFT_AXIS_ACCELERATION;src/game/actor_pool.c:KF_ACTOR_PLACEMENTS_EXHAUSTED;src/game/map_scripts.c:MAP_IMAGE_GROUP_INSCRIPTION;src/game/map_scripts.c:MAP_WEAPON_TRANSFORM_SPIN_DOWN;src/game/map_scripts.c:MAP_WEAPON_TRANSFORM_YAW_ACCELERATION;src/game/menu_map_viewer.c:MENU_MAP_WATCHMAN_SET;src/game/menu_runtime.c:MENU_LIST_QUANTITY_Y_OFFSET;src/game/menu_runtime.c:STATUS_PHYSICAL_ATTACK_DOWNSHIFT;src/game/player_death.c:VERDITE_EQUIPPED_MAGIC_BONUS;src/game/player_update.c:PLAYER_WEAPON_MAGIC_READY;src/game/player_use_item.c:PLAYER_HARP_FLOOR3_SEGMENT_COUNT;src/game/render.c:RENDER_PALETTE_NOTIFICATION;src/game/render_sprite.c:HUD_SPRITE_OT_DEPTH;src/game/resources.c:MAP_SEQUENCE_ALTERNATE;src/open/opening_scenes.c:ENDING_LIGHT_TO_GREEN;src/open/opening_scenes.c:ENDING_SCROLL_ACTIVE;src/open/opening_scenes.c:ENDING_SCROLL_TICK_HOLD_AFTER_PANELS;src/open/opening_scenes.c:ENDING_SEQUENCE_DELAY	Link striking-component positions, GAME-to-OPEN intro encoding and transported door behavior/action. Other first/second IDs, booleans, state transitions, shift counts, increments, frame offsets and row coordinates remain owner-specific.
2	alias	include/kf/animation.h:KF_ANIMATION_CLIP_THIRD;include/kf/audio.h:KF_AUDIO_SEQUENCE_CAPACITY;include/kf/combat.h:KF_COMBAT_COMPONENT_PIERCING;include/kf/floor.h:KF_FLOOR_2;include/kf/floor.h:KF_MAP_VARIANT_2;include/kf/game_actor.h:KF_ACTOR_ACTION_PURSUE;include/kf/game_actor.h:KF_ACTOR_ANIM_SLOT_MELEE;include/kf/game_actor.h:KF_ACTOR_ATTACHMENT_OFFSET_COUNT;include/kf/game_actor.h:KF_ACTOR_ATTACK_PIERCING;include/kf/game_actor.h:KF_ACTOR_COLLISION_BLOCKED;include/kf/game_actor.h:KF_ACTOR_DEFENSE_PIERCING;include/kf/game_actor.h:KF_ACTOR_EFFECT_SLOT_THIRD;include/kf/game_actor.h:KF_ACTOR_HEADING_180;include/kf/game_actor.h:KF_ACTOR_LIFECYCLE_WAIT_FOR_RANGE_EXIT;include/kf/game_actor.h:KF_ACTOR_PROGRESS_DRIFT_COLLIDED;include/kf/game_actor.h:KF_ACTOR_PROGRESS_JUMP_ATTACK_PENDING;include/kf/game_actor.h:KF_ACTOR_SLOT_RESPAWNING;include/kf/game_actor.h:KF_ACTOR_SOUND_DEATH;include/kf/game_actor.h:KF_ACTOR_VERTICAL_FALL;include/kf/game_effect.h:KF_EFFECT_BILLBOARD_FIRE_BALL_FRAME_2;include/kf/game_effect.h:KF_EFFECT_COLLISION_TARGET_PLAYER;include/kf/game_effect.h:KF_EFFECT_FLOOR_DEFORM_REVERSE;include/kf/game_effect.h:KF_EFFECT_GROUND_BRANCH_THREE_QUARTER_TURN;include/kf/game_effect.h:KF_EFFECT_MODEL_GROUND_BRANCH_VISUAL;include/kf/game_effect.h:KF_EFFECT_MOONLIGHT_TRAIL_EMIT_PHASE;include/kf/game_effect.h:KF_EFFECT_SWING_PROBE_COUNT;include/kf/game_equipment.h:KF_EQUIPMENT_SLOT_ARM;include/kf/game_equipment.h:KF_WEAPON_ATTACK_PIERCING;include/kf/game_map.h:KF_MAP_COPY_FLOOR3_REVEAL_FIRST;include/kf/game_map.h:KF_MAP_EVENT_BEHAVIOR_ANIMATION_LOOP;include/kf/game_map.h:KF_MAP_OBJECT_ACTION_LIFT_DOOR;include/kf/game_map.h:KF_MAP_OBJECT_BEHAVIOR_HINGED_DOOR_END;include/kf/game_map.h:KF_MAP_OBJECT_BEHAVIOR_LIFT_DOOR;include/kf/game_map.h:KF_MAP_OBJECT_SWITCH_DISABLED;include/kf/game_map.h:KF_MAP_TRIGGER_COMPLETE;include/kf/game_menu.h:KF_EQUIP_MENU_SHIELD;include/kf/game_menu.h:KF_ITEM_PICKUP_STACK_FULL;include/kf/game_menu.h:KF_MAGIC_PANEL_RESIST_FIRE;include/kf/game_menu.h:KF_MENU_CONFIG_GAUGES_ROW;include/kf/game_menu.h:KF_MENU_CONFIRM_YES_NO;include/kf/game_menu.h:KF_MENU_MODE_SHOP;include/kf/game_menu.h:KF_MENU_PREVIEW_MAGIC_ICON;include/kf/game_menu.h:KF_MENU_SYSTEM_RETURN_ROW;include/kf/game_menu.h:KF_MENU_WINDOW_SYSTEM;include/kf/game_menu.h:KF_ROOT_CHOICE_EQUIPMENT;include/kf/game_menu.h:KF_SAVE_OVERLAY_SKIP_THIRD;include/kf/game_menu.h:KF_SHOP_ROW_RETURN;include/kf/game_menu.h:MENU_ITEM_PREVIEW_QUANTITY_DIGITS;include/kf/game_menu.h:MENU_LIST_TILE_END;include/kf/game_menu.h:MENU_PANEL_INPUT_RELEASE_FRAME;include/kf/game_menu.h:MENU_SOUND_CANCEL_OR_ERROR;include/kf/game_player.h:KF_PLAYER_CHARGE_GAIN_MULTIPLIER;include/kf/game_player.h:KF_PLAYER_DAMAGE_FRAME_2;include/kf/game_player.h:KF_PLAYER_SOUND_LEVEL_UP;include/kf/game_player.h:KF_WARP_SHIMMER_GROW_KEEP;include/kf/game_render.h:KF_EFFECT_SPRITE_TABLE_ROWS;include/kf/game_render.h:KF_GAME_COLOR_DEFENSE_EFFECT;include/kf/game_render.h:KF_HUD_ATTACK_GAUGE;include/kf/game_render.h:KF_RENDER_LIGHT_EFFECT;include/kf/game_render.h:KF_SYSTEM_SCREEN_NO_MEMORY_CARD;include/kf/game_save.h:KF_CARD_STATUS_TIMEOUT;include/kf/game_save.h:KF_SAVE_CLEANUP_CARD_TIMEOUT;include/kf/game_save.h:KF_SAVE_MAGIC_BYTES;include/kf/game_save.h:KF_SAVE_RESULT_FORMAT_CONFIRMATION;include/kf/game_save.h:KF_SAVE_RESULT_FORMAT_REQUIRED;include/kf/game_save.h:KF_SAVE_SLOT_SECOND;include/kf/item.h:KF_FLOOR_ITEM_SPRITE_2;include/kf/item.h:KF_ITEM_KNIGHT_SWORD;include/kf/item.h:KF_ITEM_SHOP_COUNT;include/kf/item.h:KF_ITEM_STOCK_SECOND_SHOP;include/kf/item.h:KF_SHOP_SECOND;include/kf/magic.h:KF_MAGIC_RESIST_FIRE;include/kf/magic.h:KF_MAGIC_SOUND_COUNT;include/kf/map_data.h:KF_MAP_ATTRIBUTE_02;include/kf/map_data.h:KF_MAP_CELL_X_GE_Z;include/kf/map_data.h:KF_MAP_ORIENT_QUARTER_TURN;include/kf/map_data.h:KF_OCCUPANCY_CELL_RADIUS;include/kf/memory.h:KF_MEMORY_USE_HEAP;include/kf/notify.h:KF_NOTIFICATION_ONES_SPRITE;include/kf/notify_types.h:KF_NOTIFICATION_HOLD;include/kf/notify_types.h:KF_NOTIFICATION_LOCKED;include/kf/open_opening_helpers.h:KF_OPENING_INPUT_SKIP;include/kf/open_opening_scenes.h:KF_OPENING_SCENE3_OVERLAY_COUNT;include/kf/open_opening_scenes.h:KF_OPENING_TRANSITION_SHRINK;include/kf/open_render.h:KF_OPEN_COLOR_WHITE;include/kf/open_render.h:KF_OPEN_TMD_SLOT_COUNT;include/kf/overlay.h:KF_OVERLAY_PATH_COUNT;include/kf/player_status.h:KF_PLAYER_STATUS_DARKNESS;include/kf/pool.h:KF_ANIMATION_CACHE_LIVE;include/kf/render_types.h:KF_CELL_WINDOW_NEAR;include/kf/render_types.h:KF_DISPLAY_BUFFER_COUNT;include/kf/render_types.h:KF_GPU_TEXTURE_16BIT;include/kf/render_types.h:KF_GTE_DEPTH_TO_OT_SHIFT;include/kf/render_types.h:KF_QUAD_TEX_V;include/kf/tmd.h:KF_TMD_MODE_SEMITRANS;src/game/actor.c:ACTOR_MULTI_HIT_NEAR_CHANCE_SHIFT;src/game/actor.c:ACTOR_SELECTION_NEAR_CHANCE_SHIFT;src/game/actor.c:ACTOR_SELECTION_OUTER_CHANCE_SHIFT;src/game/actor.c:ACTOR_SPAWNER_POPULATION_LIMIT;src/game/actor.c:COMBAT_DEFENSE_DENOMINATOR_MULTIPLIER;src/game/actor_behavior.c:ACTOR_BOSS_DEATH_EFFECT_PERIOD;src/game/actor_behavior.c:ACTOR_CHARGE_LENGTH_SHIFT;src/game/actor_behavior.c:ACTOR_RETREAT_RANGE_FACTOR;src/game/map_scripts.c:MAP_REVEAL_LIGHT_BLEND_SHIFT;src/game/map_scripts.c:MAP_SHOP_SEQUENCE_INDEX;src/game/menu_map_viewer.c:MENU_MAP_DEFAULT_SET;src/game/menu_map_viewer.c:MENU_MAP_PIXELS_PER_CELL;src/game/menu_runtime.c:MENU_OPAQUE_SPRITE_Y_OFFSET;src/game/menu_runtime.c:MENU_SAVE_SLOT0_QUAD;src/game/menu_runtime.c:STATUS_ELEMENTAL_ATTACK_MULTIPLIER;src/game/player_core.c:PLAYER_BOB_PHASE_PER_SPEED;src/game/player_death.c:PLAYER_DAMAGE_THRESHOLD_MULTIPLIER;src/game/player_update.c:PLAYER_COLICHEMARDE_SHOTS_PER_PHASE;src/game/player_update.c:PLAYER_FLAME_SWORD_MAGIC_DELAY;src/game/player_update.c:PLAYER_FORWARD_ACCEL_SHIFT;src/game/player_update.c:PLAYER_PITCH_DECEL;src/game/player_update.c:PLAYER_STRAFE_ACCEL_DECEL_SHIFT;src/game/player_update.c:PLAYER_YAW_ACCEL_DECEL_SHIFT;src/game/player_update.c:POISON_FLASH_UPDATES;src/game/render.c:RENDER_PALETTE_COUNT;src/game/render.c:SYSTEM_SCREEN_PATH_DIGIT;src/game/render_map_cells.c:ILLUSION_STAFF_REMAP_ACTIVE_UPDATES;src/open/opening_scenes.c:ENDING_LIGHT_FINISHED;src/open/opening_scenes.c:ENDING_SCROLL_TICK_PANELS;src/open/opening_scenes.c:ENDING_SEQUENCE_FADE;src/open/opening_scenes.c:ENDING_TMD_PROJECTION_SHIFT	Link piercing-component positions and lift behavior/action; spell the duplicate save-format result as an alias within its existing result domain. Counts, flags, shifted rates, palette/slot IDs, save events and physical/UI multipliers remain distinct; existing save-cleanup aliases remain.
3	alias	include/kf/animation.h:KF_ANIMATION_CLIP_FOURTH;include/kf/combat.h:KF_COMBAT_COMPONENT_HOLY;include/kf/combat.h:KF_COMBAT_PHYSICAL_COMPONENT_COUNT;include/kf/floor.h:KF_FLOOR5_ALTERNATE_MUSIC_VARIANT;include/kf/floor.h:KF_FLOOR_3;include/kf/game_actor.h:KF_ACTOR_ACTION_RETREAT;include/kf/game_actor.h:KF_ACTOR_ANIM_SLOT_HIT_REACTION;include/kf/game_actor.h:KF_ACTOR_ATTACK_COMPONENT_COUNT;include/kf/game_actor.h:KF_ACTOR_DEFENSE_HOLY;include/kf/game_actor.h:KF_ACTOR_EFFECT_PARAMETER_COUNT;include/kf/game_actor.h:KF_ACTOR_HEADING_270;include/kf/game_actor.h:KF_ACTOR_LIFECYCLE_DISABLED;include/kf/game_actor.h:KF_ACTOR_PROGRESS_JUMP_WAIT_FOR_LANDING;include/kf/game_actor.h:KF_ACTOR_SLOT_HOMEBOUND;include/kf/game_actor.h:KF_ACTOR_SOUND_COUNT;include/kf/game_actor.h:KF_ACTOR_VERTICAL_LONG_DROP;include/kf/game_effect.h:KF_EFFECT_BILLBOARD_FIRE_BALL_FRAME_3;include/kf/game_effect.h:KF_EFFECT_COLLISION_TARGETS_MASK;include/kf/game_effect.h:KF_EFFECT_COLLISION_TARGET_ACTORS_AND_PLAYER;include/kf/game_effect.h:KF_EFFECT_LIGHTNING_IMPACT_EMIT_FIRST;include/kf/game_effect.h:KF_EFFECT_MODEL_ACTOR_SPAWNER;include/kf/game_equipment.h:KF_EQUIPMENT_SLOT_LEG;include/kf/game_equipment.h:KF_WEAPON_ATTACK_HOLY;include/kf/game_graphics.h:KF_FLOOR5_ACTOR_TEXTURE_COUNT;include/kf/game_map.h:KF_CHARACTER_KEY_OF_THE_DEAD_EXCHANGE;include/kf/game_map.h:KF_DIALOGUE_GATE_RELOAD;include/kf/game_map.h:KF_MAP_COPY_FLOOR3_REVEAL_SECOND;include/kf/game_map.h:KF_MAP_EVENT_DISABLED;include/kf/game_map.h:KF_MAP_OBJECT_BEHAVIOR_03;include/kf/game_map.h:KF_MAP_OBJECT_SWITCH_REVERSE;include/kf/game_math.h:KF_LENGTH_SQUARE_DOWNSHIFT;include/kf/game_math.h:KF_RANDOM_ANGLE_SHIFT;include/kf/game_menu.h:KF_EQUIP_MENU_HEAD;include/kf/game_menu.h:KF_MAGIC_PANEL_BLESS;include/kf/game_menu.h:KF_MENU_CONFIG_COMPASS_ROW;include/kf/game_menu.h:KF_MENU_CONFIRM_BUY;include/kf/game_menu.h:KF_MENU_LOAD_RETURN_ROW;include/kf/game_menu.h:KF_MENU_SAVE_FORMAT_ROW;include/kf/game_menu.h:KF_MENU_SYSTEM_ROW_COUNT;include/kf/game_menu.h:KF_MENU_WINDOW_SAVE_LOAD;include/kf/game_menu.h:KF_ROOT_CHOICE_STATUS;include/kf/game_menu.h:KF_SAVE_OVERLAY_ALL;include/kf/game_menu.h:KF_SHOP_CHOICE_COUNT;include/kf/game_menu.h:KF_SHOP_ROW_GOLD;include/kf/game_menu.h:MENU_CLASS_MAGIC_TIER_COUNT;include/kf/game_menu.h:MENU_LIST_TILE_SELECTED;include/kf/game_player.h:KF_PLAYER_DAMAGE_FRAME_3;include/kf/game_player.h:KF_PLAYER_SOUND_COUNT;include/kf/game_render.h:KF_GAME_COLOR_WHITE;include/kf/game_render.h:KF_HUD_MAGIC_GAUGE;include/kf/game_render.h:KF_RENDER_LIGHT_WEAPON;include/kf/game_render.h:KF_SYSTEM_SCREEN_PAUSE;include/kf/game_save.h:KF_CARD_STATUS_NEW_DEVICE;include/kf/game_save.h:KF_SAVE_ICON_FRAME_COUNT;include/kf/game_save.h:KF_SAVE_RESULT_NO_SPACE;include/kf/game_save.h:KF_SAVE_SLOT_COUNT;include/kf/game_save.h:KF_SAVE_SLOT_THIRD;include/kf/game_save.h:SAVE_STATUS_FORMAT_REQUIRED;include/kf/item.h:KF_FLOOR_ITEM_SPRITE_3;include/kf/item.h:KF_ITEM_COLICHEMARDE;include/kf/item.h:KF_ITEM_STOCK_BANK_COUNT;include/kf/magic.h:KF_MAGIC_BLESS;include/kf/map_data.h:KF_MAP_ATTRIBUTE_03;include/kf/map_data.h:KF_MAP_CELL_SUM_LE_SIZE;include/kf/map_data.h:KF_MAP_ORIENT_HALF_TURN;include/kf/notify.h:KF_NOTIFICATION_TENS_SPRITE;include/kf/notify_types.h:KF_NOTIFICATION_ROTATE_OUT;include/kf/notify_types.h:KF_NOTIFICATION_SEALED;include/kf/open_opening_scenes.h:KF_OPENING_SCENE3_CAMERA_POINT_COUNT;include/kf/open_opening_scenes.h:KF_OPENING_TRANSITION_CREATE;include/kf/open_render.h:KF_OPEN_COLOR_ENDING_MIDPOINT;include/kf/render_types.h:KF_GPU_RESET_KEEP_DISPLAY;include/kf/tmd.h:KF_TMD_VECTOR_OFFSET_SHIFT;src/game/actor.c:ACTOR_GROUND_NEAR_CHANCE_SHIFT;src/game/actor_behavior.c:ACTOR_SCATTER_GENERATIONS;src/game/cd_file.c:CD_PATH_READ_ATTEMPTS;src/game/effect_dispatch.c:GROUND_TRAIL_RENDER_FRAME_COUNT;src/game/effect_dispatch.c:HOMING_YAW_RANDOM_SHIFT;src/game/effect_dispatch.c:LIGHTNING_IMPACT_RENDER_FRAME_COUNT;src/game/game.c:FRAME_PACER_INTERVAL_TICKS;src/game/geometry_render.c:NOTIFICATION_ATLAS_COLUMN_SHIFT;src/game/geometry_render.c:WEAPON_PROJECTED_DEPTH_SHIFT;src/game/menu_panels.c:BLESS_HP_RECOVERY_MAGIC_MULTIPLIER;src/game/menu_runtime.c:MENU_LIST_TEXT_INSET;src/game/menu_runtime.c:MENU_SAVE_SLOT1_QUAD;src/game/menu_runtime.c:MENU_TRANSLUCENT_SPRITE_Y_OFFSET;src/game/menu_runtime.c:STATUS_PHYSICAL_ATTACK_MULTIPLIER;src/game/player_death.c:GOLD_CROSS_HOLY_ATTACK_BONUS;src/game/player_update.c:PLAYER_FORWARD_DECEL_SHIFT;src/game/player_update.c:PLAYER_MOONLIGHT_SWORD_MAGIC_DELAY;src/game/player_update.c:PLAYER_PITCH_ACCEL;src/game/player_update.c:PLAYER_TRIPLE_FANG_MAGIC_DELAY;src/game/render_map_cells.c:ILLUSION_STAFF_REMAP_PHASE_MASK;src/open/opening_scenes.c:ENDING_BACKGROUND_BLEND_STEP;src/open/opening_scenes.c:ENDING_LIGHT_GREEN_STEP;src/open/opening_scenes.c:ENDING_MODEL_Y_STEP;src/open/opening_scenes.c:ENDING_SCROLL_CAMERA_POINT_COUNT;src/open/opening_scenes.c:ENDING_SCROLL_TICK_HOLD_AFTER_STARFIELD;src/open/opening_scenes.c:ENDING_SEQUENCE_REPLACED;src/open/opening_scenes.c:ENDING_SEQUENCE_VOLUME_DIVISOR;src/open/opening_scenes.c:TRANSITION_ENTITY_DELAY_SHIFT	Link holy-component index and the actor physical-component count through the common combat ordering. Preserve frame counts, shifts, thirds, save/notification states and independent ratios. Existing random-angle conversion and menu/save row derivations remain.
4	alias	include/kf/combat.h:KF_COMBAT_COMPONENT_FIRE;include/kf/floor.h:KF_FLOOR_4;include/kf/game_actor.h:KF_ACTOR_ACTION_MELEE_ATTACK;include/kf/game_actor.h:KF_ACTOR_ANIM_SLOT_DEATH;include/kf/game_actor.h:KF_ACTOR_BOSS_DEATH_SOUND_COUNT;include/kf/game_actor.h:KF_ACTOR_DEFENSE_FIRE;include/kf/game_actor.h:KF_ACTOR_EFFECT_CODE_LIGHTNING_BOLT;include/kf/game_actor.h:KF_ACTOR_VERTICAL_JUMP_ATTACK;include/kf/game_asset.h:KF_ASSET_ARCHIVE_HEADER_BYTES;include/kf/game_effect.h:KF_EFFECT_BILLBOARD_FIRE_BALL_FRAME_4;include/kf/game_effect.h:KF_EFFECT_GROUND_VISUAL_SHRINK_FIRST;include/kf/game_effect.h:KF_EFFECT_HOMING_INITIAL_PHASE_LAST;include/kf/game_effect.h:KF_EFFECT_KIND_LIGHTNING_BOLT;include/kf/game_effect.h:KF_EFFECT_MODEL_MAP_EMITTER_PROJECTILE;include/kf/game_equipment.h:KF_EQUIPMENT_SLOT_SHIELD;include/kf/game_equipment.h:KF_WEAPON_ATTACK_FIRE;include/kf/game_map.h:KF_MAP_CONTAINER_ITEM_COUNT;include/kf/game_map.h:KF_MAP_COPY_FLOOR5_BOSS_ENCOUNTER;include/kf/game_map.h:KF_MAP_FLOOR3_REQUIRED_REVEALS;include/kf/game_map.h:KF_MAP_SAVED_YAW_SHIFT;include/kf/game_math.h:KF_FIXED4_BITS;include/kf/game_menu.h:KF_EQUIP_MENU_BODY;include/kf/game_menu.h:KF_MENU_CONFIG_RETURN_ROW;include/kf/game_menu.h:KF_MENU_CONFIG_SETTING_COUNT;include/kf/game_menu.h:KF_MENU_CONFIRM_SELL;include/kf/game_menu.h:KF_MENU_LOAD_ROW_COUNT;include/kf/game_menu.h:KF_MENU_SAVE_RETURN_ROW;include/kf/game_menu.h:KF_MENU_WINDOW_SAVE;include/kf/game_menu.h:KF_ROOT_CHOICE_DROP_ITEM;include/kf/game_menu.h:MENU_BACKGROUND_QUAD_COUNT;include/kf/game_menu.h:MENU_CLASS_LABEL_GLYPHS;include/kf/game_menu.h:MENU_LIST_TILE_COUNT;include/kf/game_menu.h:MENU_STATS_VITAL_DIGITS;include/kf/game_player.h:KF_PLAYER_DAMAGE_FRAME_4;include/kf/game_render.h:KF_GAME_COLOR_BLACK;include/kf/game_render.h:KF_HUD_POISON_ICON;include/kf/game_render.h:KF_RENDER_LIGHT_HUD;include/kf/game_save.h:KF_CARD_STATUS_ERROR;include/kf/game_save.h:KF_SAVE_CLEANUP_CARD_ERROR;include/kf/game_save.h:KF_SAVE_DIRECTORY_ENTRIES;include/kf/game_save.h:KF_SAVE_SLOT_SPARE;include/kf/item.h:KF_FLOOR_ITEM_SPRITE_4;include/kf/item.h:KF_ITEM_MORNING_STAR;include/kf/magic.h:KF_MAGIC_DAMAGE_COMPONENT_COUNT;include/kf/magic.h:KF_MAGIC_LIGHTNING_BOLT;include/kf/map_data.h:KF_MAP_ATTRIBUTE_04;include/kf/map_data.h:KF_MAP_CELL_Z_GE_X;include/kf/map_data.h:KF_MAP_ORIENT_THREE_QUARTER_TURN;include/kf/notify.h:KF_NOTIFICATION_HUNDREDS_SPRITE;include/kf/notify_types.h:KF_NOTIFICATION_KEY_DOES_NOT_FIT;include/kf/open_render.h:KF_OPEN_COLOR_ENDING_GREEN;include/kf/player_status.h:KF_PLAYER_STATUS_POISON;include/kf/render_types.h:KF_QUAD_TEX_U_SPAN;include/kf/render_types.h:KF_TRANSITION_OT_DEPTH;include/kf/render_types.h:KF_VIEW_QUADRANT_COUNT;include/kf/resources.h:KF_RESOURCE_CHUNK_HEADER_BYTES;include/kf/tmd.h:KF_TMD_PACKET_HEADER_BYTES;include/kf/tmd.h:KF_TMD_SLOT_MENU_ITEM;include/kf/tmd.h:KF_TMD_WORD_BYTES;src/game/actor.c:ACTOR_MULTI_HIT_FAR_CHANCE_SHIFT;src/game/actor.c:ACTOR_SELECTION_FAR_CHANCE_SHIFT;src/game/actor.c:ACTOR_SELECTION_FAR_RANGE_FACTOR;src/game/actor.c:ACTOR_SELECTION_RANDOM_SHIFT;src/game/actor_behavior.c:ACTOR_BOSS_DEATH_SOUND_PERIOD;src/game/effect_dispatch.c:GROUND_BRANCH_DAMAGE_PERIOD;src/game/entity_model_render.c:ACTOR_MODEL_TEXTURE_SHIFT;src/game/geometry_render.c:NOTIFICATION_ATLAS_ROW_SHIFT;src/game/geometry_render.c:NOTIFICATION_GOLD_DIGITS;src/game/memory.c:MEMORY_ALLOCATION_ALIGNMENT;src/game/menu_map_viewer.c:MENU_MAP_MARKER_SPAN;src/game/menu_runtime.c:MENU_SAVE_SLOT2_QUAD;src/game/menu_runtime.c:MENU_SAVE_STATUS_DIGITS;src/game/menu_runtime.c:MENU_TRANSLUCENT_SPRITE_X_OFFSET;src/game/player_update.c:PLAYER_WEAPON_MAGIC_JITTER_BIAS;src/game/player_use_item.c:PLAYER_HARP_FLOOR2_SEGMENT_COUNT;src/game/player_use_item.c:PLAYER_HARP_FLOOR3_FIRST_SEGMENT;src/game/player_warp.c:WARP_SHIMMER_COUNT;src/open/audio.c:OPEN_SEQUENCE_FADE_OUT_STEP;src/open/display_adjust.c:VRAM_VIEW_PAN_STEP;src/open/opening_scenes.c:ENDING_BRIGHTEN_STEP;src/open/opening_scenes.c:ENDING_ROTATION_START_POINT;src/open/opening_scenes.c:PANEL_OT_DEPTH;src/open/opening_scenes.c:SCENE1_SHADE_STEP;src/open/opening_scenes.c:TRANSITION_ENTITY_COUNT	Link fire-component index. The archive header contains a u16 count plus reserved bytes; the enclosing resource chunk starts with a u32 payload length, so their four-byte sizes remain separate. Preserve TMD packet/word sizes, effect/magic/actor IDs, shifts, palette positions and independent periods. OPEN transition and GAME shimmer share a staggered-cylinder algorithm, but use separate model/pool owners, horizontal scales and lifetime modes; retain their independently named visual parameters pending a shared asset/policy identity.
5	alias	include/kf/combat.h:KF_COMBAT_COMPONENT_COUNT;include/kf/floor.h:KF_FLOOR_5;include/kf/game_actor.h:KF_ACTOR_ACTION_HIT_REACTION;include/kf/game_actor.h:KF_ACTOR_ANIM_SLOT_JUMP_ATTACK;include/kf/game_actor.h:KF_ACTOR_DEFENSE_COMPONENT_COUNT;include/kf/game_actor.h:KF_ACTOR_EFFECT_CODE_FIRE_BALL;include/kf/game_effect.h:KF_EFFECT_BILLBOARD_WIND_CUTTER;include/kf/game_effect.h:KF_EFFECT_FIRE_BALL_IMPACT_END;include/kf/game_effect.h:KF_EFFECT_KIND_FIRE_BALL;include/kf/game_effect.h:KF_EFFECT_LIGHTNING_IMPACT_EMIT_SECOND;include/kf/game_effect.h:KF_EFFECT_MODEL_MAP_SWITCH;include/kf/game_equipment.h:KF_EQUIPMENT_SLOT_ACCESSORY;include/kf/game_equipment.h:KF_WEAPON_ATTACK_COMPONENT_COUNT;include/kf/game_map.h:KF_DIALOGUE_STAGE_COUNT;include/kf/game_map.h:KF_MAP_COPY_REGION_COUNT;include/kf/game_map.h:KF_MAP_SAVED_FLOOR_COUNT;include/kf/game_menu.h:KF_EQUIP_MENU_ARM;include/kf/game_menu.h:KF_MENU_CONFIG_ROW_COUNT;include/kf/game_menu.h:KF_MENU_CONFIRM_EQUIP;include/kf/game_menu.h:KF_MENU_SAVE_ROW_COUNT;include/kf/game_menu.h:KF_MENU_WINDOW_LOAD;include/kf/game_menu.h:KF_ROOT_CHOICE_SYSTEM;include/kf/game_player.h:KF_PLAYER_DAMAGE_FRAME_5;include/kf/game_player.h:KF_PLAYER_FLOOR_ENTRY_COUNT;include/kf/game_render.h:KF_GAME_COLOR_GREEN;include/kf/game_render.h:KF_HUD_SLOWED_ICON;include/kf/game_render.h:KF_RENDER_LIGHT_NOTIFICATION;include/kf/game_save.h:SAVE_STATUS_NO_SPACE;include/kf/item.h:KF_FLOOR_ITEM_SPRITE_5;include/kf/item.h:KF_ITEM_BASTARD_SWORD;include/kf/magic.h:KF_MAGIC_FIRE_BALL;include/kf/map_data.h:KF_MAP_ATTRIBUTE_05;include/kf/map_data.h:KF_MAP_CELL_SUM_GE_SIZE;include/kf/map_data.h:KF_OCCUPANCY_CELL_SPAN;include/kf/notify.h:KF_NOTIFICATION_THOUSANDS_SPRITE;include/kf/notify_types.h:KF_NOTIFICATION_NOTHING_THERE;include/kf/open_render.h:KF_OPEN_COLOR_PRESET_COUNT;include/kf/render_types.h:KF_RGB555_GREEN_SHIFT;include/kf/render_types.h:KF_SCENE_MIN_OT_DEPTH;src/game/actor.c:COMBAT_BASE_POWER_WEIGHT_DIVISOR;src/game/cd_file.c:CD_TABLE_READ_ATTEMPTS;src/game/effect_dispatch.c:SCATTER_BRANCH_COUNTDOWN;src/game/effect_update.c:EFFECT_FIXED_MAGIC_POWER;src/game/effect_update.c:FLOOR_DEFORM_SEGMENT_COUNT;src/game/geometry_render.c:WEAPON_DEPTH_BIAS_SHIFT;src/game/menu_runtime.c:STATUS_POISON_RESISTANCE_DIVISOR;src/game/player_core.c:PLAYER_STEP_UP_ACCELERATION;src/game/player_death.c:LIGHT_RING_HOLY_ATTACK_BONUS;src/game/player_death.c:PLAYER_DAMAGE_POWER_DIVISOR;src/game/player_death.c:PLAYER_STARTING_DEFENSE;src/game/player_update.c:DARKNESS_FADE_BITS;src/game/player_update.c:PLAYER_SLOWED_TURN_LIMIT;src/game/save_system.c:CARD_FORMAT_ATTEMPTS;src/game/save_system.c:SAVE_FILE_IO_ATTEMPTS	Link the common full combat-component count used by weapon attacks and actor defenses. Card format, file I/O and CD-table retry budgets remain independent; preserve five-valued IDs, fixed-point bit counts, penalties and effect countdowns.
6	retain	include/kf/game_actor.h:KF_ACTOR_ACTION_DYING;include/kf/game_actor.h:KF_ACTOR_ANIM_SLOT_SPECIAL_ATTACK;include/kf/game_actor.h:KF_ACTOR_EFFECT_CODE_GROUND_BRANCH;include/kf/game_effect.h:KF_EFFECT_BILLBOARD_LIGHTNING_BOLT;include/kf/game_effect.h:KF_EFFECT_KIND_GROUND_BRANCH;include/kf/game_effect.h:KF_EFFECT_MODEL_LIGHT_NEEDLE;include/kf/game_map.h:KF_MAP_OBJECT_REVEAL_SETTLE_END;include/kf/game_math.h:KF_FIXED6_BITS;include/kf/game_menu.h:KF_EQUIP_MENU_LEG;include/kf/game_menu.h:KF_MENU_WINDOW_CONFIG;include/kf/game_menu.h:KF_ROOT_CHOICE_CONFIG;include/kf/game_menu.h:MENU_DIALOG_QUAD_COUNT;include/kf/game_menu.h:MENU_STATS_VALUE_DIGITS;include/kf/game_player.h:KF_PLAYER_DAMAGE_FRAME_6;include/kf/game_render.h:KF_GAME_COLOR_BLUE;include/kf/game_render.h:KF_HUD_DARKNESS_ICON;include/kf/game_render.h:KF_RENDER_LIGHT_COUNT;include/kf/game_save.h:SAVE_STATUS_FAILED;include/kf/item.h:KF_FLOOR_ITEM_FACING_TO_ANGLE_SHIFT;include/kf/item.h:KF_FLOOR_ITEM_SPRITE_6;include/kf/item.h:KF_ITEM_CRESCENT_AXE;include/kf/magic.h:KF_MAGIC_FIRE_WALL;include/kf/map_data.h:KF_MAP_ATTRIBUTE_06;include/kf/map_data.h:KF_MAP_CELL_STEP;include/kf/notify.h:KF_NOTIFICATION_SPRITE_COUNT;include/kf/notify_types.h:KF_NOTIFICATION_NOTHING_INSIDE;include/kf/open_controller.h:KF_OPENING_INITIAL_TIM_PATH_BYTES;include/kf/render_types.h:KF_QUAD_TEX_V_SPAN;include/kf/render_types.h:KF_TRANSITION_FADE_STEP;include/kf/tmd.h:KF_TMD_ILEN_TO_BYTES_SHIFT;src/game/actor_behavior.c:ACTOR_RECENT_PURSUIT_RANGE_FACTOR;src/game/effect_dispatch.c:HOMING_PITCH_RANDOM_SHIFT;src/game/effect_pool.c:EFFECT_GROUND_BRANCH_DELAY;src/game/menu_runtime.c:MENU_ITEM_DETAIL_GOLD_DIGITS;src/game/menu_runtime.c:MENU_ITEM_DETAIL_PRICE_DIGITS;src/game/menu_runtime.c:MENU_STATUS_BACKDROP_LEFT_X;src/game/player_core.c:PLAYER_BOB_SINE_DOWNSHIFT;src/game/player_warp.c:ACTOR_TRANSFORM_RESULT_DEFINITION;src/open/opening_scenes.c:SCENE3_CLUT_WORK_CAPACITY	Effect actor-code alias already links its kind; remaining fixed-point/packing shifts, six-digit UI widths, actor/action/resource IDs, path capacity and scene work capacity have different consumers.
7	retain	include/kf/game_actor.h:KF_ACTOR_ANIM_SLOT_DRIFT;include/kf/game_actor.h:KF_ACTOR_EFFECT_CODE_WIND_CUTTER;include/kf/game_actor.h:KF_ACTOR_PROGRESS_POST_DEATH_END;include/kf/game_collision.h:KF_MAP_CELL_HEIGHT_RECORD_COUNT;include/kf/game_effect.h:KF_EFFECT_BILLBOARD_LIGHTNING_BOLT_FRAME_1;include/kf/game_effect.h:KF_EFFECT_KIND_WIND_CUTTER;include/kf/game_effect.h:KF_EFFECT_LIGHTNING_BLAST_PHASE_LAST;include/kf/game_effect.h:KF_EFFECT_LIGHTNING_IMPACT_EMIT_LAST;include/kf/game_effect.h:KF_EFFECT_MODEL_SWINGING_HAZARD;include/kf/game_map.h:KF_CHARACTER_HARP_EXCHANGE;include/kf/game_math.h:KF_FIXED7_BITS;include/kf/game_menu.h:KF_EQUIP_MENU_ACCESSORY;include/kf/game_menu.h:KF_MENU_ROOT_RETURN_ROW;include/kf/game_menu.h:KF_MENU_WINDOW_SHOP;include/kf/game_menu.h:MENU_NUMBER_ADVANCE;include/kf/game_player.h:KF_PLAYER_DAMAGE_FRAME_7;include/kf/game_render.h:KF_GAME_COLOR_PRESET_COUNT;include/kf/game_render.h:KF_HUD_CURSE_ICON;include/kf/game_save.h:SAVE_STATUS_NO_DATA;include/kf/item.h:KF_FLOOR_ITEM_SPRITE_COUNT;include/kf/item.h:KF_ITEM_TRIPLE_FANG;include/kf/magic.h:KF_MAGIC_WIND_CUTTER;include/kf/map_data.h:KF_MAP_ATTRIBUTE_07;include/kf/notify_types.h:KF_NOTIFICATION_DEAD;src/game/actor.c:ACTOR_STATUS_CHANCE_RANDOM_SHIFT;src/game/actor_behavior.c:ACTOR_DROP_CHANCE_RANDOM_SHIFT;src/game/actor_behavior.c:ACTOR_SPAWN_CHANCE_SHIFT;src/game/map_object.c:MAP_FIRE_BALL_EMITTER_VELOCITY_SHIFT;src/game/menu_runtime.c:STATUS_DEFENSE_SCALE_DENOMINATOR;src/game/player_death.c:MOON_AMULET_MAGIC_DEFENSE_BONUS;src/game/player_death.c:WIND_BLADE_BRACELET_FIRE_DEFENSE_BONUS;src/open/opening_scenes.c:SCENE_CAMERA_WAVE_SHIFT	Actor chance shifts belong to spawn/drop/status trials; item bonuses and stat denominator have separate formulas. Actor effect code already aliases wind-cutter kind; other IDs, capacities and phase bounds remain separate.
8	retain	include/kf/audio.h:KF_SOUND_PACKED_NOTE_SHIFT;include/kf/debug.h:KF_FORMAT_HEX_DIGITS;include/kf/debug.h:KF_FORMAT_LEADING_PAD_BYTES;include/kf/game_actor.h:KF_ACTOR_ANIM_SLOT_EFFECT0;include/kf/game_actor.h:KF_ACTOR_EFFECT_CODE_LIGHT_NEEDLE;include/kf/game_collision.h:KF_COLLISION_CELL_FLAG_SHIFT;include/kf/game_effect.h:KF_EFFECT_BILLBOARD_DARKNESS_PROJECTILE;include/kf/game_effect.h:KF_EFFECT_GROUND_VISUAL_PHASE_END;include/kf/game_effect.h:KF_EFFECT_KIND_LIGHT_NEEDLE;include/kf/game_effect.h:KF_EFFECT_ORBIT_CENTER_SHIFT;include/kf/game_map.h:KF_CHARACTER_HEALING_EXCHANGE;include/kf/game_map.h:KF_MAP_EVENT_CAPACITY;include/kf/game_map.h:KF_MAP_OBJECT_BEHAVIOR_HINGED_CONTAINER;include/kf/game_map.h:KF_MAP_OBJECT_BEHAVIOR_LINK_CLEAR_LAST;include/kf/game_map.h:KF_MAP_OBJECT_BEHAVIOR_LINK_TRIGGER_END;include/kf/game_math.h:KF_FIXED8_BITS;include/kf/game_menu.h:KF_MENU_EQUIPMENT_RETURN_ROW;include/kf/game_menu.h:KF_MENU_ROOT_ROW_COUNT;include/kf/game_menu.h:MENU_PICKUP_PREVIEW_YAW_STEP;include/kf/game_player.h:KF_PLAYER_DAMAGE_FRAME_END;include/kf/game_render.h:KF_GAME_TMD_SLOT_COUNT;include/kf/game_render.h:KF_HUD_HP_PANEL;include/kf/game_save.h:SAVE_STATUS_FORMAT_CONFIRMATION;include/kf/item.h:KF_ITEM_FLAME_SWORD;include/kf/magic.h:KF_MAGIC_LIGHT_NEEDLE;include/kf/map_data.h:KF_MAP_ATTRIBUTE_08;include/kf/notify.h:KF_NOTIFICATION_CAPACITY;include/kf/notify_types.h:KF_NOTIFICATION_BROKEN_SWORD;include/kf/player_status.h:KF_PLAYER_STATUS_SLOWED;include/kf/render_types.h:KF_CELL_WINDOW_YAW_SHIFT;include/kf/render_types.h:KF_QUAD_TEX_DESCRIPTOR_BYTES;src/game/actor_behavior.c:ACTOR_PURSUIT_DISTANCE_SHIFT;src/game/effect_update.c:SCATTER_RANDOM_SHIFT;src/game/map_object.c:MAP_RESTORE_POINT_YAW_STEP;src/game/menu_runtime.c:MENU_LIST_DEFAULT_GLYPHS_PER_ENTRY;src/game/menu_runtime.c:STATUS_ATTACK_SCALE_DENOMINATOR;src/game/player_death.c:BLACK_MASK_PHYSICAL_POWER_PENALTY;src/game/player_death.c:TWO_HEADED_DRAGON_RING_MAGIC_BONUS;src/game/player_warp.c:WARP_SHIMMER_SOUND_FRAME;src/game/player_warp.c:WARP_SHIMMER_STAGGER_FRAMES;src/open/audio.c:OPEN_SEQUENCE_FADE_IN_STEP;src/open/opening_scenes.c:SCENE0_ROTATION_START_POINT	Packing shifts, array capacities, frame end, UI glyph capacity and effect IDs remain separate. Shimmer sound timing and stagger are independently consumed. Appearance and texture descriptors are different storage domains.
9	retain	include/kf/game_actor.h:KF_ACTOR_ANIM_SLOT_EFFECT1;include/kf/game_actor.h:KF_ACTOR_EFFECT_CODE_ACTOR_SPAWNER;include/kf/game_effect.h:KF_EFFECT_BILLBOARD_SCATTER_PROJECTILE;include/kf/game_effect.h:KF_EFFECT_KIND_ACTOR_SPAWNER;include/kf/game_effect.h:KF_EFFECT_LIGHTNING_IMPACT_PHASE_LAST;include/kf/game_effect.h:KF_EFFECT_MODEL_EMERGING_PROJECTILE;include/kf/game_map.h:KF_MAP_OBJECT_BEHAVIOR_ITEM_CONTAINER;include/kf/game_math.h:KF_MATRIX_ROTATION_ELEMENTS;include/kf/game_menu.h:KF_MENU_EQUIPMENT_ROW_COUNT;include/kf/game_menu.h:KF_MENU_WINDOW_LAYOUT_COUNT;include/kf/game_render.h:KF_HUD_MP_PANEL;include/kf/game_save.h:SAVE_STATUS_09;include/kf/item.h:KF_ITEM_SHADOW_BLADE;include/kf/magic.h:KF_MAGIC_PLAYER_COUNT;include/kf/map_data.h:KF_MAP_ATTRIBUTE_09;include/kf/notify_types.h:KF_NOTIFICATION_OLD_BONES;include/kf/open_opening_scenes.h:KF_OPENING_ENDING_CAMERA_POINT_COUNT;src/game/effect_dispatch.c:SCATTER_PULSE_ANGLE_SHIFT;src/game/item.c:MENU_SHOP_VISIBLE_ROWS;src/game/player_update.c:PLAYER_WEAPON_MAGIC_RANDOM_SHIFT;src/open/opening_scenes.c:ENDING_PANEL_COUNT	Ending panels and camera points are separate arrays; matrix element count, menu rows, magic count and shift counts are not one capacity. Actor effect code already aliases actor-spawner kind.
10	alias	include/kf/audio.h:KF_AUDIO_VOICE_SLOTS;include/kf/combat.h:KF_DAMAGE_SUBUNITS_PER_HP;include/kf/debug.h:KF_FORMAT_DECIMAL_DIGITS;include/kf/game_actor.h:KF_ACTOR_ANIM_SLOT_EFFECT2;include/kf/game_actor.h:KF_ACTOR_EFFECT_CODE_SCATTER_PROJECTILE;include/kf/game_asset.h:KF_ASSET_MAP_EVENT_FIRST;include/kf/game_effect.h:KF_EFFECT_BILLBOARD_CURSE_PROJECTILE;include/kf/game_effect.h:KF_EFFECT_HAZARD_RISE_FIRST;include/kf/game_effect.h:KF_EFFECT_KIND_SCATTER_PROJECTILE;include/kf/game_effect.h:KF_EFFECT_MODEL_MOONLIGHT_PROJECTILE;include/kf/game_effect.h:KF_EFFECT_MOONLIGHT_TRAVEL_LAST;include/kf/game_effect.h:KF_EFFECT_PROJECTILE_IMPACT_END;include/kf/game_map.h:KF_MAP_OBJECT_ACTION_COPY_REGION;include/kf/game_map.h:KF_MAP_OBJECT_BEHAVIOR_COPY_REGION;include/kf/game_map.h:KF_MAP_OBJECT_DRAGON_SWORD;include/kf/game_map.h:KF_MAP_OBJECT_EFFECT_GROUP_CAPACITY;include/kf/game_map.h:KF_MAP_SAVED_RECORDS_OFFSET;include/kf/game_menu.h:MENU_GLYPHS_PER_ROW;include/kf/game_menu.h:MENU_NUMBER_BLANK;include/kf/game_menu.h:MENU_WINDOW_ROW_CAPACITY;include/kf/game_player.h:KF_PLAYER_DAMAGE_MULTIPLIER_ONE;include/kf/game_render.h:KF_HUD_ATTACK_PANEL;include/kf/game_save.h:SAVE_STATUS_10;include/kf/item.h:KF_ITEM_DRAGON_SWORD;include/kf/map_data.h:KF_MAP_ATTRIBUTE_0A;include/kf/notify_types.h:KF_NOTIFICATION_SCHOLAR_BONES;include/kf/render_types.h:KF_RGB555_BLUE_SHIFT;src/game/effect_update.c:EFFECT_SWING_ANGULAR_ACCEL;src/game/map_events.c:MAP_AMBIENT_COUNTDOWN_RELOAD;src/game/map_object.c:MAP_EMITTER_COUNTDOWN_BASE;src/game/map_object.c:MAP_EMITTER_VELOCITY_SHIFT;src/game/menu.c:ANTIDOTE_HERB_HP_RECOVERY;src/game/menu_map_viewer.c:MENU_MAP_IMAGE_TOP_Y;src/game/menu_runtime.c:STATUS_ATTACK_SCALE_NUMERATOR;src/game/menu_runtime.c:STATUS_DEFENSE_SCALE_NUMERATOR;src/game/player_core.c:PLAYER_WEAPON_CHARGE_DELAY_UPDATES;src/game/player_death.c:FIRE_DEFENSE_STATUS_BONUS;src/game/player_death_fade.c:PLAYER_DEATH_INITIAL_PITCH_STEP;src/game/player_death_fade.c:PLAYER_DEATH_REST_PITCH_ACCELERATION;src/game/player_update.c:PLAYER_PITCH_STEP_LIMIT;src/game/player_warp.c:WARP_SHIMMER_OWNER_ID	Make map copy behavior/action and dragon-sword object/item encoding links explicit without collapsing types. Keep all quantities distinguished in the earlier value-10 review, including HP recovery versus damage subunits, timers, shifts, UI dimensions and separate displayed attack/defense ratios.
11	alias	include/kf/cd_file.h:KF_CD_SECTOR_SHIFT;include/kf/game_actor.h:KF_ACTOR_ANIM_SLOT_MULTI_HIT_ATTACK;include/kf/game_actor.h:KF_ACTOR_EFFECT_CODE_DARKNESS_PROJECTILE;include/kf/game_actor.h:KF_ACTOR_PROGRESS_BACKOFF_END;include/kf/game_effect.h:KF_EFFECT_BILLBOARD_LIGHTNING_IMPACT;include/kf/game_effect.h:KF_EFFECT_KIND_DARKNESS_PROJECTILE;include/kf/game_effect.h:KF_EFFECT_MODEL_RADIAL_BLAST;include/kf/game_map.h:KF_MAP_OBJECT_ACTION_ENABLE_RESTORE_POINT;include/kf/game_map.h:KF_MAP_OBJECT_BEHAVIOR_RESTORE_POINT;include/kf/game_map.h:KF_MAP_OBJECT_MOONLIGHT_SWORD;include/kf/game_math.h:KF_FIXED11_BITS;include/kf/game_menu.h:MENU_NUMBER_SLASH;include/kf/game_render.h:KF_HUD_MAGIC_PANEL;include/kf/game_save.h:SAVE_STATUS_FORMAT_FAILED;include/kf/item.h:KF_ITEM_MOONLIGHT_SWORD;include/kf/map_data.h:KF_MAP_ATTRIBUTE_0B;include/kf/notify_types.h:KF_NOTIFICATION_HANS_CORPSE;include/kf/open_resources.h:KF_OPENING_SCENE0_DECREASING_YAW_MODEL;src/game/actor_behavior.c:ACTOR_PURSUIT_BACKOFF_RANDOM_SHIFT;src/game/geometry_render.c:NOTIFICATION_DIGIT_ROW_HEIGHT;src/game/menu_runtime.c:MENU_LIST_DEFAULT_VISIBLE_ROWS;src/game/menu_runtime.c:MENU_NUMBER_CELL_HEIGHT	Link restore-point behavior/action and moonlight-sword object/item encodings. Menu and notification digit atlases are separate resources; visible rows, CD/fixed-point shifts, actor phases and IDs remain separate.
12	alias	include/kf/game_actor.h:KF_ACTOR_DEFINITION_COUNT;include/kf/game_actor.h:KF_ACTOR_EFFECT_CODE_CURSE_PROJECTILE;include/kf/game_cd.h:KF_CD_FILE_NAME_BYTES;include/kf/game_effect.h:KF_EFFECT_BILLBOARD_LIGHTNING_IMPACT_FRAME_1;include/kf/game_effect.h:KF_EFFECT_KIND_CURSE_PROJECTILE;include/kf/game_effect.h:KF_EFFECT_MODEL_HOMING_PROJECTILE;include/kf/game_map.h:KF_CHARACTER_FLOOR3_DOOR_UNLOCKER;include/kf/game_map.h:KF_MAP_OBJECT_ACTION_REVEAL_MAP_PIECE;include/kf/game_map.h:KF_MAP_OBJECT_BEHAVIOR_REVEAL_MAP_PIECE;include/kf/game_map.h:KF_MAP_RESOURCE_PATH_BYTES;include/kf/game_math.h:KF_FIXED12_BITS;include/kf/game_render.h:KF_HUD_COMPASS;include/kf/game_save.h:SAVE_STATUS_STALE_CATALOG;include/kf/map_data.h:KF_MAP_ATTRIBUTE_0C;include/kf/notify.h:KF_NOTIFICATION_DIGIT_CAPACITY;include/kf/notify_types.h:KF_NOTIFICATION_PITFALL;include/kf/open_resources.h:KF_OPENING_SCENE0_INCREASING_YAW_MODEL;include/kf/pool.h:KF_ANIMATION_CACHE_CAPACITY;include/kf/tmd.h:KF_TMD_HEADER_BYTES;src/game/map_object.c:MAP_EMITTER_COUNTDOWN_RANDOM_SHIFT;src/game/menu_runtime.c:MENU_FONT_CELL_HEIGHT;src/game/menu_runtime.c:MENU_LIST_ROW_HEIGHT;src/game/render_scene.c:ACTOR_CULL_SQUARE_HALF_WIDTH	Link reveal behavior/action. Font atlas cell height and list row pitch address different resources/coordinates; notification digit storage, path buffers, TMD header size, actor cull extent and other counts remain separate.
13	linked	include/kf/game_actor.h:KF_ACTOR_EFFECT_CODE_EMERGING_PROJECTILE;include/kf/game_actor.h:KF_ACTOR_PROGRESS_BACKOFF_BASE;include/kf/game_effect.h:KF_EFFECT_BILLBOARD_LIGHTNING_IMPACT_FRAME_2;include/kf/game_effect.h:KF_EFFECT_KIND_EMERGING_PROJECTILE;include/kf/game_effect.h:KF_EFFECT_MODEL_WARP_SHIMMER;include/kf/game_effect.h:KF_EFFECT_RADIAL_BLAST_PHASE_END;include/kf/game_equipment.h:KF_ARMOR_ITEM_FIRST;include/kf/game_equipment.h:KF_HEAD_ARMOR_ITEM_FIRST;include/kf/game_equipment.h:KF_WEAPON_ITEM_END;include/kf/game_map.h:KF_MAP_LINK_BOSS_EMITTERS;include/kf/game_map.h:KF_MAP_OBJECT_BEHAVIOR_SCREEN_IMAGE;include/kf/game_save.h:KF_SAVE_RESULT_READ_FAILED;include/kf/game_save.h:SAVE_STATUS_READ_FAILED;include/kf/game_state.h:KF_GAMEPLAY_SOUND_COUNT;include/kf/item.h:KF_ITEM_IRON_MASK;include/kf/map_data.h:KF_MAP_ATTRIBUTE_0D;include/kf/notify_types.h:KF_NOTIFICATION_HEALING_SPRING;include/kf/open_resources.h:KF_OPENING_SCENE3_INCREASING_YAW_MODEL;src/game/effect_dispatch.c:GROUND_VISUAL_RADIUS_RANDOM_SHIFT	Equipment range endpoints already derive from iron-mask item ID; save result already derives from read-failure status. Keep effect/model IDs, actor phase base, game sound count and map-link ID independent.
14	retain	include/kf/game_effect.h:KF_EFFECT_BILLBOARD_GROUND_TRAIL;include/kf/game_effect.h:KF_EFFECT_KIND_MAP_EMITTER_PROJECTILE;include/kf/game_effect.h:KF_EFFECT_MODEL_PHYSICAL_PROJECTILE;include/kf/game_map.h:KF_MAP_OBJECT_BEHAVIOR_SAVE_POINT;include/kf/game_render.h:KF_HUD_TABLE_ROWS;include/kf/game_save.h:SAVE_STATUS_WRITE_FAILED;include/kf/item.h:KF_ITEM_KNIGHT_HELM;include/kf/map_data.h:KF_MAP_ATTRIBUTE_0E;include/kf/notify_types.h:KF_NOTIFICATION_REINHARDT_II;include/kf/open_resources.h:KF_OPENING_SCENE3_DECREASING_YAW_MODEL;src/game/menu_runtime.c:MENU_FONT_CELL_WIDTH;src/game/menu_runtime.c:MENU_SAVE_SUMMARY_LINE_HEIGHT;src/game/menu_runtime.c:STATUS_COMPONENT_ROW_STEP	Font atlas width, save-summary pitch and status-component pitch are separate layout quantities. Item, notification, map, model, behavior and save-status IDs remain separate.
15	alias	include/kf/audio.h:KF_SOUND_TONE_INDEX_MASK;include/kf/game_effect.h:KF_EFFECT_BILLBOARD_GROUND_TRAIL_FRAME_1;include/kf/game_effect.h:KF_EFFECT_KIND_SWINGING_HAZARD_SHORT;include/kf/game_effect.h:KF_EFFECT_MODEL_LIGHTNING_RADIAL_BLAST_ALTERNATE;include/kf/item.h:KF_FLOOR_ITEM_APPEARANCE_FRAME_MASK;include/kf/item.h:KF_FLOOR_ITEM_FRAME_COUNT_MASK;include/kf/item.h:KF_FLOOR_ITEM_INITIAL_FRAME_RANDOM_BITS;include/kf/item.h:KF_ITEM_GREAT_HELM;include/kf/map_data.h:KF_MAP_ATTRIBUTE_0F;include/kf/notify_types.h:KF_NOTIFICATION_INVISIBLE_WALL;src/game/actor_behavior.c:ACTOR_GOLD_RANDOM_SHIFT;src/game/actor_behavior.c:ACTOR_JUMP_CONTACT_STRIKING_DAMAGE;src/game/effect_dispatch.c:SCATTER_FINAL_COUNTDOWN;src/game/entity_model_render.c:ACTOR_MODEL_ASSET_MASK;src/game/entity_model_render.c:MAP_HINGED_DOOR_DEPTH_BIAS;src/game/geometry_render.c:NOTIFICATION_ATLAS_ROW_MASK;src/game/geometry_render.c:NOTIFICATION_HOLD_FRAMES;src/game/map_load.c:MAP_RESTORE_POSITION_RANDOM_BITS;src/game/player_death.c:PLAYER_POISON_ROLL_SHIFT;src/game/player_death_fade.c:PLAYER_DEATH_FALL_ACCELERATION;src/game/resources.c:MAP_FLOOR1_ALTERNATE_MUSIC_PROGRESS;src/open/opening_scenes.c:SCENE0_FADE_OUT_START_POINT	Link the typed floor-item appearance frame mask to the numeric frame-count mask. RNG bit counts remain distinct from masks; atlas row mask, model asset mask, sound tone mask, timers, gravity and IDs retain their owners.
16	retain	include/kf/game_actor.h:KF_ACTOR_ACTION_JUMP_ATTACK;include/kf/game_actor.h:KF_ACTOR_ANIM_SLOT_COUNT;include/kf/game_collision.h:KF_COLLISION_KIND_SHIFT;include/kf/game_collision.h:KF_COLLISION_SKIP_ACTORS;include/kf/game_effect.h:KF_ACTOR_DAMAGE_CREDIT_PLAYER;include/kf/game_effect.h:KF_EFFECT_BILLBOARD_GROUND_TRAIL_FRAME_2;include/kf/game_effect.h:KF_EFFECT_GROUND_BRANCH_GROW_END;include/kf/game_effect.h:KF_EFFECT_GROUND_BRANCH_ROOT_HOLD_BASE;include/kf/game_effect.h:KF_EFFECT_KIND_SWINGING_HAZARD_LONG;include/kf/game_effect.h:KF_EFFECT_MODEL_HOMING_PROJECTILE_ALTERNATE;include/kf/game_effect.h:KF_EFFECT_USE_PLAYER_MAGIC;include/kf/game_equipment.h:KF_WEAPON_RECORD_COUNT;include/kf/game_menu.h:MENU_BACKDROP_TOP_Y;include/kf/game_menu.h:MENU_ITEM_PREVIEW_YAW_STEP;include/kf/game_player.h:KF_PLAYER_VERTICAL_FALLING;include/kf/game_save.h:KF_SAVE_ICON_PALETTE_COLORS;include/kf/item.h:KF_FLOOR_ITEM_FACING_ZERO_YAW;include/kf/item.h:KF_ITEM_BLACK_MASK;include/kf/map_data.h:KF_MAP_ATTRIBUTE_10;include/kf/notify_types.h:KF_NOTIFICATION_CANNOT_CARRY_MORE;include/kf/player_status.h:KF_PLAYER_STATUS_FIRE_DEFENSE_BOOST;include/kf/render_types.h:KF_CELL_WINDOW_YAW_COUNT;include/kf/resources.h:KF_RESOURCE_REUSE_PREFIX_BYTES;src/game/actor_behavior.c:ACTOR_CHARGE_COMPONENT_DIVISOR;src/game/audio.c:GAME_REVERB_DEPTH;src/game/map_object.c:MAP_DROP_TIP_ANGULAR_ACCELERATION;src/game/map_object.c:MAP_DROP_TIP_INITIAL_ANGULAR_VELOCITY;src/game/map_scripts.c:MAP_CONTAINER_CAMERA_PITCH_STEP;src/game/menu_runtime.c:MENU_FONT_COLUMNS;src/game/menu_runtime.c:STATUS_SUMMARY_ROW_STEP;src/game/player_warp.c:WARP_CELL_Z_SHIFT;src/open/opening_scenes.c:ENDING_FADE_DARKEN_STEP;src/open/opening_scenes.c:SCENE3_YAW_STEP	Keep independently consumed counts, flags, shifts, camera/door angular rates and initial angular velocity versus acceleration. Ground-branch grow-end/root-hold-base already name the same phase transition but preserve the two boundary roles.
17	retain	include/kf/game_actor.h:KF_ACTOR_ACTION_SPECIAL_ATTACK;include/kf/game_effect.h:KF_EFFECT_ACTOR_SPAWNER_TRAVEL_FIRST;include/kf/game_effect.h:KF_EFFECT_BILLBOARD_LIGHTNING_BOLT_ALTERNATE;include/kf/game_effect.h:KF_EFFECT_KIND_ORBITING_PROJECTILE;include/kf/game_effect.h:KF_EFFECT_MODEL_RADIAL_BLAST_ALTERNATE;include/kf/item.h:KF_ITEM_MIST_CROWN;include/kf/map_data.h:KF_MAP_ATTRIBUTE_11;include/kf/memory.h:KF_MEMORY_STACK_WORDS;include/kf/notify_types.h:KF_NOTIFICATION_HIDDEN_DOOR;include/kf/open_opening_scenes.h:KF_OPENING_SCENE0_CAMERA_POINT_COUNT	Memory stack size, scene camera count and independent action/model/item/notification IDs use separate storage.
18	retain	include/kf/game_actor.h:KF_ACTOR_ACTION_DRIFT;include/kf/game_effect.h:KF_EFFECT_BILLBOARD_LIGHTNING_ALTERNATE_FRAME_1;include/kf/game_effect.h:KF_EFFECT_KIND_RADIAL_BLAST;include/kf/game_menu.h:MENU_ITEM_PREVIEW_LINE_HEIGHT;include/kf/map_data.h:KF_MAP_ATTRIBUTE_12;include/kf/notify_types.h:KF_NOTIFICATION_NOTHING_HAPPENS;include/kf/render_types.h:KF_TRANSITION_FADE_FRAMES;src/game/menu_runtime.c:MENU_OPAQUE_SPRITE_X_OFFSET	Transition fade duration, preview line height and sprite X offset have different units/roles; effect and actor selectors remain separate.
19	linked	include/kf/game_actor.h:KF_ACTOR_ACTION_EFFECT0;include/kf/game_effect.h:KF_EFFECT_BILLBOARD_LIGHTNING_IMPACT_ALTERNATE;include/kf/game_effect.h:KF_EFFECT_KIND_GROUND_TRAIL;include/kf/game_equipment.h:KF_BODY_ARMOR_ITEM_FIRST;include/kf/game_equipment.h:KF_HEAD_ARMOR_ITEM_END;include/kf/game_save.h:KF_SAVE_ICON_THREE_FRAMES;include/kf/item.h:KF_ITEM_BREASTPLATE;include/kf/map_data.h:KF_MAP_ATTRIBUTE_13;include/kf/notify_types.h:KF_NOTIFICATION_GOLD;include/kf/open_resources.h:KF_OPENING_TRANSITION_CYLINDER	Equipment head/body boundary already derives from breastplate ID. Opening model, icon header encoding, actor/effect/notification/map selectors remain separate.
20	retain	include/kf/game_actor.h:KF_ACTOR_ACTION_EFFECT1;include/kf/game_asset.h:KF_ASSET_WEAPON;include/kf/game_effect.h:KF_EFFECT_BILLBOARD_IMPACT_ALTERNATE_FRAME_1;include/kf/game_effect.h:KF_EFFECT_HOMING_TRACKING_PHASE;include/kf/game_effect.h:KF_EFFECT_KIND_HOMING_PROJECTILE;include/kf/game_effect.h:KF_EFFECT_MOONLIGHT_IMPACT_FIRST;include/kf/game_menu.h:MENU_CONFIRM_ROW_STEP;include/kf/item.h:KF_ITEM_KNIGHT_PLATE;include/kf/map_data.h:KF_MAP_ATTRIBUTE_14;include/kf/notify_types.h:KF_NOTIFICATION_RAITO_FAMILY_GRAVE;include/kf/open_resources.h:KF_OPENING_TAPERED_COLUMN;src/game/actor_behavior.c:ACTOR_EFFECT_FALLBACK_MOVE_COUNT;src/game/actor_behavior.c:ACTOR_GRAVITY;src/game/effect_dispatch.c:EMERGING_FALL_ACCELERATION;src/game/magic.c:LIGHTNING_UNTARGETED_UPDATES;src/game/map_events.c:MAP_EVENT_WANDER_VECTOR_SCALE;src/game/map_object.c:MAP_BOSS_EMITTER_COUNTDOWN_BASE;src/game/map_object.c:MAP_DROP_SPIN_Y_STEP;src/game/map_object.c:MAP_DROP_TIP_GRAVITY;src/game/map_scripts.c:MAP_WEAPON_TRANSFORM_SWAP_COUNTDOWN;src/game/menu_runtime.c:EQUIPMENT_NAME_ROW_STEP;src/game/player_death.c:CURSE_PHYSICAL_POWER_PENALTY;src/game/player_update.c:POISON_DAMAGE_INTERVAL_UPDATES;src/game/save_system.c:SAVE_ICON_TIM_CLUT_OFFSET;src/open/opening_scenes.c:ENDING_SEQUENCE_DELAY_START	Actor gravity, emerging-projectile acceleration and tip gravity belong to separate integrators. Keep UI pitches, frame/countdown policies, sound/vector scales, TIM offset and independent IDs separate.
21	retain	include/kf/game_actor.h:KF_ACTOR_ACTION_EFFECT2;include/kf/game_asset.h:KF_ASSET_EFFECT_SPRITES;include/kf/game_effect.h:KF_EFFECT_BILLBOARD_IMPACT_ALTERNATE_FRAME_2;include/kf/game_effect.h:KF_EFFECT_KIND_WARP_SHIMMER;include/kf/item.h:KF_ITEM_FULL_PLATE;include/kf/map_data.h:KF_MAP_ATTRIBUTE_15;include/kf/notify_types.h:KF_NOTIFICATION_GRAVESTONE;include/kf/open_resources.h:KF_OPENING_GREEN_CRYSTAL_INCREASING_YAW	Asset index, effect kind, billboard index, opening model, item and notification/map selectors are different tables.
22	linked	include/kf/game_actor.h:KF_ACTOR_ACTION_MULTI_HIT_ATTACK;include/kf/game_actor.h:KF_ACTOR_EFFECT_CODE_PHYSICAL_PROJECTILE;include/kf/game_effect.h:KF_EFFECT_BILLBOARD_SPRITE_COUNT;include/kf/game_effect.h:KF_EFFECT_KIND_PHYSICAL_PROJECTILE;include/kf/item.h:KF_ITEM_FIRE_MAIL;include/kf/map_data.h:KF_MAP_ATTRIBUTE_16;include/kf/notify_types.h:KF_NOTIFICATION_BROKEN_SHOVEL;include/kf/open_resources.h:KF_OPENING_PINK_CRYSTAL_INCREASING_YAW;src/game/menu_runtime.c:CONFIG_OPTION_ROW_STEP	Actor physical-projectile code already aliases the effect kind. Keep config pitch, actor action, billboard count and independent resource IDs.
23	linked	include/kf/game_actor.h:KF_ACTOR_EFFECT_CODE_LIGHTNING_ALTERNATE;include/kf/game_effect.h:KF_EFFECT_KIND_LIGHTNING_BOLT_ALTERNATE;include/kf/game_effect.h:KF_EFFECT_MOONLIGHT_IMPACT_LAST;include/kf/item.h:KF_ITEM_SKULL_ARMOR;include/kf/map_data.h:KF_MAP_ATTRIBUTE_17;include/kf/notify_types.h:KF_NOTIFICATION_POISON_HOLE;include/kf/open_resources.h:KF_OPENING_GREEN_CRYSTAL_DECREASING_YAW;src/game/menu_runtime.c:STATS_HEADER_ROW_STEP	Actor alternate-lightning code already aliases the effect kind. Keep impact last phase, stats header pitch and independent IDs.
24	linked	include/kf/game_actor.h:KF_ACTOR_EFFECT_CODE_HOMING_ALTERNATE;include/kf/game_effect.h:KF_EFFECT_KIND_HOMING_PROJECTILE_ALTERNATE;include/kf/item.h:KF_ITEM_FOREST_ARMOR;include/kf/magic.h:KF_MAGIC_RECORD_COUNT;include/kf/map_data.h:KF_MAP_ATTRIBUTE_18;include/kf/notify_types.h:KF_NOTIFICATION_BOTTOMLESS_PIT;include/kf/open_resources.h:KF_OPENING_PINK_CRYSTAL_DECREASING_YAW;include/kf/tmd.h:KF_TMD_MODE_SHIFT;src/game/menu_runtime.c:MENU_KANA_MARK_V;src/game/player_warp.c:WARP_CELL_X_SHIFT;src/game/render_scene.c:ACTOR_CULL_SQUARE_WIDTH;src/open/opening_scenes.c:TRANSITION_FIRST_ENTITY_SLOT	Actor alternate-homing code already aliases effect kind. Keep cull width, magic table count, TMD/coordinate shifts, transition pool slot and font atlas V coordinate separate.
25	retain	include/kf/game_actor.h:KF_ACTOR_ACTION_PROFILE_COUNT;include/kf/map_data.h:KF_MAP_ATTRIBUTE_19;include/kf/notify_types.h:KF_NOTIFICATION_WIND_SEAL;include/kf/open_resources.h:KF_OPENING_CASTLE_MOUNTAIN_BACKDROP;src/game/menu.c:MEDICINAL_HERB_HP_RECOVERY;src/game/resources.c:MAP_FLOOR2_ALTERNATE_MUSIC_PROGRESS	Actor profile count, floor music progress, herb recovery and table IDs are different quantities.
26	linked	include/kf/game_effect.h:KF_EFFECT_GROUND_BRANCH_SIDE_HOLD_BASE;include/kf/game_equipment.h:KF_BODY_ARMOR_ITEM_END;include/kf/game_equipment.h:KF_SHIELD_ITEM_FIRST;include/kf/item.h:KF_ITEM_SMALL_SHIELD;include/kf/map_data.h:KF_MAP_ATTRIBUTE_1A;include/kf/notify_types.h:KF_NOTIFICATION_FIRE_SEAL;include/kf/open_resources.h:KF_OPENING_ENDING_ORANGE_DISK;src/game/item.c:MENU_PICKUP_CONFIRM_ACCEPT_Y	Armor/shield boundaries already derive from small-shield item ID. Ground-branch phase, pickup accept Y and opening/map/notification IDs remain separate.
27	retain	include/kf/item.h:KF_ITEM_KNIGHT_SHIELD;include/kf/map_data.h:KF_MAP_ATTRIBUTE_1B;include/kf/notify_types.h:KF_NOTIFICATION_EARTH_SEAL;include/kf/open_resources.h:KF_OPENING_ENDING_STARFIELD;src/game/menu_map_viewer.c:MENU_MAP_MARKER_TPAGE	Map marker texture page and independent item/map/notification/opening resource IDs remain separate.
28	retain	include/kf/game_actor.h:KF_ACTOR_PROGRESS_BACKOFF_LAST;include/kf/item.h:KF_ITEM_TOWER_SHIELD;include/kf/map_data.h:KF_MAP_ATTRIBUTE_1C;include/kf/notify_types.h:KF_NOTIFICATION_WATER_SEAL;src/game/menu_runtime.c:MENU_ITEM_DETAIL_GOLD_X_OFFSET;src/game/player_update.c:PLAYER_NORMAL_TURN_LIMIT;src/game/render.c:NOTIFICATION_DIGIT_TPAGE	Actor backoff phase, pickup gold X offset, notification texture page and player yaw speed limit are different quantities; table IDs remain separate.
29	retain	include/kf/item.h:KF_ITEM_BLACK_DRAGON;include/kf/map_data.h:KF_MAP_ATTRIBUTE_1D;include/kf/notify_types.h:KF_NOTIFICATION_RECOVERED	Black-dragon item, recovered notification and unresolved map attribute are different tables.
30	retain	include/kf/game_asset.h:KF_ASSET_EFFECT_FIRST;include/kf/item.h:KF_ITEM_WIND_GUARD;include/kf/map_data.h:KF_MAP_ATTRIBUTE_1E;include/kf/notify_types.h:KF_NOTIFICATION_PHYSICAL_POWER_INCREASED;src/game/map_object.c:MAP_DROP_BOUNCE_GRAVITY	Asset registry effect start, drop gravity, item, notification and map attribute remain separate.
31	retain	include/kf/game_actor.h:KF_ACTOR_EFFECT_KIND_MASK;include/kf/game_actor.h:KF_ACTOR_PLACEMENT_DEFINITION_MASK;include/kf/game_map.h:KF_MAP_OBJECT_SWING_OPEN_LAST;include/kf/map_data.h:KF_CELL_OCCUPANT_COUNT_MASK;include/kf/map_data.h:KF_MAP_ATTRIBUTE_1F;include/kf/notify_types.h:KF_NOTIFICATION_MAGIC_POWER_INCREASED;include/kf/render_types.h:KF_RGB555_CHANNEL_MASK;src/game/menu_map_viewer.c:MENU_MAP_IMAGE_TPAGE	Actor effect-kind bits, actor definition bits, cell occupant bits and RGB555 channel bits describe different encodings. Door last phase and map texture page remain independent.
32	linked	include/kf/game_actor.h:KF_ACTOR_ACTION_EXIT_BLOCKED_PLACEMENT;include/kf/game_actor.h:KF_ACTOR_EFFECT_PAIRED;include/kf/game_actor.h:KF_ACTOR_PLACEMENT_NEAR_SQUARE_CULLING;include/kf/game_collision.h:KF_COLLISION_SKIP_MAP_OBJECTS;include/kf/game_effect.h:KF_EFFECT_CLASS_20;include/kf/game_effect.h:KF_EFFECT_KIND_LIGHTNING_IMPACT;include/kf/game_equipment.h:KF_ARM_ARMOR_ITEM_FIRST;include/kf/game_equipment.h:KF_SHIELD_ITEM_END;include/kf/game_map.h:KF_MAP_OBJECT_SWING_OPEN_END;include/kf/game_player.h:KF_PLAYER_VERTICAL_STEP_UP;include/kf/game_render.h:KF_SYSTEM_SCREEN_LEFT;include/kf/item.h:KF_FLOOR_ITEM_FACING_QUARTER_TURN;include/kf/item.h:KF_ITEM_GAUNTLET;include/kf/map_data.h:KF_MAP_ATTRIBUTE_20;include/kf/open_resources.h:KF_OPENING_ENTITY_CAPACITY;include/kf/open_resources.h:KF_OPENING_ENTITY_MODEL_LIMIT;include/kf/render_types.h:KF_TRANSITION_RECT_X;include/kf/tmd.h:KF_TMD_MODE_F3;src/game/actor_behavior.c:ACTOR_DRIFT_YAW_SPEED_LIMIT;src/game/map_object.c:MAP_SWING_DOOR_YAW_STEP;src/game/map_scripts.c:MAP_CONTAINER_OPEN_PITCH_STEP;src/game/player_update.c:DARKNESS_FADE_STEPS;src/game/save_system.c:IMAGE_WAIT_INITIAL_BRIGHTNESS	Shield/arm boundaries already derive from gauntlet ID. OPEN entity pool capacity and accepted model-ID limit are different axes. Keep frame fades, flags, primitive opcodes, positions and door/container angular rates separate.
33	retain	include/kf/game_actor.h:KF_ACTOR_ACTION_RETURN_HOME;include/kf/game_effect.h:KF_EFFECT_KIND_LIGHTNING_RADIAL_BLAST;include/kf/item.h:KF_ITEM_KNIGHT_GLOVE;include/kf/map_data.h:KF_MAP_ATTRIBUTE_21	Actor return-home action, lightning radial-blast effect, glove item and map attribute are independent IDs.
34	retain	include/kf/game_effect.h:KF_EFFECT_KIND_GROUND_BRANCH_VISUAL;include/kf/item.h:KF_ITEM_STONE_HAND;include/kf/map_data.h:KF_MAP_ATTRIBUTE_22	Ground-branch visual kind, stone-hand item and map attribute are independent IDs.
35	linked	include/kf/game_equipment.h:KF_ARM_ARMOR_ITEM_END;include/kf/game_equipment.h:KF_LEG_ARMOR_ITEM_FIRST;include/kf/item.h:KF_ITEM_IRON_BOOTS;include/kf/map_data.h:KF_MAP_ATTRIBUTE_23	Arm/leg boundaries already derive from iron-boots item ID; unresolved map attribute is independent.
36	retain	include/kf/game_effect.h:KF_EFFECT_GROUND_BRANCH_LEAF_HOLD_BASE;include/kf/game_effect.h:KF_EFFECT_KIND_MOONLIGHT_PROJECTILE;include/kf/game_menu.h:MENU_ITEM_PREVIEW_NAME_Y;include/kf/item.h:KF_ITEM_KNIGHT_BOOTS;include/kf/map_data.h:KF_MAP_ATTRIBUTE_24;include/kf/tmd.h:KF_TMD_MODE_FT3;src/game/audio.c:GAME_SOUND_ATTENUATION_BOOST;src/game/player_update.c:PLAYER_SLOWED_MOVEMENT_LIMIT	Sound attenuation boost, slowed movement, ground-branch phase, item-preview Y and TMD opcode have different roles; item/effect/map IDs remain separate.
37	retain	include/kf/item.h:KF_ITEM_LEG_GUARDS;include/kf/map_data.h:KF_MAP_ATTRIBUTE_25;src/game/player_death.c:DISPOISON_REQUIRED_BASE_MAGIC	Dispoison required magic power is a threshold; leg-guards item and map attribute are IDs.
38	retain	include/kf/item.h:KF_ITEM_FEATHER_BOOTS;include/kf/map_data.h:KF_MAP_ATTRIBUTE_26	Feather-boots item and unresolved map attribute are independent IDs.
39	alias	include/kf/game_equipment.h:KF_LEG_ARMOR_ITEM_END;include/kf/game_map.h:KF_MAP_OBJECT_GOLD_COIN;include/kf/item.h:KF_ITEM_GOLD_COIN;include/kf/map_data.h:KF_MAP_ATTRIBUTE_27	Link gold-coin map-object encoding to the item encoding, preserving both typed domains; equipment leg-end already derives from that item. Map attribute is independent.
40	retain	include/kf/game_effect.h:KF_EFFECT_ACTOR_SPAWNER_TRAVEL_LAST;include/kf/game_effect.h:KF_EFFECT_ORBIT_PHASE_LIMIT;include/kf/game_effect.h:KF_EFFECT_SHORT_SWING_PHASE_LIMIT;include/kf/game_map.h:KF_DIALOGUE_PAGE_DELAY_TICKS;include/kf/game_map.h:KF_MAP_OBJECT_LIFT_OPEN_LAST;include/kf/game_map.h:KF_MAP_OBJECT_REVEAL_SETTLE_STEP;include/kf/game_menu.h:MENU_CLASS_MIDDLE_STAT_MIN;include/kf/game_player.h:KF_PLAYER_LEVEL_GROWTH_COUNT;include/kf/item.h:KF_ITEM_BLOODSTONE;include/kf/map_data.h:KF_MAP_ATTRIBUTE_28;include/kf/tmd.h:KF_TMD_MODE_F4;src/game/map_scripts.c:MAP_WEAPON_TRANSFORM_HOLD_UPDATES;src/game/menu_runtime.c:EQUIPMENT_NAME_FIRST_Y;src/game/player_core.c:PLAYER_FALL_ACCELERATION;src/game/player_warp.c:ACTOR_TRANSFORM_Y_STEP;src/open/opening_scenes.c:SCENE0_YAW_STEP	Keep animation/door/effect phase boundaries, level-table count, menu stat threshold, Y acceleration/translation, equipment Y, yaw step and frame hold duration separate.
41	retain	include/kf/game_effect.h:KF_EFFECT_KIND_LIGHTNING_IMPACT_ALTERNATE;include/kf/game_map.h:KF_MAP_OBJECT_LIFT_OPEN_END;include/kf/item.h:KF_ITEM_MOONSTONE;include/kf/map_data.h:KF_MAP_ATTRIBUTE_29;src/game/menu_runtime.c:CONFIG_OPTION_FIRST_Y	Lift exclusive-end phase, config first Y and item/effect/map IDs remain separate.
42	retain	include/kf/game_effect.h:KF_EFFECT_KIND_LIGHTNING_RADIAL_BLAST_ALTERNATE;include/kf/game_equipment.h:KF_ARMOR_RECORD_COUNT;include/kf/item.h:KF_ITEM_VERDITE;include/kf/map_data.h:KF_MAP_ATTRIBUTE_2A	Armor record capacity and verdite/effect/map IDs refer to different storage.
43	retain	include/kf/game_map.h:KF_MAP_DROP_TIP_ID_END;include/kf/item.h:KF_ITEM_MEDICINAL_HERB;include/kf/map_data.h:KF_MAP_ATTRIBUTE_2B;src/game/player_use_item.c:PLAYER_HARP_FLOOR2_SWEEP_UPDATES	Drop tip range endpoint, harp sweep duration, herb item and map attribute remain separate.
44	retain	include/kf/game_effect.h:KF_EFFECT_KIND_RADIAL_BLAST_ALTERNATE;include/kf/item.h:KF_ITEM_ANTIDOTE_HERB;include/kf/map_data.h:KF_MAP_ATTRIBUTE_2C;include/kf/tmd.h:KF_TMD_MODE_FT4;src/game/menu_runtime.c:MENU_PROMPT_ACCEPT_Y_OFFSET	Prompt Y offset, primitive opcode, antidote item, alternate blast kind and map attribute remain separate.
45	retain	include/kf/item.h:KF_ITEM_RECOVERY_MEDICINE;include/kf/map_data.h:KF_MAP_ATTRIBUTE_2D	Recovery-medicine item and unresolved map attribute are independent IDs.
46	retain	include/kf/item.h:KF_ITEM_DRAGON_KING_GRASS_LEAF;include/kf/map_data.h:KF_MAP_ATTRIBUTE_2E;src/game/item.c:MENU_PICKUP_CONFIRM_DECLINE_Y	Pickup decline Y, grass-leaf item and map attribute remain separate.
47	retain	include/kf/item.h:KF_ITEM_DRAGON_KING_GRASS_FRUIT;include/kf/map_data.h:KF_MAP_ATTRIBUTE_2F	Grass-fruit item and unresolved map attribute are independent IDs.
48	linked	include/kf/game_asset.h:KF_ASSET_REGISTRY_KNOWN_ENTRIES;include/kf/game_effect.h:KF_EFFECT_CAPACITY;include/kf/game_effect.h:KF_EFFECT_GROUND_BRANCH_SHRINK_FIRST;include/kf/game_effect.h:KF_EFFECT_KIND_MAP_SWITCH;include/kf/game_equipment.h:KF_ACCESSORY_ITEM_FIRST;include/kf/game_map.h:KF_MAP_DROP_SPIN_ID_END;include/kf/item.h:KF_FLOOR_ITEM_FACING_HALF_TURN;include/kf/item.h:KF_ITEM_LIGHT_RING;include/kf/map_data.h:KF_MAP_ATTRIBUTE_30;include/kf/tmd.h:KF_TMD_MODE_G3;src/game/player_warp.c:WARP_SHIMMER_FRAMES;src/open/audio.c:OPEN_REVERB_DEPTH;src/open/opening_scenes.c:TRANSITION_FRAMES	Accessory first already derives from light-ring item ID. Effect pool capacity and registry known extent are different arrays; drop range, phase boundary, reverb and transition/shimmer durations remain separate. OPEN transition and GAME shimmer share a staggered-cylinder algorithm, but use separate model/pool owners, horizontal scales and lifetime modes; retain their independently named visual parameters pending a shared asset/policy identity.
49	retain	include/kf/item.h:KF_ITEM_MOON_AMULET;include/kf/map_data.h:KF_MAP_ATTRIBUTE_31	Moon-amulet item and unresolved map attribute are independent IDs.
50	retain	include/kf/game_effect.h:KF_EFFECT_PROJECTILE_DISSIPATE_FIRST;include/kf/item.h:KF_ITEM_WIND_BLADE_BRACELET;include/kf/map_data.h:KF_MAP_ATTRIBUTE_32;src/game/geometry_render.c:WEAPON_BASE_DEPTH_BIAS;src/game/menu_map_viewer.c:MENU_MAP_IMAGE_LEFT_X;src/game/render.c:ERROR_SCREEN_READ_ATTEMPTS;src/game/render_frame.c:HUD_GAUGE_WIDTH;src/open/opening_scenes.c:ENDING_PANEL_STOP_Y	HUD width, panel stop Y, map image X, weapon depth bias, CD retry budget and effect phase are different quantities; item/map IDs remain separate.
51	retain	include/kf/game_map.h:KF_MAP_LINK_WEAPON_TRANSFORM_DOORS;include/kf/item.h:KF_ITEM_TWO_HEADED_DRAGON_RING;include/kf/map_data.h:KF_MAP_ATTRIBUTE_33	Weapon-transform map-link ID, two-headed-dragon-ring item and map attribute address different tables.
52	linked	include/kf/game_effect.h:KF_EFFECT_KIND_FLOOR_DEFORMATION;include/kf/game_equipment.h:KF_ACCESSORY_ITEM_END;include/kf/game_map.h:KF_MAP_LINK_FLOOR5_SWORD_DOOR;include/kf/item.h:KF_ITEM_GOLD_CROSS;include/kf/map_data.h:KF_MAP_ATTRIBUTE_34;include/kf/tmd.h:KF_TMD_MODE_GT3	Accessory end already derives from gold-cross item ID. Floor deformation kind, sword-door link, TMD opcode and map attribute remain separate.
53	retain	include/kf/item.h:KF_ITEM_KEY_OF_THE_DEAD;include/kf/map_data.h:KF_MAP_ATTRIBUTE_35	Key-of-the-dead item and unresolved map attribute are independent IDs.
54	retain	include/kf/item.h:KF_ITEM_RAITO_FAMILY_KEY;include/kf/map_data.h:KF_MAP_ATTRIBUTE_36	Raito-family-key item and unresolved map attribute are independent IDs.
55	retain	include/kf/item.h:KF_ITEM_WATCHMAN_MAP;include/kf/map_data.h:KF_MAP_ATTRIBUTE_37;src/game/map_scripts.c:MAP_FLOOR3_DIALOGUE_DOOR_LINK	Floor-3 door link, watchman-map item and map attribute address different tables.
56	alias	include/kf/game_map.h:KF_MAP_OBJECT_DRAGON_CHALICE;include/kf/game_save.h:KF_SAVE_PLAYER_STATE_WORDS;include/kf/item.h:KF_ITEM_DRAGON_CHALICE;include/kf/map_data.h:KF_MAP_ATTRIBUTE_38;include/kf/tmd.h:KF_TMD_MODE_G4	Link dragon-chalice map-object encoding to item encoding. Player save word count, TMD opcode and map attribute remain separate.
57	retain	include/kf/item.h:KF_ITEM_ILLUSION_STAFF;include/kf/map_data.h:KF_MAP_ATTRIBUTE_39	Illusion-staff item and unresolved map attribute are independent IDs.
58	retain	include/kf/item.h:KF_ITEM_GREEN_DRAGON_STAFF;include/kf/map_data.h:KF_MAP_ATTRIBUTE_PITFALL;src/game/menu_map_viewer.c:MENU_MAP_MARKER_ORIGIN_X	Map marker origin X, green-dragon-staff item and pitfall attribute have different roles.
59	retain	include/kf/item.h:KF_ITEM_MIRROR_OF_TRUTH;include/kf/map_data.h:KF_MAP_ATTRIBUTE_3B	Mirror-of-truth item and unresolved map attribute are independent IDs.
60	retain	include/kf/game_effect.h:KF_EFFECT_LONG_SWING_PHASE_LIMIT;include/kf/game_effect.h:KF_EFFECT_PROJECTILE_DISSIPATE_END;include/kf/game_menu.h:MENU_CLASS_HIGH_STAT_MIN;include/kf/item.h:KF_ITEM_DUNGEON_KEY;include/kf/map_data.h:KF_MAP_ATTRIBUTE_3C;include/kf/tmd.h:KF_TMD_MODE_GT4;src/game/effect_update.c:EFFECT_HAZARD_RISE_STEP;src/game/item.c:MENU_PICKUP_CONFIRM_TEXT_X;src/game/map_object.c:MAP_LIFT_DOOR_Y_STEP;src/game/player_update.c:PLAYER_COLICHEMARDE_MAGIC_MIN_POWER;src/game/render.c:INITIAL_BACK_COLOR	Hazard and lift Y rates belong to different motions; back color, UI stat threshold/X, magic power threshold, long-swing/dissipate phases and table IDs remain independent.
61	retain	include/kf/item.h:KF_ITEM_DRAGON_CREST;include/kf/map_data.h:KF_MAP_ATTRIBUTE_3D	Dragon-crest item and unresolved map attribute are independent IDs.
62	retain	include/kf/item.h:KF_ITEM_HARP;include/kf/map_data.h:KF_MAP_ATTRIBUTE_3E	Harp item and unresolved map attribute are independent IDs.
63	alias	include/kf/game_map.h:KF_MAP_OBJECT_WATER_SEAL_STONE;include/kf/item.h:KF_ITEM_WATER_SEAL_STONE;include/kf/map_data.h:KF_MAP_ATTRIBUTE_POISON_HOLE	Link water-seal map-object encoding to item encoding; poison-hole attribute remains independent.
64	alias	include/kf/game_collision.h:KF_COLLISION_SKIP_MAP_EVENTS;include/kf/game_effect.h:KF_EFFECT_GROUND_BRANCH_PHASE_END;include/kf/game_map.h:KF_MAP_OBJECT_BEHAVIOR_ITEM_PICKUP;include/kf/game_map.h:KF_MAP_OBJECT_EARTH_SEAL_STONE;include/kf/game_save.h:KF_SAVE_TITLE_BYTES;include/kf/item.h:KF_FLOOR_ITEM_CAPACITY;include/kf/item.h:KF_FLOOR_ITEM_FACING_THREE_QUARTER_TURN;include/kf/item.h:KF_ITEM_EARTH_SEAL_STONE;include/kf/map_data.h:KF_MAP_ATTRIBUTE_WARP;src/game/actor_behavior.c:ACTOR_BLOCKED_TURN_STEP;src/game/audio.c:GAME_SOUND_PAN_NARROW_THRESHOLD;src/game/effect_dispatch.c:HOMING_TURN_STEP;src/game/effect_update.c:EFFECT_ORBIT_UPDATES_PER_TURN;src/game/effect_update.c:SCATTER_VELOCITY_BIAS;src/game/menu_map_viewer.c:MENU_MAP_BRIGHTNESS;src/game/menu_runtime.c:MENU_PROMPT_DECLINE_Y_OFFSET;src/game/player_core.c:PLAYER_COLLISION_DEFLECTION_ANGLE;src/game/player_update.c:PLAYER_TRIPLE_FANG_PITCH_OFFSET;src/game/player_warp.c:ACTOR_TRANSFORM_BLEND_INTERVALS;src/game/save_system.c:MENU_INPUT_SOUND_VOLUME;src/game/save_system.c:SAVE_ICON_TIM_PIXELS_OFFSET;src/open/entity_render.c:OPENING_MODEL_YAW_STEP;src/open/opening_scenes.c:ENDING_LIGHT_MIDPOINT_STEP;src/open/opening_scenes.c:PANEL_TPAGE_X_STRIDE	Link earth-seal map-object encoding to item encoding. Keep collision/behavior bits, facing selector, interpolation intervals, animation rates, sound volume/pan, texture stride/offset, title bytes and floor-item capacity distinct.
65	retain	include/kf/game_map.h:KF_MAP_DROP_BOUNCE_ID_END;include/kf/game_map.h:KF_MAP_OBJECT_BEHAVIOR_GOLD_PICKUP;include/kf/map_data.h:KF_MAP_ATTRIBUTE_41;src/game/menu_runtime.c:MENU_SAVE_SUMMARY_ROW_HEIGHT	Bounce range end, gold-pickup behavior, save row height and map attribute are independent quantities.
67	retain	include/kf/item.h:KF_ITEM_SEAL_CANDLESTICK;include/kf/map_data.h:KF_MAP_ATTRIBUTE_43	Seal-candlestick item and unresolved map attribute are independent IDs.
68	alias	include/kf/game_map.h:KF_MAP_OBJECT_FIRE_SEAL_STONE;include/kf/item.h:KF_ITEM_FIRE_SEAL_STONE;include/kf/map_data.h:KF_MAP_ATTRIBUTE_44	Link fire-seal map-object encoding to item encoding; map attribute remains independent.
69	alias	include/kf/game_map.h:KF_MAP_OBJECT_WIND_SEAL_STONE;include/kf/item.h:KF_ITEM_WIND_SEAL_STONE;include/kf/map_data.h:KF_MAP_ATTRIBUTE_HIDDEN_DOOR	Link wind-seal map-object encoding to item encoding; hidden-door attribute remains independent.
70	retain	include/kf/item.h:KF_ITEM_HOLY_SEAL_STONE;include/kf/map_data.h:KF_MAP_ATTRIBUTE_46;src/game/map_events.c:MAP_EVENT_WANDER_TURN_STEP;src/game/player_death.c:FIRE_WALL_REQUIRED_BASE_MAGIC;src/game/player_use_item.c:PLAYER_HARP_FLOOR2_HOLD_COUNTDOWN	Fire-wall magic threshold, wander angular rate, harp hold countdown and holy-seal/map IDs remain separate.
71	retain	include/kf/game_menu.h:MENU_BACKDROP_COLUMN_STEP;include/kf/map_data.h:KF_MAP_ATTRIBUTE_47	Backdrop column stride is a pixel distance; map attribute is a selector.
73	retain	include/kf/item.h:KF_ITEM_SORCERER_MAP;include/kf/map_data.h:KF_MAP_ATTRIBUTE_49	Sorcerer-map item and unresolved map attribute are independent IDs.
74	retain	include/kf/item.h:KF_ITEM_SORCERER_KEY;include/kf/map_data.h:KF_MAP_ATTRIBUTE_4A	Sorcerer-key item and unresolved map attribute are independent IDs.
75	retain	include/kf/item.h:KF_ITEM_DEMON_KING_HAND;include/kf/map_data.h:KF_MAP_ATTRIBUTE_4B;src/game/audio.c:GAME_SEQUENCE_VOLUME;src/game/player_death.c:LIGHTNING_BOLT_REQUIRED_BASE_MAGIC	GAME sequence volume and lightning magic threshold use different units; demon-hand item and map attribute remain independent.
76	retain	include/kf/item.h:KF_ITEM_SALAMANDER_STATUE;include/kf/map_data.h:KF_MAP_ATTRIBUTE_4C	Salamander-statue item and unresolved map attribute are independent IDs.
77	retain	include/kf/map_data.h:KF_MAP_ATTRIBUTE_4D;src/game/menu_runtime.c:MENU_STATUS_BACKDROP_RIGHT_X	Status backdrop right X is derived from its left edge and tile pitch; map attribute is independent.
80	retain	include/kf/cd_file.h:KF_CD_PATH_BYTES;include/kf/game_cd.h:KF_CD_FILE_TABLE_ENTRIES;include/kf/game_map.h:KF_MAP_OBJECT_ACTION_PROJECTILE_EMITTER;include/kf/item.h:KF_FLOOR_ITEM_FACING_50;include/kf/item.h:KF_ITEM_COUNT;include/kf/map_data.h:KF_MAP_ATTRIBUTE_50;src/game/actor_behavior.c:ACTOR_MULTI_HIT_SELECTION_WEIGHT;src/game/menu.c:RECOVERY_MEDICINE_HP_RECOVERY;src/game/player_update.c:PLAYER_MOONLIGHT_SWORD_MAGIC_MIN_POWER;src/game/player_update.c:PLAYER_TRIPLE_FANG_MAGIC_MIN_POWER;src/open/audio.c:OPEN_SEQUENCE_VOLUME	CD table size, CD path capacity and item count describe different arrays. OPEN volume, actor selection weight, recovery HP and each weapon magic power threshold remain separate tuning parameters; map/action/facing IDs remain distinct.
81	retain	include/kf/game_map.h:KF_MAP_OBJECT_ACTION_RELEASE_ORBIT_OR_SHORT_SWING;include/kf/game_map.h:KF_MAP_OBJECT_BEVELED_WOODEN_LID;include/kf/map_data.h:KF_MAP_ATTRIBUTE_51	Orbit/short-swing release action, beveled lid model and map attribute are distinct domains; lid model does not encode this action.
82	retain	include/kf/game_map.h:KF_MAP_OBJECT_ACTION_RELEASE_LONG_SWING;include/kf/map_data.h:KF_MAP_ATTRIBUTE_52	Long-swing release action and map attribute are independent selectors.
83	alias	include/kf/game_map.h:KF_MAP_OBJECT_ACTION_EFFECT_SWITCH;include/kf/game_map.h:KF_MAP_OBJECT_BEHAVIOR_EFFECT_SWITCH;include/kf/game_map.h:KF_MAP_OBJECT_FLAT_WOODEN_LID;include/kf/map_data.h:KF_MAP_ATTRIBUTE_53	Link effect-switch action encoding to its behavior encoding; flat-lid model and map attribute are independent.
85	retain	include/kf/game_map.h:KF_MAP_OBJECT_STONE_CONTAINER_LID;include/kf/map_data.h:KF_MAP_ATTRIBUTE_55	Stone-container lid model and map attribute are independent IDs.
86	retain	include/kf/game_render.h:KF_HUD_DEFAULT_BRIGHTNESS;include/kf/map_data.h:KF_MAP_ATTRIBUTE_56	HUD default brightness and map attribute are different quantities.
88	retain	include/kf/map_data.h:KF_MAP_ATTRIBUTE_58;src/game/player_use_item.c:PLAYER_HARP_FLOOR3_SWEEP_UPDATES	Floor-3 harp sweep duration and map attribute are different quantities.
89	retain	include/kf/game_map.h:KF_MAP_OBJECT_GRAVESTONE;include/kf/map_data.h:KF_MAP_ATTRIBUTE_59	Gravestone model and map attribute are independent IDs.
92	retain	include/kf/game_map.h:KF_MAP_OBJECT_BROKEN_STONE_CROSS;include/kf/map_data.h:KF_MAP_ATTRIBUTE_5C	Broken-cross model and map attribute are independent IDs.
96	retain	include/kf/game_map.h:KF_MAP_OBJECT_ACTION_FALL_AND_TIP;include/kf/game_menu.h:MENU_CONFIRM_TEXT_X;include/kf/item.h:KF_FLOOR_ITEM_FACING_60;include/kf/map_data.h:KF_MAP_ATTRIBUTE_60;src/game/menu_runtime.c:MENU_PRIMITIVE_BRIGHTNESS;src/game/render.c:SYSTEM_SCREEN_BRIGHTNESS;src/open/audio_spatial.c:OPEN_SOUND_EQUAL_PAN_THRESHOLD	Floor-item facing, falling action, confirmation X, brightness policies and OPEN equal-pan threshold have different consumers; map attribute stays independent.
97	retain	include/kf/game_map.h:KF_MAP_OBJECT_ACTION_FALL_AND_SPIN;include/kf/map_data.h:KF_MAP_ATTRIBUTE_61	Fall-and-spin action and map attribute are independent selectors.
98	retain	include/kf/game_map.h:KF_MAP_OBJECT_ACTION_BOUNCE;include/kf/map_data.h:KF_MAP_ATTRIBUTE_62	Bounce action and map attribute are independent selectors.
99	retain	include/kf/game_map.h:KF_MAP_OBJECT_DROP_DISABLED;include/kf/item.h:KF_ITEM_STACK_CAPACITY	Item stack limit counts held items; map-object drop-disabled is a sentinel.
100	retain	include/kf/cd_file.h:KF_CD_READ_STOP_ATTEMPT;include/kf/game_effect.h:KF_EFFECT_PROJECTILE_EMERGE_FIRST;include/kf/game_player.h:KF_PLAYER_TRAINING_POINTS_PER_GAIN;include/kf/map_data.h:KF_MAP_COLUMNS;include/kf/map_data.h:KF_MAP_HEIGHT_STEP;include/kf/map_data.h:KF_MAP_MESHES_PER_BANK;include/kf/map_data.h:KF_MAP_ROWS;src/game/actor_behavior.c:ACTOR_BOSS_DEATH_LOOP_VOLUME;src/game/actor_behavior.c:ACTOR_DRIFT_AXIS_SPEED_LIMIT;src/game/actor_behavior.c:ACTOR_JUMP_CEILING_VELOCITY_Y;src/game/effect_dispatch.c:EMERGING_ROLL_STEP;src/game/effect_dispatch.c:PROJECTILE_COLLISION_RADIUS;src/game/entity_render.c:EFFECT_MODEL_DEPTH_BIAS;src/game/map_scripts.c:MAP_PASSAGE_OPEN_SOUND_VOLUME;src/game/player_core.c:PLAYER_COLLISION_SLIDE_CLEARANCE;src/game/player_core.c:PLAYER_FALL_LANDING_OVERSHOOT;src/game/player_death.c:PLAYER_POISON_ROLL_BUCKETS;src/game/player_death_fade.c:PLAYER_DEATH_FADE_STEP;src/game/render_frame.c:HUD_CHARGE_UNITS_PER_PIXEL;src/open/audio.c:OPEN_VAB_SETTLE_FRAMES;src/open/opening_scenes.c:SCENE0_SOUND_VOLUME;src/open/opening_scenes.c:SCENE_CAMERA_WAVE_ANGLE_STEP;src/open/resources.c:OPEN_CD_READ_ATTEMPTS	Map rows, columns, height step and mesh-bank count describe separate axes/units. Keep motion speeds, collision radii, render biases, volumes, CD retries, animation phases, poison-roll buckets, training points and frame delays separate.
102	retain	include/kf/map_data.h:KF_MAP_ATTRIBUTE_66;src/game/save_system.c:SAVE_MESSAGE_NO_SPACE	Direct save-message image ID and unresolved map attribute address different resources.
103	retain	include/kf/game_menu.h:MENU_TEXTURE_LOADING_DATA;include/kf/map_data.h:KF_MAP_ATTRIBUTE_67;src/game/save_system.c:SAVE_MESSAGE_KEEP_CARD_INSERTED	Save keep-card image uses direct TIM ID 103; loading texture uses zero-based 103 and loads image 104. Map attribute is independent.
104	retain	include/kf/game_menu.h:MENU_BACKDROP_ROW_STEP;include/kf/game_menu.h:MENU_TEXTURE_SAVING_DATA	Backdrop row pitch is a pixel distance; saving texture is a zero-based resource index.
110	retain	include/kf/game_map.h:KF_MAP_EVENT_ANIMATION_WANDER_STEP;src/game/actor_behavior.c:ACTOR_JUMP_LONG_ANIMATION_STEP;src/game/menu_runtime.c:MENU_LIST_QUANTITY_X_OFFSET;src/game/player_use_item.c:PLAYER_KEY_UNLOCK_VOLUME;src/game/save_system.c:SAVE_MESSAGE_CARD_UNUSABLE	Actor jump and wandering event animation rates belong to different clips/controllers; list quantity X, unlock volume and direct save-message ID remain independent.
111	retain	include/kf/game_map.h:KF_MAP_OBJECT_DRY_FOUNTAIN;src/game/save_system.c:SAVE_MESSAGE_NO_DATA	Dry-fountain model and no-data message image are different resources.
112	retain	include/kf/game_render.h:KF_SYSTEM_SCREEN_TOP;include/kf/item.h:KF_FLOOR_ITEM_FACING_70;src/game/save_system.c:SAVE_MESSAGE_READ_FAILED	Facing selector, system screen Y coordinate and read-failed image ID are different quantities.
114	retain	include/kf/game_menu.h:MENU_TEXTURE_CONFIRM_CARD_FORMAT;src/game/save_system.c:SAVE_MESSAGE_FAILED	Failed save message loads direct image 114; zero-based format-confirmation texture 114 loads image 115.
115	retain	include/kf/game_map.h:KF_MAP_OBJECT_BOSS_PROJECTILE_EMITTER;src/game/map_scripts.c:MAP_FLOOR1_AMBIENT_VOLUME;src/game/save_system.c:SAVE_MESSAGE_FORMAT_CONFIRMATION	Boss emitter model, floor-1 ambient volume and direct format-confirmation message image remain separate.
117	retain	include/kf/game_effect.h:KF_EFFECT_ACTOR_SPAWNER_WAIT_FIRST;include/kf/game_map.h:KF_MAP_OBJECT_LIFTING_GATE	Actor-spawner wait phase and lifting-gate model ID remain separate.
118	retain	include/kf/game_map.h:KF_MAP_OBJECT_PORTCULLIS;src/game/menu_runtime.c:MENU_PICKUP_BACKDROP_LEFT_X	Pickup backdrop left X and portcullis model ID remain separate.
119	retain	include/kf/game_effect.h:KF_EFFECT_PROJECTILE_EMERGE_LAST;include/kf/game_map.h:KF_MAP_OBJECT_HINGED_DOOR	Projectile emerge last phase and hinged-door model ID remain separate.
120	retain	include/kf/game_effect.h:KF_EFFECT_PROJECTILE_FALL;include/kf/game_map.h:KF_MAP_OBJECT_HINGED_DOOR_PARTNER;include/kf/game_menu.h:MENU_BACKDROP_BOTTOM_Y;include/kf/magic.h:KF_MAGIC_TABLE_WORD_COUNT;src/game/effect_pool.c:EFFECT_GROUND_BRANCH_SOUND_VOLUME;src/game/effect_update.c:EFFECT_SWING_COLLISION_RADIUS;src/game/map_object.c:MAP_DROP_BOUNCE_STOP_VELOCITY	Effect sound volume, swing collision radius, bounce stop velocity, backdrop Y, magic word count and effect/model IDs remain separate.
121	retain	include/kf/game_effect.h:KF_EFFECT_PROJECTILE_SHRINK;include/kf/game_map.h:KF_MAP_OBJECT_TALL_HINGED_DOOR	Projectile shrink phase and tall-door model ID remain separate.
127	retain	include/kf/audio.h:KF_AUDIO_MAX_VOLUME;include/kf/game_actor.h:KF_ACTOR_ACTION_POST_DEATH;src/game/save_system.c:IMAGE_WAIT_MAX_BRIGHTNESS	Image fade maximum is color intensity; audio maximum is volume; actor post-death action is a code.
128	retain	include/kf/game_actor.h:KF_ACTOR_CAPACITY;include/kf/game_collision.h:KF_COLLISION_SKIP_PLAYER;include/kf/game_map.h:KF_MAP_LINK_REUSABLE_FIRST;include/kf/game_math.h:KF_FIXED7_ONE;include/kf/game_render.h:KF_SYSTEM_SCREEN_V_SPAN;include/kf/game_save.h:KF_SAVE_ICON_FRAME_BYTES;include/kf/item.h:KF_FLOOR_ITEM_FACING_80;include/kf/render_types.h:KF_TEXTURE_BASE_BRIGHTNESS;src/game/effect_dispatch.c:HOMING_PITCH_RANDOM_BIAS;src/game/game.c:ENDING_MASTER_FADE_STEP_Q8;src/game/geometry_render.c:NOTIFICATION_EXIT_ANGLE_STEP;src/game/map_object.c:MAP_EFFECT_SWITCH_PHASE_STEP;src/game/map_scripts.c:MAP_REVEAL_FADE_IN_STEP;src/game/map_scripts.c:MAP_REVEAL_YAW_STEP;src/open/opening_scenes.c:SCENE1_RIGHT_PANEL_X	Fixed7 unity, texture neutral brightness, fade and yaw increments, flags, facing codes, screen texture span, save frame size and pool capacity belong to different domains.
130	retain	include/kf/game_map.h:KF_MAP_OBJECT_SIGNBOARD;src/game/map_scripts.c:MAP_REVEAL_RISE_STEP	Reveal rise step is a velocity; signboard model is an ID.
140	retain	include/kf/game_menu.h:MENU_ITEM_PREVIEW_TRANSLATION_Y;src/game/actor_behavior.c:ACTOR_JUMP_SHORT_ANIMATION_STEP	Actor jump animation step and item-preview translation Y have different units.
150	retain	include/kf/item.h:KF_FLOOR_ITEM_FIXED_FACING_DEPTH_BIAS;src/game/effect_dispatch.c:EMERGING_COLLISION_RADIUS;src/game/effect_update.c:EFFECT_ORBIT_COLLISION_RADIUS;src/game/menu.c:DRAGON_KING_GRASS_LEAF_HP_RECOVERY;src/game/player_death.c:PLAYER_STARTING_GOLD;src/game/player_use_item.c:PLAYER_HARP_PROGRESS_PER_UPDATE	Orbit/emerging collision radii belong to distinct effects; grass-leaf HP, starting gold, harp progress and item render depth bias have different units.
160	retain	include/kf/game_map.h:KF_MAP_OBJECT_DEFINITION_COUNT;include/kf/game_map.h:KF_MAP_OBJECT_EFFECT_FIRST;include/kf/game_map.h:KF_MAP_OBJECT_GOLD_DROP_FIRST;include/kf/item.h:KF_FLOOR_ITEM_FACING_A0;src/game/map_object.c:MAP_DROP_BOUNCE_PITCH_STEP;src/game/render_frame.c:NOTIFICATION_MODEL_Y	Definition table count is not an object-pool slot. Effect-first and gold-drop-first identify overlapping starts in the same pool but different selection ranges; retain role names. Drop pitch step and notification model Y remain separate.
174	retain	include/kf/game_menu.h:MENU_ITEM_PREVIEW_NAME_X;src/game/menu_runtime.c:EQUIPMENT_NAME_X	Equipment summary name column and inventory/shop preview name column belong to different widgets with different Y/pitch layouts; no shared layout owner is established.
176	retain	include/kf/game_equipment.h:KF_WEAPON_TABLE_WORD_COUNT;include/kf/item.h:KF_FLOOR_ITEM_FACING_B0	Floor-item facing encoding and weapon table word count are different quantities.
180	retain	include/kf/game_map.h:KF_MAP_OBJECT_PLACEMENT_DROP_FIRST;include/kf/item.h:KF_FLOOR_ITEM_RENDER_BRIGHTNESS;src/game/entity_model_render.c:MAP_LIFT_DOOR_DEPTH_BIAS;src/game/menu_runtime.c:CONFIG_OPTION_ON_X;src/game/player_update.c:PLAYER_NORMAL_MOVEMENT_LIMIT	Shared floor-item brightness is already consolidated. Config X, drop-pool start, lift depth bias and player movement limit remain separate.
181	retain	src/game/menu_runtime.c:MENU_SAVE_SUMMARY_LABEL_X;src/game/player_core.c:PLAYER_FAST_STEP_MIN_SPEED	Save label X is a screen coordinate; fast-step minimum is a movement-speed threshold.
191	alias	include/kf/game_player.h:KF_PLAYER_CAMERA_PITCH_LIMIT;src/game/map_scripts.c:MAP_CONTAINER_CAMERA_PITCH_MIN;src/game/player_update.c:PLAYER_CAMERA_PITCH_LIMIT	Link player pitch clamp and the container-script camera lower bound through a shared player camera pitch limit. The script advances the same camera toward that clamp; preserve its unsigned wrapped span expression.
192	retain	include/kf/item.h:KF_FLOOR_ITEM_FACING_C0;src/open/opening_scenes.c:SCENE1_PANEL_WIDTH	Floor-item facing encoding and scene-1 panel width are different quantities.
196	retain	include/kf/render_types.h:KF_CELL_WINDOW_CELL_CAPACITY;src/game/menu_runtime.c:MENU_DAKUTEN_U	Cell visibility window capacity is unrelated to derived dakuten texture U coordinate.
200	retain	include/kf/game_map.h:KF_MAP_EVENT_ANIMATION_LOOP_STEP;include/kf/game_map.h:KF_MAP_EVENT_ANIMATION_TALK_STEP;include/kf/item.h:KF_FLOOR_ITEM_BILLBOARD_DEPTH_BIAS;include/kf/render_types.h:KF_DEFAULT_PROJECTION_DISTANCE;include/kf/render_types.h:KF_MAP_OT_DEPTH_BIAS;src/game/actor_behavior.c:ACTOR_HOME_AXIS_TOLERANCE;src/game/effect_dispatch.c:FIRE_DARKNESS_ROLL_STEP;src/game/effect_dispatch.c:LIGHTNING_ROLL_STEP;src/game/magic.c:MAGIC_LAUNCH_OFFSET_Y;src/game/menu_runtime.c:MENU_ITEM_DETAIL_PRICE_X;src/game/player_update.c:PLAYER_WEAPON_MAGIC_SPAWN_X;src/game/player_update.c:PLAYER_WEAPON_MAGIC_SPAWN_Y;src/game/render_frame.c:NOTIFICATION_MODEL_Z	Keep projection distance, map/item depth biases, actor home tolerance, loop/talk animation rates, independent projectile rotations/spawn axes and UI coordinates separate.
224	retain	include/kf/item.h:KF_FLOOR_ITEM_FACING_E0;include/kf/map_data.h:KF_CELL_PRESERVED_FLAGS_MASK	Cell preserved flags and floor-item facing refer to different packed formats.
230	retain	src/game/menu_runtime.c:MENU_INVENTORY_QUANTITY_LABEL_X;src/game/menu_runtime.c:MENU_SAVE_SUMMARY_VALUE_X	Inventory quantity label and save-summary value occupy different widgets; shared X alone does not establish one layout setting.
240	alias	include/kf/game_actor.h:KF_ACTOR_PROGRESS_LOCKED;include/kf/game_collision.h:KF_COLLISION_CELL_FLAG_MASK;include/kf/game_effect.h:KF_ACTOR_DAMAGE_CREDIT_MASK;include/kf/game_effect.h:KF_EFFECT_FLOOR_DEFORM_TYPE;include/kf/game_render.h:KF_SYSTEM_SCREEN_BOTTOM;include/kf/item.h:KF_FLOOR_ITEM_APPEARANCE_FACING_MASK;include/kf/item.h:KF_FLOOR_ITEM_FACING_F0;include/kf/item.h:KF_FLOOR_ITEM_FACING_MASK;include/kf/render_types.h:KF_DISPLAY_HEIGHT;include/kf/render_types.h:KF_TRANSITION_RECT_HEIGHT;src/game/geometry_render.c:NOTIFICATION_ATLAS_COLUMN_MASK;src/game/map_scripts.c:MAP_WEAPON_TRANSFORM_MAX_YAW_STEP;src/game/menu_runtime.c:CONFIG_OPTION_OFF_X	Link the floor-item typed appearance facing mask to its numeric decoder mask. Preserve distinct collision/damage flags, locked phases, display/transition dimensions, atlas masks, config X and weapon rotation rate.
250	retain	include/kf/game_map.h:KF_MAP_OBJECT_DOOR_HOLD_FIRST;src/game/actor_behavior.c:ACTOR_PROPAGATING_EFFECT_SPEED	Actor propagating-effect speed and door hold first phase have different units.
254	alias	include/kf/game_effect.h:KF_EFFECT_HOMING_PLAYER;include/kf/game_player.h:KF_PLAYER_UPDATE_RECOVERY_FADE;include/kf/overlay.h:KF_GAME_EXIT_ENDING;include/kf/overlay.h:KF_OPEN_MODE_ENDING	Link GAME ending result to OPEN ending request encoding. Effect homing-player target and player recovery-fade state remain separate typed domains.
255	retain	include/kf/animation.h:KF_ANIMATION_CLIP_NONE;include/kf/debug.h:KF_FORMAT_WIDTH_UNSPECIFIED;include/kf/floor.h:KF_FLOOR_FORCE_RELOAD;include/kf/game_actor.h:KF_ACTOR_ACTION_NONE;include/kf/game_actor.h:KF_ACTOR_EFFECT_CODE_UNSET;include/kf/game_actor.h:KF_ACTOR_PROGRESS_COMPLETE;include/kf/game_actor.h:KF_ACTOR_SLOT_FREE;include/kf/game_effect.h:KF_EFFECT_BILLBOARD_NONE;include/kf/game_effect.h:KF_EFFECT_GROUND_BRANCH_LEAF;include/kf/game_effect.h:KF_EFFECT_GROUND_BRANCH_TIMER_DONE;include/kf/game_effect.h:KF_EFFECT_HOMING_WANDER;include/kf/game_effect.h:KF_EFFECT_MODEL_NONE;include/kf/game_effect.h:KF_EFFECT_PROJECTILE_LAUNCH_WRAP;include/kf/game_effect.h:KF_EFFECT_SLOT_FREE;include/kf/game_equipment.h:KF_EQUIPMENT_SLOT_REFRESH_ONLY;include/kf/game_map.h:KF_MAP_COPY_REGION_NONE;include/kf/game_map.h:KF_MAP_EVENT_FREE;include/kf/game_map.h:KF_MAP_LINK_NONE;include/kf/game_map.h:KF_MAP_OBJECT_ACTION_IDLE;include/kf/game_map.h:KF_MAP_OBJECT_BEHAVIOR_NONE;include/kf/game_map.h:KF_MAP_OBJECT_FREE;include/kf/game_map.h:KF_MAP_OBJECT_PARAMETER_NONE;include/kf/game_menu.h:KF_MENU_TEXTURE_NONE;include/kf/game_menu.h:MENU_TEXT_BLANK;include/kf/game_player.h:KF_PLAYER_LEVEL_MAX;include/kf/game_player.h:KF_PLAYER_UPDATE_DYING;include/kf/game_render.h:KF_EFFECT_SPRITE_END;include/kf/game_render.h:KF_HUD_END;include/kf/game_render.h:KF_SYSTEM_SCREEN_U_SPAN;include/kf/item.h:KF_ITEM_NONE;include/kf/magic.h:KF_MAGIC_NONE;include/kf/map_data.h:KF_MAP_ATTRIBUTE_COUNT;include/kf/map_data.h:KF_MAP_ATTRIBUTE_NONE;include/kf/map_data.h:KF_MAP_CELL_COORD_INVALID;include/kf/notify_types.h:KF_NOTIFICATION_NONE;include/kf/open_resources.h:KF_OPENING_ENTITY_FREE;include/kf/render_types.h:KF_DISPLAY_BUFFER_UNINITIALIZED;include/kf/render_types.h:KF_TRANSITION_FADE_LIMIT;include/kf/render_types.h:KF_TRANSITION_RECT_WIDTH;src/game/render_frame.c:NOTIFICATION_RENDER_BRIGHTNESS;src/game/save_system.c:MESSAGE_IMAGE_SKIP;src/open/opening_scenes.c:ENDING_MAX_BRIGHTNESS;src/open/opening_scenes.c:PANEL_CLIP_Y_BIAS	Owner-specific all-ones sentinels remain separate: free slots, absent IDs, end phases and masks differ. Keep color/fade maxima, texture spans, map attribute extent, level limit and clipping bias independent; do not infer one global invalid constant.
256	retain	include/kf/game_menu.h:MENU_CLASS_FIRST_GLYPH;include/kf/render_types.h:KF_TEXTURE_LOWER_PAGE_Y;src/game/effect_dispatch.c:GROUND_BRANCH_SCALE_STEP;src/game/effect_dispatch.c:HOMING_ROLL_STEP;src/game/map_object.c:MAP_DROP_SPIN_YAW_STEP;src/game/map_scripts.c:MAP_REVEAL_FADE_OUT_STEP;src/game/player_warp.c:WARP_SHIMMER_SCALE_STEP;src/open/opening_scenes.c:OPENING_COLOR_FADE_STEP;src/open/opening_scenes.c:TRANSITION_SCALE_STEP	Q12 scale increments, angular rates, texture Y, font glyph base and independent transition/shimmer fades retain their units and owners. OPEN transition and GAME shimmer share a staggered-cylinder algorithm, but use separate model/pool owners, horizontal scales and lifetime modes; retain their independently named visual parameters pending a shared asset/policy identity.
300	retain	include/kf/game_map.h:KF_MAP_OBJECT_DOOR_CLOSE_FIRST;include/kf/game_player.h:KF_SLOWED_DURATION_UPDATES;include/kf/game_player.h:KF_WEAPON_ATTACK_PHASE_STEP;include/kf/map_data.h:KF_MAP_HALF_CELL_STEP_HEIGHT;src/game/menu.c:DRAGON_KING_GRASS_FRUIT_HP_RECOVERY;src/game/player_core.c:PLAYER_WEAPON_HIT_WINDOW;src/game/player_update.c:PLAYER_TRIPLE_FANG_Y_OFFSET	Grass-fruit HP, map step height, door phase, slowed timer, attack increment/window and triple-fang Y offset are different quantities.
320	retain	include/kf/game_map.h:KF_MAP_OBJECT_DEFINITION_WORD_COUNT;include/kf/render_types.h:KF_DISPLAY_WIDTH;src/game/render.c:EFFECT_TEXTURE_FIRST_PAGE_X;src/open/opening_scenes.c:SCENE1_LEFT_TPAGE_X	Display width and texture-page X positions belong to screen and VRAM spaces; map definition word count is unrelated.
341	retain	include/kf/game_actor.h:KF_ACTOR_AIM_TOLERANCE;include/kf/game_map.h:KF_MAP_OBJECT_LIFT_CLOSE_END;include/kf/game_map.h:MAP_DOOR_FACING_TOLERANCE;src/game/player_update.c:PLAYER_WEAPON_MAGIC_BURST_CONE;src/game/player_use_item.c:PLAYER_MIRROR_ANGLE_TOLERANCE	Actor aim, door interaction, mirror and weapon burst use distinct cone policies even though all currently equal one-twelfth turn; lift close-end is a phase code.
384	retain	src/game/effect_dispatch.c:STATUS_PROJECTILE_SHRINK_STEP;src/game/render.c:EFFECT_TEXTURE_SECOND_PAGE_X	Texture page X is a VRAM coordinate; status-projectile shrink step is a scale rate.
400	retain	include/kf/game_map.h:KF_MAP_EVENT_ANIMATION_FINISH_STEP;src/game/actor_behavior.c:ACTOR_HIGH_STEP_HEIGHT;src/game/effect_dispatch.c:GROUND_TRAIL_SHRINK_STEP;src/game/effect_dispatch.c:PROJECTILE_DISSIPATE_SCALE_STEP;src/game/magic.c:MAGIC_LAUNCH_OFFSET_Z;src/game/player_update.c:PLAYER_WEAPON_MAGIC_SPAWN_Z	Actor step height, ground-trail/projectile shrink rates, event finish animation rate and spell/weapon launch Z offsets retain separate motion/launch owners.
448	retain	src/open/opening_scenes.c:PANEL_TPAGE_FIRST_X;src/open/opening_scenes.c:SCENE1_RIGHT_TPAGE_X	Scene-1 right panel and ending panel atlas starts address different texture sets; equal VRAM X does not prove one asset-placement constant.
495	retain	include/kf/render_types.h:KF_TRANSITION_CLUT_Y;src/open/opening_scenes.c:PANEL_CLIP_SPAN	Transition CLUT Y is a VRAM coordinate; ending panel clip span is a clipping distance.
500	retain	include/kf/game_player.h:KF_FIRE_DEFENSE_DURATION_UPDATES;src/game/actor_behavior.c:ACTOR_BOSS_DEATH_SOUND_PHASE1;src/game/effect_dispatch.c:GROUND_BRANCH_YAW_STEP;src/game/effect_dispatch.c:GROUND_VISUAL_YAW_STEP;src/game/menu_map_viewer.c:MENU_MAP_MARKER_OT_DEPTH;src/game/menu_runtime.c:MENU_MARKER_OT_DEPTH	Boss sound animation phase, two ground-effect yaw rates and fire-defense duration retain separate meanings. Menu map marker and widget marker use different primitive families, so their equal OT depths remain independently named.
512	retain	include/kf/game_math.h:KF_ANGLE_EIGHTH_TURN;include/kf/render_types.h:KF_VRAM_HEIGHT;src/game/effect_dispatch.c:HOMING_YAW_RANDOM_BIAS;src/game/player_warp.c:WARP_SHIMMER_YAW_STEP;src/open/opening_scenes.c:TRANSITION_YAW_STEP	VRAM height, eighth-turn unit, homing random bias and transition/shimmer angular rates have separate meanings. Existing rates may derive from angle units without becoming the same policy. OPEN transition and GAME shimmer share a staggered-cylinder algorithm, but use separate model/pool owners, horizontal scales and lifetime modes; retain their independently named visual parameters pending a shared asset/policy identity.
600	retain	include/kf/game_effect.h:KF_EFFECT_PROJECTILE_DEFAULT_SPEED;include/kf/game_player.h:KF_CURSE_DURATION_UPDATES;include/kf/game_player.h:KF_POISON_DURATION_UPDATES;src/game/actor_behavior.c:ACTOR_LONG_DROP_HEIGHT;src/game/effect_dispatch.c:PROJECTILE_DEFAULT_ROLL_STEP;src/game/map_object.c:MAP_GOLD_DROP_SCATTER_RADIUS;src/game/map_object.c:MAP_WIND_CUTTER_EMITTER_Y_OFFSET;src/game/map_scripts.c:MAP_WEAPON_TRANSFORM_BLAST_HEIGHT;src/open/opening_scenes.c:SCENE1_SEQUENCE_STOP_FRAME	Shared projectile default speed is already consolidated. Actor drop height, poison/curse durations, drop scatter radius, map emitter offsets, roll step and opening sequence frame remain independent.
800	retain	include/kf/game_collision.h:KF_COLLISION_PLAYER_RADIUS;include/kf/game_effect.h:KF_EFFECT_LIGHTNING_SPEED;include/kf/game_effect.h:KF_EFFECT_WIND_CUTTER_SPEED;include/kf/game_map.h:MAP_INTERACTION_RADIUS_PADDING;src/game/effect_dispatch.c:ACTOR_SPAWNER_CREATE_Y_OFFSET;src/game/effect_dispatch.c:HOMING_PLAYER_AIM_Y_OFFSET;src/game/effect_update.c:TRAIL_UNIT_SCALE_DISTANCE;src/game/player_core.c:PLAYER_WEAPON_HIT_RADIUS;src/game/player_use_item.c:PLAYER_HARP_CELL_STAGGER	Lightning and wind-cutter speeds already have separate shared effect definitions. Actor/player aim offsets, collision radius, harp stagger, weapon hit radius, trail scale distance and interaction padding remain independently consumed.
832	retain	src/game/render.c:EFFECT_TEXTURE_THIRD_PAGE_X;src/game/render.c:NOTIFICATION_TPAGE_X;src/open/render_init.c:FLOOR_ITEM_TPAGE_X	Effect, notification and OPEN floor-item textures occupy different resource uploads even when their texture pages share X.
896	retain	src/game/render.c:FLOOR_ITEM_TPAGE_X;src/game/render.c:HUD_TPAGE_X	GAME floor-item and HUD texture pages are separate asset placements, not one texture identity.
900	retain	src/game/player_update.c:PLAYER_COLICHEMARDE_MAGIC_PHASE_FIRST;src/game/player_update.c:PLAYER_WEAPON_MAGIC_SPEED	Colichemarde phase start is an animation phase; weapon magic speed is world units per update.
1000	retain	include/kf/game_graphics.h:KF_PROJECTED_VERTEX_CAPACITY;include/kf/game_map.h:MAP_INTERACTION_PROBE_DISTANCE;include/kf/game_player.h:KF_DARKNESS_DURATION_UPDATES;include/kf/map_data.h:KF_MAP_TILE_CENTER;include/kf/open_render.h:KF_OPEN_PROJECTED_VERTEX_CAPACITY;src/game/actor_behavior.c:ACTOR_BOSS_DEATH_SOUND_PHASE2;src/game/actor_behavior.c:ACTOR_LIGHTNING_TARGET_Y_OFFSET;src/game/effect_dispatch.c:ACTOR_SPAWNER_COLLISION_RADIUS;src/game/effect_dispatch.c:LIGHTNING_BLAST_RADIUS_STEP;src/game/entity_model_render.c:MENU_ITEM_DEPTH_BIAS;src/game/map_object.c:MAP_BOSS_EMITTER_Z_OFFSET;src/game/menu_map_viewer.c:MENU_MAP_IMAGE_OT_DEPTH;src/game/menu_runtime.c:MENU_DIALOG_OT_DEPTH;src/game/menu_runtime.c:MENU_TEXT_OT_DEPTH;src/game/player_core.c:PLAYER_COLICHEMARDE_HIT_PHASE;src/game/player_core.c:PLAYER_WEAPON_HIT_HEIGHT;src/game/player_core.c:PLAYER_WEAPON_HIT_Y_OFFSET;src/game/player_death_fade.c:PLAYER_DEATH_BOB_THRESHOLD;src/game/player_use_item.c:PLAYER_ILLUSION_STAFF_TIMER_RELOAD;src/open/entity_render.c:ENDING_TRANSLATING_MODEL_DEPTH_BIAS;src/open/opening_scenes.c:SCENE1_HOLD_FRAMES	GAME and OPEN projected-vertex buffers have distinct runtime owners and WIP extents. Keep the menu text/dialog/map-image OT policies separate, along with weapon hit height versus Y offset, timers, map tile center, collision radii, render biases and animation phases.
1001	retain	include/kf/game_graphics.h:KF_MORPH_SCRATCH_CAPACITY;src/game/actor_behavior.c:ACTOR_STEP_HEIGHT_LIMIT	Actor step-height exclusive limit and morph scratch capacity use different units and owners.
1024	retain	include/kf/game_math.h:KF_ANGLE_QUARTER_TURN;include/kf/render_types.h:KF_VRAM_WIDTH;src/game/actor_behavior.c:ACTOR_DEEP_DROP_RANDOM_MAX;src/game/effect_dispatch.c:MOONLIGHT_LENGTH_STEP;src/game/effect_dispatch.c:RADIAL_BLAST_SCALE_STEP;src/game/lighting.c:LIGHTING_COLOR_BLEND_STEP	Quarter-turn unit, VRAM width, random cutoff and separate Q12 color/geometry increments remain distinct; existing quarter-scale expressions retain their own policy names.
1300	retain	src/game/effect_dispatch.c:LIGHTNING_BLAST_YAW_STEP;src/game/map_scripts.c:MAP_WEAPON_TRANSFORM_HEIGHT	Lightning yaw step is angular velocity; weapon-transform height is a world-space extent.
1500	retain	include/kf/game_menu.h:MENU_ITEM_PREVIEW_TRANSLATION_Z;include/kf/game_player.h:KF_PLAYER_CAMERA_HEIGHT;src/game/actor_behavior.c:ACTOR_BOSS_DEATH_SOUND_PHASE3;src/game/actor_behavior.c:ACTOR_PAIRED_EFFECT_X_OFFSET;src/game/effect_dispatch.c:GROUND_BRANCH_DAMAGE_RADIUS;src/game/effect_pool.c:EFFECT_EMERGING_INITIAL_SCALE;src/game/effect_update.c:GROUND_BRANCH_CHILD_SPACING;src/game/map_scripts.c:MAP_ATTRIBUTE_PROBE_DISTANCE;src/open/opening_scenes.c:ENDING_MODEL_START_Y_OFFSET	Boss sound phase, paired-effect spacing, initial effect scale, opening Y offset, branch spacing/radius, camera height, map probe distance and preview Z belong to different owners.
1700	retain	include/kf/game_collision.h:KF_COLLISION_PLAYER_HEIGHT;include/kf/game_map.h:KF_MAP_SAVED_FLOOR_BYTES;src/game/effect_dispatch.c:ACTOR_SPAWNER_YAW_STEP	Spawner yaw rate, player collision height and serialized saved-floor bytes have different units.
2000	retain	include/kf/game_menu.h:MENU_WIDGET_OT_DEPTH;include/kf/map_data.h:KF_MAP_TILE_SIZE;src/game/actor_behavior.c:ACTOR_SPAWNER_TARGET_STANDOFF	Spawner standoff, map tile size and menu widget OT depth are different quantities.
2048	retain	include/kf/cd_file.h:KF_CD_SECTOR_BYTES;include/kf/game_collision.h:KF_COLLISION_CAPTURE_TARGET;include/kf/game_map.h:KF_MAP_EVENT_ANIMATION_TALK_POSE;include/kf/game_math.h:KF_ANGLE_HALF_TURN;src/game/actor_behavior.c:ACTOR_DEATH_DROP_PHASE;src/game/actor_behavior.c:ACTOR_HOME_TURN_RANDOM_LIMIT;src/game/actor_behavior.c:ACTOR_WANDER_TURN_RANDOM_LIMIT	Half-turn unit, CD sector bytes, capture flag, event talk pose, actor death phase and independent wander/home RNG cutoffs retain different units/domains.
2400	retain	src/game/player_update.c:PLAYER_COLICHEMARDE_MAGIC_PHASE_LAST;src/game/player_update.c:PLAYER_WEAPON_MAGIC_PHASE_FIRST	Colichemarde magic last phase and other weapon magic first phase belong to distinct weapon branches; preserve inclusive/exclusive roles.
2500	retain	include/kf/map_data.h:KF_MAP_GRID_WORD_COUNT;src/game/effect_dispatch.c:SHORT_SWING_PROBE_LENGTH;src/game/lighting_presets.c:SHADOW_BLADE_COLOR_BLEND	Map grid word count, shadow-blade color blend and short-swing probe length use different units.
3000	retain	include/kf/game_menu.h:MENU_BACKGROUND_OT_DEPTH;src/game/actor_behavior.c:ACTOR_DEEP_DROP_HEIGHT;src/game/actor_behavior.c:ACTOR_SCATTER_INITIAL_SCALE;src/game/actor_behavior.c:ACTOR_SPECIAL_CONTACT_PHASE;src/game/audio.c:GAME_SOUND_PAN_DIVISOR;src/game/effect_dispatch.c:ACTOR_SPAWNER_SELECTION_RANDOM_CUTOFF;src/game/effect_dispatch.c:EMERGING_RETIRE_DEPTH;src/game/effect_update.c:EFFECT_SWING_SOUND_MAX_DISTANCE;src/game/magic.c:LIGHTNING_DEFAULT_TARGET_Y_OFFSET;src/game/map_object_pool.c:MAP_DOOR_CLOSING_PROBE_RADIUS;src/game/map_scripts.c:MAP_SCRIPT_OBJECT_SEARCH_PADDING;src/game/player_core.c:PLAYER_FATAL_DROP_DISTANCE	Actor motion/selection/phase parameters, sound range/pan divisor, spell target Y, door/script search padding, menu OT depth and player fatal drop distance are independently consumed.
3072	retain	include/kf/game_math.h:KF_ANGLE_THREE_QUARTER_TURN;src/game/lighting_presets.c:LIGHTING_EFFECT_BLEND;src/game/player_core.c:PLAYER_WEAPON_HIT_PHASE	Three-quarter-turn angle, lighting blend fraction and weapon contact phase use different domains.
3500	retain	include/kf/game_effect.h:KF_EFFECT_EMERGE_DEPTH;src/game/actor_behavior.c:ACTOR_MULTI_HIT_NEGATIVE_YAW_PHASE	Actor multi-hit yaw phase is animation timing; projectile emerge depth is distance.
3900	retain	src/game/effect_update.c:FLOOR_DEFORM_SOUND_PROGRESS;src/game/player_update.c:PLAYER_WEAPON_MAGIC_PHASE_LAST	Floor-deform sound progress and player weapon magic last phase belong to different state machines.
4000	retain	src/game/effect_dispatch.c:GROUND_VISUAL_SCALE_STEP;src/game/effect_dispatch.c:MAP_EMITTER_SOUND_MAX_DISTANCE;src/game/effect_dispatch.c:MOONLIGHT_NEAR_TRAIL_DISTANCE;src/game/map_scripts.c:MAP_FLOOR2_AMBIENT_RANDOM_LIMIT	Ground visual scale step, map emitter sound radius, ambient random cutoff and moonlight near-trail distance have different meanings.
4095	retain	include/kf/game_actor.h:KF_ACTOR_ANIMATION_PHASE_MAX;include/kf/game_map.h:KF_MAP_EVENT_ANIMATION_PHASE_MASK;include/kf/game_math.h:KF_ANGLE_WRAP_MASK;include/kf/game_menu.h:MENU_TEXT_GLYPH_MASK;src/game/actor_behavior.c:ACTOR_BOSS_DEATH_SCATTER_Y_MASK;src/game/lighting.c:VITAL_RESTORE_COLOR_LEVEL	Angle mask, actor/event animation masks, text glyph mask, scattering Y mask and color level describe different representations; equal bit width is not one domain.
4096	retain	include/kf/game_actor.h:KF_ACTOR_ANIMATION_PHASE_PERIOD;include/kf/game_math.h:KF_ANGLE_FULL_TURN;include/kf/game_math.h:KF_FIXED12_ONE;include/kf/game_menu.h:MENU_TEXT_DAKUTEN;include/kf/game_player.h:KF_WEAPON_ATTACK_PHASE_END;src/game/actor_behavior.c:ACTOR_BOSS_DEATH_SCATTER_XZ_BIAS;src/game/actor_behavior.c:ACTOR_PURSUIT_TURN_RANDOM_LIMIT;src/game/map_object.c:MAP_BOSS_EMITTER_SOUND_RANDOM_LIMIT	Angle period and Q12 unity remain distinct. Actor animation period, weapon attack end, RNG cutoffs, scattering bias and dakuten flag retain their respective units/roles.
5000	alias	include/kf/game_actor.h:KF_ACTOR_DAMAGE_SCALE_ONE;include/kf/game_player.h:KF_PLAYER_CHARGE_FULL;src/game/effect_dispatch.c:EFFECT_PLAYER_RADIAL_SCALE_Q12;src/game/effect_update.c:EFFECT_ORBIT_SOUND_MAX_DISTANCE;src/game/effect_update.c:EFFECT_ORBIT_SOUND_RESET_DISTANCE;src/game/magic.c:LIGHTNING_LOWER_HEIGHT_Y_OFFSET;src/game/player_update.c:PLAYER_DARKNESS_FOG_NEAR	Link orbit sound reset distance to its audible range: the same record rearms when it leaves that radius. Actor damage unity, player full charge, radial scale, lightning Y offset and darkness fog near remain distinct.
6000	retain	src/game/magic.c:FIRE_WALL_UNTARGETED_DISTANCE;src/game/map_scripts.c:MAP_DOOR_PARTNER_SEARCH_PADDING;src/game/player_use_item.c:PLAYER_MIRROR_TARGET_DISTANCE	Untargeted fire-wall distance, door partner search padding and mirror target range are different query/launch policies.
8000	retain	include/kf/game_actor.h:KF_ACTOR_MULTI_HIT_FORWARD_MIN_RANGE;src/game/effect_dispatch.c:MOONLIGHT_FAR_TRAIL_DISTANCE	Actor multi-hit forward threshold and moonlight far-trail distance belong to distinct attack/effect logic.
8192	retain	include/kf/game_menu.h:MENU_TEXT_HANDAKUTEN;src/game/effect_dispatch.c:MAP_EMITTER_SOUND_RANDOM_CUTOFF;src/game/effect_update.c:EFFECT_HAZARD_SOUND_RANDOM_CUTOFF;src/game/player_warp.c:WARP_SHIMMER_TALL_SCALE;src/open/opening_scenes.c:TRANSITION_TALL_SCALE_Y	Equal quarter-probability sound cutoffs use different trials; transition/shimmer tall scales and handakuten flag have different meanings. Existing RAND_MAX expressions preserve provenance. OPEN transition and GAME shimmer share a staggered-cylinder algorithm, but use separate model/pool owners, horizontal scales and lifetime modes; retain their independently named visual parameters pending a shared asset/policy identity.
10000	retain	include/kf/game_map.h:KF_MAP_OBJECT_REVEAL_DEPTH;include/kf/map_data.h:KF_MAP_CELL_COUNT;src/open/entity_render.c:ENDING_ROTATING_MODEL_DEPTH_BIAS	Ending depth bias, map cell count and reveal depth use different units/owners.
11000	alias	include/kf/game_actor.h:KF_ACTOR_MULTI_HIT_MAX_RANGE;include/kf/render_types.h:KF_INITIAL_FOG_NEAR_DISTANCE;src/game/player_update.c:PLAYER_NORMAL_FOG_NEAR	Link normal player fog to the shared initial fog distance: rendering initializes the same near-distance state that player updates restore. Actor multi-hit maximum range remains separate.
16384	retain	include/kf/render_types.h:KF_ORDERING_TABLE_LENGTH;src/game/actor_behavior.c:ACTOR_LONG_DROP_RANDOM_MAX	Actor drop random cutoff and ordering-table capacity are different quantities.
20000	retain	include/kf/game_effect.h:KF_EFFECT_ACTOR_TARGET_MAX_DISTANCE;src/game/actor.c:ACTOR_BOSS_SOUND_MAX_DISTANCE;src/game/effect_pool.c:EFFECT_EXTENDED_SOUND_MAX_DISTANCE	Shared effect target-query range is already consolidated. Boss and extended-effect audible ranges remain separate sound policies.
28000	retain	include/kf/audio.h:KF_AUDIO_DEFAULT_ATTENUATION_DISTANCE;src/game/actor_behavior.c:ACTOR_ACTIVATION_RANGE	Actor activation distance and default sound attenuation radius serve different subsystems.
30000	retain	include/kf/game_math.h:KF_CONE_SEARCH_INITIAL_ANGLE_ERROR;src/game/map_object.c:MAP_EMITTER_PLAYER_RANGE	Cone search sentinel is angular-error ranking; map emitter player range is distance. Search sentinel already shared across actor/event scans.
32768	retain	include/kf/overlay.h:OVERLAY_STACK_BYTES;include/kf/render_types.h:KF_RGB555_STP	RGB555 STP is a pixel bit; overlay stack bytes is a memory reservation.
50000	retain	src/game/actor_behavior.c:ACTOR_EFFECT_AIM_RANGE;src/game/map_events.c:MAP_EVENT_LOOP_SOUND_ATTENUATION_DISTANCE	Actor effect aiming distance and event-loop sound attenuation radius serve different operations.
60000	retain	src/game/actor.c:ACTOR_BOSS_SOUND_ATTENUATION_DISTANCE;src/game/effect_pool.c:EFFECT_EXTENDED_SOUND_ATTENUATION_DISTANCE	Boss sound and extended-effect attenuation have separate sound/trigger owners even though both currently use the same radius.
65520	retain	include/kf/game_collision.h:KF_COLLISION_DETAIL_BELOW_FLOOR;include/kf/player_status.h:KF_PLAYER_STATUS_KEEP_UPPER	Collision below-floor detail code and player-status upper-bit mask belong to different bitfields.
65535	retain	include/kf/game_collision.h:KF_COLLISION_DETAIL_MASK;include/kf/game_collision.h:KF_COLLISION_IGNORE_HEIGHT;include/kf/item.h:KF_FLOOR_ITEM_END	Collision detail extraction mask, ignore-height query sentinel and floor-item stream end are different roles/domains.
65536	retain	include/kf/game_collision.h:KF_COLLISION_TERRAIN;src/game/map_object.c:MAP_EFFECT_SPAWN_SEQUENCE_MODULUS	Terrain collision-kind bit and map effect spawn sequence modulus have different encodings.
1048576	retain	include/kf/game_collision.h:KF_COLLISION_ACTOR;src/game/memory.c:MEMORY_INITIAL_ARENA_BYTES	Actor collision-kind bit and initial arena allocation bytes have different units.
2097152	alias	include/kf/game_collision.h:KF_COLLISION_MAP_OBJECT;include/kf/memory_layout.h:KF_MAIN_RAM_BYTES;include/kf/overlay.h:OVERLAY_RAM_BYTES;src/game/memory.c:MEMORY_MAIN_RAM_BYTES	Link allocator RAM bounds and overlay RAM size to one fixed main-RAM capacity; map-object collision bit remains separate. The shared capacity is hardware size, not a claim about heap/linker placement.
