# MANUALLY REVIEWED - project field declarations at dafd1048; AST extraction supplies coverage, not semantic verdicts.
declaration	record	field	datatype	verdict	finding	evidence	note
include/kf/audio.h:47	SoundRef	program	u8	numeric		include/kf/audio.h:47;src/game/audio.c:200;src/game/audio.c:238;src/game/audio.c:259;src/game/save_system.c:111;src/game/save_system.c:114;src/game/save_system.c:117;src/game/save_system.c:121;src/game/save_system.c:123;src/open/audio_spatial.c:54;src/open/audio_spatial.c:92;src/open/sound_ref.c:10	SDK handle or bank-relative program/tone/note number; numeric API domain.
include/kf/audio.h:48	SoundRef	tone	u8	numeric		include/kf/audio.h:48;src/game/audio.c:179;src/game/audio.c:201;src/game/audio.c:260;src/open/audio_spatial.c:55;src/open/sound_ref.c:11	SDK handle or bank-relative program/tone/note number; numeric API domain.
include/kf/audio.h:49	SoundRef	note	u8	numeric		include/kf/audio.h:49;src/game/audio.c:202;src/game/audio.c:238;src/game/audio.c:261;src/game/save_system.c:112;src/game/save_system.c:115;src/game/save_system.c:118;src/game/save_system.c:121;src/game/save_system.c:123;src/open/audio_spatial.c:56;src/open/audio_spatial.c:92;src/open/sound_ref.c:12	SDK handle or bank-relative program/tone/note number; numeric API domain.
include/kf/audio.h:53	KfAudioVoiceSlots	voice_ids	s16[10]	numeric		include/kf/audio.h:53;src/game/audio.c:42;src/game/audio.c:280;src/game/audio.c:282;src/game/audio.c:292;src/open/audio.c:45;src/open/audio_play_voice.c:17;src/open/audio_play_voice.c:19;src/open/audio_play_voice.c:29	SDK handle or bank-relative program/tone/note number; numeric API domain.
include/kf/audio.h:54	KfAudioVoiceSlots	vab_ids	s16[10]	numeric		include/kf/audio.h:54;src/game/audio.c:283;src/game/audio.c:288;src/open/audio_play_voice.c:20;src/open/audio_play_voice.c:25	SDK handle or bank-relative program/tone/note number; numeric API domain.
include/kf/audio.h:55	KfAudioVoiceSlots	programs	s16[10]	numeric		include/kf/audio.h:55;src/game/audio.c:284;src/game/audio.c:289;src/open/audio_play_voice.c:21;src/open/audio_play_voice.c:26	SDK handle or bank-relative program/tone/note number; numeric API domain.
include/kf/audio.h:56	KfAudioVoiceSlots	tones	s16[10]	numeric		include/kf/audio.h:56;src/game/audio.c:285;src/game/audio.c:290;src/open/audio_play_voice.c:22;src/open/audio_play_voice.c:27	SDK handle or bank-relative program/tone/note number; numeric API domain.
include/kf/audio.h:57	KfAudioVoiceSlots	notes	s16[10]	numeric		include/kf/audio.h:57;src/game/audio.c:286;src/game/audio.c:291;src/open/audio_play_voice.c:23;src/open/audio_play_voice.c:28	SDK handle or bank-relative program/tone/note number; numeric API domain.
include/kf/audio.h:61	KfAudioState	vab_header	u8 *	pointer		include/kf/audio.h:61;src/game/audio.c:55;src/game/audio.c:135;src/open/audio.c:63;src/open/audio.c:140	Address or pointer table; not a finite selector.
include/kf/audio.h:62	KfAudioState	active_vab_id	s16	numeric		include/kf/audio.h:62;src/game/audio.c:50;src/game/audio.c:51;src/game/audio.c:56;src/game/audio.c:57;src/game/audio.c:75;src/game/audio.c:131;src/game/audio.c:199;src/game/audio.c:258;src/open/audio.c:47;src/open/audio.c:58;src/open/audio.c:59;src/open/audio.c:64;src/open/audio.c:65;src/open/audio.c:66;src/open/audio.c:87;src/open/audio.c:134;src/open/audio_spatial.c:53;src/open/sound_ref.c:9	SDK handle or bank-relative program/tone/note number; numeric API domain.
include/kf/audio.h:63	KfAudioState	unknown_06	u8[2]	unresolved		include/kf/audio.h:63	padding or unresolved
include/kf/audio.h:64	KfAudioState	sequence_buffer	u8 *	pointer		include/kf/audio.h:64;src/game/audio.c:37;src/game/audio.c:73;src/game/audio.c:75;src/open/audio.c:40;src/open/audio.c:83;src/open/audio.c:87	Address or pointer table; not a finite selector.
include/kf/audio.h:65	KfAudioState	sequence_id	s16	numeric		include/kf/audio.h:65;src/game/audio.c:74;src/game/audio.c:76;src/game/audio.c:77;src/game/audio.c:92;src/game/audio.c:94;src/game/audio.c:95;src/game/audio.c:113;src/game/audio.c:114;src/game/audio.c:115;src/game/audio.c:124;src/open/audio.c:86;src/open/audio.c:88;src/open/audio.c:90;src/open/audio.c:116;src/open/audio.c:117;src/open/audio.c:118;src/open/audio.c:127	SDK handle or bank-relative program/tone/note number; numeric API domain.
include/kf/audio.h:66	KfAudioState	unknown_0e	u8[2]	unresolved		include/kf/audio.h:66	padding or unresolved
include/kf/audio.h:67	KfAudioState	sequence_active	KfAudioSequenceState	typed_enum		include/kf/audio.h:67;src/game/audio.c:38;src/game/audio.c:78;src/game/audio.c:88;src/game/audio.c:96;src/game/audio.c:105;src/game/audio.c:116;src/open/audio.c:41;src/open/audio.c:48;src/open/audio.c:98;src/open/audio.c:106;src/open/audio.c:119	Same enum type is already enforced by the strict C++ view; this verdict does not certify completeness of its enumerator list.
include/kf/audio.h:68	KfAudioState	listener_position	VECTOR	aggregate		include/kf/audio.h:68;src/game/audio.c:146;src/game/audio.c:148;src/game/audio.c:150;src/game/audio.c:171;src/game/audio.c:172;src/game/audio.c:247;src/open/audio_spatial.c:19;src/open/audio_spatial.c:20;src/open/audio_spatial.c:21;src/open/audio_spatial.c:38;src/open/audio_spatial.c:39;src/open/audio_spatial.c:101	Nested record/union or record array; project-owned child fields are separately listed. SDK children retain their SDK declarations.
include/kf/audio.h:69	KfAudioState	listener_rotation	SVECTOR	aggregate		include/kf/audio.h:69;src/game/audio.c:173;src/game/audio.c:250;src/open/audio_spatial.c:40;src/open/audio_spatial.c:104	Nested record/union or record array; project-owned child fields are separately listed. SDK children retain their SDK declarations.
include/kf/audio.h:70	KfAudioState	voice_slots	KfAudioVoiceSlots	aggregate		include/kf/audio.h:70;src/game/audio.c:42;src/game/audio.c:280;src/game/audio.c:282;src/game/audio.c:283;src/game/audio.c:284;src/game/audio.c:285;src/game/audio.c:286;src/game/audio.c:288;src/game/audio.c:289;src/game/audio.c:290;src/game/audio.c:291;src/game/audio.c:292;src/open/audio.c:45;src/open/audio_play_voice.c:17;src/open/audio_play_voice.c:19;src/open/audio_play_voice.c:20;src/open/audio_play_voice.c:21;src/open/audio_play_voice.c:22;src/open/audio_play_voice.c:23;src/open/audio_play_voice.c:25;src/open/audio_play_voice.c:26;src/open/audio_play_voice.c:27;src/open/audio_play_voice.c:28;src/open/audio_play_voice.c:29	Nested record/union or record array; project-owned child fields are separately listed. SDK children retain their SDK declarations.
include/kf/enum.h:44	KfEnumStorage	value_	Storage	enum_implementation		include/kf/enum.h:44	Private raw backing for a generic enum-only storage wrapper; not a game field accepting integer assignment.
include/kf/game_actor.h:219	KfActorDefinition	pursuit_distance_scale	u8	numeric		include/kf/game_actor.h:219;src/game/actor_behavior.c:139	pursuit threshold shifted by 8 with action-selection hysteresis
include/kf/game_actor.h:220	KfActorDefinition	model_and_texture	u8	packed_resource		include/kf/game_actor.h:220;src/game/entity_model_render.c:48	Resource index and texture/culling bits share a byte; the decoded index is asset-relative. Preserve packed input and separate proved semantic selectors.
include/kf/game_actor.h:221	KfActorDefinition	melee_attack_chance	u8	numeric		include/kf/game_actor.h:221;src/game/actor_behavior.c:186	chance for action 4, whose animation calls actor_try_attack_player
include/kf/game_actor.h:222	KfActorDefinition	status_effect	u8	flag_domain_candidate	F9	include/kf/game_actor.h:222;src/game/actor.c:503;docs/patterns/enum-field-review.md#f9	Bit set passed to player_apply_damage; share a typed status-flag domain with KfPlayerState.status_effect_flags rather than a mutually-exclusive enum.
include/kf/game_actor.h:223	KfActorDefinition	status_effect_chance	u8	numeric		include/kf/game_actor.h:223;src/game/actor.c:501;src/game/actor.c:502	per-hit chance out of 256 compared with rand() >> 7; zero disables
include/kf/game_actor.h:224	KfActorDefinition	action_parameters	u8[8]	mixed_domain_candidate	F2	include/kf/game_actor.h:224;src/game/actor_behavior.c:162;src/game/actor_behavior.c:163;src/game/actor_behavior.c:170;src/game/actor_behavior.c:171;src/game/actor_behavior.c:178;src/game/actor_behavior.c:179;src/game/actor_behavior.c:696;src/game/actor_behavior.c:963;src/game/actor_behavior.c:964;src/game/actor_behavior.c:967;docs/patterns/enum-field-review.md#f2	Bytes 0..2 encode effect kind plus paired flag; 3..5 and 7 are probabilities; byte 6 is KfMapObjectId with disabled/unset sentinels. Model typed members instead of one u8 array.
include/kf/game_actor.h:225	KfActorDefinition	move_speed	u8	numeric		include/kf/game_actor.h:225;src/game/actor_behavior.c:477;src/game/actor_behavior.c:1153	scale applied to the forward vector by actor_move_along_heading
include/kf/game_actor.h:226	KfActorDefinition	action_animations	KfAnimationClip[16]	typed_enum		include/kf/game_actor.h:226;src/game/actor.c:284;src/game/actor.c:389;src/game/actor.c:393;src/game/actor_behavior.c:141;src/game/actor_behavior.c:145;src/game/actor_behavior.c:150;src/game/actor_behavior.c:158;src/game/actor_behavior.c:166;src/game/actor_behavior.c:174;src/game/actor_behavior.c:182;src/game/actor_behavior.c:190;src/game/actor_behavior.c:200;src/game/actor_behavior.c:208;src/game/actor_behavior.c:217;src/game/actor_behavior.c:232;src/game/actor_behavior.c:236;src/game/actor_behavior.c:289;src/game/actor_behavior.c:691;src/game/actor_behavior.c:869;src/game/actor_behavior.c:877;src/game/actor_behavior.c:878;src/game/actor_behavior.c:892;src/game/actor_behavior.c:893;src/game/actor_behavior.c:927;src/game/actor_behavior.c:947;src/game/actor_behavior.c:988;src/game/actor_behavior.c:989;src/game/actor_behavior.c:1013;src/game/actor_behavior.c:1055;src/game/actor_behavior.c:1120;src/game/actor_behavior.c:1144;src/game/actor_behavior.c:1168;src/game/actor_behavior.c:1204;src/game/actor_behavior.c:1205;src/game/actor_behavior.c:1224;src/game/actor_behavior.c:1230;src/game/actor_behavior.c:1247;src/game/map_load.c:176;src/game/map_load.c:177;src/game/map_load.c:178;src/game/map_load.c:179;src/game/map_load.c:180;src/game/map_scripts.c:202;src/game/map_scripts.c:203;src/game/map_scripts.c:204;src/game/map_scripts.c:205;src/game/map_scripts.c:206	Same enum type is already enforced by the strict C++ view; this verdict does not certify completeness of its enumerator list.
include/kf/game_actor.h:227	KfActorDefinition	turn_rate	u8	numeric		include/kf/game_actor.h:227;src/game/actor_behavior.c:471;src/game/actor_behavior.c:474;src/game/actor_behavior.c:1223	angle_approach step for actor_move_along_heading; halved-and-a-half while colliding
include/kf/game_actor.h:228	KfActorDefinition	sounds	SoundRef[3]	aggregate		include/kf/game_actor.h:228;src/game/actor_behavior.c:931;src/game/actor_behavior.c:951;src/game/actor_behavior.c:1017;src/game/actor_behavior.c:1074;src/game/actor_behavior.c:1124;src/game/actor_behavior.c:1251	Nested record/union or record array; project-owned child fields are separately listed. SDK children retain their SDK declarations.
include/kf/game_actor.h:229	KfActorDefinition	attachment_offsets	struct KfVec3s[2]	aggregate		include/kf/game_actor.h:229;src/game/actor_behavior.c:526;src/game/actor_behavior.c:527;src/game/actor_behavior.c:528	Nested record/union or record array; project-owned child fields are separately listed. SDK children retain their SDK declarations.
include/kf/game_actor.h:230	KfActorDefinition	special_attack_chance	s16	numeric		include/kf/game_actor.h:230;src/game/actor_behavior.c:147;src/game/actor_behavior.c:154	signed chance for actor actions 16 and 17
include/kf/game_actor.h:231	KfActorDefinition	special_attack_range	s16	numeric		include/kf/game_actor.h:231;src/game/actor_behavior.c:155;src/game/actor_behavior.c:1084;src/game/actor_behavior.c:1127	signed distance used by special-attack selection and damage application
include/kf/game_actor.h:232	KfActorDefinition	unknown_38	u8[2]	unresolved		include/kf/game_actor.h:232	meaning unresolved
include/kf/game_actor.h:233	KfActorDefinition	action_animation_steps	u16[16]	numeric		include/kf/game_actor.h:233;src/game/actor_behavior.c:694;src/game/actor_behavior.c:829;src/game/actor_behavior.c:837;src/game/actor_behavior.c:872;src/game/actor_behavior.c:886;src/game/actor_behavior.c:922;src/game/actor_behavior.c:930;src/game/actor_behavior.c:950;src/game/actor_behavior.c:1007;src/game/actor_behavior.c:1016;src/game/actor_behavior.c:1019;src/game/actor_behavior.c:1123;src/game/actor_behavior.c:1126;src/game/actor_behavior.c:1190;src/game/actor_behavior.c:1233;src/game/actor_behavior.c:1242;src/game/actor_behavior.c:1250	animation step per action index; the boss death sequence keys effects on entry 4
include/kf/game_actor.h:234	KfActorDefinition	action_animation_phases	u16[16]	numeric		include/kf/game_actor.h:234;src/game/actor_behavior.c:695;src/game/actor_behavior.c:931;src/game/actor_behavior.c:951;src/game/actor_behavior.c:1017;src/game/actor_behavior.c:1074;src/game/actor_behavior.c:1124;src/game/actor_behavior.c:1251	animation phase threshold per action index
include/kf/game_actor.h:235	KfActorDefinition	collision_radius	u16	numeric		include/kf/game_actor.h:235;src/game/actor.c:638;src/game/actor_behavior.c:285;src/game/actor_behavior.c:306;src/game/actor_behavior.c:371;src/game/actor_behavior.c:383;src/game/actor_behavior.c:399;src/game/actor_behavior.c:662;src/game/actor_behavior.c:764;src/game/actor_behavior.c:776;src/game/actor_behavior.c:785;src/game/actor_behavior.c:795;src/game/actor_behavior.c:1096;src/game/actor_behavior.c:1148;src/game/actor_behavior.c:1155;src/game/actor_behavior.c:1309;src/game/collision.c:118	collision radius
include/kf/game_actor.h:236	KfActorDefinition	collision_height	u16	numeric		include/kf/game_actor.h:236;src/game/actor.c:442;src/game/actor.c:486;src/game/actor.c:639;src/game/actor_behavior.c:372;src/game/actor_behavior.c:384;src/game/actor_behavior.c:400;src/game/actor_behavior.c:663;src/game/actor_behavior.c:765;src/game/actor_behavior.c:777;src/game/actor_behavior.c:786;src/game/actor_behavior.c:796;src/game/actor_behavior.c:960;src/game/actor_behavior.c:969;src/game/actor_behavior.c:976;src/game/actor_behavior.c:1097;src/game/actor_behavior.c:1310;src/game/effect_dispatch.c:522	collision height
include/kf/game_actor.h:237	KfActorDefinition	awareness_distance	u16	numeric		include/kf/game_actor.h:237;src/game/actor_behavior.c:140;src/game/actor_behavior.c:187;src/game/actor_behavior.c:1020	awareness range
include/kf/game_actor.h:238	KfActorDefinition	initial_health	u16	numeric		include/kf/game_actor.h:238;src/game/actor.c:165	spawn health
include/kf/game_actor.h:239	KfActorDefinition	effect_owner_id	u16	numeric		include/kf/game_actor.h:239;src/game/actor_behavior.c:600;src/game/actor_behavior.c:607;src/game/actor_behavior.c:611;src/game/actor_behavior.c:615	Propagates through effect construction to player damage multiplier_tenths; quantitative scale despite the ID-style name.
include/kf/game_actor.h:240	KfActorDefinition	experience_reward	u16	numeric		include/kf/game_actor.h:240;src/game/actor.c:387	passed to player_add_experience when the actor dies
include/kf/game_actor.h:241	KfActorDefinition	attack_components	u16[3]	numeric		include/kf/game_actor.h:241;src/game/actor.c:506;src/game/actor.c:507;src/game/actor.c:508	three attack components
include/kf/game_actor.h:242	KfActorDefinition	defenses	u16[5]	numeric		include/kf/game_actor.h:242;src/game/actor.c:348;src/game/actor.c:352;src/game/actor.c:356;src/game/actor.c:360;src/game/actor.c:364	five defense components
include/kf/game_actor.h:243	KfActorDefinition	gold_drop_limit	u16	numeric		include/kf/game_actor.h:243;src/game/actor_behavior.c:957	exclusive upper bound of randomized gold amount: rand * limit >> 15; object 39 behavior 0x41 credits player gold
include/kf/game_actor.h:247	KfActorDefinitionTable	entries	KfActorDefinition[12]	aggregate		include/kf/game_actor.h:247;src/game/actor.c:165;src/game/actor.c:278;src/game/actor.c:326;src/game/actor.c:435;src/game/actor.c:632;src/game/actor.c:654;src/game/collision.c:114;src/game/effect_dispatch.c:514;src/game/entity_model_render.c:48;src/game/map_load.c:176;src/game/map_load.c:177;src/game/map_load.c:178;src/game/map_load.c:179;src/game/map_load.c:180;src/game/map_scripts.c:202;src/game/map_scripts.c:203;src/game/map_scripts.c:204;src/game/map_scripts.c:205;src/game/map_scripts.c:206	Nested record/union or record array; project-owned child fields are separately listed. SDK children retain their SDK declarations.
include/kf/game_actor.h:248	KfActorDefinitionTable	words	u32[456]	encoded_storage		include/kf/game_actor.h:248;src/game/actor_pool.c:88;src/game/actor_pool.c:89	Packed/aligned copy or address view of an owning object; type semantic members separately.
include/kf/game_actor.h:254	KfActorActionProfile	far_distance	s16	numeric		include/kf/game_actor.h:254;src/game/actor.c:846	far distance threshold
include/kf/game_actor.h:255	KfActorActionProfile	far_weight	s16	numeric		include/kf/game_actor.h:255;src/game/actor.c:847	far action weight
include/kf/game_actor.h:256	KfActorActionProfile	near_distance	s16	numeric		include/kf/game_actor.h:256;src/game/actor.c:849	near distance threshold
include/kf/game_actor.h:257	KfActorActionProfile	middle_weight	s16	numeric		include/kf/game_actor.h:257;src/game/actor.c:850	middle action weight
include/kf/game_actor.h:258	KfActorActionProfile	near_weight	s16	numeric		include/kf/game_actor.h:258;src/game/actor.c:845	near action weight
include/kf/game_actor.h:270	KfActorPlacement	slot_state	KfActorSlotState	typed_enum		include/kf/game_actor.h:270;src/game/actor_pool.c:56	Same enum type is already enforced by the strict C++ view; this verdict does not certify completeness of its enumerator list.
include/kf/game_actor.h:271	KfActorPlacement	definition_flags	u8	packed_resource		include/kf/game_actor.h:271;src/game/actor_pool.c:58;src/game/actor_pool.c:59	Resource index and texture/culling bits share a byte; the decoded index is asset-relative. Preserve packed input and separate proved semantic selectors.
include/kf/game_actor.h:272	KfActorPlacement	heading_quadrant	KfActorHeadingQuadrant	typed_enum		include/kf/game_actor.h:272;src/game/actor_pool.c:64	Same enum type is already enforced by the strict C++ view; this verdict does not certify completeness of its enumerator list.
include/kf/game_actor.h:273	KfActorPlacement	tile_z	u8	numeric		include/kf/game_actor.h:273;src/game/actor_pool.c:65	map tile z
include/kf/game_actor.h:274	KfActorPlacement	tile_x	u8	numeric		include/kf/game_actor.h:274;src/game/actor_pool.c:66	map tile x
include/kf/game_actor.h:275	KfActorPlacement	spawn_chance	u8	numeric		include/kf/game_actor.h:275;src/game/actor_pool.c:67	copied to KfActor.spawn_chance
include/kf/game_actor.h:276	KfActorPlacement	death_drop_object_id	KfMapObjectId	typed_enum		include/kf/game_actor.h:276;src/game/actor_pool.c:68	Same enum type is already enforced by the strict C++ view; this verdict does not certify completeness of its enumerator list.
include/kf/game_actor.h:277	KfActorPlacement	unknown_07	u8[3]	unresolved		include/kf/game_actor.h:277	not read by the loader
include/kf/game_actor.h:278	KfActorPlacement	local_z	s16	numeric		include/kf/game_actor.h:278;src/game/actor_pool.c:69	local offset along z
include/kf/game_actor.h:279	KfActorPlacement	local_x	s16	numeric		include/kf/game_actor.h:279;src/game/actor_pool.c:70	local offset along x
include/kf/game_actor.h:280	KfActorPlacement	unknown_0e	u8[2]	unresolved		include/kf/game_actor.h:280	not read by the loader
include/kf/game_actor.h:284	KfActor	slot_state	KfActorSlotState	typed_enum		include/kf/game_actor.h:284;src/game/actor.c:94;src/game/actor.c:166;src/game/actor.c:167;src/game/actor.c:168;src/game/actor.c:233;src/game/actor.c:256;src/game/actor.c:264;src/game/actor.c:282;src/game/actor.c:727;src/game/actor.c:873;src/game/actor_behavior.c:240;src/game/actor_behavior.c:261;src/game/actor_behavior.c:962;src/game/actor_behavior.c:1041;src/game/actor_behavior.c:1043;src/game/actor_pool.c:20;src/game/actor_pool.c:52;src/game/actor_pool.c:56;src/game/actor_pool.c:57;src/game/map_events.c:219;src/game/map_scripts.c:89	Same enum type is already enforced by the strict C++ view; this verdict does not certify completeness of its enumerator list.
include/kf/game_actor.h:285	KfActor	definition_id	u8	numeric		include/kf/game_actor.h:285;src/game/actor.c:165;src/game/actor.c:263;src/game/actor.c:282;src/game/actor.c:326;src/game/actor.c:331;src/game/actor.c:435;src/game/actor.c:632;src/game/actor.c:654;src/game/actor.c:656;src/game/actor.c:704;src/game/actor_behavior.c:952;src/game/actor_behavior.c:1035;src/game/actor_pool.c:58;src/game/collision.c:114;src/game/effect_dispatch.c:514;src/game/entity_model_render.c:48;src/game/player_use_item.c:36;src/game/player_use_item.c:37;src/game/player_warp.c:284	index into actor definitions
include/kf/game_actor.h:286	KfActor	culling_mode	KfActorCullingMode	typed_enum		include/kf/game_actor.h:286;src/game/actor.c:267;src/game/actor_pool.c:60;src/game/actor_pool.c:62;src/game/render_scene.c:57	Same enum type is already enforced by the strict C++ view; this verdict does not certify completeness of its enumerator list.
include/kf/game_actor.h:287	KfActor	heading_quadrant	KfActorHeadingQuadrant	typed_enum		include/kf/game_actor.h:287;src/game/actor.c:169;src/game/actor_behavior.c:1221;src/game/actor_pool.c:64	Same enum type is already enforced by the strict C++ view; this verdict does not certify completeness of its enumerator list.
include/kf/game_actor.h:288	KfActor	tile_z	u8	numeric		include/kf/game_actor.h:288;src/game/actor.c:193;src/game/actor.c:216;src/game/actor.c:265;src/game/actor_behavior.c:284;src/game/actor_behavior.c:305;src/game/actor_behavior.c:1216;src/game/actor_pool.c:65;src/game/actor_pool.c:72;src/game/actor_pool.c:76;src/game/map_scripts.c:90	map tile z; world position.z = tile_z * 2000 + local_z (actor_initialize_slot, actor_pool_load_placements)
include/kf/game_actor.h:289	KfActor	tile_x	u8	numeric		include/kf/game_actor.h:289;src/game/actor.c:189;src/game/actor.c:212;src/game/actor.c:266;src/game/actor_behavior.c:282;src/game/actor_behavior.c:303;src/game/actor_behavior.c:1215;src/game/actor_pool.c:66;src/game/actor_pool.c:73;src/game/actor_pool.c:75;src/game/map_scripts.c:89	map tile x; world position.x = tile_x * 2000 + local_x
include/kf/game_actor.h:290	KfActor	lifecycle	KfActorLifecycle	typed_enum		include/kf/game_actor.h:290;src/game/actor.c:157;src/game/actor.c:211;src/game/actor.c:234;src/game/actor.c:283;src/game/actor.c:287;src/game/actor.c:426;src/game/actor.c:534;src/game/actor.c:620;src/game/actor.c:873;src/game/actor_behavior.c:265;src/game/actor_behavior.c:315;src/game/actor_behavior.c:329;src/game/actor_behavior.c:344;src/game/actor_behavior.c:821;src/game/actor_behavior.c:1042;src/game/actor_behavior.c:1044;src/game/actor_behavior.c:1046;src/game/actor_pool.c:22;src/game/actor_pool.c:53;src/game/actor_pool.c:71;src/game/map_events.c:222;src/game/map_load.c:72;src/game/map_load.c:145;src/game/map_scripts.c:122;src/game/render_scene.c:54	Same enum type is already enforced by the strict C++ view; this verdict does not certify completeness of its enumerator list.
include/kf/game_actor.h:291	KfActor	spawn_chance	u8	numeric		include/kf/game_actor.h:291;src/game/actor_behavior.c:280;src/game/actor_behavior.c:300;src/game/actor_pool.c:67	placement chance shifted by 7 and compared with rand in actor awareness
include/kf/game_actor.h:292	KfActor	action	KfActorAction	typed_enum		include/kf/game_actor.h:292;src/game/actor.c:163;src/game/actor.c:242;src/game/actor.c:339;src/game/actor.c:342;src/game/actor.c:378;src/game/actor.c:429;src/game/actor.c:537;src/game/actor.c:623;src/game/actor.c:626;src/game/actor.c:723;src/game/actor.c:724;src/game/actor.c:762;src/game/actor.c:763;src/game/actor.c:805;src/game/actor.c:806;src/game/actor.c:842;src/game/actor.c:843;src/game/actor_behavior.c:119;src/game/actor_behavior.c:245;src/game/actor_behavior.c:865;src/game/actor_behavior.c:980;src/game/actor_behavior.c:997	Same enum type is already enforced by the strict C++ view; this verdict does not certify completeness of its enumerator list.
include/kf/game_actor.h:293	KfActor	death_drop_object_id	KfMapObjectId	typed_enum		include/kf/game_actor.h:293;src/game/actor_behavior.c:971;src/game/actor_behavior.c:974;src/game/actor_pool.c:68	Same enum type is already enforced by the strict C++ view; this verdict does not certify completeness of its enumerator list.
include/kf/game_actor.h:294	KfActor	animation_id	KfAnimationClip	typed_enum		include/kf/game_actor.h:294;src/game/actor.c:158;src/game/actor_behavior.c:691;src/game/actor_behavior.c:869;src/game/actor_behavior.c:877;src/game/actor_behavior.c:878;src/game/actor_behavior.c:892;src/game/actor_behavior.c:893;src/game/actor_behavior.c:927;src/game/actor_behavior.c:947;src/game/actor_behavior.c:988;src/game/actor_behavior.c:989;src/game/actor_behavior.c:1013;src/game/actor_behavior.c:1055;src/game/actor_behavior.c:1120;src/game/actor_behavior.c:1144;src/game/actor_behavior.c:1168;src/game/actor_behavior.c:1204;src/game/actor_behavior.c:1205;src/game/actor_behavior.c:1224;src/game/actor_behavior.c:1230;src/game/actor_behavior.c:1247;src/game/entity_model_render.c:53	Same enum type is already enforced by the strict C++ view; this verdict does not certify completeness of its enumerator list.
include/kf/game_actor.h:295	KfActor	vertical_state	KfActorVerticalState	typed_enum		include/kf/game_actor.h:295;src/game/actor.c:162;src/game/actor.c:379;src/game/actor_behavior.c:375;src/game/actor_behavior.c:431;src/game/actor_behavior.c:432;src/game/actor_behavior.c:435;src/game/actor_behavior.c:436;src/game/actor_behavior.c:444;src/game/actor_behavior.c:445;src/game/actor_behavior.c:448;src/game/actor_behavior.c:449;src/game/actor_behavior.c:1059;src/game/actor_behavior.c:1063;src/game/actor_behavior.c:1089;src/game/actor_behavior.c:1090;src/game/actor_behavior.c:1101;src/game/actor_behavior.c:1174;src/game/actor_behavior.c:1277;src/game/actor_behavior.c:1288;src/game/actor_behavior.c:1318;src/game/actor_behavior.c:1327	Same enum type is already enforced by the strict C++ view; this verdict does not certify completeness of its enumerator list.
include/kf/game_actor.h:296	KfActor	unknown_0c	u8[2]	unresolved		include/kf/game_actor.h:296	meaning unresolved
include/kf/game_actor.h:297	KfActor	local_z	s16	numeric		include/kf/game_actor.h:297;src/game/actor.c:195;src/game/actor.c:218;src/game/actor_behavior.c:284;src/game/actor_behavior.c:305;src/game/actor_behavior.c:1216;src/game/actor_pool.c:69;src/game/actor_pool.c:72	local offset along z added to tile_z * 2000
include/kf/game_actor.h:298	KfActor	local_x	s16	numeric		include/kf/game_actor.h:298;src/game/actor.c:191;src/game/actor.c:214;src/game/actor_behavior.c:282;src/game/actor_behavior.c:303;src/game/actor_behavior.c:1215;src/game/actor_pool.c:70;src/game/actor_pool.c:73	local offset along x added to tile_x * 2000
include/kf/game_actor.h:299	KfActor	animation_phase	u16	numeric		include/kf/game_actor.h:299;src/game/actor.c:159;src/game/actor.c:339;src/game/actor.c:667;src/game/actor.c:680;src/game/actor.c:681;src/game/actor.c:683;src/game/actor.c:685;src/game/actor.c:692;src/game/actor.c:693;src/game/actor_behavior.c:692;src/game/actor_behavior.c:698;src/game/actor_behavior.c:818;src/game/actor_behavior.c:819;src/game/actor_behavior.c:829;src/game/actor_behavior.c:837;src/game/actor_behavior.c:870;src/game/actor_behavior.c:879;src/game/actor_behavior.c:894;src/game/actor_behavior.c:928;src/game/actor_behavior.c:932;src/game/actor_behavior.c:948;src/game/actor_behavior.c:979;src/game/actor_behavior.c:981;src/game/actor_behavior.c:990;src/game/actor_behavior.c:1014;src/game/actor_behavior.c:1018;src/game/actor_behavior.c:1019;src/game/actor_behavior.c:1022;src/game/actor_behavior.c:1056;src/game/actor_behavior.c:1070;src/game/actor_behavior.c:1071;src/game/actor_behavior.c:1072;src/game/actor_behavior.c:1121;src/game/actor_behavior.c:1125;src/game/actor_behavior.c:1126;src/game/actor_behavior.c:1129;src/game/actor_behavior.c:1145;src/game/actor_behavior.c:1169;src/game/actor_behavior.c:1206;src/game/actor_behavior.c:1229;src/game/actor_behavior.c:1248;src/game/actor_behavior.c:1263;src/game/actor_behavior.c:1320;src/game/entity_model_render.c:54	animation phase/progress
include/kf/game_actor.h:300	KfActor	health	u16	numeric		include/kf/game_actor.h:300;src/game/actor.c:165;src/game/actor.c:335;src/game/actor.c:371;src/game/actor.c:382;src/game/actor.c:397	current actor health
include/kf/game_actor.h:301	KfActor	cell_x	u16	numeric		include/kf/game_actor.h:301;src/game/actor.c:128;src/game/actor.c:138;src/game/actor.c:173;src/game/actor.c:765;src/game/actor_behavior.c:409;src/game/actor_behavior.c:456;src/game/actor_behavior.c:677;src/game/actor_behavior.c:802;src/game/actor_behavior.c:864;src/game/actor_behavior.c:1057;src/game/actor_behavior.c:1336;src/game/actor_pool.c:75;src/game/magic.c:99;src/game/render_scene.c:66;src/game/render_scene.c:79	map cell x; every band load is lhu
include/kf/game_actor.h:302	KfActor	cell_z	u16	numeric		include/kf/game_actor.h:302;src/game/actor.c:129;src/game/actor.c:139;src/game/actor.c:173;src/game/actor.c:765;src/game/actor_behavior.c:393;src/game/actor_behavior.c:457;src/game/actor_behavior.c:678;src/game/actor_behavior.c:803;src/game/actor_behavior.c:864;src/game/actor_behavior.c:1057;src/game/actor_behavior.c:1336;src/game/actor_pool.c:76;src/game/magic.c:99;src/game/render_scene.c:60;src/game/render_scene.c:74	map cell z; every band load is lhu
include/kf/game_actor.h:303	KfActor	unknown_1a	s16	unresolved		include/kf/game_actor.h:303	meaning unresolved
include/kf/game_actor.h:304	KfActor	position	VECTOR	aggregate		include/kf/game_actor.h:304;src/game/actor.c:128;src/game/actor.c:129;src/game/actor.c:135;src/game/actor.c:136;src/game/actor.c:137;src/game/actor.c:495;src/game/actor.c:496;src/game/actor.c:549;src/game/actor.c:581;src/game/actor.c:585;src/game/actor.c:593;src/game/actor.c:706;src/game/actor.c:709;src/game/actor.c:748;src/game/actor.c:749;src/game/actor.c:766;src/game/actor.c:790;src/game/actor.c:791;src/game/actor.c:822;src/game/actor.c:823;src/game/actor.c:860;src/game/actor.c:861;src/game/actor_behavior.c:365;src/game/actor_behavior.c:380;src/game/actor_behavior.c:392;src/game/actor_behavior.c:398;src/game/actor_behavior.c:408;src/game/actor_behavior.c:454;src/game/actor_behavior.c:455;src/game/actor_behavior.c:541;src/game/actor_behavior.c:542;src/game/actor_behavior.c:543;src/game/actor_behavior.c:632;src/game/actor_behavior.c:633;src/game/actor_behavior.c:638;src/game/actor_behavior.c:639;src/game/actor_behavior.c:655;src/game/actor_behavior.c:656;src/game/actor_behavior.c:660;src/game/actor_behavior.c:674;src/game/actor_behavior.c:675;src/game/actor_behavior.c:677;src/game/actor_behavior.c:678;src/game/actor_behavior.c:757;src/game/actor_behavior.c:758;src/game/actor_behavior.c:759;src/game/actor_behavior.c:768;src/game/actor_behavior.c:774;src/game/actor_behavior.c:775;src/game/actor_behavior.c:782;src/game/actor_behavior.c:784;src/game/actor_behavior.c:792;src/game/actor_behavior.c:793;src/game/actor_behavior.c:802;src/game/actor_behavior.c:803;src/game/actor_behavior.c:830;src/game/actor_behavior.c:831;src/game/actor_behavior.c:832;src/game/actor_behavior.c:897;src/game/actor_behavior.c:898;src/game/actor_behavior.c:910;src/game/actor_behavior.c:911;src/game/actor_behavior.c:960;src/game/actor_behavior.c:968;src/game/actor_behavior.c:975;src/game/actor_behavior.c:993;src/game/actor_behavior.c:994;src/game/actor_behavior.c:1093;src/game/actor_behavior.c:1094;src/game/actor_behavior.c:1095;src/game/actor_behavior.c:1148;src/game/actor_behavior.c:1150;src/game/actor_behavior.c:1151;src/game/actor_behavior.c:1157;src/game/actor_behavior.c:1158;src/game/actor_behavior.c:1210;src/game/actor_behavior.c:1217;src/game/actor_behavior.c:1218;src/game/actor_behavior.c:1238;src/game/actor_behavior.c:1281;src/game/actor_behavior.c:1282;src/game/actor_behavior.c:1287;src/game/actor_behavior.c:1292;src/game/actor_behavior.c:1297;src/game/actor_behavior.c:1298;src/game/actor_behavior.c:1304;src/game/actor_behavior.c:1306;src/game/actor_behavior.c:1308;src/game/actor_behavior.c:1324;src/game/actor_pool.c:72;src/game/actor_pool.c:73;src/game/actor_pool.c:74;src/game/collision.c:116;src/game/effect_dispatch.c:517;src/game/effect_dispatch.c:518;src/game/effect_dispatch.c:521;src/game/entity_model_render.c:35;src/game/entity_model_render.c:36;src/game/entity_model_render.c:37;src/game/magic.c:102;src/game/magic.c:105;src/game/magic.c:146;src/game/player_warp.c:279;src/game/player_warp.c:287	Nested record/union or record array; project-owned child fields are separately listed. SDK children retain their SDK declarations.
include/kf/game_actor.h:305	KfActor	rotation	KfRotation	aggregate		include/kf/game_actor.h:305;src/game/actor.c:149;src/game/actor.c:150;src/game/actor.c:151;src/game/actor.c:169;src/game/actor.c:171;src/game/actor.c:497;src/game/actor.c:746;src/game/actor.c:788;src/game/actor.c:820;src/game/actor.c:858;src/game/actor_behavior.c:415;src/game/actor_behavior.c:472;src/game/actor_behavior.c:474;src/game/actor_behavior.c:476;src/game/actor_behavior.c:536;src/game/actor_behavior.c:537;src/game/actor_behavior.c:538;src/game/actor_behavior.c:544;src/game/actor_behavior.c:603;src/game/actor_behavior.c:605;src/game/actor_behavior.c:634;src/game/actor_behavior.c:635;src/game/actor_behavior.c:1152;src/game/actor_behavior.c:1189;src/game/actor_behavior.c:1222;src/game/actor_behavior.c:1223;src/game/actor_behavior.c:1227;src/game/collision.c:117;src/game/entity_model_render.c:39;src/game/entity_model_render.c:40;src/game/player_warp.c:280;src/game/player_warp.c:288	Nested record/union or record array; project-owned child fields are separately listed. SDK children retain their SDK declarations.
include/kf/game_actor.h:306	KfActor	animation_cache	struct KfPoolRecord *	pointer		include/kf/game_actor.h:306;src/game/actor.c:235;src/game/entity_model_render.c:53	Address or pointer table; not a finite selector.
include/kf/game_actor.h:307	KfActor	action_progress	KfActorActionProgress	typed_enum		include/kf/game_actor.h:307;src/game/actor.c:164;src/game/actor.c:243;src/game/actor.c:723;src/game/actor.c:762;src/game/actor.c:805;src/game/actor.c:842;src/game/actor_behavior.c:125;src/game/actor_behavior.c:128;src/game/actor_behavior.c:245;src/game/actor_behavior.c:689;src/game/actor_behavior.c:690;src/game/actor_behavior.c:699;src/game/actor_behavior.c:771;src/game/actor_behavior.c:820;src/game/actor_behavior.c:867;src/game/actor_behavior.c:868;src/game/actor_behavior.c:875;src/game/actor_behavior.c:876;src/game/actor_behavior.c:889;src/game/actor_behavior.c:891;src/game/actor_behavior.c:903;src/game/actor_behavior.c:915;src/game/actor_behavior.c:916;src/game/actor_behavior.c:918;src/game/actor_behavior.c:925;src/game/actor_behavior.c:926;src/game/actor_behavior.c:933;src/game/actor_behavior.c:945;src/game/actor_behavior.c:946;src/game/actor_behavior.c:982;src/game/actor_behavior.c:986;src/game/actor_behavior.c:987;src/game/actor_behavior.c:1011;src/game/actor_behavior.c:1012;src/game/actor_behavior.c:1023;src/game/actor_behavior.c:1040;src/game/actor_behavior.c:1050;src/game/actor_behavior.c:1053;src/game/actor_behavior.c:1054;src/game/actor_behavior.c:1075;src/game/actor_behavior.c:1079;src/game/actor_behavior.c:1085;src/game/actor_behavior.c:1104;src/game/actor_behavior.c:1118;src/game/actor_behavior.c:1119;src/game/actor_behavior.c:1130;src/game/actor_behavior.c:1142;src/game/actor_behavior.c:1143;src/game/actor_behavior.c:1161;src/game/actor_behavior.c:1166;src/game/actor_behavior.c:1167;src/game/actor_behavior.c:1202;src/game/actor_behavior.c:1203;src/game/actor_behavior.c:1245;src/game/actor_behavior.c:1246;src/game/actor_behavior.c:1264	Same enum type is already enforced by the strict C++ view; this verdict does not certify completeness of its enumerator list.
include/kf/game_actor.h:308	KfActor	collision_state	KfActorCollisionState	typed_enum		include/kf/game_actor.h:308;src/game/actor.c:160;src/game/actor_behavior.c:378;src/game/actor_behavior.c:394;src/game/actor_behavior.c:410;src/game/actor_behavior.c:413;src/game/actor_behavior.c:453;src/game/actor_behavior.c:470;src/game/actor_behavior.c:882;src/game/actor_behavior.c:1211	Same enum type is already enforced by the strict C++ view; this verdict does not certify completeness of its enumerator list.
include/kf/game_actor.h:309	KfActor	movement_yaw	s16	numeric		include/kf/game_actor.h:309;src/game/actor_behavior.c:388;src/game/actor_behavior.c:390;src/game/actor_behavior.c:404;src/game/actor_behavior.c:406;src/game/actor_behavior.c:412;src/game/actor_behavior.c:415;src/game/actor_behavior.c:416;src/game/actor_behavior.c:472;src/game/actor_behavior.c:474;src/game/actor_behavior.c:631;src/game/actor_behavior.c:634;src/game/actor_behavior.c:635;src/game/actor_behavior.c:640;src/game/actor_behavior.c:881;src/game/actor_behavior.c:883;src/game/actor_behavior.c:896;src/game/actor_behavior.c:909;src/game/actor_behavior.c:992;src/game/actor_behavior.c:1173;src/game/actor_behavior.c:1179;src/game/actor_behavior.c:1180;src/game/actor_behavior.c:1181;src/game/actor_behavior.c:1184;src/game/actor_behavior.c:1185;src/game/actor_behavior.c:1186;src/game/actor_behavior.c:1189;src/game/actor_behavior.c:1209;src/game/actor_behavior.c:1221;src/game/actor_behavior.c:1223;src/game/actor_behavior.c:1227;src/game/actor_behavior.c:1237	movement heading
include/kf/game_actor.h:310	KfActor	animation_step	s16	numeric		include/kf/game_actor.h:310;src/game/actor.c:663;src/game/actor.c:665;src/game/actor.c:676;src/game/actor.c:678;src/game/actor.c:693;src/game/actor_behavior.c:1061;src/game/actor_behavior.c:1065;src/game/actor_behavior.c:1070	animation increment
include/kf/game_actor.h:311	KfActor	vertical_velocity	s16	numeric		include/kf/game_actor.h:311;src/game/actor.c:161;src/game/actor.c:380;src/game/actor_behavior.c:433;src/game/actor_behavior.c:437;src/game/actor_behavior.c:446;src/game/actor_behavior.c:450;src/game/actor_behavior.c:1060;src/game/actor_behavior.c:1064;src/game/actor_behavior.c:1077;src/game/actor_behavior.c:1091;src/game/actor_behavior.c:1102;src/game/actor_behavior.c:1175;src/game/actor_behavior.c:1282;src/game/actor_behavior.c:1289;src/game/actor_behavior.c:1293;src/game/actor_behavior.c:1298;src/game/actor_behavior.c:1304;src/game/actor_behavior.c:1319;src/game/actor_behavior.c:1328	vertical velocity
include/kf/game_actor.h:312	KfActor	movement_x	s16	numeric		include/kf/game_actor.h:312;src/game/actor_behavior.c:642;src/game/actor_behavior.c:655;src/game/actor_behavior.c:667;src/game/actor_behavior.c:671;src/game/actor_behavior.c:725;src/game/actor_behavior.c:726;src/game/actor_behavior.c:727;src/game/actor_behavior.c:730;src/game/actor_behavior.c:731;src/game/actor_behavior.c:732;src/game/actor_behavior.c:757;src/game/actor_behavior.c:780;src/game/actor_behavior.c:1172	x movement component
include/kf/game_actor.h:313	KfActor	movement_z	s16	numeric		include/kf/game_actor.h:313;src/game/actor_behavior.c:643;src/game/actor_behavior.c:656;src/game/actor_behavior.c:668;src/game/actor_behavior.c:670;src/game/actor_behavior.c:736;src/game/actor_behavior.c:737;src/game/actor_behavior.c:738;src/game/actor_behavior.c:741;src/game/actor_behavior.c:742;src/game/actor_behavior.c:743;src/game/actor_behavior.c:758;src/game/actor_behavior.c:799;src/game/actor_behavior.c:1171	z movement component
include/kf/game_actor.h:314	KfActor	movement_y	s16	numeric		include/kf/game_actor.h:314;src/game/actor_behavior.c:747;src/game/actor_behavior.c:748;src/game/actor_behavior.c:749;src/game/actor_behavior.c:752;src/game/actor_behavior.c:753;src/game/actor_behavior.c:754;src/game/actor_behavior.c:759;src/game/actor_behavior.c:789;src/game/actor_behavior.c:1170	y movement component
include/kf/game_actor.h:315	KfActor	unknown_46	u8[2]	unresolved		include/kf/game_actor.h:315	meaning unresolved
include/kf/game_actor.h:343	KfActorState	definitions	KfActorDefinitionTable	aggregate		include/kf/game_actor.h:343;src/game/actor.c:165;src/game/actor.c:278;src/game/actor.c:326;src/game/actor.c:435;src/game/actor.c:632;src/game/actor.c:654;src/game/actor_pool.c:89;src/game/actor_pool.c:90;src/game/collision.c:114;src/game/effect_dispatch.c:514;src/game/entity_model_render.c:48;src/game/map_load.c:176;src/game/map_load.c:177;src/game/map_load.c:178;src/game/map_load.c:179;src/game/map_load.c:180;src/game/map_scripts.c:202;src/game/map_scripts.c:203;src/game/map_scripts.c:204;src/game/map_scripts.c:205;src/game/map_scripts.c:206	Nested record/union or record array; project-owned child fields are separately listed. SDK children retain their SDK declarations.
include/kf/game_actor.h:344	KfActorState	actors	KfActor[128]	aggregate		include/kf/game_actor.h:344;src/game/actor.c:89;src/game/actor.c:206;src/game/actor.c:229;src/game/actor.c:252;src/game/actor.c:277;src/game/actor.c:325;src/game/actor.c:416;src/game/actor.c:527;src/game/actor.c:615;src/game/actor.c:653;src/game/actor.c:869;src/game/actor_pool.c:15;src/game/actor_pool.c:40;src/game/collision.c:113;src/game/map_events.c:217;src/game/map_load.c:68;src/game/map_load.c:145;src/game/map_scripts.c:85;src/game/map_scripts.c:122;src/game/player_update.c:465;src/game/render_scene.c:51	Nested record/union or record array; project-owned child fields are separately listed. SDK children retain their SDK declarations.
include/kf/game_actor.h:345	KfActorState	player_position	VECTOR	aggregate		include/kf/game_actor.h:345;src/game/actor.c:118;src/game/actor.c:482;src/game/actor.c:483;src/game/actor.c:484;src/game/actor.c:495;src/game/actor.c:496;src/game/actor.c:748;src/game/actor.c:749;src/game/actor.c:790;src/game/actor.c:791;src/game/actor.c:822;src/game/actor.c:823;src/game/actor.c:860;src/game/actor.c:861;src/game/actor_behavior.c:269;src/game/actor_behavior.c:271;src/game/actor_behavior.c:322;src/game/actor_behavior.c:324;src/game/actor_behavior.c:337;src/game/actor_behavior.c:339;src/game/actor_behavior.c:563;src/game/actor_behavior.c:564;src/game/actor_behavior.c:568;src/game/actor_behavior.c:572;src/game/actor_behavior.c:632;src/game/actor_behavior.c:633;src/game/actor_behavior.c:638;src/game/actor_behavior.c:639;src/game/actor_behavior.c:702;src/game/actor_behavior.c:704;src/game/actor_behavior.c:897;src/game/actor_behavior.c:898;src/game/actor_behavior.c:910;src/game/actor_behavior.c:911;src/game/actor_behavior.c:936;src/game/actor_behavior.c:938;src/game/actor_behavior.c:993;src/game/actor_behavior.c:994;src/game/actor_behavior.c:1000;src/game/actor_behavior.c:1002;src/game/actor_behavior.c:1026;src/game/actor_behavior.c:1028;src/game/actor_behavior.c:1107;src/game/actor_behavior.c:1109;src/game/actor_behavior.c:1133;src/game/actor_behavior.c:1135;src/game/actor_behavior.c:1267;src/game/actor_behavior.c:1269	Nested record/union or record array; project-owned child fields are separately listed. SDK children retain their SDK declarations.
include/kf/game_actor.h:346	KfActorState	player_rotation	SVECTOR	aggregate		include/kf/game_actor.h:346;src/game/actor.c:121	Nested record/union or record array; project-owned child fields are separately listed. SDK children retain their SDK declarations.
include/kf/game_actor.h:347	KfActorState	current_definition	KfActorDefinition *	pointer		include/kf/game_actor.h:347;src/game/actor.c:474;src/game/actor.c:654;src/game/actor_behavior.c:118;src/game/actor_behavior.c:260;src/game/actor_behavior.c:359;src/game/actor_behavior.c:466;src/game/actor_behavior.c:495;src/game/actor_behavior.c:657;src/game/actor_behavior.c:686;src/game/actor_behavior.c:720;src/game/actor_behavior.c:811;src/game/actor_behavior.c:852	Address or pointer table; not a finite selector.
include/kf/game_actor.h:348	KfActorState	current	KfActor *	pointer		include/kf/game_actor.h:348;src/game/actor.c:184;src/game/actor.c:432;src/game/actor.c:475;src/game/actor.c:540;src/game/actor.c:629;src/game/actor.c:652;src/game/actor.c:699;src/game/actor.c:720;src/game/actor.c:759;src/game/actor.c:802;src/game/actor.c:835;src/game/actor_behavior.c:117;src/game/actor_behavior.c:259;src/game/actor_behavior.c:358;src/game/actor_behavior.c:465;src/game/actor_behavior.c:494;src/game/actor_behavior.c:627;src/game/actor_behavior.c:650;src/game/actor_behavior.c:685;src/game/actor_behavior.c:719;src/game/actor_behavior.c:810;src/game/actor_behavior.c:851	Address or pointer table; not a finite selector.
include/kf/game_actor.h:349	KfActorState	current_index	u16	numeric		include/kf/game_actor.h:349;src/game/actor.c:655	index of the actor being updated
include/kf/game_actor.h:350	KfActorState	current_definition_id	u16	numeric		include/kf/game_actor.h:350;src/game/actor.c:656	definition id of the actor being updated
include/kf/game_actor.h:351	KfActorState	player_target	KfActor *	pointer		include/kf/game_actor.h:351;src/game/actor.c:769;src/game/actor.c:770;src/game/magic.c:84;src/game/player_update.c:447;src/game/player_update.c:461	Address or pointer table; not a finite selector.
include/kf/game_asset.h:20	KfAssetHeader	byte_size	u32	numeric		include/kf/game_asset.h:20;src/game/asset_registry.c:22	byte extent used to advance to the next packed asset
include/kf/game_asset.h:21	KfAssetHeader	animation_clip_count	s32	numeric		include/kf/game_asset.h:21;src/game/map_scripts.c:533;src/game/pool.c:89	clip-table entry count agrees with independent table extents in all 70 animated assets; zero in 99 static assets; retail retains a signed comparison below two
include/kf/game_asset.h:22	KfAssetHeader	tmd_data_offset	u32	numeric		include/kf/game_asset.h:22;src/game/asset_registry.c:40	byte offset from header to TMD payload
include/kf/game_asset.h:23	KfAssetHeader	object_table_offset	u32	numeric		include/kf/game_asset.h:23;src/game/pool.c:162	byte offset from header to animation object-offset table
include/kf/game_asset.h:24	KfAssetHeader	clip_table_offset	u32	numeric		include/kf/game_asset.h:24;src/game/pool.c:130	byte offset from header to animation clip-offset table
include/kf/game_cd.h:20	KfCdFileEntry	minute	u8	numeric		include/kf/game_cd.h:20;src/game/cd_file.c:68	CdlLOC minute of the file
include/kf/game_cd.h:21	KfCdFileEntry	second	u8	numeric		include/kf/game_cd.h:21;src/game/cd_file.c:69	CdlLOC second of the file
include/kf/game_cd.h:22	KfCdFileEntry	sector	u8	numeric		include/kf/game_cd.h:22;src/game/cd_file.c:70	CdlLOC sector of the file
include/kf/game_cd.h:23	KfCdFileEntry	track	u8	numeric		include/kf/game_cd.h:23	CdlLOC track of the file
include/kf/game_cd.h:24	KfCdFileEntry	size	u32	numeric		include/kf/game_cd.h:24;src/game/cd_file.c:66;src/game/cd_file.c:75;src/game/item.c:122;src/game/item.c:123;src/game/item.c:124	file size in bytes; func_8001ae60 reads it as the CdRead sector count
include/kf/game_cd.h:25	KfCdFileEntry	name	u8[12]	encoded_content		include/kf/game_cd.h:25	Glyph, text, image or signature content; not a game selector.
include/kf/game_collision.h:50	KfCollisionTarget	position	VECTOR	aggregate		include/kf/game_collision.h:50;src/game/collision.c:102;src/game/collision.c:116;src/game/collision.c:130;src/game/collision.c:145;src/game/player_core.c:374;src/game/player_core.c:375;src/game/player_core.c:386;src/game/player_core.c:388	Nested record/union or record array; project-owned child fields are separately listed. SDK children retain their SDK declarations.
include/kf/game_collision.h:51	KfCollisionTarget	rotation	SVECTOR	aggregate		include/kf/game_collision.h:51;src/game/collision.c:103;src/game/collision.c:117;src/game/collision.c:131;src/game/collision.c:146	Nested record/union or record array; project-owned child fields are separately listed. SDK children retain their SDK declarations.
include/kf/game_collision.h:52	KfCollisionTarget	radius	u16	numeric		include/kf/game_collision.h:52;src/game/collision.c:104;src/game/collision.c:118;src/game/collision.c:132;src/game/collision.c:147;src/game/player_core.c:381	collision radius selected from the matching object family
include/kf/game_collision.h:53	KfCollisionTarget	unknown_1a	u8[6]	unresolved		include/kf/game_collision.h:53	unaccessed tail before the next independently referenced state
include/kf/game_collision.h:60	KfCellHeightRecord	x_min	s16	numeric		include/kf/game_collision.h:60;src/game/effect_map_collision.c:59	inclusive lower oriented cell-coordinate bound
include/kf/game_collision.h:61	KfCellHeightRecord	y_min	s16	numeric		include/kf/game_collision.h:61;src/game/effect_map_collision.c:50	inclusive lower floor-relative height bound
include/kf/game_collision.h:62	KfCellHeightRecord	x_max	s16	numeric		include/kf/game_collision.h:62;src/game/effect_map_collision.c:59	inclusive upper oriented cell-coordinate bound
include/kf/game_collision.h:63	KfCellHeightRecord	y_max	s16	numeric		include/kf/game_collision.h:63;src/game/effect_map_collision.c:50	inclusive upper floor-relative height bound
include/kf/game_effect.h:202	KfEffectDirectionWords	x	u16	numeric		include/kf/game_effect.h:202;src/game/effect_dispatch.c:226;src/game/effect_dispatch.c:377;src/game/effect_dispatch.c:423;src/game/effect_dispatch.c:486;src/game/effect_dispatch.c:487;src/game/effect_dispatch.c:507;src/game/effect_dispatch.c:524;src/game/effect_dispatch.c:526;src/game/effect_dispatch.c:533;src/game/effect_dispatch.c:726;src/game/effect_dispatch.c:801;src/game/effect_dispatch.c:802;src/game/effect_dispatch.c:821;src/game/effect_dispatch.c:824;src/game/effect_dispatch.c:825;src/game/effect_pool.c:283;src/game/effect_pool.c:296;src/game/effect_pool.c:309;src/game/effect_pool.c:435;src/game/effect_update.c:81;src/game/effect_update.c:92;src/game/effect_update.c:95;src/game/effect_update.c:98;src/game/effect_update.c:100;src/game/effect_update.c:103;src/game/effect_update.c:128;src/game/effect_update.c:223;src/game/effect_update.c:225	low X component bits or kind-dependent unsigned state
include/kf/game_effect.h:203	KfEffectDirectionWords	y	u16	numeric		include/kf/game_effect.h:203;src/game/effect_dispatch.c:214;src/game/effect_dispatch.c:227;src/game/effect_dispatch.c:343;src/game/effect_dispatch.c:344;src/game/effect_dispatch.c:378;src/game/effect_dispatch.c:424;src/game/effect_dispatch.c:488;src/game/effect_dispatch.c:489;src/game/effect_dispatch.c:498;src/game/effect_dispatch.c:516;src/game/effect_dispatch.c:535;src/game/effect_dispatch.c:812;src/game/effect_dispatch.c:836;src/game/effect_pool.c:282;src/game/effect_pool.c:295;src/game/effect_pool.c:311;src/game/effect_pool.c:429;src/game/effect_update.c:132;src/game/effect_update.c:227;src/game/effect_update.c:229;src/game/effect_update.c:272	low Y component bits or kind-dependent unsigned state
include/kf/game_effect.h:204	KfEffectDirectionWords	z	u16	numeric		include/kf/game_effect.h:204;src/game/effect_dispatch.c:228;src/game/effect_dispatch.c:379;src/game/effect_dispatch.c:425;src/game/effect_dispatch.c:727;src/game/effect_dispatch.c:807;src/game/effect_dispatch.c:811;src/game/effect_dispatch.c:820;src/game/effect_dispatch.c:831;src/game/effect_dispatch.c:835;src/game/effect_pool.c:281;src/game/effect_pool.c:294;src/game/effect_pool.c:310;src/game/effect_pool.c:436;src/game/effect_update.c:130;src/game/effect_update.c:231;src/game/effect_update.c:233	low Z component bits or kind-dependent unsigned state
include/kf/game_effect.h:205	KfEffectDirectionWords	pad	u16	padding		include/kf/game_effect.h:205	Format/SDK padding or reserved bytes; no selector use established.
include/kf/game_effect.h:210	KfEffectDirection	vector	SVECTOR	aggregate		include/kf/game_effect.h:210;src/game/effect_dispatch.c:276;src/game/effect_dispatch.c:284;src/game/effect_dispatch.c:397;src/game/effect_dispatch.c:555;src/game/effect_dispatch.c:559;src/game/effect_pool.c:62;src/game/effect_pool.c:372;src/game/effect_pool.c:388;src/game/effect_update.c:260;src/game/effect_update.c:265;src/game/effect_update.c:282	Nested record/union or record array; project-owned child fields are separately listed. SDK children retain their SDK declarations.
include/kf/game_effect.h:211	KfEffectDirection	words	KfEffectDirectionWords	aggregate		include/kf/game_effect.h:211;src/game/effect_dispatch.c:214;src/game/effect_dispatch.c:226;src/game/effect_dispatch.c:227;src/game/effect_dispatch.c:228;src/game/effect_dispatch.c:277;src/game/effect_dispatch.c:286;src/game/effect_dispatch.c:343;src/game/effect_dispatch.c:344;src/game/effect_dispatch.c:377;src/game/effect_dispatch.c:378;src/game/effect_dispatch.c:379;src/game/effect_dispatch.c:423;src/game/effect_dispatch.c:424;src/game/effect_dispatch.c:425;src/game/effect_dispatch.c:486;src/game/effect_dispatch.c:487;src/game/effect_dispatch.c:488;src/game/effect_dispatch.c:489;src/game/effect_dispatch.c:498;src/game/effect_dispatch.c:507;src/game/effect_dispatch.c:516;src/game/effect_dispatch.c:524;src/game/effect_dispatch.c:526;src/game/effect_dispatch.c:533;src/game/effect_dispatch.c:535;src/game/effect_dispatch.c:726;src/game/effect_dispatch.c:727;src/game/effect_dispatch.c:801;src/game/effect_dispatch.c:802;src/game/effect_dispatch.c:807;src/game/effect_dispatch.c:811;src/game/effect_dispatch.c:812;src/game/effect_dispatch.c:820;src/game/effect_dispatch.c:821;src/game/effect_dispatch.c:824;src/game/effect_dispatch.c:825;src/game/effect_dispatch.c:831;src/game/effect_dispatch.c:835;src/game/effect_dispatch.c:836;src/game/effect_pool.c:281;src/game/effect_pool.c:282;src/game/effect_pool.c:283;src/game/effect_pool.c:294;src/game/effect_pool.c:295;src/game/effect_pool.c:296;src/game/effect_pool.c:309;src/game/effect_pool.c:310;src/game/effect_pool.c:311;src/game/effect_pool.c:429;src/game/effect_pool.c:435;src/game/effect_pool.c:436;src/game/effect_update.c:81;src/game/effect_update.c:92;src/game/effect_update.c:95;src/game/effect_update.c:98;src/game/effect_update.c:100;src/game/effect_update.c:103;src/game/effect_update.c:128;src/game/effect_update.c:130;src/game/effect_update.c:132;src/game/effect_update.c:272	Nested record/union or record array; project-owned child fields are separately listed. SDK children retain their SDK declarations.
include/kf/game_effect.h:216	KfEffectVisualState	animation_phase	u16	numeric		include/kf/game_effect.h:216;src/game/effect_pool.c:68;src/game/entity_render.c:147;src/game/map_object.c:518;src/game/map_object.c:524;src/game/map_object.c:528;src/game/map_object.c:529;src/game/map_object.c:530;src/game/map_object.c:540;src/game/map_object.c:544;src/game/map_object.c:545;src/game/map_object.c:546	model animation phase passed to render_bind_animated_instance
include/kf/game_effect.h:217	KfEffectVisualState	pulse_base_scale	u16	numeric		include/kf/game_effect.h:217;src/game/effect_dispatch.c:271;src/game/effect_dispatch.c:293;src/game/effect_dispatch.c:294;src/game/effect_dispatch.c:298;src/game/effect_dispatch.c:299;src/game/effect_pool.c:204	kind 10 baseline for sinusoidal scale modulation
include/kf/game_effect.h:222	KfEffectControlBytes	low	u8	unresolved		include/kf/game_effect.h:222;src/game/effect_pool.c:319	record +0x38; kinds 0x13/0x14/0x18 write only this byte
include/kf/game_effect.h:223	KfEffectControlBytes	high	u8	unresolved		include/kf/game_effect.h:223;src/game/effect_pool.c:318	record +0x39; kind 0x24 initializes both bytes to 0xff
include/kf/game_effect.h:227	KfEffectControl	frames_remaining	u16	numeric		include/kf/game_effect.h:227;src/game/effect_dispatch.c:237;src/game/effect_dispatch.c:238;src/game/effect_dispatch.c:260;src/game/effect_dispatch.c:268;src/game/effect_dispatch.c:279;src/game/effect_dispatch.c:281;src/game/effect_dispatch.c:285;src/game/effect_dispatch.c:291;src/game/effect_dispatch.c:630;src/game/effect_dispatch.c:631;src/game/effect_dispatch.c:649;src/game/effect_dispatch.c:732;src/game/effect_dispatch.c:737;src/game/effect_pool.c:109;src/game/effect_pool.c:164;src/game/effect_pool.c:190;src/game/effect_pool.c:202	countdown for kinds 4, 6, 9 and 10
include/kf/game_effect.h:228	KfEffectControl	orbit_angle	u16	numeric		include/kf/game_effect.h:228;src/game/effect_pool.c:305;src/game/effect_update.c:129;src/game/effect_update.c:131;src/game/effect_update.c:133;src/game/effect_update.c:134	kind 17 sin/cos angle, advanced by 64 modulo 4096
include/kf/game_effect.h:229	KfEffectControl	parent_effect_index	u8	numeric		include/kf/game_effect.h:229;src/game/effect_dispatch.c:411;src/game/effect_pool.c:336	kind 19 parent pool index; dispatcher uses its low byte
include/kf/game_effect.h:230	KfEffectControl	target_mode	KfEffectHomingMode	typed_enum		include/kf/game_effect.h:230;src/game/effect_dispatch.c:491;src/game/effect_dispatch.c:495;src/game/effect_pool.c:371;src/game/effect_pool.c:387	Same enum type is already enforced by the strict C++ view; this verdict does not certify completeness of its enumerator list.
include/kf/game_effect.h:231	KfEffectControl	bytes	KfEffectControlBytes	aggregate		include/kf/game_effect.h:231;src/game/effect_pool.c:318;src/game/effect_pool.c:319	Nested record/union or record array; project-owned child fields are separately listed. SDK children retain their SDK declarations.
include/kf/game_effect.h:235	KfEffectPropagation	generations_remaining	u16	numeric		include/kf/game_effect.h:235;src/game/effect_dispatch.c:269;src/game/effect_dispatch.c:275;src/game/effect_dispatch.c:278;src/game/effect_dispatch.c:285;src/game/effect_pool.c:201	kind 10 decrements the count passed to its child
include/kf/game_effect.h:236	KfEffectPropagation	branch	KfEffectGroundBranchRole	typed_enum		include/kf/game_effect.h:236;src/game/effect_dispatch.c:632;src/game/effect_dispatch.c:654;src/game/effect_pool.c:165;src/game/effect_pool.c:167	Same enum type is already enforced by the strict C++ view; this verdict does not certify completeness of its enumerator list.
include/kf/game_effect.h:241	KfFloorDeformSegment	column	u8	numeric		include/kf/game_effect.h:241;src/game/effect_update.c:184	starting grid column
include/kf/game_effect.h:242	KfFloorDeformSegment	row	u8	numeric		include/kf/game_effect.h:242;src/game/effect_update.c:185	starting grid row
include/kf/game_effect.h:243	KfFloorDeformSegment	column_step	u8	numeric		include/kf/game_effect.h:243;src/game/effect_update.c:203	Unsigned byte increment added to coordinates modulo 256, including 255 for -1; it is a displacement, not a categorical direction.
include/kf/game_effect.h:244	KfFloorDeformSegment	row_step	u8	numeric		include/kf/game_effect.h:244;src/game/effect_update.c:204	Unsigned byte increment added to coordinates modulo 256, including 255 for -1; it is a displacement, not a categorical direction.
include/kf/game_effect.h:245	KfFloorDeformSegment	cell_count	u8	numeric		include/kf/game_effect.h:245;src/game/effect_update.c:186	line length; count-minus-one loop stops at -1
include/kf/game_effect.h:246	KfFloorDeformSegment	start_height	u8	numeric		include/kf/game_effect.h:246;src/game/effect_update.c:187;src/game/effect_update.c:202	grid height at progress zero
include/kf/game_effect.h:247	KfFloorDeformSegment	end_height	u8	numeric		include/kf/game_effect.h:247;src/game/effect_update.c:183;src/game/effect_update.c:187	grid height at progress 4096; also determines sound Y times -100
include/kf/game_effect.h:260	KfEffectRecord	type	u8	packed_selector_candidate	F6	include/kf/game_effect.h:260;src/game/actor.c:881;src/game/effect_dispatch.c:175;src/game/effect_dispatch.c:181;src/game/effect_dispatch.c:251;src/game/effect_dispatch.c:255;src/game/effect_dispatch.c:284;src/game/effect_dispatch.c:288;src/game/effect_dispatch.c:349;src/game/effect_dispatch.c:358;src/game/effect_dispatch.c:396;src/game/effect_dispatch.c:420;src/game/effect_dispatch.c:441;src/game/effect_dispatch.c:466;src/game/effect_dispatch.c:474;src/game/effect_dispatch.c:554;src/game/effect_dispatch.c:558;src/game/effect_dispatch.c:561;src/game/effect_dispatch.c:577;src/game/effect_dispatch.c:581;src/game/effect_dispatch.c:613;src/game/effect_dispatch.c:623;src/game/effect_dispatch.c:679;src/game/effect_dispatch.c:686;src/game/effect_dispatch.c:696;src/game/effect_dispatch.c:709;src/game/effect_dispatch.c:778;src/game/effect_dispatch.c:828;src/game/effect_map_collision.c:127;src/game/effect_pool.c:39;src/game/effect_pool.c:59;src/game/effect_pool.c:409;src/game/effect_pool.c:433;src/game/effect_update.c:42;src/game/effect_update.c:75;src/game/effect_update.c:141;src/game/effect_update.c:264;src/game/effect_update.c:281;src/game/magic.c:31;src/game/magic.c:177;src/game/player_use_item.c:144;src/game/player_warp.c:106;src/game/render_scene.c:120;docs/patterns/enum-field-review.md#f6	Low two bits select collision targets; bit 0x10 chooses player magic, other class bits affect credit; 0xf0 specialized deformation and 0xff free. Extract typed selector/flag views, not one flat enum.
include/kf/game_effect.h:261	KfEffectRecord	kind	KfEffectKind	typed_enum		include/kf/game_effect.h:261;src/game/actor.c:881;src/game/effect_dispatch.c:135;src/game/effect_pool.c:60;src/game/effect_pool.c:71;src/game/effect_pool.c:73;src/game/effect_pool.c:99;src/game/effect_pool.c:121;src/game/effect_pool.c:140;src/game/effect_pool.c:342;src/game/effect_pool.c:367;src/game/effect_pool.c:432;src/game/effect_pool.c:445;src/game/player_use_item.c:147	Same enum type is already enforced by the strict C++ view; this verdict does not certify completeness of its enumerator list.
include/kf/game_effect.h:262	KfEffectRecord	base_render_id	u8	resource_domain_candidate	F4	include/kf/game_effect.h:262;src/game/effect_dispatch.c:249;src/game/effect_dispatch.c:260;src/game/effect_dispatch.c:322;src/game/effect_dispatch.c:370;src/game/effect_dispatch.c:447;src/game/effect_dispatch.c:448;src/game/effect_dispatch.c:552;src/game/effect_dispatch.c:571;src/game/effect_dispatch.c:572;src/game/effect_dispatch.c:575;src/game/effect_pool.c:76;src/game/effect_pool.c:86;src/game/effect_pool.c:97;src/game/effect_pool.c:102;src/game/effect_pool.c:119;src/game/effect_pool.c:124;src/game/effect_pool.c:138;src/game/effect_pool.c:147;src/game/effect_pool.c:156;src/game/effect_pool.c:173;src/game/effect_pool.c:182;src/game/effect_pool.c:196;src/game/effect_pool.c:210;src/game/effect_pool.c:220;src/game/effect_pool.c:230;src/game/effect_pool.c:243;src/game/effect_pool.c:249;src/game/effect_pool.c:255;src/game/effect_pool.c:266;src/game/effect_pool.c:277;src/game/effect_pool.c:290;src/game/effect_pool.c:300;src/game/effect_pool.c:315;src/game/effect_pool.c:329;src/game/effect_pool.c:340;src/game/effect_pool.c:353;src/game/effect_pool.c:365;src/game/effect_pool.c:382;src/game/effect_pool.c:399;src/game/effect_pool.c:430;docs/patterns/enum-field-review.md#f4	Named billboard/model selectors and 255 NONE; animation_clip selects which bank gives the value meaning. Missing typed render-resource view.
include/kf/game_effect.h:263	KfEffectRecord	render_id	u8	resource_domain_candidate	F4	include/kf/game_effect.h:263;src/game/effect_dispatch.c:259;src/game/effect_dispatch.c:322;src/game/effect_dispatch.c:371;src/game/effect_dispatch.c:446;src/game/effect_dispatch.c:447;src/game/effect_dispatch.c:448;src/game/effect_dispatch.c:570;src/game/effect_dispatch.c:571;src/game/effect_dispatch.c:572;src/game/effect_pool.c:77;src/game/effect_pool.c:87;src/game/effect_pool.c:98;src/game/effect_pool.c:103;src/game/effect_pool.c:120;src/game/effect_pool.c:125;src/game/effect_pool.c:139;src/game/effect_pool.c:148;src/game/effect_pool.c:157;src/game/effect_pool.c:174;src/game/effect_pool.c:183;src/game/effect_pool.c:197;src/game/effect_pool.c:211;src/game/effect_pool.c:221;src/game/effect_pool.c:231;src/game/effect_pool.c:244;src/game/effect_pool.c:250;src/game/effect_pool.c:256;src/game/effect_pool.c:267;src/game/effect_pool.c:278;src/game/effect_pool.c:291;src/game/effect_pool.c:301;src/game/effect_pool.c:316;src/game/effect_pool.c:330;src/game/effect_pool.c:341;src/game/effect_pool.c:354;src/game/effect_pool.c:366;src/game/effect_pool.c:383;src/game/effect_pool.c:400;src/game/effect_pool.c:431;src/game/entity_render.c:120;src/game/entity_render.c:138;src/game/entity_render.c:143;src/game/render_scene.c:120;docs/patterns/enum-field-review.md#f4	Current billboard/model selector advances through named animation ranges; 255 NONE. Preserve frame arithmetic at explicit boundaries in a typed view.
include/kf/game_effect.h:264	KfEffectRecord	animation_clip	KfAnimationClip	typed_enum		include/kf/game_effect.h:264;src/game/effect_dispatch.c:369;src/game/effect_pool.c:75;src/game/effect_pool.c:85;src/game/effect_pool.c:105;src/game/effect_pool.c:127;src/game/effect_pool.c:141;src/game/effect_pool.c:149;src/game/effect_pool.c:155;src/game/effect_pool.c:172;src/game/effect_pool.c:181;src/game/effect_pool.c:195;src/game/effect_pool.c:209;src/game/effect_pool.c:219;src/game/effect_pool.c:229;src/game/effect_pool.c:242;src/game/effect_pool.c:248;src/game/effect_pool.c:254;src/game/effect_pool.c:265;src/game/effect_pool.c:276;src/game/effect_pool.c:289;src/game/effect_pool.c:299;src/game/effect_pool.c:314;src/game/effect_pool.c:328;src/game/effect_pool.c:343;src/game/effect_pool.c:355;src/game/effect_pool.c:368;src/game/effect_pool.c:384;src/game/effect_pool.c:398;src/game/entity_render.c:134;src/game/entity_render.c:147	Same enum type is already enforced by the strict C++ view; this verdict does not certify completeness of its enumerator list.
include/kf/game_effect.h:265	KfEffectRecord	sound_played	KfEnumStorage<KfAudioPlaybackResult, u8>	typed_enum		include/kf/game_effect.h:265;src/game/effect_dispatch.c:307;src/game/effect_dispatch.c:308;src/game/effect_pool.c:69;src/game/effect_update.c:83;src/game/effect_update.c:85;src/game/effect_update.c:109;src/game/effect_update.c:148;src/game/effect_update.c:150;src/game/effect_update.c:160	Same enum type is already enforced by the strict C++ view; this verdict does not certify completeness of its enumerator list.
include/kf/game_effect.h:266	KfEffectRecord	id	u8	numeric		include/kf/game_effect.h:266;src/game/effect_dispatch.c:192;src/game/effect_dispatch.c:195;src/game/effect_dispatch.c:198;src/game/effect_dispatch.c:200;src/game/effect_dispatch.c:206;src/game/effect_dispatch.c:251;src/game/effect_dispatch.c:255;src/game/effect_dispatch.c:284;src/game/effect_dispatch.c:385;src/game/effect_dispatch.c:386;src/game/effect_dispatch.c:387;src/game/effect_dispatch.c:388;src/game/effect_dispatch.c:396;src/game/effect_dispatch.c:471;src/game/effect_dispatch.c:554;src/game/effect_dispatch.c:558;src/game/effect_dispatch.c:577;src/game/effect_dispatch.c:581;src/game/effect_dispatch.c:617;src/game/effect_dispatch.c:635;src/game/effect_dispatch.c:637;src/game/effect_dispatch.c:642;src/game/effect_dispatch.c:646;src/game/effect_dispatch.c:679;src/game/effect_dispatch.c:691;src/game/effect_pool.c:64;src/game/effect_update.c:79;src/game/effect_update.c:145	Propagates through effect construction to player damage multiplier_tenths; quantitative scale despite the ID-style name.
include/kf/game_effect.h:267	KfEffectRecord	phase	KfEffectPhase	typed_enum		include/kf/game_effect.h:267;src/game/effect_dispatch.c:136;src/game/effect_dispatch.c:215;src/game/effect_dispatch.c:218;src/game/effect_dispatch.c:220;src/game/effect_dispatch.c:243;src/game/effect_dispatch.c:336;src/game/effect_dispatch.c:372;src/game/effect_dispatch.c:431;src/game/effect_dispatch.c:432;src/game/effect_dispatch.c:454;src/game/effect_dispatch.c:461;src/game/effect_dispatch.c:529;src/game/effect_dispatch.c:549;src/game/effect_dispatch.c:625;src/game/effect_dispatch.c:656;src/game/effect_dispatch.c:660;src/game/effect_dispatch.c:663;src/game/effect_dispatch.c:699;src/game/effect_dispatch.c:712;src/game/effect_dispatch.c:721;src/game/effect_dispatch.c:733;src/game/effect_dispatch.c:766;src/game/effect_dispatch.c:770;src/game/effect_dispatch.c:776;src/game/effect_dispatch.c:804;src/game/effect_dispatch.c:819;src/game/effect_pool.c:63;src/game/effect_pool.c:235;src/game/effect_pool.c:434;src/game/effect_update.c:53;src/game/effect_update.c:107;src/game/effect_update.c:115;src/game/effect_update.c:124;src/game/effect_update.c:165;src/game/map_object.c:509	Same enum type is already enforced by the strict C++ view; this verdict does not certify completeness of its enumerator list.
include/kf/game_effect.h:268	KfEffectRecord	visual	KfEffectVisualState	aggregate		include/kf/game_effect.h:268;src/game/effect_dispatch.c:271;src/game/effect_dispatch.c:293;src/game/effect_dispatch.c:294;src/game/effect_dispatch.c:298;src/game/effect_dispatch.c:299;src/game/effect_pool.c:68;src/game/effect_pool.c:204;src/game/entity_render.c:147;src/game/map_object.c:518;src/game/map_object.c:524;src/game/map_object.c:528;src/game/map_object.c:529;src/game/map_object.c:530;src/game/map_object.c:540;src/game/map_object.c:544;src/game/map_object.c:545;src/game/map_object.c:546	Nested record/union or record array; project-owned child fields are separately listed. SDK children retain their SDK declarations.
include/kf/game_effect.h:269	KfEffectRecord	unknown_0a	u16	unresolved		include/kf/game_effect.h:269	meaning unresolved
include/kf/game_effect.h:270	KfEffectRecord	position	VECTOR	aggregate		include/kf/game_effect.h:270;src/game/effect_dispatch.c:154;src/game/effect_dispatch.c:166;src/game/effect_dispatch.c:226;src/game/effect_dispatch.c:227;src/game/effect_dispatch.c:228;src/game/effect_dispatch.c:242;src/game/effect_dispatch.c:244;src/game/effect_dispatch.c:245;src/game/effect_dispatch.c:247;src/game/effect_dispatch.c:248;src/game/effect_dispatch.c:284;src/game/effect_dispatch.c:309;src/game/effect_dispatch.c:334;src/game/effect_dispatch.c:340;src/game/effect_dispatch.c:344;src/game/effect_dispatch.c:345;src/game/effect_dispatch.c:346;src/game/effect_dispatch.c:347;src/game/effect_dispatch.c:368;src/game/effect_dispatch.c:374;src/game/effect_dispatch.c:377;src/game/effect_dispatch.c:378;src/game/effect_dispatch.c:379;src/game/effect_dispatch.c:397;src/game/effect_dispatch.c:412;src/game/effect_dispatch.c:423;src/game/effect_dispatch.c:424;src/game/effect_dispatch.c:425;src/game/effect_dispatch.c:426;src/game/effect_dispatch.c:427;src/game/effect_dispatch.c:428;src/game/effect_dispatch.c:463;src/game/effect_dispatch.c:468;src/game/effect_dispatch.c:499;src/game/effect_dispatch.c:500;src/game/effect_dispatch.c:501;src/game/effect_dispatch.c:510;src/game/effect_dispatch.c:517;src/game/effect_dispatch.c:518;src/game/effect_dispatch.c:520;src/game/effect_dispatch.c:546;src/game/effect_dispatch.c:547;src/game/effect_dispatch.c:548;src/game/effect_dispatch.c:551;src/game/effect_dispatch.c:555;src/game/effect_dispatch.c:559;src/game/effect_dispatch.c:578;src/game/effect_dispatch.c:582;src/game/effect_dispatch.c:604;src/game/effect_dispatch.c:606;src/game/effect_dispatch.c:673;src/game/effect_dispatch.c:675;src/game/effect_dispatch.c:677;src/game/effect_dispatch.c:683;src/game/effect_dispatch.c:688;src/game/effect_dispatch.c:707;src/game/effect_dispatch.c:726;src/game/effect_dispatch.c:727;src/game/effect_dispatch.c:728;src/game/effect_dispatch.c:735;src/game/effect_dispatch.c:736;src/game/effect_dispatch.c:748;src/game/effect_dispatch.c:749;src/game/effect_dispatch.c:750;src/game/effect_dispatch.c:816;src/game/effect_dispatch.c:821;src/game/effect_pool.c:61;src/game/effect_pool.c:82;src/game/effect_pool.c:93;src/game/effect_pool.c:113;src/game/effect_pool.c:133;src/game/effect_pool.c:192;src/game/effect_pool.c:206;src/game/effect_pool.c:216;src/game/effect_pool.c:226;src/game/effect_pool.c:239;src/game/effect_pool.c:261;src/game/effect_pool.c:272;src/game/effect_pool.c:309;src/game/effect_pool.c:310;src/game/effect_pool.c:311;src/game/effect_pool.c:323;src/game/effect_pool.c:347;src/game/effect_pool.c:359;src/game/effect_pool.c:378;src/game/effect_pool.c:394;src/game/effect_pool.c:427;src/game/effect_pool.c:428;src/game/effect_update.c:67;src/game/effect_update.c:68;src/game/effect_update.c:69;src/game/effect_update.c:114;src/game/effect_update.c:128;src/game/effect_update.c:130;src/game/effect_update.c:132;src/game/effect_update.c:136;src/game/effect_update.c:151;src/game/effect_update.c:156;src/game/effect_update.c:157;src/game/effect_update.c:158;src/game/effect_update.c:164;src/game/effect_update.c:262;src/game/effect_update.c:263;src/game/effect_update.c:276;src/game/effect_update.c:277;src/game/entity_render.c:125;src/game/entity_render.c:126;src/game/entity_render.c:127;src/game/render_scene.c:126;src/game/render_scene.c:129	Nested record/union or record array; project-owned child fields are separately listed. SDK children retain their SDK declarations.
include/kf/game_effect.h:271	KfEffectRecord	rotation	KfRotation	aggregate		include/kf/game_effect.h:271;src/game/effect_dispatch.c:230;src/game/effect_dispatch.c:236;src/game/effect_dispatch.c:252;src/game/effect_dispatch.c:256;src/game/effect_dispatch.c:303;src/game/effect_dispatch.c:317;src/game/effect_dispatch.c:511;src/game/effect_dispatch.c:532;src/game/effect_dispatch.c:533;src/game/effect_dispatch.c:534;src/game/effect_dispatch.c:535;src/game/effect_dispatch.c:539;src/game/effect_dispatch.c:544;src/game/effect_dispatch.c:550;src/game/effect_dispatch.c:578;src/game/effect_dispatch.c:582;src/game/effect_dispatch.c:599;src/game/effect_dispatch.c:680;src/game/effect_dispatch.c:698;src/game/effect_dispatch.c:711;src/game/effect_dispatch.c:781;src/game/effect_dispatch.c:782;src/game/effect_dispatch.c:783;src/game/effect_dispatch.c:807;src/game/effect_dispatch.c:808;src/game/effect_dispatch.c:810;src/game/effect_dispatch.c:831;src/game/effect_dispatch.c:832;src/game/effect_dispatch.c:834;src/game/effect_pool.c:78;src/game/effect_pool.c:79;src/game/effect_pool.c:80;src/game/effect_pool.c:88;src/game/effect_pool.c:89;src/game/effect_pool.c:90;src/game/effect_pool.c:106;src/game/effect_pool.c:107;src/game/effect_pool.c:108;src/game/effect_pool.c:128;src/game/effect_pool.c:129;src/game/effect_pool.c:130;src/game/effect_pool.c:142;src/game/effect_pool.c:143;src/game/effect_pool.c:144;src/game/effect_pool.c:150;src/game/effect_pool.c:151;src/game/effect_pool.c:152;src/game/effect_pool.c:158;src/game/effect_pool.c:159;src/game/effect_pool.c:160;src/game/effect_pool.c:175;src/game/effect_pool.c:176;src/game/effect_pool.c:177;src/game/effect_pool.c:184;src/game/effect_pool.c:185;src/game/effect_pool.c:186;src/game/effect_pool.c:198;src/game/effect_pool.c:199;src/game/effect_pool.c:200;src/game/effect_pool.c:212;src/game/effect_pool.c:213;src/game/effect_pool.c:214;src/game/effect_pool.c:222;src/game/effect_pool.c:223;src/game/effect_pool.c:224;src/game/effect_pool.c:232;src/game/effect_pool.c:233;src/game/effect_pool.c:234;src/game/effect_pool.c:245;src/game/effect_pool.c:251;src/game/effect_pool.c:257;src/game/effect_pool.c:258;src/game/effect_pool.c:268;src/game/effect_pool.c:269;src/game/effect_pool.c:279;src/game/effect_pool.c:280;src/game/effect_pool.c:292;src/game/effect_pool.c:293;src/game/effect_pool.c:302;src/game/effect_pool.c:303;src/game/effect_pool.c:304;src/game/effect_pool.c:317;src/game/effect_pool.c:320;src/game/effect_pool.c:333;src/game/effect_pool.c:334;src/game/effect_pool.c:335;src/game/effect_pool.c:369;src/game/effect_pool.c:370;src/game/effect_pool.c:372;src/game/effect_pool.c:385;src/game/effect_pool.c:386;src/game/effect_pool.c:388;src/game/effect_pool.c:404;src/game/effect_pool.c:405;src/game/effect_pool.c:406;src/game/effect_pool.c:424;src/game/effect_pool.c:425;src/game/effect_pool.c:426;src/game/effect_update.c:62;src/game/effect_update.c:63;src/game/effect_update.c:64;src/game/effect_update.c:90;src/game/effect_update.c:91;src/game/effect_update.c:93;src/game/effect_update.c:94;src/game/effect_update.c:97;src/game/effect_update.c:102;src/game/effect_update.c:103;src/game/effect_update.c:112;src/game/entity_render.c:129;src/game/player_warp.c:94;src/game/player_warp.c:95	Nested record/union or record array; project-owned child fields are separately listed. SDK children retain their SDK declarations.
include/kf/game_effect.h:272	KfEffectRecord	scale_x	u16	numeric		include/kf/game_effect.h:272;src/game/effect_dispatch.c:270;src/game/effect_dispatch.c:274;src/game/effect_dispatch.c:285;src/game/effect_dispatch.c:296;src/game/effect_dispatch.c:326;src/game/effect_dispatch.c:328;src/game/effect_dispatch.c:436;src/game/effect_dispatch.c:438;src/game/effect_dispatch.c:458;src/game/effect_dispatch.c:598;src/game/effect_dispatch.c:720;src/game/effect_dispatch.c:769;src/game/effect_dispatch.c:772;src/game/effect_pool.c:67;src/game/effect_pool.c:189;src/game/effect_pool.c:203;src/game/effect_pool.c:238;src/game/effect_pool.c:286;src/game/effect_pool.c:308;src/game/effect_pool.c:374;src/game/effect_pool.c:390;src/game/effect_pool.c:403;src/game/entity_render.c:130	scale x; constructors default it to 0x1000 (1.0 fixed point)
include/kf/game_effect.h:273	KfEffectRecord	scale_y	u16	numeric		include/kf/game_effect.h:273;src/game/effect_dispatch.c:273;src/game/effect_dispatch.c:298;src/game/effect_dispatch.c:330;src/game/effect_dispatch.c:353;src/game/effect_dispatch.c:355;src/game/effect_dispatch.c:357;src/game/effect_dispatch.c:439;src/game/effect_dispatch.c:457;src/game/effect_dispatch.c:597;src/game/effect_dispatch.c:652;src/game/effect_dispatch.c:694;src/game/effect_dispatch.c:704;src/game/effect_dispatch.c:706;src/game/effect_dispatch.c:774;src/game/effect_pool.c:66;src/game/effect_pool.c:161;src/game/effect_pool.c:178;src/game/effect_pool.c:188;src/game/effect_pool.c:203;src/game/effect_pool.c:237;src/game/effect_pool.c:285;src/game/effect_pool.c:307;src/game/effect_pool.c:373;src/game/effect_pool.c:389;src/game/effect_pool.c:401;src/game/entity_render.c:131;src/game/player_warp.c:70;src/game/player_warp.c:88;src/game/player_warp.c:91	scale y; constructors default it to 0x1000; warp shimmer sweeps it as intensity
include/kf/game_effect.h:274	KfEffectRecord	scale_z	u16	numeric		include/kf/game_effect.h:274;src/game/effect_dispatch.c:272;src/game/effect_dispatch.c:295;src/game/effect_dispatch.c:329;src/game/effect_dispatch.c:356;src/game/effect_dispatch.c:380;src/game/effect_dispatch.c:381;src/game/effect_dispatch.c:382;src/game/effect_dispatch.c:439;src/game/effect_dispatch.c:457;src/game/effect_dispatch.c:597;src/game/effect_dispatch.c:773;src/game/effect_pool.c:65;src/game/effect_pool.c:187;src/game/effect_pool.c:203;src/game/effect_pool.c:236;src/game/effect_pool.c:284;src/game/effect_pool.c:306;src/game/effect_pool.c:402;src/game/entity_render.c:132	scale z; constructors default it to 0x1000
include/kf/game_effect.h:275	KfEffectRecord	unknown_2a	u16	unresolved		include/kf/game_effect.h:275	meaning unresolved
include/kf/game_effect.h:276	KfEffectRecord	direction	KfEffectDirection	aggregate		include/kf/game_effect.h:276;src/game/effect_dispatch.c:214;src/game/effect_dispatch.c:226;src/game/effect_dispatch.c:227;src/game/effect_dispatch.c:228;src/game/effect_dispatch.c:276;src/game/effect_dispatch.c:286;src/game/effect_dispatch.c:343;src/game/effect_dispatch.c:344;src/game/effect_dispatch.c:377;src/game/effect_dispatch.c:378;src/game/effect_dispatch.c:379;src/game/effect_dispatch.c:397;src/game/effect_dispatch.c:423;src/game/effect_dispatch.c:424;src/game/effect_dispatch.c:425;src/game/effect_dispatch.c:486;src/game/effect_dispatch.c:487;src/game/effect_dispatch.c:488;src/game/effect_dispatch.c:489;src/game/effect_dispatch.c:498;src/game/effect_dispatch.c:507;src/game/effect_dispatch.c:516;src/game/effect_dispatch.c:524;src/game/effect_dispatch.c:526;src/game/effect_dispatch.c:533;src/game/effect_dispatch.c:535;src/game/effect_dispatch.c:555;src/game/effect_dispatch.c:559;src/game/effect_dispatch.c:726;src/game/effect_dispatch.c:727;src/game/effect_dispatch.c:801;src/game/effect_dispatch.c:802;src/game/effect_dispatch.c:807;src/game/effect_dispatch.c:811;src/game/effect_dispatch.c:812;src/game/effect_dispatch.c:820;src/game/effect_dispatch.c:821;src/game/effect_dispatch.c:824;src/game/effect_dispatch.c:825;src/game/effect_dispatch.c:831;src/game/effect_dispatch.c:835;src/game/effect_dispatch.c:836;src/game/effect_pool.c:62;src/game/effect_pool.c:281;src/game/effect_pool.c:282;src/game/effect_pool.c:283;src/game/effect_pool.c:294;src/game/effect_pool.c:295;src/game/effect_pool.c:296;src/game/effect_pool.c:309;src/game/effect_pool.c:310;src/game/effect_pool.c:311;src/game/effect_pool.c:372;src/game/effect_pool.c:388;src/game/effect_pool.c:429;src/game/effect_pool.c:435;src/game/effect_pool.c:436;src/game/effect_update.c:81;src/game/effect_update.c:92;src/game/effect_update.c:95;src/game/effect_update.c:98;src/game/effect_update.c:100;src/game/effect_update.c:103;src/game/effect_update.c:128;src/game/effect_update.c:130;src/game/effect_update.c:132;src/game/effect_update.c:260;src/game/effect_update.c:265;src/game/effect_update.c:272;src/game/effect_update.c:282	Nested record/union or record array; project-owned child fields are separately listed. SDK children retain their SDK declarations.
include/kf/game_effect.h:277	KfEffectRecord	animation_cache	struct KfPoolRecord *	pointer		include/kf/game_effect.h:277;src/game/entity_render.c:147	Address or pointer table; not a finite selector.
include/kf/game_effect.h:278	KfEffectRecord	control	KfEffectControl	aggregate		include/kf/game_effect.h:278;src/game/effect_dispatch.c:237;src/game/effect_dispatch.c:238;src/game/effect_dispatch.c:260;src/game/effect_dispatch.c:268;src/game/effect_dispatch.c:279;src/game/effect_dispatch.c:281;src/game/effect_dispatch.c:285;src/game/effect_dispatch.c:291;src/game/effect_dispatch.c:411;src/game/effect_dispatch.c:491;src/game/effect_dispatch.c:495;src/game/effect_dispatch.c:630;src/game/effect_dispatch.c:631;src/game/effect_dispatch.c:649;src/game/effect_dispatch.c:732;src/game/effect_dispatch.c:737;src/game/effect_pool.c:109;src/game/effect_pool.c:164;src/game/effect_pool.c:190;src/game/effect_pool.c:202;src/game/effect_pool.c:305;src/game/effect_pool.c:318;src/game/effect_pool.c:319;src/game/effect_pool.c:336;src/game/effect_pool.c:371;src/game/effect_pool.c:387;src/game/effect_update.c:129;src/game/effect_update.c:131;src/game/effect_update.c:133;src/game/effect_update.c:134	Nested record/union or record array; project-owned child fields are separately listed. SDK children retain their SDK declarations.
include/kf/game_effect.h:279	KfEffectRecord	propagation	KfEffectPropagation	aggregate		include/kf/game_effect.h:279;src/game/effect_dispatch.c:269;src/game/effect_dispatch.c:275;src/game/effect_dispatch.c:278;src/game/effect_dispatch.c:285;src/game/effect_dispatch.c:632;src/game/effect_dispatch.c:654;src/game/effect_pool.c:165;src/game/effect_pool.c:167;src/game/effect_pool.c:201	Nested record/union or record array; project-owned child fields are separately listed. SDK children retain their SDK declarations.
include/kf/game_effect.h:307	KfEffectState	magic	KfMagicTable	aggregate		include/kf/game_effect.h:307;src/game/effect_dispatch.c:374;src/game/effect_dispatch.c:585;src/game/effect_dispatch.c:609;src/game/effect_pool.c:71;src/game/effect_pool.c:112;src/game/effect_pool.c:132;src/game/effect_pool.c:322;src/game/effect_pool.c:346;src/game/effect_pool.c:358;src/game/effect_pool.c:377;src/game/effect_pool.c:393;src/game/effect_pool.c:445;src/game/magic.c:40;src/game/magic.c:43;src/game/map_scripts.c:173;src/game/map_scripts.c:174;src/game/map_scripts.c:175;src/game/map_scripts.c:274;src/game/map_scripts.c:275;src/game/map_scripts.c:281;src/game/map_scripts.c:282;src/game/map_scripts.c:420;src/game/menu_panels.c:47;src/game/menu_panels.c:141;src/game/menu_panels.c:143;src/game/menu_select.c:243;src/game/player_death.c:358;src/game/player_death.c:359;src/game/player_death.c:362;src/game/player_death.c:363;src/game/player_death.c:366;src/game/player_death.c:367;src/game/player_death.c:612;src/game/player_update.c:391;src/game/player_update.c:395;src/game/player_update.c:399;src/game/player_update.c:408;src/game/player_update.c:417;src/game/save_system.c:380;src/game/save_system.c:631	Nested record/union or record array; project-owned child fields are separately listed. SDK children retain their SDK declarations.
include/kf/game_effect.h:308	KfEffectState	records	KfEffectRecord[48]	aggregate		include/kf/game_effect.h:308;src/game/actor.c:878;src/game/effect_dispatch.c:411;src/game/effect_pool.c:8;src/game/effect_pool.c:35;src/game/effect_update.c:261;src/game/magic.c:27;src/game/magic.c:173;src/game/map_object.c:509;src/game/map_object.c:518;src/game/map_object.c:523;src/game/map_object.c:539;src/game/map_object_pool.c:242;src/game/map_object_pool.c:259;src/game/map_object_pool.c:270;src/game/map_object_pool.c:278;src/game/player_use_item.c:142;src/game/render_scene.c:118	Nested record/union or record array; project-owned child fields are separately listed. SDK children retain their SDK declarations.
include/kf/game_effect.h:309	KfEffectState	current_magic	KfMagicRecord *	pointer		include/kf/game_effect.h:309;src/game/effect_dispatch.c:118;src/game/effect_dispatch.c:158;src/game/effect_pool.c:10;src/game/effect_pool.c:445;src/game/effect_update.c:52;src/game/effect_update.c:123	Address or pointer table; not a finite selector.
include/kf/game_effect.h:310	KfEffectState	current_record	KfEffectRecord *	pointer		include/kf/game_effect.h:310;src/game/effect_dispatch.c:117;src/game/effect_map_collision.c:173;src/game/effect_pool.c:12;src/game/effect_pool.c:444;src/game/effect_update.c:51;src/game/effect_update.c:122	Address or pointer table; not a finite selector.
include/kf/game_effect.h:335	KfEffectBranchArguments	role	KfEffectGroundBranchRole	typed_enum		include/kf/game_effect.h:335	Same enum type is already enforced by the strict C++ view; this verdict does not certify completeness of its enumerator list.
include/kf/game_effect.h:336	KfEffectRotationArguments	rotation	const SVECTOR *	pointer		include/kf/game_effect.h:336	Address or pointer table; not a finite selector.
include/kf/game_effect.h:339	KfEffectRotationSoundArguments	rotation	const SVECTOR *	pointer		include/kf/game_effect.h:339	Address or pointer table; not a finite selector.
include/kf/game_effect.h:340	KfEffectRotationSoundArguments	sound	KfEffectSoundRequest	typed_enum		include/kf/game_effect.h:340	Same enum type is already enforced by the strict C++ view; this verdict does not certify completeness of its enumerator list.
include/kf/game_effect.h:344	KfEffectDurationSoundArguments	duration	s32	numeric		include/kf/game_effect.h:344	Count, coordinate, extent, interpolation quantity or resource-relative index.
include/kf/game_effect.h:345	KfEffectDurationSoundArguments	sound	KfEffectSoundRequest	typed_enum		include/kf/game_effect.h:345	Same enum type is already enforced by the strict C++ view; this verdict does not certify completeness of its enumerator list.
include/kf/game_effect.h:349	KfEffectScatterArguments	generations	s32	numeric		include/kf/game_effect.h:349	Count, coordinate, extent, interpolation quantity or resource-relative index.
include/kf/game_effect.h:350	KfEffectScatterArguments	duration	s32	numeric		include/kf/game_effect.h:350	Count, coordinate, extent, interpolation quantity or resource-relative index.
include/kf/game_effect.h:351	KfEffectScatterArguments	scale	s32	numeric		include/kf/game_effect.h:351	Count, coordinate, extent, interpolation quantity or resource-relative index.
include/kf/game_effect.h:353	KfEffectSoundArguments	sound	KfEffectSoundRequest	typed_enum		include/kf/game_effect.h:353	Same enum type is already enforced by the strict C++ view; this verdict does not certify completeness of its enumerator list.
include/kf/game_effect.h:356	KfEffectHomingArguments	rotation	const SVECTOR *	pointer		include/kf/game_effect.h:356	Address or pointer table; not a finite selector.
include/kf/game_effect.h:357	KfEffectHomingArguments	target	KfEffectHomingMode	typed_enum		include/kf/game_effect.h:357	Same enum type is already enforced by the strict C++ view; this verdict does not certify completeness of its enumerator list.
include/kf/game_effect.h:358	KfEffectHomingArguments	sound	KfEffectSoundRequest	typed_enum		include/kf/game_effect.h:358	Same enum type is already enforced by the strict C++ view; this verdict does not certify completeness of its enumerator list.
include/kf/game_effect.h:360	KfEffectParentArguments	parent_index	s32	numeric		include/kf/game_effect.h:360	Count, coordinate, extent, interpolation quantity or resource-relative index.
include/kf/game_equipment.h:55	KfArmorRecord	unknown_00	u16	unresolved		include/kf/game_equipment.h:55	meaning unresolved
include/kf/game_equipment.h:56	KfArmorRecord	cutting_defense	u16	numeric		include/kf/game_equipment.h:56;src/game/player_death.c:284;src/game/player_death.c:285;src/game/player_death.c:294;src/game/player_death.c:295;src/game/player_death.c:304;src/game/player_death.c:305;src/game/player_death.c:314;src/game/player_death.c:315;src/game/player_death.c:324;src/game/player_death.c:325	added twice to cutting_defense
include/kf/game_equipment.h:57	KfArmorRecord	striking_defense	u16	numeric		include/kf/game_equipment.h:57;src/game/player_death.c:286;src/game/player_death.c:296;src/game/player_death.c:306;src/game/player_death.c:316;src/game/player_death.c:326	added to striking_defense
include/kf/game_equipment.h:58	KfArmorRecord	piercing_defense	u16	numeric		include/kf/game_equipment.h:58;src/game/player_death.c:287;src/game/player_death.c:297;src/game/player_death.c:307;src/game/player_death.c:317;src/game/player_death.c:327	added to piercing_defense
include/kf/game_equipment.h:59	KfArmorRecord	poison_resistance	u16	numeric		include/kf/game_equipment.h:59;src/game/player_death.c:288;src/game/player_death.c:298;src/game/player_death.c:308;src/game/player_death.c:318;src/game/player_death.c:328	unsigned equipment contribution to player poison resistance
include/kf/game_equipment.h:60	KfArmorRecord	magic_defense	u16	numeric		include/kf/game_equipment.h:60;src/game/player_death.c:289;src/game/player_death.c:299;src/game/player_death.c:309;src/game/player_death.c:319;src/game/player_death.c:329	added to magic_defense
include/kf/game_equipment.h:61	KfArmorRecord	fire_defense	u16	numeric		include/kf/game_equipment.h:61;src/game/player_death.c:290;src/game/player_death.c:300;src/game/player_death.c:310;src/game/player_death.c:320;src/game/player_death.c:330	added to fire_defense
include/kf/game_equipment.h:62	KfArmorRecord	hp_regen_interval	u16	numeric		include/kf/game_equipment.h:62;src/game/player_update.c:553;src/game/player_update.c:554;src/game/player_update.c:563;src/game/player_update.c:564;src/game/player_update.c:573;src/game/player_update.c:574;src/game/player_update.c:583;src/game/player_update.c:584;src/game/player_update.c:593;src/game/player_update.c:594	nonzero: player_adjust_hp(1) every N frames of player_state.unknown_58
include/kf/game_equipment.h:63	KfArmorRecord	hp_drain_interval	u16	numeric		include/kf/game_equipment.h:63;src/game/player_update.c:557;src/game/player_update.c:558;src/game/player_update.c:567;src/game/player_update.c:568;src/game/player_update.c:577;src/game/player_update.c:578;src/game/player_update.c:587;src/game/player_update.c:588;src/game/player_update.c:597;src/game/player_update.c:598	nonzero: player_adjust_hp(-1) every N frames of player_state.unknown_58
include/kf/game_equipment.h:64	KfArmorRecord	unknown_12	u8[10]	unresolved		include/kf/game_equipment.h:64	meaning unresolved
include/kf/game_equipment.h:71	KfWeaponRecord	unknown_00	u8	unresolved		include/kf/game_equipment.h:71	meaning unresolved
include/kf/game_equipment.h:72	KfWeaponRecord	charge_rate	u8	numeric		include/kf/game_equipment.h:72;src/game/player_core.c:205	combined with physical power to advance POWER while the weapon is idle
include/kf/game_equipment.h:73	KfWeaponRecord	attack_components	u16[5]	numeric		include/kf/game_equipment.h:73;src/game/player_death.c:276;src/game/player_death.c:277;src/game/player_death.c:278;src/game/player_death.c:279;src/game/player_death.c:280	five outgoing damage components copied into player combat state
include/kf/game_equipment.h:74	KfWeaponRecord	hp_regen_interval	u16	numeric		include/kf/game_equipment.h:74;src/game/player_update.c:543;src/game/player_update.c:544	nonzero: player_adjust_hp(1) every N frames of player_state.unknown_58
include/kf/game_equipment.h:75	KfWeaponRecord	mp_regen_interval	u16	numeric		include/kf/game_equipment.h:75;src/game/player_update.c:547;src/game/player_update.c:548	nonzero: player_adjust_mp(1) every N frames of player_state.unknown_58
include/kf/game_equipment.h:76	KfWeaponRecord	projection_distance	u16	numeric		include/kf/game_equipment.h:76;src/game/geometry_render.c:61	unsigned distance supplied to SetGeomScreen
include/kf/game_equipment.h:77	KfWeaponRecord	attack_z_offset	u16	numeric		include/kf/game_equipment.h:77;src/game/player_core.c:171	local z component rotated into the weapon hit-test point
include/kf/game_equipment.h:78	KfWeaponRecord	unknown_14	u8[8]	unresolved		include/kf/game_equipment.h:78	meaning unresolved
include/kf/game_equipment.h:79	KfWeaponRecord	render_translation	struct KfVec3s	aggregate		include/kf/game_equipment.h:79;src/game/geometry_render.c:63;src/game/geometry_render.c:64;src/game/geometry_render.c:65;src/game/geometry_render.c:77	Nested record/union or record array; project-owned child fields are separately listed. SDK children retain their SDK declarations.
include/kf/game_equipment.h:80	KfWeaponRecord	unknown_22	u16	unresolved		include/kf/game_equipment.h:80	unresolved halfword between translation and rotation
include/kf/game_equipment.h:81	KfWeaponRecord	render_rotation	SVECTOR	aggregate		include/kf/game_equipment.h:81;src/game/equipment.c:20;src/game/geometry_render.c:66	Nested record/union or record array; project-owned child fields are separately listed. SDK children retain their SDK declarations.
include/kf/game_equipment.h:97	KfWeaponTable	entries	KfWeaponRecord[16]	aggregate		include/kf/game_equipment.h:97;src/game/equipment.c:18;src/game/player_core.c:118;src/game/player_death.c:275	Nested record/union or record array; project-owned child fields are separately listed. SDK children retain their SDK declarations.
include/kf/game_equipment.h:98	KfWeaponTable	words	u32[176]	encoded_storage		include/kf/game_equipment.h:98;src/game/equipment.c:8;src/game/equipment.c:9	Packed/aligned copy or address view of an owning object; type semantic members separately.
include/kf/game_equipment.h:102	KfArmorTable	entries	KfArmorRecord[42]	aggregate		include/kf/game_equipment.h:102;src/game/player_core.c:78;src/game/player_core.c:84;src/game/player_core.c:90;src/game/player_core.c:96;src/game/player_core.c:102;src/game/player_death.c:283;src/game/player_death.c:293;src/game/player_death.c:303;src/game/player_death.c:313;src/game/player_death.c:323	Nested record/union or record array; project-owned child fields are separately listed. SDK children retain their SDK declarations.
include/kf/game_equipment.h:103	KfArmorTable	words	u32[294]	encoded_storage		include/kf/game_equipment.h:103;src/game/equipment.c:28;src/game/equipment.c:29	Packed/aligned copy or address view of an owning object; type semantic members separately.
include/kf/game_graphics.h:14	KfGraphicsRuntimeGame	display_state	KfDisplayState	aggregate		include/kf/game_graphics.h:14;src/game/display_play_transition.c:43;src/game/display_play_transition.c:46;src/game/menu_config_panel.c:142;src/game/menu_config_panel.c:163;src/game/menu_config_panel.c:164;src/game/menu_config_panel.c:165;src/game/menu_config_panel.c:166;src/game/menu_config_panel.c:167;src/game/menu_config_panel.c:168;src/game/menu_config_panel.c:169;src/game/menu_config_panel.c:170;src/game/menu_draw_name_list.c:23;src/game/menu_draw_stats_header.c:21;src/game/menu_draw_status_details.c:35;src/game/menu_draw_window.c:21;src/game/menu_item_detail.c:77;src/game/menu_item_detail.c:140;src/game/menu_item_detail.c:141;src/game/menu_item_detail.c:148;src/game/menu_item_detail.c:149;src/game/menu_item_detail.c:167;src/game/menu_item_detail.c:170;src/game/menu_item_detail.c:171;src/game/menu_item_detail.c:172;src/game/menu_item_detail.c:173;src/game/menu_item_detail.c:176;src/game/menu_item_detail.c:177;src/game/menu_item_detail.c:178;src/game/menu_item_detail.c:179;src/game/menu_item_detail.c:182;src/game/menu_item_detail.c:183;src/game/menu_item_detail.c:184;src/game/menu_item_detail.c:185;src/game/menu_item_detail.c:188;src/game/menu_item_detail.c:189;src/game/menu_item_detail.c:190;src/game/menu_item_detail.c:191;src/game/menu_item_detail.c:192;src/game/menu_item_detail.c:193;src/game/menu_item_model_preview.c:55;src/game/menu_list_render.c:35;src/game/menu_map_viewer.c:44;src/game/menu_map_viewer.c:100;src/game/menu_map_viewer.c:101;src/game/menu_map_viewer.c:102;src/game/menu_map_viewer.c:103;src/game/menu_map_viewer.c:104;src/game/menu_map_viewer.c:105;src/game/menu_map_viewer.c:106;src/game/menu_map_viewer.c:107;src/game/menu_map_viewer.c:108;src/game/menu_map_viewer.c:109;src/game/menu_map_viewer.c:110;src/game/menu_map_viewer.c:111;src/game/menu_runtime.c:57;src/game/menu_runtime.c:123;src/game/menu_runtime.c:220;src/game/menu_runtime.c:221;src/game/menu_runtime.c:223;src/game/menu_runtime.c:224;src/game/menu_runtime.c:226;src/game/menu_runtime.c:227;src/game/menu_runtime.c:229;src/game/menu_runtime.c:230;src/game/menu_runtime.c:507;src/game/menu_runtime.c:508;src/game/menu_runtime.c:510;src/game/menu_runtime.c:511;src/game/menu_runtime.c:513;src/game/menu_runtime.c:514;src/game/menu_runtime.c:516;src/game/menu_runtime.c:517;src/game/menu_runtime.c:528;src/game/menu_runtime.c:529;src/game/menu_runtime.c:530;src/game/menu_runtime.c:531;src/game/menu_runtime.c:532;src/game/menu_runtime.c:533;src/game/menu_runtime.c:534;src/game/menu_runtime.c:535;src/game/menu_runtime.c:544;src/game/menu_runtime.c:545;src/game/menu_runtime.c:546;src/game/menu_runtime.c:562;src/game/menu_runtime.c:565;src/game/menu_runtime.c:652;src/game/notify_queue.c:205;src/game/render.c:98;src/game/render.c:105;src/game/render.c:107;src/game/render.c:111;src/game/render.c:113;src/game/render.c:114;src/game/render.c:116;src/game/render.c:195;src/game/render.c:197;src/game/render.c:198;src/game/render.c:200;src/game/render.c:201;src/game/render.c:203;src/game/render.c:269;src/game/render.c:270;src/game/render.c:271;src/game/render.c:272;src/game/render.c:273;src/game/render.c:274;src/game/render.c:285;src/game/render.c:286;src/game/render.c:287;src/game/render_enqueuers.c:49;src/game/render_enqueuers.c:51;src/game/render_enqueuers.c:52;src/game/render_enqueuers.c:72;src/game/render_enqueuers.c:85;src/game/render_enqueuers.c:88;src/game/render_enqueuers.c:89;src/game/render_enqueuers.c:104;src/game/render_enqueuers.c:117;src/game/render_enqueuers.c:119;src/game/render_enqueuers.c:120;src/game/render_enqueuers.c:135;src/game/render_enqueuers.c:148;src/game/render_enqueuers.c:151;src/game/render_enqueuers.c:152;src/game/render_enqueuers.c:170;src/game/render_enqueuers.c:183;src/game/render_enqueuers.c:185;src/game/render_enqueuers.c:186;src/game/render_enqueuers.c:207;src/game/render_enqueuers.c:220;src/game/render_enqueuers.c:223;src/game/render_enqueuers.c:224;src/game/render_enqueuers.c:249;src/game/render_enqueuers.c:262;src/game/render_enqueuers.c:264;src/game/render_enqueuers.c:265;src/game/render_enqueuers.c:281;src/game/render_enqueuers.c:294;src/game/render_enqueuers.c:297;src/game/render_enqueuers.c:298;src/game/render_enqueuers.c:320;src/game/render_enqueuers.c:333;src/game/render_enqueuers.c:335;src/game/render_enqueuers.c:336;src/game/render_enqueuers.c:350;src/game/render_enqueuers.c:363;src/game/render_enqueuers.c:366;src/game/render_enqueuers.c:367;src/game/render_enqueuers.c:385;src/game/render_enqueuers.c:398;src/game/render_enqueuers.c:400;src/game/render_enqueuers.c:401;src/game/render_enqueuers.c:416;src/game/render_enqueuers.c:429;src/game/render_enqueuers.c:432;src/game/render_enqueuers.c:433;src/game/render_enqueuers.c:449;src/game/render_enqueuers.c:504;src/game/render_enqueuers.c:506;src/game/render_enqueuers.c:507;src/game/render_enqueuers.c:526;src/game/render_enqueuers.c:539;src/game/render_enqueuers.c:542;src/game/render_enqueuers.c:543;src/game/render_enqueuers.c:566;src/game/render_enqueuers.c:579;src/game/render_enqueuers.c:581;src/game/render_enqueuers.c:582;src/game/render_enqueuers.c:600;src/game/render_enqueuers.c:613;src/game/render_enqueuers.c:616;src/game/render_enqueuers.c:617;src/game/render_enqueuers.c:637;src/game/render_enqueuers.c:704;src/game/render_enqueuers.c:706;src/game/render_enqueuers.c:707;src/game/render_enqueuers.c:708;src/game/render_enqueuers.c:731;src/game/render_enqueuers.c:748;src/game/render_enqueuers.c:750;src/game/render_enqueuers.c:751;src/game/render_enqueuers.c:752;src/game/render_enqueuers.c:772;src/game/render_enqueuers.c:819;src/game/render_enqueuers.c:820;src/game/render_enqueuers.c:821;src/game/render_enqueuers.c:844;src/game/render_sprite.c:15;src/game/render_sprite.c:16;src/game/render_sprite.c:17;src/game/render_sprite.c:34;src/game/save_system.c:753;src/game/save_system.c:812;src/game/save_system.c:815;src/game/save_system.c:816;src/game/save_system.c:820;src/game/save_system.c:828;src/game/save_system.c:829;src/game/save_system.c:831;src/game/sprite_add_ft4.c:9;src/game/sprite_add_ft4.c:11;src/game/sprite_add_ft4.c:35	Nested record/union or record array; project-owned child fields are separately listed. SDK children retain their SDK declarations.
include/kf/game_graphics.h:15	KfGraphicsRuntimeGame	display_draw_environments	DRAWENV[2]	aggregate		include/kf/game_graphics.h:15;src/game/display_play_transition.c:39;src/game/display_play_transition.c:40;src/game/menu_runtime.c:544;src/game/render.c:108;src/game/render.c:109;src/game/render.c:110;src/game/render.c:121;src/game/render.c:122;src/game/render.c:158;src/game/render.c:164;src/game/render.c:169;src/game/render.c:170;src/game/render.c:171;src/game/render.c:172;src/game/render.c:173;src/game/render.c:174;src/game/render.c:175;src/game/render.c:176;src/game/render.c:177;src/game/render.c:285;src/game/save_system.c:817;src/game/save_system.c:818;src/game/save_system.c:819;src/game/save_system.c:842;src/game/save_system.c:843	Nested record/union or record array; project-owned child fields are separately listed. SDK children retain their SDK declarations.
include/kf/game_graphics.h:16	KfGraphicsRuntimeGame	display_disp_environments	DISPENV[2]	aggregate		include/kf/game_graphics.h:16;src/game/menu_runtime.c:545;src/game/render.c:161;src/game/render.c:167;src/game/render.c:178;src/game/render.c:286	Nested record/union or record array; project-owned child fields are separately listed. SDK children retain their SDK declarations.
include/kf/game_graphics.h:17	KfGraphicsRuntimeGame	unknown_20108	u8[8]	unresolved		include/kf/game_graphics.h:17	unresolved storage interval; no original array capacity or padding role claimed
include/kf/game_graphics.h:18	KfGraphicsRuntimeGame	tmd_state	KfTmdState	aggregate		include/kf/game_graphics.h:18;src/game/asset_registry.c:39;src/game/render.c:293;src/game/render.c:299;src/game/render.c:312;src/game/render.c:353;src/game/render.c:355;src/game/render.c:361;src/game/render.c:458;src/game/render_enqueuers.c:34;src/game/render_enqueuers.c:35;src/game/render_enqueuers.c:488;src/game/render_enqueuers.c:489;src/game/render_enqueuers.c:686;src/game/render_enqueuers.c:688	Nested record/union or record array; project-owned child fields are separately listed. SDK children retain their SDK declarations.
include/kf/game_graphics.h:19	KfGraphicsRuntimeGame	unknown_registry_20134	u8[240]	unresolved		include/kf/game_graphics.h:19;src/game/asset_registry.c:18;src/game/asset_registry.c:29;src/game/asset_registry.c:37;src/game/map_scripts.c:532;src/game/pool.c:75	Current uses cast this byte extent to an asset-pointer table; declaration needs structural refinement, not an enum.
include/kf/game_graphics.h:20	KfGraphicsRuntimeGame	current_tmd_vertices	KfPackedSVector *	pointer		include/kf/game_graphics.h:20;src/game/pool.c:166;src/game/render.c:305;src/game/render.c:311;src/game/render.c:480;src/game/render.c:502;src/game/render.c:523	Address or pointer table; not a finite selector.
include/kf/game_graphics.h:21	KfGraphicsRuntimeGame	pool_records	KfPoolRecord[12]	aggregate		include/kf/game_graphics.h:21;src/game/pool.c:210;src/game/pool.c:223;src/game/pool.c:253;src/game/pool.c:272;src/game/pool.c:286	Nested record/union or record array; project-owned child fields are separately listed. SDK children retain their SDK declarations.
include/kf/game_graphics.h:22	KfGraphicsRuntimeGame	unknown_projection_morph_20318	u8[16008]	unresolved		include/kf/game_graphics.h:22;src/game/pool.c:188;src/game/pool.c:192;src/game/pool.c:202;src/game/render.c:479;src/game/render.c:501;src/game/render.c:522;src/game/render_enqueuers.c:37;src/game/render_enqueuers.c:70;src/game/render_enqueuers.c:102;src/game/render_enqueuers.c:133;src/game/render_enqueuers.c:168;src/game/render_enqueuers.c:205;src/game/render_enqueuers.c:247;src/game/render_enqueuers.c:279;src/game/render_enqueuers.c:318;src/game/render_enqueuers.c:348;src/game/render_enqueuers.c:383;src/game/render_enqueuers.c:414;src/game/render_enqueuers.c:447;src/game/render_enqueuers.c:491;src/game/render_enqueuers.c:691	Current uses are projected vertices and morph scratch; declaration needs structural refinement, not an enum.
include/kf/game_graphics.h:23	KfGraphicsRuntimeGame	effect5_texture_pages	u16[3]	packed_gpu		include/kf/game_graphics.h:23;src/game/entity_model_render.c:65;src/game/render.c:136;src/game/render.c:139;src/game/render.c:142	GPU texture/color/address/coordinate encoding; numeric components and independent mode bits share storage.
include/kf/game_graphics.h:24	KfGraphicsRuntimeGame	unknown_241a6	u8[10]	unresolved		include/kf/game_graphics.h:24	unresolved storage interval; no original array capacity or padding role claimed
include/kf/game_graphics.h:25	KfGraphicsRuntimeGame	effect5_texture_cluts	u16[3]	packed_gpu		include/kf/game_graphics.h:25;src/game/entity_model_render.c:66;src/game/render.c:145;src/game/render.c:146;src/game/render.c:147	GPU texture/color/address/coordinate encoding; numeric components and independent mode bits share storage.
include/kf/game_graphics.h:26	KfGraphicsRuntimeGame	unknown_241b6	u8[10]	unresolved		include/kf/game_graphics.h:26	unresolved storage interval; no original array capacity or padding role claimed
include/kf/game_graphics.h:27	KfGraphicsRuntimeGame	active_render_clut	u16	packed_gpu		include/kf/game_graphics.h:27;src/game/entity_model_render.c:66;src/game/render_enqueuers.c:511;src/game/render_enqueuers.c:547;src/game/render_enqueuers.c:586;src/game/render_enqueuers.c:621;src/game/render_enqueuers.c:825;src/game/render_frame.c:111;src/game/render_frame.c:134;src/game/render_frame.c:144;src/game/render_scene.c:98;src/game/render_sprite.c:25	GPU texture/color/address/coordinate encoding; numeric components and independent mode bits share storage.
include/kf/game_graphics.h:28	KfGraphicsRuntimeGame	active_render_tpage	u16	packed_gpu		include/kf/game_graphics.h:28;src/game/entity_model_render.c:65;src/game/render_enqueuers.c:512;src/game/render_enqueuers.c:548;src/game/render_enqueuers.c:587;src/game/render_enqueuers.c:622;src/game/render_enqueuers.c:826;src/game/render_frame.c:110;src/game/render_frame.c:133;src/game/render_frame.c:143;src/game/render_scene.c:92;src/game/render_sprite.c:26	GPU texture/color/address/coordinate encoding; numeric components and independent mode bits share storage.
include/kf/game_graphics.h:29	KfGraphicsRuntimeGame	active_render_color	CVECTOR	aggregate		include/kf/game_graphics.h:29;src/game/render_enqueuers.c:836;src/game/render_enqueuers.c:840;src/game/render_frame.c:112;src/game/render_frame.c:113;src/game/render_frame.c:114;src/game/render_frame.c:120;src/game/render_frame.c:121;src/game/render_frame.c:122;src/game/render_scene.c:93;src/game/render_scene.c:94;src/game/render_scene.c:95;src/game/render_sprite.c:31;src/game/render_sprite.c:32;src/game/render_sprite.c:33	Nested record/union or record array; project-owned child fields are separately listed. SDK children retain their SDK declarations.
include/kf/game_graphics.h:30	KfGraphicsRuntimeGame	hud_clut	u16	packed_gpu		include/kf/game_graphics.h:30;src/game/render.c:248;src/game/render_frame.c:111	GPU texture/color/address/coordinate encoding; numeric components and independent mode bits share storage.
include/kf/game_graphics.h:31	KfGraphicsRuntimeGame	hud_tpage	u16	packed_gpu		include/kf/game_graphics.h:31;src/game/render.c:245;src/game/render_frame.c:110	GPU texture/color/address/coordinate encoding; numeric components and independent mode bits share storage.
include/kf/game_graphics.h:32	KfGraphicsRuntimeGame	hud_brightness	u8	numeric		include/kf/game_graphics.h:32;src/game/player_core.c:262;src/game/player_death.c:191;src/game/player_death_fade.c:28;src/game/player_death_fade.c:83;src/game/render_frame.c:112;src/game/render_frame.c:113;src/game/render_frame.c:114	HUD RGB modulation intensity; initialized to 86 and scaled by death/revival fades; historical declaration remains WIP
include/kf/game_graphics.h:33	KfGraphicsRuntimeGame	unknown_241cd	u8	unresolved		include/kf/game_graphics.h:33	unresolved storage interval; no original array capacity or padding role claimed
include/kf/game_graphics.h:34	KfGraphicsRuntimeGame	notification_text_clut	u16	packed_gpu		include/kf/game_graphics.h:34;src/game/render.c:252;src/game/render_frame.c:134	GPU texture/color/address/coordinate encoding; numeric components and independent mode bits share storage.
include/kf/game_graphics.h:35	KfGraphicsRuntimeGame	notification_text_tpage	u16	packed_gpu		include/kf/game_graphics.h:35;src/game/render.c:249;src/game/render_frame.c:133	GPU texture/color/address/coordinate encoding; numeric components and independent mode bits share storage.
include/kf/game_graphics.h:36	KfGraphicsRuntimeGame	notification_digit_clut	u16	packed_gpu		include/kf/game_graphics.h:36;src/game/render.c:252;src/game/render_frame.c:144	GPU texture/color/address/coordinate encoding; numeric components and independent mode bits share storage.
include/kf/game_graphics.h:37	KfGraphicsRuntimeGame	notification_digit_tpage	u16	packed_gpu		include/kf/game_graphics.h:37;src/game/render.c:254;src/game/render_frame.c:143	GPU texture/color/address/coordinate encoding; numeric components and independent mode bits share storage.
include/kf/game_graphics.h:38	KfGraphicsRuntimeGame	notification_message_ids	KfNotificationId[8]	typed_enum		include/kf/game_graphics.h:38;src/game/notify_queue.c:65;src/game/notify_queue.c:66;src/game/notify_queue.c:95;src/game/notify_queue.c:97;src/game/notify_queue.c:99;src/game/notify_queue.c:131;src/game/render.c:258	Same enum type is already enforced by the strict C++ view; this verdict does not certify completeness of its enumerator list.
include/kf/game_graphics.h:39	KfGraphicsRuntimeGame	notification_state	KfNotificationState	aggregate		include/kf/game_graphics.h:39;src/game/map_scripts.c:516;src/game/map_scripts.c:770;src/game/notify_queue.c:64;src/game/notify_queue.c:68;src/game/notify_queue.c:94;src/game/notify_queue.c:95;src/game/notify_queue.c:126;src/game/notify_queue.c:130;src/game/notify_queue.c:136;src/game/notify_queue.c:137;src/game/notify_queue.c:148;src/game/notify_queue.c:177;src/game/notify_queue.c:178;src/game/notify_queue.c:185;src/game/notify_queue.c:186;src/game/notify_queue.c:188;src/game/render.c:255;src/game/render.c:256;src/game/render.c:257;src/game/render_frame.c:128	Nested record/union or record array; project-owned child fields are separately listed. SDK children retain their SDK declarations.
include/kf/game_graphics.h:40	KfGraphicsRuntimeGame	floor_item_clut	u16	packed_gpu		include/kf/game_graphics.h:40;src/game/render.c:244;src/game/render_scene.c:98	GPU texture/color/address/coordinate encoding; numeric components and independent mode bits share storage.
include/kf/game_graphics.h:41	KfGraphicsRuntimeGame	floor_item_tpage	u16	packed_gpu		include/kf/game_graphics.h:41;src/game/render.c:241;src/game/render_scene.c:97	GPU texture/color/address/coordinate encoding; numeric components and independent mode bits share storage.
include/kf/game_graphics.h:42	KfGraphicsRuntimeGame	floor_item_count	u16	numeric		include/kf/game_graphics.h:42;src/game/item.c:52;src/game/item.c:55;src/game/render.c:204;src/game/render_scene.c:96	count of active floor-item placements expanded by the map item loader
include/kf/game_graphics.h:43	KfGraphicsRuntimeGame	unknown_241fa	u8[6]	unresolved		include/kf/game_graphics.h:43	unresolved storage interval; no original array capacity or padding role claimed
include/kf/game_graphics.h:44	KfGraphicsRuntimeGame	floor_items	KfFloorItem[64]	aggregate		include/kf/game_graphics.h:44;src/game/item.c:58;src/game/render_scene.c:100	Nested record/union or record array; project-owned child fields are separately listed. SDK children retain their SDK declarations.
include/kf/game_graphics.h:45	KfGraphicsRuntimeGame	DAT_80095698	u32	unresolved		include/kf/game_graphics.h:45;src/game/render.c:277	Current reconstructed code only clears this field; a zero store does not prove a closed selector domain.
include/kf/game_graphics.h:46	KfGraphicsRuntimeGame	DAT_8009569c	u32	unresolved		include/kf/game_graphics.h:46;src/game/render.c:276	Current reconstructed code only clears this field; a zero store does not prove a closed selector domain.
include/kf/game_graphics.h:47	KfGraphicsRuntimeGame	render_state	KfRenderState	aggregate		include/kf/game_graphics.h:47;src/game/entity_model_render.c:33;src/game/entity_model_render.c:34;src/game/entity_model_render.c:35;src/game/entity_model_render.c:36;src/game/entity_model_render.c:37;src/game/entity_model_render.c:43;src/game/entity_model_render.c:82;src/game/entity_model_render.c:83;src/game/entity_model_render.c:84;src/game/entity_model_render.c:85;src/game/entity_model_render.c:86;src/game/entity_model_render.c:91;src/game/entity_model_render.c:92;src/game/entity_render.c:73;src/game/entity_render.c:74;src/game/entity_render.c:75;src/game/entity_render.c:76;src/game/entity_render.c:77;src/game/entity_render.c:84;src/game/entity_render.c:88;src/game/entity_render.c:123;src/game/entity_render.c:124;src/game/entity_render.c:125;src/game/entity_render.c:126;src/game/entity_render.c:127;src/game/entity_render.c:135;src/game/entity_render.c:140;src/game/geometry_render.c:100;src/game/lighting_presets.c:18;src/game/map_event_render.c:29;src/game/map_event_render.c:30;src/game/map_event_render.c:31;src/game/map_event_render.c:32;src/game/map_event_render.c:33;src/game/map_event_render.c:36;src/game/map_load.c:223;src/game/map_scripts.c:230;src/game/map_scripts.c:239;src/game/map_scripts.c:255;src/game/matrix.c:62;src/game/matrix.c:69;src/game/player_death.c:57;src/game/player_death_fade.c:26;src/game/player_death_fade.c:81;src/game/render.c:182;src/game/render.c:208;src/game/render.c:210;src/game/render.c:212;src/game/render.c:214;src/game/render.c:215;src/game/render.c:216;src/game/render.c:217;src/game/render.c:218;src/game/render.c:219;src/game/render.c:220;src/game/render.c:221;src/game/render.c:222;src/game/render.c:223;src/game/render.c:224;src/game/render.c:226;src/game/render.c:227;src/game/render.c:230;src/game/render.c:231;src/game/render.c:234;src/game/render.c:235;src/game/render.c:238;src/game/render.c:239;src/game/render.c:323;src/game/render.c:324;src/game/render.c:325;src/game/render.c:328;src/game/render.c:330;src/game/render.c:333;src/game/render.c:334;src/game/render_frame.c:107;src/game/render_map_cells.c:81;src/game/render_map_cells.c:95;src/game/render_map_cells.c:96;src/game/render_map_cells.c:98;src/game/render_map_cells.c:99;src/game/render_map_cells.c:127;src/game/render_map_cells.c:133;src/game/render_map_cells.c:136;src/game/render_map_cells.c:137;src/game/render_scene.c:19;src/game/render_scene.c:20;src/game/render_scene.c:75;src/game/render_scene.c:80;src/game/render_scene.c:140	Nested record/union or record array; project-owned child fields are separately listed. SDK children retain their SDK declarations.
include/kf/game_graphics.h:48	KfGraphicsRuntimeGame	light_quadrant_matrices	MATRIX[4]	aggregate		include/kf/game_graphics.h:48;src/game/render.c:228;src/game/render.c:232;src/game/render.c:236;src/game/render.c:240;src/game/render_map_cells.c:102	Nested record/union or record array; project-owned child fields are separately listed. SDK children retain their SDK declarations.
include/kf/game_graphics.h:49	KfGraphicsRuntimeGame	active_cell_window	const KfCellWindow *	pointer		include/kf/game_graphics.h:49;src/game/render_map_cells.c:129;src/game/render_map_cells.c:131;src/game/render_map_cells.c:136;src/game/render_map_cells.c:137;src/game/render_map_cells.c:138;src/game/render_map_cells.c:141;src/game/render_map_cells.c:145;src/game/render_map_cells.c:155;src/game/render_scene.c:18;src/game/render_scene.c:39;src/game/render_scene.c:61;src/game/render_scene.c:105;src/game/render_scene.c:127;src/game/render_scene.c:147	Address or pointer table; not a finite selector.
include/kf/game_map.h:59	KfMapFloor1Script	object_removal_stage	KfMapAreaTriggerStage	typed_enum		include/kf/game_map.h:59;src/game/map_scripts.c:133;src/game/map_scripts.c:137;src/game/map_scripts.c:145	Same enum type is already enforced by the strict C++ view; this verdict does not certify completeness of its enumerator list.
include/kf/game_map.h:60	KfMapFloor1Script	actor_activation_stage	KfMapAreaTriggerStage	typed_enum		include/kf/game_map.h:60;src/game/map_load.c:142;src/game/map_scripts.c:106;src/game/map_scripts.c:110;src/game/map_scripts.c:119	Same enum type is already enforced by the strict C++ view; this verdict does not certify completeness of its enumerator list.
include/kf/game_map.h:61	KfMapFloor1Script	passage_opened	KfMapScriptFlag	typed_enum		include/kf/game_map.h:61;src/game/map_load.c:139;src/game/map_scripts.c:216;src/game/map_scripts.c:217	Same enum type is already enforced by the strict C++ view; this verdict does not certify completeness of its enumerator list.
include/kf/game_map.h:62	KfMapFloor1Script	revival_enabled	KfMapScriptFlag	typed_enum		include/kf/game_map.h:62;src/game/map_object.c:584;src/game/map_object.c:587;src/game/map_scripts.c:101;src/game/player_death.c:161	Same enum type is already enforced by the strict C++ view; this verdict does not certify completeness of its enumerator list.
include/kf/game_map.h:66	KfMapFloor3Script	revealed_piece_count	u8	numeric		include/kf/game_map.h:66;src/game/map_load.c:164;src/game/map_object.c:573	saturates at four completed reveals, applying copy regions 2 and 3
include/kf/game_map.h:70	KfMapFloor5Script	character_arrived	KfMapScriptFlag	typed_enum		include/kf/game_map.h:70;src/game/map_load.c:172;src/game/map_scripts.c:246	Same enum type is already enforced by the strict C++ view; this verdict does not certify completeness of its enumerator list.
include/kf/game_map.h:71	KfMapFloor5Script	weapon_transformed	KfMapScriptFlag	typed_enum		include/kf/game_map.h:71;src/game/map_load.c:148;src/game/map_load.c:153;src/game/map_load.c:161;src/game/map_load.c:185;src/game/map_scripts.c:394	Same enum type is already enforced by the strict C++ view; this verdict does not certify completeness of its enumerator list.
include/kf/game_map.h:72	KfMapFloor5Script	boss_encounter_started	KfMapScriptFlag	typed_enum		include/kf/game_map.h:72;src/game/actor.c:332;src/game/map_load.c:175;src/game/map_object.c:475;src/game/map_scripts.c:191	Same enum type is already enforced by the strict C++ view; this verdict does not certify completeness of its enumerator list.
include/kf/game_map.h:73	KfMapFloor5Script	boss_defeat	KfMapScriptFlag	typed_enum		include/kf/game_map.h:73;src/game/actor_behavior.c:822;src/game/map_load.c:188;src/game/player_warp.c:193;src/game/player_warp.c:250	Same enum type is already enforced by the strict C++ view; this verdict does not certify completeness of its enumerator list.
include/kf/game_map.h:78	KfMapFloorScript	bytes	u8[10]	encoded_storage		include/kf/game_map.h:78	Serialized/word-copy alias of typed or partially recovered object state; do not replace the complete byte stream with one enum.
include/kf/game_map.h:79	KfMapFloorScript	floor1	KfMapFloor1Script	aggregate		include/kf/game_map.h:79;src/game/map_load.c:139;src/game/map_load.c:142;src/game/map_object.c:584;src/game/map_object.c:587;src/game/map_scripts.c:101;src/game/map_scripts.c:106;src/game/map_scripts.c:110;src/game/map_scripts.c:119;src/game/map_scripts.c:133;src/game/map_scripts.c:137;src/game/map_scripts.c:145;src/game/map_scripts.c:216;src/game/map_scripts.c:217;src/game/player_death.c:161	Nested record/union or record array; project-owned child fields are separately listed. SDK children retain their SDK declarations.
include/kf/game_map.h:80	KfMapFloorScript	floor3	KfMapFloor3Script	aggregate		include/kf/game_map.h:80;src/game/map_load.c:164;src/game/map_object.c:573	Nested record/union or record array; project-owned child fields are separately listed. SDK children retain their SDK declarations.
include/kf/game_map.h:81	KfMapFloorScript	floor5	KfMapFloor5Script	aggregate		include/kf/game_map.h:81;src/game/actor.c:332;src/game/actor_behavior.c:822;src/game/map_load.c:148;src/game/map_load.c:153;src/game/map_load.c:161;src/game/map_load.c:172;src/game/map_load.c:175;src/game/map_load.c:185;src/game/map_load.c:188;src/game/map_object.c:475;src/game/map_scripts.c:191;src/game/map_scripts.c:246;src/game/map_scripts.c:394;src/game/player_warp.c:193;src/game/player_warp.c:250	Nested record/union or record array; project-owned child fields are separately listed. SDK children retain their SDK declarations.
include/kf/game_map.h:85	KfMapSavedFloor	script	KfMapFloorScript	aggregate		include/kf/game_map.h:85;src/game/actor.c:332;src/game/actor_behavior.c:822;src/game/map_load.c:139;src/game/map_load.c:142;src/game/map_load.c:148;src/game/map_load.c:153;src/game/map_load.c:161;src/game/map_load.c:164;src/game/map_load.c:172;src/game/map_load.c:175;src/game/map_load.c:185;src/game/map_load.c:188;src/game/map_object.c:475;src/game/map_object.c:573;src/game/map_object.c:584;src/game/map_object.c:587;src/game/map_scripts.c:101;src/game/map_scripts.c:106;src/game/map_scripts.c:110;src/game/map_scripts.c:119;src/game/map_scripts.c:133;src/game/map_scripts.c:137;src/game/map_scripts.c:145;src/game/map_scripts.c:191;src/game/map_scripts.c:216;src/game/map_scripts.c:217;src/game/map_scripts.c:246;src/game/map_scripts.c:394;src/game/player_death.c:161;src/game/player_warp.c:193;src/game/player_warp.c:250	Nested record/union or record array; project-owned child fields are separately listed. SDK children retain their SDK declarations.
include/kf/game_map.h:86	KfMapSavedFloor	records	u8[1690]	encoded_storage		include/kf/game_map.h:86	Serialized/word-copy alias of typed or partially recovered object state; do not replace the complete byte stream with one enum.
include/kf/game_map.h:91	KfMapSavedWorld	words	u32[2125]	encoded_storage		include/kf/game_map.h:91;src/game/save_system.c:375;src/game/save_system.c:626	Packed/aligned copy or address view of an owning object; type semantic members separately.
include/kf/game_map.h:92	KfMapSavedWorld	bytes	u8[8500]	encoded_storage		include/kf/game_map.h:92;src/game/map_events.c:184;src/game/map_load.c:39;src/game/player_death.c:111	Serialized/word-copy alias of typed or partially recovered object state; do not replace the complete byte stream with one enum.
include/kf/game_map.h:93	KfMapSavedWorld	floors	KfMapSavedFloor[5]	aggregate		include/kf/game_map.h:93;src/game/actor.c:332;src/game/actor_behavior.c:822;src/game/map_load.c:139;src/game/map_load.c:142;src/game/map_load.c:148;src/game/map_load.c:153;src/game/map_load.c:161;src/game/map_load.c:164;src/game/map_load.c:172;src/game/map_load.c:175;src/game/map_load.c:185;src/game/map_load.c:188;src/game/map_object.c:475;src/game/map_object.c:573;src/game/map_object.c:584;src/game/map_object.c:587;src/game/map_scripts.c:101;src/game/map_scripts.c:106;src/game/map_scripts.c:110;src/game/map_scripts.c:119;src/game/map_scripts.c:133;src/game/map_scripts.c:137;src/game/map_scripts.c:145;src/game/map_scripts.c:191;src/game/map_scripts.c:216;src/game/map_scripts.c:217;src/game/map_scripts.c:246;src/game/map_scripts.c:394;src/game/player_death.c:161;src/game/player_warp.c:193;src/game/player_warp.c:250	Nested record/union or record array; project-owned child fields are separately listed. SDK children retain their SDK declarations.
include/kf/game_map.h:257	KfMapCellCoordinates	z	u8	numeric		include/kf/game_map.h:257;src/game/game.c:74;src/game/game.c:86;src/game/game.c:89;src/game/map_scripts.c:108;src/game/map_scripts.c:109;src/game/map_scripts.c:114;src/game/map_scripts.c:115;src/game/map_scripts.c:135;src/game/map_scripts.c:136;src/game/map_scripts.c:141;src/game/map_scripts.c:142;src/game/map_scripts.c:171;src/game/map_scripts.c:194;src/game/map_scripts.c:311;src/game/map_scripts.c:325;src/game/map_scripts.c:326;src/game/menu_map_viewer.c:89;src/game/menu_map_viewer.c:91;src/game/menu_map_viewer.c:93;src/game/menu_map_viewer.c:95;src/game/player_core.c:253;src/game/player_core.c:254;src/game/player_core.c:261;src/game/player_core.c:344;src/game/player_core.c:399;src/game/player_core.c:402;src/game/player_core.c:403;src/game/player_core.c:410;src/game/player_core.c:438;src/game/player_core.c:448;src/game/player_core.c:489;src/game/player_core.c:517;src/game/player_core.c:521;src/game/player_core.c:527;src/game/player_core.c:587;src/game/player_core.c:590;src/game/player_death.c:196;src/game/player_update.c:129;src/game/player_update.c:148;src/game/player_update.c:498;src/game/player_update.c:603;src/game/player_warp.c:149	map row derived from world z divided by 2000
include/kf/game_map.h:258	KfMapCellCoordinates	x	u8	numeric		include/kf/game_map.h:258;src/game/game.c:74;src/game/game.c:85;src/game/game.c:90;src/game/map_scripts.c:108;src/game/map_scripts.c:109;src/game/map_scripts.c:114;src/game/map_scripts.c:115;src/game/map_scripts.c:135;src/game/map_scripts.c:136;src/game/map_scripts.c:141;src/game/map_scripts.c:142;src/game/map_scripts.c:170;src/game/map_scripts.c:193;src/game/map_scripts.c:194;src/game/map_scripts.c:311;src/game/map_scripts.c:324;src/game/map_scripts.c:326;src/game/menu_map_viewer.c:88;src/game/menu_map_viewer.c:90;src/game/menu_map_viewer.c:92;src/game/menu_map_viewer.c:94;src/game/player_core.c:252;src/game/player_core.c:254;src/game/player_core.c:261;src/game/player_core.c:345;src/game/player_core.c:395;src/game/player_core.c:396;src/game/player_core.c:406;src/game/player_core.c:410;src/game/player_core.c:439;src/game/player_core.c:448;src/game/player_core.c:490;src/game/player_core.c:517;src/game/player_core.c:521;src/game/player_core.c:527;src/game/player_core.c:586;src/game/player_core.c:588;src/game/player_death.c:195;src/game/player_update.c:129;src/game/player_update.c:147;src/game/player_update.c:498;src/game/player_update.c:603;src/game/player_warp.c:148	map column derived from world x divided by 2000
include/kf/game_map.h:263	KfMapCell	coords	KfMapCellCoordinates	aggregate		include/kf/game_map.h:263;src/game/game.c:74;src/game/game.c:85;src/game/game.c:86;src/game/game.c:89;src/game/game.c:90;src/game/map_scripts.c:108;src/game/map_scripts.c:109;src/game/map_scripts.c:114;src/game/map_scripts.c:115;src/game/map_scripts.c:135;src/game/map_scripts.c:136;src/game/map_scripts.c:141;src/game/map_scripts.c:142;src/game/map_scripts.c:170;src/game/map_scripts.c:171;src/game/map_scripts.c:193;src/game/map_scripts.c:194;src/game/map_scripts.c:311;src/game/map_scripts.c:324;src/game/map_scripts.c:325;src/game/map_scripts.c:326;src/game/menu_map_viewer.c:88;src/game/menu_map_viewer.c:89;src/game/menu_map_viewer.c:90;src/game/menu_map_viewer.c:91;src/game/menu_map_viewer.c:92;src/game/menu_map_viewer.c:93;src/game/menu_map_viewer.c:94;src/game/menu_map_viewer.c:95;src/game/player_core.c:252;src/game/player_core.c:253;src/game/player_core.c:254;src/game/player_core.c:261;src/game/player_core.c:344;src/game/player_core.c:345;src/game/player_core.c:395;src/game/player_core.c:396;src/game/player_core.c:399;src/game/player_core.c:402;src/game/player_core.c:403;src/game/player_core.c:406;src/game/player_core.c:410;src/game/player_core.c:438;src/game/player_core.c:439;src/game/player_core.c:448;src/game/player_core.c:489;src/game/player_core.c:490;src/game/player_core.c:517;src/game/player_core.c:521;src/game/player_core.c:527;src/game/player_core.c:586;src/game/player_core.c:587;src/game/player_core.c:588;src/game/player_core.c:590;src/game/player_death.c:195;src/game/player_death.c:196;src/game/player_update.c:129;src/game/player_update.c:147;src/game/player_update.c:148;src/game/player_update.c:498;src/game/player_update.c:603;src/game/player_warp.c:148;src/game/player_warp.c:149	Nested record/union or record array; project-owned child fields are separately listed. SDK children retain their SDK declarations.
include/kf/game_map.h:264	KfMapCell	word	u16	encoded_storage		include/kf/game_map.h:264;src/game/game.c:76;src/game/game.c:77	Packed/aligned copy or address view of an owning object; type semantic members separately.
include/kf/game_map.h:268	KfMapCopyRegion	source_x	u8	numeric		include/kf/game_map.h:268;src/game/map_object_pool.c:53	source x
include/kf/game_map.h:269	KfMapCopyRegion	source_z	u8	numeric		include/kf/game_map.h:269;src/game/map_object_pool.c:48	source z
include/kf/game_map.h:270	KfMapCopyRegion	destination_x	u8	numeric		include/kf/game_map.h:270;src/game/map_object_pool.c:52	destination x
include/kf/game_map.h:271	KfMapCopyRegion	destination_z	u8	numeric		include/kf/game_map.h:271;src/game/map_object_pool.c:49	destination z
include/kf/game_map.h:272	KfMapCopyRegion	width	u8	numeric		include/kf/game_map.h:272;src/game/map_object_pool.c:51	region width
include/kf/game_map.h:273	KfMapCopyRegion	height	u8	numeric		include/kf/game_map.h:273;src/game/map_object_pool.c:47	region height
include/kf/game_map.h:278	KfMapObjectSpawn	sequence	u16	numeric		include/kf/game_map.h:278;src/game/map_load.c:110;src/game/map_load.c:132;src/game/map_object.c:125;src/game/map_object.c:157;src/game/map_object.c:188	unsigned wrapping sequence for dropped objects
include/kf/game_map.h:279	KfMapObjectSpawn	effect_id	u8	numeric		include/kf/game_map.h:279;src/game/map_object.c:434;src/game/map_object.c:450;src/game/map_object.c:466;src/game/map_object.c:493;src/game/map_object_pool.c:237;src/game/map_object_pool.c:253;src/game/map_object_pool.c:264	Propagates through effect construction to player damage multiplier_tenths; quantitative scale despite the ID-style name.
include/kf/game_map.h:283	KfMapObjectLinkFields	link_id	u8	numeric		include/kf/game_map.h:283;src/game/map_events.c:275;src/game/map_object.c:222;src/game/map_object.c:223;src/game/map_object.c:228;src/game/map_object.c:249;src/game/map_object.c:250;src/game/map_object.c:419;src/game/map_object.c:508;src/game/map_object.c:517;src/game/map_object.c:531;src/game/map_object.c:532;src/game/map_object.c:535;src/game/map_object.c:552;src/game/map_object.c:560;src/game/map_object.c:594;src/game/map_scripts.c:573;src/game/map_scripts.c:684;src/game/map_scripts.c:697;src/game/map_scripts.c:713;src/game/map_scripts.c:754;src/game/map_scripts.c:761;src/game/map_scripts.c:781;src/game/player_use_item.c:96;src/game/player_use_item.c:102;src/game/player_use_item.c:103;src/game/player_use_item.c:129;src/game/player_use_item.c:134;src/game/player_use_item.c:135	Resource-defined trigger link/key; zero is unlinked. No finite semantic key enumeration is established.
include/kf/game_map.h:284	KfMapObjectLinkFields	action_parameter	u8	mixed_domain_candidate	F3	include/kf/game_map.h:284;src/game/map_object.c:284;src/game/map_object.c:285;src/game/map_object.c:509;src/game/map_object.c:518;src/game/map_object.c:523;src/game/map_object.c:539;src/game/map_object.c:553;src/game/map_object.c:554;src/game/map_object_pool.c:236;src/game/map_object_pool.c:252;src/game/map_object_pool.c:263;src/game/map_object_pool.c:274;src/game/map_scripts.c:719;src/game/map_scripts.c:720;src/game/map_scripts.c:726;docs/patterns/enum-field-review.md#f3	Behavior selects an effect index, paired-object index, or KfMapCopyRegionId. A typed union/view is needed for the copy-region branch; a single enum would misdescribe the index branches.
include/kf/game_map.h:285	KfMapObjectLinkFields	spawn	KfMapObjectSpawn	aggregate		include/kf/game_map.h:285;src/game/map_load.c:110;src/game/map_load.c:132;src/game/map_object.c:125;src/game/map_object.c:157;src/game/map_object.c:188;src/game/map_object.c:434;src/game/map_object.c:450;src/game/map_object.c:466;src/game/map_object.c:493;src/game/map_object_pool.c:237;src/game/map_object_pool.c:253;src/game/map_object_pool.c:264	Nested record/union or record array; project-owned child fields are separately listed. SDK children retain their SDK declarations.
include/kf/game_map.h:286	KfMapObjectLinkFields	vertical_velocity	s16	numeric		include/kf/game_map.h:286;src/game/map_load.c:111;src/game/map_load.c:133;src/game/map_object.c:175;src/game/map_object.c:203;src/game/map_object.c:364;src/game/map_object.c:365;src/game/map_object.c:370;src/game/map_object.c:373;src/game/map_object.c:374;src/game/map_object.c:397;src/game/map_object.c:405;src/game/map_object.c:410;src/game/map_object.c:414;src/game/map_scripts.c:374	vertical velocity
include/kf/game_map.h:287	KfMapObjectLinkFields	linked_notification	KfNotificationId	typed_enum		include/kf/game_map.h:287;src/game/map_scripts.c:635	Same enum type is already enforced by the strict C++ view; this verdict does not certify completeness of its enumerator list.
include/kf/game_map.h:288	KfMapObjectLinkFields	default_notification	KfNotificationId	typed_enum		include/kf/game_map.h:288;src/game/map_scripts.c:793	Same enum type is already enforced by the strict C++ view; this verdict does not certify completeness of its enumerator list.
include/kf/game_map.h:292	KfMapObjectHingedContainer	link_id	u8	numeric		include/kf/game_map.h:292	Resource-defined trigger link/key; zero is unlinked. No finite semantic key enumeration is established.
include/kf/game_map.h:293	KfMapObjectHingedContainer	item_ids	KfItemId[4]	typed_enum		include/kf/game_map.h:293;src/game/map_scripts.c:582;src/game/map_scripts.c:608	Same enum type is already enforced by the strict C++ view; this verdict does not certify completeness of its enumerator list.
include/kf/game_map.h:298	KfMapObjectLink	fields	KfMapObjectLinkFields	aggregate		include/kf/game_map.h:298;src/game/map_events.c:275;src/game/map_load.c:110;src/game/map_load.c:111;src/game/map_load.c:132;src/game/map_load.c:133;src/game/map_object.c:125;src/game/map_object.c:157;src/game/map_object.c:175;src/game/map_object.c:188;src/game/map_object.c:203;src/game/map_object.c:222;src/game/map_object.c:223;src/game/map_object.c:228;src/game/map_object.c:249;src/game/map_object.c:250;src/game/map_object.c:284;src/game/map_object.c:285;src/game/map_object.c:364;src/game/map_object.c:365;src/game/map_object.c:370;src/game/map_object.c:373;src/game/map_object.c:374;src/game/map_object.c:397;src/game/map_object.c:405;src/game/map_object.c:410;src/game/map_object.c:414;src/game/map_object.c:419;src/game/map_object.c:434;src/game/map_object.c:450;src/game/map_object.c:466;src/game/map_object.c:493;src/game/map_object.c:508;src/game/map_object.c:509;src/game/map_object.c:517;src/game/map_object.c:518;src/game/map_object.c:523;src/game/map_object.c:531;src/game/map_object.c:532;src/game/map_object.c:535;src/game/map_object.c:539;src/game/map_object.c:552;src/game/map_object.c:553;src/game/map_object.c:554;src/game/map_object.c:560;src/game/map_object.c:594;src/game/map_object_pool.c:236;src/game/map_object_pool.c:237;src/game/map_object_pool.c:252;src/game/map_object_pool.c:253;src/game/map_object_pool.c:263;src/game/map_object_pool.c:264;src/game/map_object_pool.c:274;src/game/map_scripts.c:374;src/game/map_scripts.c:573;src/game/map_scripts.c:635;src/game/map_scripts.c:684;src/game/map_scripts.c:697;src/game/map_scripts.c:713;src/game/map_scripts.c:719;src/game/map_scripts.c:720;src/game/map_scripts.c:726;src/game/map_scripts.c:754;src/game/map_scripts.c:761;src/game/map_scripts.c:781;src/game/map_scripts.c:793;src/game/player_use_item.c:96;src/game/player_use_item.c:102;src/game/player_use_item.c:103;src/game/player_use_item.c:129;src/game/player_use_item.c:134;src/game/player_use_item.c:135	Nested record/union or record array; project-owned child fields are separately listed. SDK children retain their SDK declarations.
include/kf/game_map.h:299	KfMapObjectLink	gold_amount	u16	numeric		include/kf/game_map.h:299;src/game/map_events.c:276;src/game/map_load.c:108;src/game/map_load.c:109;src/game/map_load.c:131;src/game/map_object.c:191;src/game/map_scripts.c:746	gold-coin amount loaded and stored as one halfword
include/kf/game_map.h:300	KfMapObjectLink	hinged_container	KfMapObjectHingedContainer	aggregate		include/kf/game_map.h:300;src/game/map_scripts.c:582;src/game/map_scripts.c:608	Nested record/union or record array; project-owned child fields are separately listed. SDK children retain their SDK declarations.
include/kf/game_map.h:301	KfMapObjectLink	item_ids	KfItemId[4]	typed_enum		include/kf/game_map.h:301;src/game/map_scripts.c:644	Same enum type is already enforced by the strict C++ view; this verdict does not certify completeness of its enumerator list.
include/kf/game_map.h:302	KfMapObjectLink	words	u32[2]	encoded_storage		include/kf/game_map.h:302;src/game/map_object_pool.c:167;src/game/map_object_pool.c:229	Packed/aligned copy or address view of an owning object; type semantic members separately.
include/kf/game_map.h:303	KfMapObjectLink	bytes	u8[8]	encoded_storage		include/kf/game_map.h:303;src/game/map_events.c:261;src/game/map_load.c:88	Serialized/word-copy alias of typed or partially recovered object state; do not replace the complete byte stream with one enum.
include/kf/game_map.h:323	KfMapObjectPlacement	object_id	u8	encoded_domains		include/kf/game_map.h:323;src/game/map_object_pool.c:215;src/game/map_object_pool.c:216;src/open/opening_entity_pool.c:58;src/open/opening_entity_pool.c:59	Shared serialized byte is decoded as KfMapObjectId in GAME and KfOpeningModelId in OPEN; neither enum alone owns this input.
include/kf/game_map.h:324	KfMapObjectPlacement	unknown_01	u8	unresolved		include/kf/game_map.h:324	meaning unresolved
include/kf/game_map.h:325	KfMapObjectPlacement	tile_z	u8	numeric		include/kf/game_map.h:325;src/game/map_object_pool.c:219;src/game/map_object_pool.c:224;src/game/map_object_pool.c:226;src/open/opening_entity_pool.c:61;src/open/opening_entity_pool.c:68;src/open/opening_entity_pool.c:74	map tile z
include/kf/game_map.h:326	KfMapObjectPlacement	tile_x	u8	numeric		include/kf/game_map.h:326;src/game/map_object_pool.c:218;src/game/map_object_pool.c:223;src/game/map_object_pool.c:226;src/open/opening_entity_pool.c:60;src/open/opening_entity_pool.c:66;src/open/opening_entity_pool.c:75	map tile x
include/kf/game_map.h:327	KfMapObjectPlacement	yaw	u16	numeric		include/kf/game_map.h:327;src/game/map_object_pool.c:222;src/open/opening_entity_pool.c:64	initial yaw, masked to 12 bits
include/kf/game_map.h:328	KfMapObjectPlacement	local_z	s16	numeric		include/kf/game_map.h:328;src/game/map_object_pool.c:224;src/open/opening_entity_pool.c:68	offset within the tile
include/kf/game_map.h:329	KfMapObjectPlacement	local_x	s16	numeric		include/kf/game_map.h:329;src/game/map_object_pool.c:223;src/open/opening_entity_pool.c:66	offset within the tile
include/kf/game_map.h:330	KfMapObjectPlacement	local_y	s16	numeric		include/kf/game_map.h:330;src/game/map_object_pool.c:225;src/open/opening_entity_pool.c:73;src/open/opening_entity_pool.c:78	height offset above the floor height grid
include/kf/game_map.h:331	KfMapObjectPlacement	link	KfMapObjectLink	aggregate		include/kf/game_map.h:331;src/game/map_object_pool.c:229	Nested record/union or record array; project-owned child fields are separately listed. SDK children retain their SDK declarations.
include/kf/game_map.h:335	KfMapObjectDefinition	behavior_type	KfMapObjectBehavior	typed_enum		include/kf/game_map.h:335;src/game/entity_model_render.c:98;src/game/map_events.c:248;src/game/map_object.c:69;src/game/map_object.c:82;src/game/map_object.c:227;src/game/map_object.c:230;src/game/map_object.c:247;src/game/map_object.c:248;src/game/map_object_pool.c:81;src/game/map_object_pool.c:133;src/game/map_object_pool.c:294;src/game/map_scripts.c:568;src/game/map_scripts.c:697;src/game/map_scripts.c:712;src/game/map_scripts.c:714;src/game/map_scripts.c:718;src/game/map_scripts.c:728	Same enum type is already enforced by the strict C++ view; this verdict does not certify completeness of its enumerator list.
include/kf/game_map.h:336	KfMapObjectDefinition	unknown_01	u8	unresolved		include/kf/game_map.h:336	meaning unresolved
include/kf/game_map.h:337	KfMapObjectDefinition	collision_radius	u16	numeric		include/kf/game_map.h:337;src/game/collision.c:132;src/game/map_object_pool.c:231;src/game/map_object_pool.c:343	collision radius
include/kf/game_map.h:338	KfMapObjectDefinition	interaction_radius	u16	numeric		include/kf/game_map.h:338;src/game/map_object.c:78;src/game/map_object.c:91;src/game/map_object.c:96	interaction radius
include/kf/game_map.h:339	KfMapObjectDefinition	unknown_06	u8[2]	unresolved		include/kf/game_map.h:339	meaning unresolved
include/kf/game_map.h:343	KfMapObjectDefinitionTable	entries	KfMapObjectDefinition[160]	aggregate		include/kf/game_map.h:343;src/game/collision.c:128;src/game/entity_model_render.c:98;src/game/map_events.c:239;src/game/map_object.c:68;src/game/map_object.c:227;src/game/map_object.c:230;src/game/map_object.c:244;src/game/map_object_pool.c:78;src/game/map_object_pool.c:127;src/game/map_object_pool.c:230;src/game/map_object_pool.c:343;src/game/map_scripts.c:567;src/game/map_scripts.c:711	Nested record/union or record array; project-owned child fields are separately listed. SDK children retain their SDK declarations.
include/kf/game_map.h:344	KfMapObjectDefinitionTable	words	u32[320]	encoded_storage		include/kf/game_map.h:344;src/game/map_object_pool.c:184;src/game/map_object_pool.c:185	Packed/aligned copy or address view of an owning object; type semantic members separately.
include/kf/game_map.h:350	KfMapObject	object_id	KfMapObjectId	typed_enum		include/kf/game_map.h:350;src/game/collision.c:128;src/game/entity_model_render.c:97;src/game/entity_model_render.c:98;src/game/map_events.c:233;src/game/map_events.c:241;src/game/map_load.c:78;src/game/map_load.c:124;src/game/map_load.c:126;src/game/map_object.c:65;src/game/map_object.c:68;src/game/map_object.c:122;src/game/map_object.c:158;src/game/map_object.c:189;src/game/map_object.c:227;src/game/map_object.c:230;src/game/map_object.c:247;src/game/map_object.c:248;src/game/map_object.c:296;src/game/map_object.c:318;src/game/map_object.c:428;src/game/map_object.c:595;src/game/map_object_pool.c:78;src/game/map_object_pool.c:127;src/game/map_object_pool.c:169;src/game/map_object_pool.c:214;src/game/map_object_pool.c:217;src/game/map_object_pool.c:230;src/game/map_object_pool.c:340;src/game/map_object_pool.c:343;src/game/map_scripts.c:127;src/game/map_scripts.c:148;src/game/map_scripts.c:331;src/game/map_scripts.c:360;src/game/map_scripts.c:567;src/game/map_scripts.c:711;src/game/map_scripts.c:732;src/game/map_scripts.c:735;src/game/map_scripts.c:750;src/game/map_scripts.c:773;src/game/map_scripts.c:776;src/game/player_use_item.c:85;src/game/player_use_item.c:98;src/game/player_use_item.c:105;src/game/player_use_item.c:128;src/game/player_use_item.c:132;src/game/render_scene.c:35	Same enum type is already enforced by the strict C++ view; this verdict does not certify completeness of its enumerator list.
include/kf/game_map.h:351	KfMapObject	unknown_01	u8	unresolved		include/kf/game_map.h:351	meaning unresolved
include/kf/game_map.h:352	KfMapObject	cell_x	u16	numeric		include/kf/game_map.h:352;src/game/map_events.c:273;src/game/map_events.c:281;src/game/map_load.c:97;src/game/map_load.c:100;src/game/map_load.c:104;src/game/map_load.c:116;src/game/map_load.c:119;src/game/map_load.c:123;src/game/map_object.c:162;src/game/map_object.c:196;src/game/map_object.c:362;src/game/map_object.c:383;src/game/map_object.c:395;src/game/map_object_pool.c:74;src/game/map_object_pool.c:218;src/game/map_object_pool.c:232;src/game/map_scripts.c:332;src/game/map_scripts.c:334;src/game/map_scripts.c:336;src/game/render_scene.c:41	map cell x
include/kf/game_map.h:353	KfMapObject	cell_z	u16	numeric		include/kf/game_map.h:353;src/game/map_events.c:274;src/game/map_events.c:282;src/game/map_load.c:98;src/game/map_load.c:102;src/game/map_load.c:104;src/game/map_load.c:117;src/game/map_load.c:121;src/game/map_load.c:123;src/game/map_object.c:163;src/game/map_object.c:197;src/game/map_object.c:362;src/game/map_object.c:383;src/game/map_object.c:395;src/game/map_object_pool.c:80;src/game/map_object_pool.c:219;src/game/map_object_pool.c:232;src/game/map_scripts.c:333;src/game/map_scripts.c:335;src/game/map_scripts.c:336;src/game/render_scene.c:38	map cell z
include/kf/game_map.h:354	KfMapObject	unknown_06	u8[2]	unresolved		include/kf/game_map.h:354	meaning unresolved
include/kf/game_map.h:355	KfMapObject	position	VECTOR	aggregate		include/kf/game_map.h:355;src/game/collision.c:130;src/game/entity_model_render.c:84;src/game/entity_model_render.c:85;src/game/entity_model_render.c:86;src/game/map_load.c:99;src/game/map_load.c:101;src/game/map_load.c:103;src/game/map_load.c:118;src/game/map_load.c:120;src/game/map_load.c:122;src/game/map_object.c:159;src/game/map_object.c:160;src/game/map_object.c:161;src/game/map_object.c:162;src/game/map_object.c:163;src/game/map_object.c:193;src/game/map_object.c:194;src/game/map_object.c:195;src/game/map_object.c:196;src/game/map_object.c:197;src/game/map_object.c:298;src/game/map_object.c:301;src/game/map_object.c:320;src/game/map_object.c:323;src/game/map_object.c:335;src/game/map_object.c:338;src/game/map_object.c:355;src/game/map_object.c:357;src/game/map_object.c:364;src/game/map_object.c:366;src/game/map_object.c:369;src/game/map_object.c:385;src/game/map_object.c:387;src/game/map_object.c:390;src/game/map_object.c:397;src/game/map_object.c:406;src/game/map_object.c:409;src/game/map_object.c:424;src/game/map_object.c:437;src/game/map_object.c:446;src/game/map_object.c:447;src/game/map_object.c:448;src/game/map_object.c:462;src/game/map_object.c:463;src/game/map_object.c:464;src/game/map_object.c:483;src/game/map_object.c:484;src/game/map_object.c:487;src/game/map_object.c:488;src/game/map_object.c:491;src/game/map_object.c:526;src/game/map_object.c:542;src/game/map_object.c:564;src/game/map_object.c:567;src/game/map_object.c:572;src/game/map_object.c:586;src/game/map_object_pool.c:128;src/game/map_object_pool.c:129;src/game/map_object_pool.c:223;src/game/map_object_pool.c:224;src/game/map_object_pool.c:225;src/game/map_object_pool.c:240;src/game/map_object_pool.c:256;src/game/map_object_pool.c:267;src/game/map_object_pool.c:276;src/game/map_object_pool.c:287;src/game/map_object_pool.c:314;src/game/map_object_pool.c:319;src/game/map_scripts.c:334;src/game/map_scripts.c:335;src/game/map_scripts.c:341;src/game/map_scripts.c:355;src/game/map_scripts.c:594;src/game/map_scripts.c:704	Nested record/union or record array; project-owned child fields are separately listed. SDK children retain their SDK declarations.
include/kf/game_map.h:356	KfMapObject	rotation	KfRotation	aggregate		include/kf/game_map.h:356;src/game/collision.c:131;src/game/entity_model_render.c:88;src/game/entity_model_render.c:89;src/game/map_events.c:283;src/game/map_load.c:105;src/game/map_load.c:106;src/game/map_load.c:107;src/game/map_load.c:125;src/game/map_load.c:127;src/game/map_load.c:129;src/game/map_load.c:130;src/game/map_object.c:73;src/game/map_object.c:86;src/game/map_object.c:164;src/game/map_object.c:165;src/game/map_object.c:166;src/game/map_object.c:198;src/game/map_object.c:199;src/game/map_object.c:200;src/game/map_object.c:291;src/game/map_object.c:293;src/game/map_object.c:305;src/game/map_object.c:313;src/game/map_object.c:317;src/game/map_object.c:326;src/game/map_object.c:328;src/game/map_object.c:341;src/game/map_object.c:349;src/game/map_object.c:353;src/game/map_object.c:373;src/game/map_object.c:375;src/game/map_object.c:376;src/game/map_object.c:386;src/game/map_object.c:399;src/game/map_object.c:401;src/game/map_object.c:403;src/game/map_object.c:411;src/game/map_object.c:431;src/game/map_object.c:432;src/game/map_object.c:439;src/game/map_object.c:444;src/game/map_object.c:445;src/game/map_object.c:455;src/game/map_object.c:460;src/game/map_object.c:461;src/game/map_object.c:471;src/game/map_object.c:479;src/game/map_object.c:480;src/game/map_object.c:481;src/game/map_object.c:498;src/game/map_object.c:596;src/game/map_object_pool.c:220;src/game/map_object_pool.c:221;src/game/map_object_pool.c:222;src/game/map_object_pool.c:258;src/game/map_object_pool.c:269;src/game/map_object_pool.c:277;src/game/map_object_pool.c:297;src/game/map_scripts.c:337;src/game/map_scripts.c:338;src/game/map_scripts.c:339;src/game/map_scripts.c:349;src/game/map_scripts.c:369;src/game/map_scripts.c:576;src/game/map_scripts.c:595;src/game/map_scripts.c:603;src/game/map_scripts.c:630;src/game/map_scripts.c:676;src/game/map_scripts.c:678;src/game/map_scripts.c:692;src/game/map_scripts.c:694;src/game/player_use_item.c:100	Nested record/union or record array; project-owned child fields are separately listed. SDK children retain their SDK declarations.
include/kf/game_map.h:357	KfMapObject	link	KfMapObjectLink	aggregate		include/kf/game_map.h:357;src/game/map_events.c:261;src/game/map_events.c:262;src/game/map_events.c:275;src/game/map_events.c:276;src/game/map_load.c:88;src/game/map_load.c:89;src/game/map_load.c:108;src/game/map_load.c:109;src/game/map_load.c:110;src/game/map_load.c:111;src/game/map_load.c:131;src/game/map_load.c:132;src/game/map_load.c:133;src/game/map_object.c:125;src/game/map_object.c:157;src/game/map_object.c:175;src/game/map_object.c:188;src/game/map_object.c:191;src/game/map_object.c:203;src/game/map_object.c:222;src/game/map_object.c:223;src/game/map_object.c:228;src/game/map_object.c:249;src/game/map_object.c:250;src/game/map_object.c:284;src/game/map_object.c:285;src/game/map_object.c:364;src/game/map_object.c:365;src/game/map_object.c:370;src/game/map_object.c:373;src/game/map_object.c:374;src/game/map_object.c:397;src/game/map_object.c:405;src/game/map_object.c:410;src/game/map_object.c:414;src/game/map_object.c:419;src/game/map_object.c:434;src/game/map_object.c:450;src/game/map_object.c:466;src/game/map_object.c:493;src/game/map_object.c:508;src/game/map_object.c:509;src/game/map_object.c:517;src/game/map_object.c:518;src/game/map_object.c:523;src/game/map_object.c:531;src/game/map_object.c:532;src/game/map_object.c:535;src/game/map_object.c:539;src/game/map_object.c:552;src/game/map_object.c:553;src/game/map_object.c:554;src/game/map_object.c:560;src/game/map_object.c:594;src/game/map_object_pool.c:167;src/game/map_object_pool.c:229;src/game/map_object_pool.c:236;src/game/map_object_pool.c:237;src/game/map_object_pool.c:252;src/game/map_object_pool.c:253;src/game/map_object_pool.c:263;src/game/map_object_pool.c:264;src/game/map_object_pool.c:274;src/game/map_scripts.c:374;src/game/map_scripts.c:573;src/game/map_scripts.c:582;src/game/map_scripts.c:608;src/game/map_scripts.c:635;src/game/map_scripts.c:644;src/game/map_scripts.c:684;src/game/map_scripts.c:697;src/game/map_scripts.c:713;src/game/map_scripts.c:719;src/game/map_scripts.c:720;src/game/map_scripts.c:726;src/game/map_scripts.c:746;src/game/map_scripts.c:754;src/game/map_scripts.c:761;src/game/map_scripts.c:781;src/game/map_scripts.c:793;src/game/player_use_item.c:96;src/game/player_use_item.c:102;src/game/player_use_item.c:103;src/game/player_use_item.c:129;src/game/player_use_item.c:134;src/game/player_use_item.c:135	Nested record/union or record array; project-owned child fields are separately listed. SDK children retain their SDK declarations.
include/kf/game_map.h:358	KfMapObject	action	KfMapObjectAction	typed_enum		include/kf/game_map.h:358;src/game/map_events.c:254;src/game/map_object.c:107;src/game/map_object.c:108;src/game/map_object.c:167;src/game/map_object.c:201;src/game/map_object.c:217;src/game/map_object.c:278;src/game/map_object.c:281;src/game/map_object.c:378;src/game/map_object_pool.c:170;src/game/map_object_pool.c:227;src/game/map_scripts.c:340;src/game/map_scripts.c:681	Same enum type is already enforced by the strict C++ view; this verdict does not certify completeness of its enumerator list.
include/kf/game_map.h:359	KfMapObject	unknown_29	u8	unresolved		include/kf/game_map.h:359	meaning unresolved
include/kf/game_map.h:360	KfMapObject	action_timer	KfMapObjectProgress	typed_enum		include/kf/game_map.h:360;src/game/map_object.c:109;src/game/map_object.c:283;src/game/map_object.c:289;src/game/map_object.c:306;src/game/map_object.c:314;src/game/map_object.c:333;src/game/map_object.c:342;src/game/map_object.c:350;src/game/map_object.c:361;src/game/map_object.c:371;src/game/map_object.c:391;src/game/map_object.c:400;src/game/map_object.c:415;src/game/map_object.c:422;src/game/map_object.c:440;src/game/map_object.c:456;src/game/map_object.c:472;src/game/map_object.c:499;src/game/map_object.c:503;src/game/map_object.c:508;src/game/map_object.c:510;src/game/map_object.c:514;src/game/map_object.c:519;src/game/map_object.c:522;src/game/map_object.c:533;src/game/map_object.c:538;src/game/map_object.c:547;src/game/map_object.c:552;src/game/map_object.c:556;src/game/map_object.c:563;src/game/map_object.c:565;src/game/map_object.c:566;src/game/map_object.c:568;src/game/map_object.c:569;src/game/map_object.c:590;src/game/map_scripts.c:757	Same enum type is already enforced by the strict C++ view; this verdict does not certify completeness of its enumerator list.
include/kf/game_map.h:380	KfCameraPathPoint	position	VECTOR	aggregate		include/kf/game_map.h:380;src/game/camera_path.c:24;src/game/camera_path.c:28;src/game/camera_path.c:29;src/game/camera_path.c:30;src/open/camera_path.c:22;src/open/camera_path.c:26;src/open/camera_path.c:27;src/open/camera_path.c:28;src/open/camera_path.c:58	Nested record/union or record array; project-owned child fields are separately listed. SDK children retain their SDK declarations.
include/kf/game_map.h:381	KfCameraPathPoint	rotation	SVECTOR	aggregate		include/kf/game_map.h:381;src/game/camera_path.c:37;src/game/camera_path.c:38;src/game/camera_path.c:39;src/open/camera_path.c:41;src/open/camera_path.c:43;src/open/camera_path.c:45;src/open/camera_path.c:59	Nested record/union or record array; project-owned child fields are separately listed. SDK children retain their SDK declarations.
include/kf/game_map.h:382	KfCameraPathPoint	speed	s16	numeric		include/kf/game_map.h:382;src/game/camera_path.c:33;src/game/camera_path.c:34;src/game/camera_path.c:35;src/game/camera_path.c:36;src/open/camera_path.c:34;src/open/camera_path.c:36;src/open/camera_path.c:38;src/open/camera_path.c:39	segment speed
include/kf/game_map.h:383	KfCameraPathPoint	unknown_1a	s16	unresolved		include/kf/game_map.h:383	meaning unresolved
include/kf/game_map.h:387	KfCameraPathState	points	const KfCameraPathPoint *	pointer		include/kf/game_map.h:387;src/game/camera_path.c:16;src/game/camera_path.c:48;src/open/camera_path.c:20;src/open/camera_path.c:57	Address or pointer table; not a finite selector.
include/kf/game_map.h:388	KfCameraPathState	position	VECTOR	aggregate		include/kf/game_map.h:388;src/game/camera_path.c:28;src/game/camera_path.c:29;src/game/camera_path.c:30;src/game/camera_path.c:49;src/game/camera_path.c:52;src/game/camera_path.c:53;src/game/camera_path.c:54;src/game/camera_path.c:80;src/game/map_scripts.c:319;src/game/map_scripts.c:322;src/open/camera_path.c:26;src/open/camera_path.c:27;src/open/camera_path.c:28;src/open/camera_path.c:58;src/open/camera_path.c:62;src/open/camera_path.c:64;src/open/camera_path.c:66;src/open/camera_path.c:101;src/open/camera_path.c:103;src/open/camera_path.c:105;src/open/opening_scenes.c:259;src/open/opening_scenes.c:262;src/open/opening_scenes.c:502;src/open/opening_scenes.c:515;src/open/opening_scenes.c:518;src/open/opening_scenes.c:533;src/open/opening_scenes.c:560;src/open/opening_scenes.c:562;src/open/opening_scenes.c:573;src/open/opening_scenes.c:604;src/open/opening_scenes.c:605;src/open/opening_scenes.c:615;src/open/opening_scenes.c:633;src/open/opening_scenes.c:636;src/open/opening_scenes.c:665;src/open/opening_scenes.c:687;src/open/opening_scenes.c:776;src/open/opening_scenes.c:777;src/open/opening_scenes.c:839	Nested record/union or record array; project-owned child fields are separately listed. SDK children retain their SDK declarations.
include/kf/game_map.h:389	KfCameraPathState	rotation	SVECTOR	aggregate		include/kf/game_map.h:389;src/game/camera_path.c:37;src/game/camera_path.c:38;src/game/camera_path.c:39;src/game/camera_path.c:50;src/game/camera_path.c:55;src/game/camera_path.c:56;src/game/camera_path.c:57;src/game/camera_path.c:84;src/game/map_scripts.c:319;src/game/map_scripts.c:323;src/open/camera_path.c:41;src/open/camera_path.c:43;src/open/camera_path.c:45;src/open/camera_path.c:59;src/open/camera_path.c:68;src/open/camera_path.c:70;src/open/camera_path.c:72;src/open/camera_path.c:107;src/open/camera_path.c:109;src/open/camera_path.c:111;src/open/opening_scenes.c:260;src/open/opening_scenes.c:263;src/open/opening_scenes.c:503;src/open/opening_scenes.c:516;src/open/opening_scenes.c:519;src/open/opening_scenes.c:534;src/open/opening_scenes.c:574;src/open/opening_scenes.c:616;src/open/opening_scenes.c:634;src/open/opening_scenes.c:637;src/open/opening_scenes.c:666;src/open/opening_scenes.c:688;src/open/opening_scenes.c:839	Nested record/union or record array; project-owned child fields are separately listed. SDK children retain their SDK declarations.
include/kf/game_map.h:390	KfCameraPathState	position_fixed	VECTOR	aggregate		include/kf/game_map.h:390;src/game/camera_path.c:52;src/game/camera_path.c:53;src/game/camera_path.c:54;src/game/camera_path.c:74;src/game/camera_path.c:75;src/game/camera_path.c:76;src/game/camera_path.c:80;src/open/camera_path.c:61;src/open/camera_path.c:63;src/open/camera_path.c:65;src/open/camera_path.c:89;src/open/camera_path.c:91;src/open/camera_path.c:93;src/open/camera_path.c:102;src/open/camera_path.c:104;src/open/camera_path.c:106	Nested record/union or record array; project-owned child fields are separately listed. SDK children retain their SDK declarations.
include/kf/game_map.h:391	KfCameraPathState	rotation_fixed	VECTOR	aggregate		include/kf/game_map.h:391;src/game/camera_path.c:55;src/game/camera_path.c:56;src/game/camera_path.c:57;src/game/camera_path.c:77;src/game/camera_path.c:78;src/game/camera_path.c:79;src/game/camera_path.c:84;src/open/camera_path.c:67;src/open/camera_path.c:69;src/open/camera_path.c:71;src/open/camera_path.c:95;src/open/camera_path.c:97;src/open/camera_path.c:99;src/open/camera_path.c:108;src/open/camera_path.c:110;src/open/camera_path.c:112	Nested record/union or record array; project-owned child fields are separately listed. SDK children retain their SDK declarations.
include/kf/game_map.h:392	KfCameraPathState	position_delta	VECTOR	aggregate		include/kf/game_map.h:392;src/game/camera_path.c:33;src/game/camera_path.c:34;src/game/camera_path.c:35;src/game/camera_path.c:74;src/game/camera_path.c:75;src/game/camera_path.c:76;src/open/camera_path.c:33;src/open/camera_path.c:35;src/open/camera_path.c:37;src/open/camera_path.c:90;src/open/camera_path.c:92;src/open/camera_path.c:94	Nested record/union or record array; project-owned child fields are separately listed. SDK children retain their SDK declarations.
include/kf/game_map.h:393	KfCameraPathState	rotation_delta	VECTOR	aggregate		include/kf/game_map.h:393;src/game/camera_path.c:40;src/game/camera_path.c:41;src/game/camera_path.c:42;src/game/camera_path.c:77;src/game/camera_path.c:78;src/game/camera_path.c:79;src/open/camera_path.c:46;src/open/camera_path.c:48;src/open/camera_path.c:50;src/open/camera_path.c:96;src/open/camera_path.c:98;src/open/camera_path.c:100	Nested record/union or record array; project-owned child fields are separately listed. SDK children retain their SDK declarations.
include/kf/game_map.h:394	KfCameraPathState	point_index	s16	numeric		include/kf/game_map.h:394;src/game/camera_path.c:16;src/game/camera_path.c:23;src/game/camera_path.c:51;src/open/camera_path.c:19;src/open/camera_path.c:21;src/open/camera_path.c:60;src/open/opening_scenes.c:222;src/open/opening_scenes.c:230;src/open/opening_scenes.c:628	current path point index
include/kf/game_map.h:395	KfCameraPathState	unknown_5e	s16	unresolved		include/kf/game_map.h:395	meaning unresolved
include/kf/game_map.h:396	KfCameraPathState	frames_remaining	s32	numeric		include/kf/game_map.h:396;src/game/camera_path.c:25;src/game/camera_path.c:36;src/game/camera_path.c:40;src/game/camera_path.c:41;src/game/camera_path.c:42;src/game/camera_path.c:64;src/game/camera_path.c:67;src/game/camera_path.c:68;src/game/camera_path.c:70;src/game/map_scripts.c:316;src/open/camera_path.c:23;src/open/camera_path.c:39;src/open/camera_path.c:47;src/open/camera_path.c:49;src/open/camera_path.c:51;src/open/camera_path.c:79;src/open/camera_path.c:82;src/open/camera_path.c:83;src/open/camera_path.c:85;src/open/opening_scenes.c:528;src/open/opening_scenes.c:625;src/open/opening_scenes.c:828	segment frame countdown
include/kf/game_map.h:441	KfDialoguePageLimits	last_page	u8[5]	numeric		include/kf/game_map.h:441;src/game/map_events.c:137;src/game/map_events.c:210;src/game/map_load.c:61;src/game/map_scripts.c:406;src/game/map_scripts.c:423;src/game/map_scripts.c:437;src/game/map_scripts.c:456	last accessible page per dialogue stage; zero disables dialogue at that stage
include/kf/game_map.h:445	KfMapEventDefinition	state	KfMapEventState	typed_enum		include/kf/game_map.h:445;src/game/map_event.c:59	Same enum type is already enforced by the strict C++ view; this verdict does not certify completeness of its enumerator list.
include/kf/game_map.h:446	KfMapEventDefinition	character_id	KfCharacterId	typed_enum		include/kf/game_map.h:446;src/game/map_event.c:61	Same enum type is already enforced by the strict C++ view; this verdict does not certify completeness of its enumerator list.
include/kf/game_map.h:447	KfMapEventDefinition	model_index	u8	numeric		include/kf/game_map.h:447;src/game/map_event.c:62	model index relative to the map-event asset bank
include/kf/game_map.h:448	KfMapEventDefinition	cell_z	u8	numeric		include/kf/game_map.h:448;src/game/map_event.c:70;src/game/map_event.c:73	map cell z
include/kf/game_map.h:449	KfMapEventDefinition	cell_x	u8	numeric		include/kf/game_map.h:449;src/game/map_event.c:68;src/game/map_event.c:72	map cell x
include/kf/game_map.h:450	KfMapEventDefinition	dialogue_pages	KfDialoguePageLimits	aggregate		include/kf/game_map.h:450;src/game/map_event.c:63	Nested record/union or record array; project-owned child fields are separately listed. SDK children retain their SDK declarations.
include/kf/game_map.h:451	KfMapEventDefinition	dialogue_stage_limit	u8	numeric		include/kf/game_map.h:451;src/game/map_event.c:64	maximum dialogue stage allowed by this record
include/kf/game_map.h:452	KfMapEventDefinition	unknown_0b	u8	unresolved		include/kf/game_map.h:452;src/game/map_event.c:65	Source byte for runtime KfMapEvent +0x0c; GAME 0x8003397c reads base+18-7. Reviewed floor resources contain zero; no behavior established.
include/kf/game_map.h:453	KfMapEventDefinition	unknown_0c	u8	unresolved		include/kf/game_map.h:453;src/game/map_event.c:66	Source byte for runtime KfMapEvent +0x0d; GAME 0x80033988 reads base+18-6. The runtime byte survives world-state save/restore; meaning unresolved.
include/kf/game_map.h:454	KfMapEventDefinition	behavior	KfMapEventBehavior	typed_enum		include/kf/game_map.h:454;src/game/map_event.c:67	Same enum type is already enforced by the strict C++ view; this verdict does not certify completeness of its enumerator list.
include/kf/game_map.h:455	KfMapEventDefinition	position_z_offset	s16	numeric		include/kf/game_map.h:455;src/game/map_event.c:70	z position offset
include/kf/game_map.h:456	KfMapEventDefinition	position_x_offset	s16	numeric		include/kf/game_map.h:456;src/game/map_event.c:68	x position offset
include/kf/game_map.h:457	KfMapEventDefinition	initial_rotation	u16	numeric		include/kf/game_map.h:457;src/game/map_event.c:77	initial rotation
include/kf/game_map.h:458	KfMapEventDefinition	radius	u16	numeric		include/kf/game_map.h:458;src/game/map_event.c:74	interaction radius
include/kf/game_map.h:459	KfMapEventDefinition	unknown_16	u16	unresolved		include/kf/game_map.h:459	meaning unresolved
include/kf/game_map.h:463	KfDialogueFields	stage_limit	u8	numeric		include/kf/game_map.h:463;src/game/map_event.c:20;src/game/map_event.c:21;src/game/map_event.c:28;src/game/map_event.c:29;src/game/map_event.c:64;src/game/map_events.c:207;src/game/map_load.c:58;src/game/map_scripts.c:412;src/game/map_scripts.c:428;src/game/map_scripts.c:443;src/game/map_scripts.c:455	maximum dialogue stage allowed by this record
include/kf/game_map.h:464	KfDialogueFields	stage	u8	numeric		include/kf/game_map.h:464;src/game/map_event.c:20;src/game/map_event.c:22;src/game/map_event.c:23;src/game/map_event.c:28;src/game/map_event.c:29;src/game/map_event.c:82;src/game/map_events.c:137;src/game/map_events.c:208;src/game/map_events.c:210;src/game/map_load.c:59;src/game/map_load.c:61;src/game/map_scripts.c:159;src/game/map_scripts.c:403;src/game/map_scripts.c:409;src/game/map_scripts.c:418;src/game/map_scripts.c:425;src/game/map_scripts.c:434;src/game/map_scripts.c:440;src/game/map_scripts.c:456;src/game/map_scripts.c:458	one-based dialogue stage advanced with highest-floor progress
include/kf/game_map.h:465	KfDialogueFields	page	u8	numeric		include/kf/game_map.h:465;src/game/map_event.c:25;src/game/map_event.c:81;src/game/map_events.c:138;src/game/map_events.c:139;src/game/map_events.c:140;src/game/map_events.c:209;src/game/map_load.c:60;src/game/map_scripts.c:159;src/game/map_scripts.c:404;src/game/map_scripts.c:410;src/game/map_scripts.c:419;src/game/map_scripts.c:426;src/game/map_scripts.c:435;src/game/map_scripts.c:441;src/game/map_scripts.c:458	one-based dialogue page; incremented and capped by the current stage limit
include/kf/game_map.h:466	KfDialogueFields	page_delay	u8	numeric		include/kf/game_map.h:466;src/game/map_event.c:26;src/game/map_event.c:83;src/game/map_events.c:134;src/game/map_events.c:135;src/game/map_events.c:136;src/game/map_events.c:211;src/game/map_load.c:62;src/game/map_scripts.c:411;src/game/map_scripts.c:427;src/game/map_scripts.c:442;src/game/map_scripts.c:459;src/game/map_scripts.c:460	remaining gated ticks before advancing one dialogue page; one tick per four pool updates
include/kf/game_map.h:471	KfDialogueState	fields	KfDialogueFields	aggregate		include/kf/game_map.h:471;src/game/map_event.c:20;src/game/map_event.c:21;src/game/map_event.c:22;src/game/map_event.c:23;src/game/map_event.c:25;src/game/map_event.c:26;src/game/map_event.c:28;src/game/map_event.c:29;src/game/map_event.c:64;src/game/map_event.c:81;src/game/map_event.c:82;src/game/map_event.c:83;src/game/map_events.c:134;src/game/map_events.c:135;src/game/map_events.c:136;src/game/map_events.c:137;src/game/map_events.c:138;src/game/map_events.c:139;src/game/map_events.c:140;src/game/map_events.c:207;src/game/map_events.c:208;src/game/map_events.c:209;src/game/map_events.c:210;src/game/map_events.c:211;src/game/map_load.c:58;src/game/map_load.c:59;src/game/map_load.c:60;src/game/map_load.c:61;src/game/map_load.c:62;src/game/map_scripts.c:159;src/game/map_scripts.c:403;src/game/map_scripts.c:404;src/game/map_scripts.c:409;src/game/map_scripts.c:410;src/game/map_scripts.c:411;src/game/map_scripts.c:412;src/game/map_scripts.c:418;src/game/map_scripts.c:419;src/game/map_scripts.c:425;src/game/map_scripts.c:426;src/game/map_scripts.c:427;src/game/map_scripts.c:428;src/game/map_scripts.c:434;src/game/map_scripts.c:435;src/game/map_scripts.c:440;src/game/map_scripts.c:441;src/game/map_scripts.c:442;src/game/map_scripts.c:443;src/game/map_scripts.c:455;src/game/map_scripts.c:456;src/game/map_scripts.c:458;src/game/map_scripts.c:459;src/game/map_scripts.c:460	Nested record/union or record array; project-owned child fields are separately listed. SDK children retain their SDK declarations.
include/kf/game_map.h:472	KfDialogueState	word	u32	encoded_storage		include/kf/game_map.h:472;src/game/map_scripts.c:262;src/game/map_scripts.c:279;src/game/map_scripts.c:391	Packed/aligned copy or address view of an owning object; type semantic members separately.
include/kf/game_map.h:476	KfMapEvent	state	KfMapEventState	typed_enum		include/kf/game_map.h:476;src/game/map_event.c:57;src/game/map_event.c:59;src/game/map_event.c:60;src/game/map_event.c:139;src/game/map_event.c:173;src/game/map_events.c:116;src/game/map_events.c:206;src/game/map_load.c:57;src/game/map_load.c:157;src/game/map_load.c:173;src/game/map_load.c:208;src/game/map_scripts.c:245;src/game/map_scripts.c:264;src/game/player_warp.c:271;src/game/player_warp.c:272;src/game/render_scene.c:143	Same enum type is already enforced by the strict C++ view; this verdict does not certify completeness of its enumerator list.
include/kf/game_map.h:477	KfMapEvent	character_id	KfCharacterId	typed_enum		include/kf/game_map.h:477;src/game/map_event.c:61;src/game/map_scripts.c:401;src/game/map_scripts.c:409;src/game/map_scripts.c:425;src/game/map_scripts.c:440;src/game/map_scripts.c:458;src/game/map_scripts.c:527;src/game/player_use_item.c:46;src/game/player_use_item.c:47	Same enum type is already enforced by the strict C++ view; this verdict does not certify completeness of its enumerator list.
include/kf/game_map.h:478	KfMapEvent	model_index	u8	numeric		include/kf/game_map.h:478;src/game/map_event.c:62;src/game/map_event_render.c:39;src/game/map_scripts.c:533	model index relative to the map-event asset bank
include/kf/game_map.h:479	KfMapEvent	dialogue_pages	KfDialoguePageLimits	aggregate		include/kf/game_map.h:479;src/game/map_event.c:63;src/game/map_events.c:137;src/game/map_events.c:210;src/game/map_load.c:61;src/game/map_scripts.c:406;src/game/map_scripts.c:423;src/game/map_scripts.c:437;src/game/map_scripts.c:456	Nested record/union or record array; project-owned child fields are separately listed. SDK children retain their SDK declarations.
include/kf/game_map.h:480	KfMapEvent	dialogue	KfDialogueState	aggregate		include/kf/game_map.h:480;src/game/map_event.c:20;src/game/map_event.c:21;src/game/map_event.c:22;src/game/map_event.c:23;src/game/map_event.c:25;src/game/map_event.c:26;src/game/map_event.c:28;src/game/map_event.c:29;src/game/map_event.c:64;src/game/map_event.c:81;src/game/map_event.c:82;src/game/map_event.c:83;src/game/map_events.c:134;src/game/map_events.c:135;src/game/map_events.c:136;src/game/map_events.c:137;src/game/map_events.c:138;src/game/map_events.c:139;src/game/map_events.c:140;src/game/map_events.c:207;src/game/map_events.c:208;src/game/map_events.c:209;src/game/map_events.c:210;src/game/map_events.c:211;src/game/map_load.c:58;src/game/map_load.c:59;src/game/map_load.c:60;src/game/map_load.c:61;src/game/map_load.c:62;src/game/map_scripts.c:159;src/game/map_scripts.c:262;src/game/map_scripts.c:279;src/game/map_scripts.c:391;src/game/map_scripts.c:403;src/game/map_scripts.c:404;src/game/map_scripts.c:409;src/game/map_scripts.c:410;src/game/map_scripts.c:411;src/game/map_scripts.c:412;src/game/map_scripts.c:418;src/game/map_scripts.c:419;src/game/map_scripts.c:425;src/game/map_scripts.c:426;src/game/map_scripts.c:427;src/game/map_scripts.c:428;src/game/map_scripts.c:434;src/game/map_scripts.c:435;src/game/map_scripts.c:440;src/game/map_scripts.c:441;src/game/map_scripts.c:442;src/game/map_scripts.c:443;src/game/map_scripts.c:455;src/game/map_scripts.c:456;src/game/map_scripts.c:458;src/game/map_scripts.c:459;src/game/map_scripts.c:460	Nested record/union or record array; project-owned child fields are separately listed. SDK children retain their SDK declarations.
include/kf/game_map.h:481	KfMapEvent	unknown_0c	u8	unresolved		include/kf/game_map.h:481;src/game/map_event.c:65	Copied from definition +0x0b by GAME 0x8003397c/0x80033984 (source base+18, runtime base+30); no behavioral consumer established.
include/kf/game_map.h:482	KfMapEvent	unknown_0d	u8	unresolved		include/kf/game_map.h:482;src/game/map_event.c:66;src/game/map_events.c:212;src/game/map_load.c:63	Copied from definition +0x0c at GAME 0x80033988/0x80033990; serialized at 0x80035bfc and restored at 0x80035f10. Persistence is proven by accesses; gameplay meaning unresolved.
include/kf/game_map.h:483	KfMapEvent	behavior	KfMapEventBehavior	typed_enum		include/kf/game_map.h:483;src/game/map_event.c:67;src/game/map_events.c:121;src/game/map_events.c:124;src/game/map_scripts.c:520	Same enum type is already enforced by the strict C++ view; this verdict does not certify completeness of its enumerator list.
include/kf/game_map.h:484	KfMapEvent	animation_clip	KfAnimationClip	typed_enum		include/kf/game_map.h:484;src/game/map_event.c:84;src/game/map_event_render.c:43;src/game/map_scripts.c:523;src/game/map_scripts.c:538;src/game/map_scripts.c:545	Same enum type is already enforced by the strict C++ view; this verdict does not certify completeness of its enumerator list.
include/kf/game_map.h:485	KfMapEvent	collision_turn_pending	KfMapEventCollisionTurn	typed_enum		include/kf/game_map.h:485;src/game/map_event.c:87;src/game/map_events.c:74;src/game/map_events.c:79;src/game/map_events.c:81	Same enum type is already enforced by the strict C++ view; this verdict does not certify completeness of its enumerator list.
include/kf/game_map.h:486	KfMapEvent	unknown_11	u8	unresolved		include/kf/game_map.h:486	meaning unresolved
include/kf/game_map.h:487	KfMapEvent	animation_phase	u16	numeric		include/kf/game_map.h:487;src/game/map_event.c:38;src/game/map_event.c:39;src/game/map_event.c:43;src/game/map_event.c:85;src/game/map_event_render.c:43;src/game/map_events.c:85;src/game/map_events.c:86;src/game/map_events.c:96;src/game/map_events.c:97;src/game/map_events.c:102;src/game/map_scripts.c:522;src/game/map_scripts.c:537;src/game/map_scripts.c:547	u16 animation keyframe phase, modulo 4096 during continuous playback; separate from yaw
include/kf/game_map.h:488	KfMapEvent	position_x	s32	numeric		include/kf/game_map.h:488;src/game/map_event.c:68;src/game/map_event.c:69	world x
include/kf/game_map.h:489	KfMapEvent	position_z	s32	numeric		include/kf/game_map.h:489;src/game/map_event.c:70;src/game/map_event.c:71	world z
include/kf/game_map.h:490	KfMapEvent	cell_x	u16	numeric		include/kf/game_map.h:490;src/game/map_event.c:72;src/game/map_event.c:76;src/game/map_event.c:88;src/game/map_events.c:56;src/game/map_events.c:72;src/game/map_events.c:88;src/game/render_scene.c:149	map cell x
include/kf/game_map.h:491	KfMapEvent	cell_z	u16	numeric		include/kf/game_map.h:491;src/game/map_event.c:73;src/game/map_event.c:76;src/game/map_event.c:88;src/game/map_events.c:56;src/game/map_events.c:73;src/game/map_events.c:88;src/game/render_scene.c:146	map cell z
include/kf/game_map.h:492	KfMapEvent	radius	u16	numeric		include/kf/game_map.h:492;src/game/collision.c:147;src/game/map_event.c:74;src/game/map_event.c:175;src/game/map_events.c:67	interaction radius
include/kf/game_map.h:493	KfMapEvent	unknown_22	u16	unresolved		include/kf/game_map.h:493	meaning unresolved
include/kf/game_map.h:494	KfMapEvent	reference_position	VECTOR	aggregate		include/kf/game_map.h:494;src/game/collision.c:145;src/game/map_event.c:69;src/game/map_event.c:71;src/game/map_event.c:75;src/game/map_event.c:102;src/game/map_event.c:107;src/game/map_event.c:147;src/game/map_event_render.c:31;src/game/map_event_render.c:32;src/game/map_event_render.c:33;src/game/map_events.c:63;src/game/map_events.c:64;src/game/map_events.c:70;src/game/map_events.c:71;src/game/map_events.c:104;src/game/map_scripts.c:162;src/game/map_scripts.c:235	Nested record/union or record array; project-owned child fields are separately listed. SDK children retain their SDK declarations.
include/kf/game_map.h:495	KfMapEvent	rotation	SVECTOR	aggregate		include/kf/game_map.h:495;src/game/collision.c:146;src/game/map_event.c:77;src/game/map_event.c:79;src/game/map_event.c:80;src/game/map_event_render.c:35;src/game/map_events.c:58;src/game/map_events.c:59;src/game/map_events.c:75;src/game/map_events.c:79;src/game/map_scripts.c:236	Nested record/union or record array; project-owned child fields are separately listed. SDK children retain their SDK declarations.
include/kf/game_map.h:496	KfMapEvent	animation_cache	struct KfPoolRecord *	pointer		include/kf/game_map.h:496;src/game/map_event_render.c:43	Address or pointer table; not a finite selector.
include/kf/game_map.h:497	KfMapEvent	rotation_target	s16	numeric		include/kf/game_map.h:497;src/game/map_event.c:86;src/game/map_events.c:58;src/game/map_events.c:75;src/game/map_events.c:76;src/game/map_events.c:79;src/game/map_events.c:80	target rotation
include/kf/game_map.h:498	KfMapEvent	unknown_42	u16	unresolved		include/kf/game_map.h:498	meaning unresolved
include/kf/game_map.h:525	KfMapObjectState	definitions	KfMapObjectDefinitionTable	aggregate		include/kf/game_map.h:525;src/game/collision.c:128;src/game/entity_model_render.c:98;src/game/map_events.c:239;src/game/map_object.c:68;src/game/map_object.c:227;src/game/map_object.c:230;src/game/map_object.c:244;src/game/map_object_pool.c:78;src/game/map_object_pool.c:127;src/game/map_object_pool.c:185;src/game/map_object_pool.c:186;src/game/map_object_pool.c:230;src/game/map_object_pool.c:343;src/game/map_scripts.c:567;src/game/map_scripts.c:711	Nested record/union or record array; project-owned child fields are separately listed. SDK children retain their SDK declarations.
include/kf/game_map.h:526	KfMapObjectState	objects	KfMapObject[190]	aggregate		include/kf/game_map.h:526;src/game/collision.c:127;src/game/map_events.c:231;src/game/map_events.c:238;src/game/map_events.c:271;src/game/map_events.c:279;src/game/map_load.c:76;src/game/map_load.c:87;src/game/map_load.c:95;src/game/map_load.c:114;src/game/map_object.c:57;src/game/map_object.c:116;src/game/map_object.c:213;src/game/map_object.c:242;src/game/map_object.c:265;src/game/map_object.c:285;src/game/map_object_pool.c:163;src/game/map_object_pool.c:205;src/game/map_object_pool.c:335;src/game/map_scripts.c:127;src/game/map_scripts.c:148;src/game/map_scripts.c:566;src/game/map_scripts.c:709;src/game/player_use_item.c:84;src/game/player_use_item.c:127;src/game/render_scene.c:33	Nested record/union or record array; project-owned child fields are separately listed. SDK children retain their SDK declarations.
include/kf/game_map.h:531	KfMapRuntimeState	events	KfMapEvent[8]	aggregate		include/kf/game_map.h:531;src/game/collision.c:143;src/game/game.c:34;src/game/map_event.c:51;src/game/map_event.c:132;src/game/map_event.c:169;src/game/map_events.c:101;src/game/map_events.c:102;src/game/map_events.c:104;src/game/map_events.c:112;src/game/map_events.c:204;src/game/map_load.c:55;src/game/map_load.c:157;src/game/map_load.c:173;src/game/map_load.c:204;src/game/map_scripts.c:159;src/game/map_scripts.c:162;src/game/map_scripts.c:235;src/game/map_scripts.c:236;src/game/map_scripts.c:245;src/game/map_scripts.c:262;src/game/map_scripts.c:264;src/game/map_scripts.c:279;src/game/map_scripts.c:391;src/game/map_scripts.c:403;src/game/map_scripts.c:404;src/game/map_scripts.c:406;src/game/map_scripts.c:410;src/game/map_scripts.c:411;src/game/map_scripts.c:412;src/game/map_scripts.c:413;src/game/map_scripts.c:418;src/game/map_scripts.c:419;src/game/map_scripts.c:423;src/game/map_scripts.c:426;src/game/map_scripts.c:427;src/game/map_scripts.c:428;src/game/map_scripts.c:429;src/game/map_scripts.c:434;src/game/map_scripts.c:435;src/game/map_scripts.c:437;src/game/map_scripts.c:441;src/game/map_scripts.c:442;src/game/map_scripts.c:443;src/game/map_scripts.c:444;src/game/map_scripts.c:519;src/game/player_warp.c:271;src/game/player_warp.c:272;src/game/render_scene.c:141	Nested record/union or record array; project-owned child fields are separately listed. SDK children retain their SDK declarations.
include/kf/game_map.h:532	KfMapRuntimeState	current_event	KfMapEvent *	pointer		include/kf/game_map.h:532;src/game/map_event.c:14;src/game/map_events.c:51;src/game/map_events.c:94	Address or pointer table; not a finite selector.
include/kf/game_map.h:533	KfMapRuntimeState	variant_asset_buffer	u8 *	pointer		include/kf/game_map.h:533;src/game/resources.c:120;src/game/resources.c:210	Address or pointer table; not a finite selector.
include/kf/game_map.h:534	KfMapRuntimeState	dialogue_advance_gate	u16	numeric		include/kf/game_map.h:534;src/game/map_events.c:44;src/game/map_events.c:134;src/game/map_events.c:150	dialogue page delay tick gate: 3, 2, 1, 0, then reload 3
include/kf/game_map.h:535	KfMapRuntimeState	ambient_script_countdown	u16	numeric		include/kf/game_map.h:535;src/game/map_events.c:45;src/game/map_events.c:159;src/game/map_events.c:160	per-floor ambient-script countdown
include/kf/game_map.h:536	KfMapRuntimeState	world_state	KfMapSavedWorld	aggregate		include/kf/game_map.h:536;src/game/actor.c:332;src/game/actor_behavior.c:822;src/game/map_events.c:184;src/game/map_load.c:39;src/game/map_load.c:139;src/game/map_load.c:142;src/game/map_load.c:148;src/game/map_load.c:153;src/game/map_load.c:161;src/game/map_load.c:164;src/game/map_load.c:172;src/game/map_load.c:175;src/game/map_load.c:185;src/game/map_load.c:188;src/game/map_object.c:475;src/game/map_object.c:573;src/game/map_object.c:584;src/game/map_object.c:587;src/game/map_scripts.c:101;src/game/map_scripts.c:106;src/game/map_scripts.c:110;src/game/map_scripts.c:119;src/game/map_scripts.c:133;src/game/map_scripts.c:137;src/game/map_scripts.c:145;src/game/map_scripts.c:191;src/game/map_scripts.c:216;src/game/map_scripts.c:217;src/game/map_scripts.c:246;src/game/map_scripts.c:394;src/game/player_death.c:111;src/game/player_death.c:112;src/game/player_death.c:161;src/game/player_warp.c:193;src/game/player_warp.c:250;src/game/save_system.c:375;src/game/save_system.c:626	Nested record/union or record array; project-owned child fields are separately listed. SDK children retain their SDK declarations.
include/kf/game_math.h:29	KfVecXZs	x	s16	numeric		include/kf/game_math.h:29;src/game/actor_behavior.c:403;src/game/actor_behavior.c:479;src/game/actor_behavior.c:642;src/game/map_events.c:63;src/game/matrix_rotation.c:64;src/game/matrix_rotation.c:162;src/game/matrix_rotation.c:165;src/game/matrix_rotation.c:207;src/game/render.c:324;src/game/render_map_cells.c:137;src/game/render_scene.c:20;src/game/render_scene.c:80;src/open/entity_render.c:155;src/open/render.c:76;src/open/render_map_cells.c:73	x coordinate
include/kf/game_math.h:30	KfVecXZs	z	s16	numeric		include/kf/game_math.h:30;src/game/actor_behavior.c:387;src/game/actor_behavior.c:480;src/game/actor_behavior.c:643;src/game/map_events.c:64;src/game/matrix_rotation.c:65;src/game/matrix_rotation.c:163;src/game/matrix_rotation.c:166;src/game/matrix_rotation.c:208;src/game/render.c:325;src/game/render_map_cells.c:136;src/game/render_scene.c:19;src/game/render_scene.c:75;src/open/entity_render.c:154;src/open/render.c:77;src/open/render_map_cells.c:72	z coordinate
include/kf/game_math.h:34	KfVec3s	x	s16	numeric		include/kf/game_math.h:34;src/game/actor.c:269;src/game/actor_behavior.c:526;src/game/effect_dispatch.c:751;src/game/geometry_render.c:63	x coordinate
include/kf/game_math.h:35	KfVec3s	y	s16	numeric		include/kf/game_math.h:35;src/game/actor.c:269;src/game/actor_behavior.c:527;src/game/effect_dispatch.c:753;src/game/geometry_render.c:64	y coordinate
include/kf/game_math.h:36	KfVec3s	z	s16	numeric		include/kf/game_math.h:36;src/game/actor.c:269;src/game/actor_behavior.c:528;src/game/effect_dispatch.c:752;src/game/geometry_render.c:65;src/game/geometry_render.c:77	z coordinate
include/kf/game_math.h:40	KfEulerAngles	x	s16	numeric		include/kf/game_math.h:40;src/game/actor.c:149;src/game/actor_behavior.c:536;src/game/actor_behavior.c:548;src/game/actor_behavior.c:551;src/game/actor_behavior.c:567;src/game/actor_behavior.c:571;src/game/actor_behavior.c:603;src/game/entity_model_render.c:39;src/game/entity_model_render.c:88;src/game/magic.c:73;src/game/magic.c:89;src/game/magic.c:92;src/game/magic.c:93;src/game/magic.c:102;src/game/magic.c:105;src/game/magic.c:110;src/game/map_load.c:107;src/game/map_load.c:125;src/game/map_load.c:127;src/game/map_object.c:165;src/game/map_object.c:199;src/game/map_object.c:373;src/game/map_object.c:375;src/game/map_object.c:376;src/game/map_object.c:399;src/game/map_object.c:401;src/game/map_object.c:403;src/game/map_object.c:411;src/game/map_object_pool.c:221;src/game/map_scripts.c:338;src/game/map_scripts.c:595;src/game/map_scripts.c:603;src/game/map_scripts.c:630;src/game/matrix_rotation.c:125;src/game/matrix_rotation.c:146;src/game/player_update.c:433;src/game/player_update.c:441;src/game/player_update.c:450;src/game/player_update.c:478;src/game/player_update.c:482;src/open/matrix_rotation.c:67;src/open/matrix_rotation.c:97;src/open/opening_entity_pool.c:63;src/open/opening_scenes.c:414	x angle
include/kf/game_math.h:41	KfEulerAngles	y	s16	numeric		include/kf/game_math.h:41;src/game/actor.c:150;src/game/actor.c:169;src/game/actor.c:171;src/game/actor.c:497;src/game/actor.c:746;src/game/actor.c:788;src/game/actor.c:820;src/game/actor.c:858;src/game/actor_behavior.c:415;src/game/actor_behavior.c:472;src/game/actor_behavior.c:474;src/game/actor_behavior.c:476;src/game/actor_behavior.c:537;src/game/actor_behavior.c:544;src/game/actor_behavior.c:560;src/game/actor_behavior.c:562;src/game/actor_behavior.c:604;src/game/actor_behavior.c:634;src/game/actor_behavior.c:635;src/game/actor_behavior.c:1152;src/game/actor_behavior.c:1189;src/game/actor_behavior.c:1222;src/game/actor_behavior.c:1223;src/game/actor_behavior.c:1227;src/game/entity_model_render.c:40;src/game/entity_model_render.c:89;src/game/magic.c:74;src/game/magic.c:116;src/game/map_events.c:283;src/game/map_load.c:106;src/game/map_load.c:130;src/game/map_object.c:73;src/game/map_object.c:86;src/game/map_object.c:166;src/game/map_object.c:200;src/game/map_object.c:291;src/game/map_object.c:293;src/game/map_object.c:305;src/game/map_object.c:313;src/game/map_object.c:317;src/game/map_object.c:326;src/game/map_object.c:328;src/game/map_object.c:341;src/game/map_object.c:349;src/game/map_object.c:353;src/game/map_object.c:386;src/game/map_object.c:431;src/game/map_object.c:432;src/game/map_object.c:444;src/game/map_object.c:445;src/game/map_object.c:460;src/game/map_object.c:461;src/game/map_object.c:479;src/game/map_object.c:480;src/game/map_object.c:481;src/game/map_object.c:596;src/game/map_object_pool.c:222;src/game/map_object_pool.c:297;src/game/map_scripts.c:339;src/game/map_scripts.c:349;src/game/map_scripts.c:369;src/game/map_scripts.c:576;src/game/map_scripts.c:676;src/game/map_scripts.c:678;src/game/map_scripts.c:692;src/game/map_scripts.c:694;src/game/matrix_rotation.c:127;src/game/matrix_rotation.c:151;src/game/player_update.c:434;src/game/player_update.c:442;src/game/player_update.c:452;src/game/player_update.c:476;src/game/player_use_item.c:100;src/game/player_warp.c:280;src/game/player_warp.c:288;src/open/entity_render.c:78;src/open/entity_render.c:82;src/open/matrix_rotation.c:69;src/open/matrix_rotation.c:102;src/open/opening_entity_pool.c:64;src/open/opening_scenes.c:215;src/open/opening_scenes.c:216;src/open/opening_scenes.c:223;src/open/opening_scenes.c:226;src/open/opening_scenes.c:227;src/open/opening_scenes.c:413;src/open/opening_scenes.c:439;src/open/opening_scenes.c:440;src/open/opening_scenes.c:492;src/open/opening_scenes.c:493;src/open/opening_scenes.c:511;src/open/opening_scenes.c:512;src/open/opening_scenes.c:513;src/open/opening_scenes.c:599;src/open/opening_scenes.c:600;src/open/opening_scenes.c:629;src/open/opening_scenes.c:630;src/open/opening_scenes.c:631	y angle
include/kf/game_math.h:42	KfEulerAngles	z	s16	numeric		include/kf/game_math.h:42;src/game/actor.c:151;src/game/actor_behavior.c:538;src/game/actor_behavior.c:592;src/game/actor_behavior.c:605;src/game/magic.c:75;src/game/magic.c:117;src/game/map_load.c:105;src/game/map_load.c:129;src/game/map_object.c:164;src/game/map_object.c:198;src/game/map_object_pool.c:220;src/game/map_scripts.c:337;src/game/matrix_rotation.c:124;src/game/player_update.c:435;src/game/player_update.c:443;src/game/player_update.c:477;src/open/matrix_rotation.c:66;src/open/opening_entity_pool.c:62;src/open/opening_scenes.c:412;src/open/opening_scenes.c:858	z angle
include/kf/game_math.h:47	KfRotation	vector	SVECTOR	aggregate		include/kf/game_math.h:47;src/game/actor_behavior.c:601;src/game/actor_behavior.c:608;src/game/collision.c:117;src/game/collision.c:131;src/game/effect_dispatch.c:230;src/game/effect_dispatch.c:236;src/game/effect_dispatch.c:252;src/game/effect_dispatch.c:256;src/game/effect_dispatch.c:303;src/game/effect_dispatch.c:317;src/game/effect_dispatch.c:511;src/game/effect_dispatch.c:532;src/game/effect_dispatch.c:533;src/game/effect_dispatch.c:534;src/game/effect_dispatch.c:535;src/game/effect_dispatch.c:539;src/game/effect_dispatch.c:544;src/game/effect_dispatch.c:550;src/game/effect_dispatch.c:578;src/game/effect_dispatch.c:582;src/game/effect_dispatch.c:599;src/game/effect_dispatch.c:680;src/game/effect_dispatch.c:698;src/game/effect_dispatch.c:711;src/game/effect_dispatch.c:781;src/game/effect_dispatch.c:782;src/game/effect_dispatch.c:783;src/game/effect_dispatch.c:807;src/game/effect_dispatch.c:808;src/game/effect_dispatch.c:810;src/game/effect_dispatch.c:831;src/game/effect_dispatch.c:832;src/game/effect_dispatch.c:834;src/game/effect_pool.c:78;src/game/effect_pool.c:79;src/game/effect_pool.c:80;src/game/effect_pool.c:88;src/game/effect_pool.c:89;src/game/effect_pool.c:90;src/game/effect_pool.c:106;src/game/effect_pool.c:107;src/game/effect_pool.c:108;src/game/effect_pool.c:128;src/game/effect_pool.c:129;src/game/effect_pool.c:130;src/game/effect_pool.c:142;src/game/effect_pool.c:143;src/game/effect_pool.c:144;src/game/effect_pool.c:150;src/game/effect_pool.c:151;src/game/effect_pool.c:152;src/game/effect_pool.c:158;src/game/effect_pool.c:159;src/game/effect_pool.c:160;src/game/effect_pool.c:175;src/game/effect_pool.c:176;src/game/effect_pool.c:177;src/game/effect_pool.c:184;src/game/effect_pool.c:185;src/game/effect_pool.c:186;src/game/effect_pool.c:198;src/game/effect_pool.c:199;src/game/effect_pool.c:200;src/game/effect_pool.c:212;src/game/effect_pool.c:213;src/game/effect_pool.c:214;src/game/effect_pool.c:222;src/game/effect_pool.c:223;src/game/effect_pool.c:224;src/game/effect_pool.c:232;src/game/effect_pool.c:233;src/game/effect_pool.c:234;src/game/effect_pool.c:245;src/game/effect_pool.c:251;src/game/effect_pool.c:257;src/game/effect_pool.c:258;src/game/effect_pool.c:268;src/game/effect_pool.c:269;src/game/effect_pool.c:279;src/game/effect_pool.c:280;src/game/effect_pool.c:292;src/game/effect_pool.c:293;src/game/effect_pool.c:302;src/game/effect_pool.c:303;src/game/effect_pool.c:304;src/game/effect_pool.c:317;src/game/effect_pool.c:320;src/game/effect_pool.c:333;src/game/effect_pool.c:334;src/game/effect_pool.c:335;src/game/effect_pool.c:369;src/game/effect_pool.c:370;src/game/effect_pool.c:372;src/game/effect_pool.c:385;src/game/effect_pool.c:386;src/game/effect_pool.c:388;src/game/effect_pool.c:404;src/game/effect_pool.c:405;src/game/effect_pool.c:406;src/game/effect_pool.c:424;src/game/effect_pool.c:425;src/game/effect_pool.c:426;src/game/effect_update.c:62;src/game/effect_update.c:63;src/game/effect_update.c:64;src/game/effect_update.c:90;src/game/effect_update.c:91;src/game/effect_update.c:93;src/game/effect_update.c:94;src/game/effect_update.c:97;src/game/effect_update.c:102;src/game/effect_update.c:103;src/game/effect_update.c:112;src/game/map_object.c:439;src/game/map_object.c:455;src/game/map_object.c:471;src/game/map_object.c:498;src/game/map_object_pool.c:258;src/game/map_object_pool.c:269;src/game/map_object_pool.c:277;src/game/player_update.c:481;src/game/player_update.c:486;src/game/player_warp.c:94;src/game/player_warp.c:95	Nested record/union or record array; project-owned child fields are separately listed. SDK children retain their SDK declarations.
include/kf/game_math.h:48	KfRotation	angles	struct KfEulerAngles	aggregate		include/kf/game_math.h:48;src/game/actor.c:149;src/game/actor.c:150;src/game/actor.c:151;src/game/actor.c:169;src/game/actor.c:171;src/game/actor.c:497;src/game/actor.c:746;src/game/actor.c:788;src/game/actor.c:820;src/game/actor.c:858;src/game/actor_behavior.c:415;src/game/actor_behavior.c:472;src/game/actor_behavior.c:474;src/game/actor_behavior.c:476;src/game/actor_behavior.c:536;src/game/actor_behavior.c:537;src/game/actor_behavior.c:538;src/game/actor_behavior.c:539;src/game/actor_behavior.c:544;src/game/actor_behavior.c:548;src/game/actor_behavior.c:551;src/game/actor_behavior.c:560;src/game/actor_behavior.c:562;src/game/actor_behavior.c:567;src/game/actor_behavior.c:571;src/game/actor_behavior.c:592;src/game/actor_behavior.c:596;src/game/actor_behavior.c:603;src/game/actor_behavior.c:604;src/game/actor_behavior.c:605;src/game/actor_behavior.c:634;src/game/actor_behavior.c:635;src/game/actor_behavior.c:1152;src/game/actor_behavior.c:1189;src/game/actor_behavior.c:1222;src/game/actor_behavior.c:1223;src/game/actor_behavior.c:1227;src/game/entity_model_render.c:39;src/game/entity_model_render.c:40;src/game/entity_model_render.c:88;src/game/entity_model_render.c:89;src/game/entity_render.c:129;src/game/map_events.c:283;src/game/map_load.c:105;src/game/map_load.c:106;src/game/map_load.c:107;src/game/map_load.c:125;src/game/map_load.c:127;src/game/map_load.c:129;src/game/map_load.c:130;src/game/map_object.c:73;src/game/map_object.c:86;src/game/map_object.c:164;src/game/map_object.c:165;src/game/map_object.c:166;src/game/map_object.c:198;src/game/map_object.c:199;src/game/map_object.c:200;src/game/map_object.c:291;src/game/map_object.c:293;src/game/map_object.c:305;src/game/map_object.c:313;src/game/map_object.c:317;src/game/map_object.c:326;src/game/map_object.c:328;src/game/map_object.c:341;src/game/map_object.c:349;src/game/map_object.c:353;src/game/map_object.c:373;src/game/map_object.c:375;src/game/map_object.c:376;src/game/map_object.c:386;src/game/map_object.c:399;src/game/map_object.c:401;src/game/map_object.c:403;src/game/map_object.c:411;src/game/map_object.c:431;src/game/map_object.c:432;src/game/map_object.c:444;src/game/map_object.c:445;src/game/map_object.c:460;src/game/map_object.c:461;src/game/map_object.c:479;src/game/map_object.c:480;src/game/map_object.c:481;src/game/map_object.c:596;src/game/map_object_pool.c:220;src/game/map_object_pool.c:221;src/game/map_object_pool.c:222;src/game/map_object_pool.c:297;src/game/map_scripts.c:337;src/game/map_scripts.c:338;src/game/map_scripts.c:339;src/game/map_scripts.c:349;src/game/map_scripts.c:369;src/game/map_scripts.c:576;src/game/map_scripts.c:595;src/game/map_scripts.c:603;src/game/map_scripts.c:630;src/game/map_scripts.c:676;src/game/map_scripts.c:678;src/game/map_scripts.c:692;src/game/map_scripts.c:694;src/game/player_update.c:433;src/game/player_update.c:434;src/game/player_update.c:435;src/game/player_update.c:436;src/game/player_update.c:441;src/game/player_update.c:442;src/game/player_update.c:443;src/game/player_update.c:450;src/game/player_update.c:452;src/game/player_update.c:469;src/game/player_update.c:476;src/game/player_update.c:477;src/game/player_update.c:478;src/game/player_update.c:482;src/game/player_use_item.c:100;src/game/player_warp.c:280;src/game/player_warp.c:288	Nested record/union or record array; project-owned child fields are separately listed. SDK children retain their SDK declarations.
include/kf/game_menu.h:289	MenuPoint	x	s16	numeric		include/kf/game_menu.h:289;src/game/item.c:518;src/game/item.c:523;src/game/menu_config_panel.c:38;src/game/menu_config_panel.c:43;src/game/menu_draw_name_list.c:25;src/game/menu_draw_stats_header.c:23;src/game/menu_draw_stats_header.c:75;src/game/menu_draw_stats_header.c:84;src/game/menu_draw_stats_header.c:109;src/game/menu_draw_stats_header.c:114;src/game/menu_draw_stats_header.c:120;src/game/menu_draw_stats_header.c:122;src/game/menu_draw_stats_header.c:126;src/game/menu_draw_stats_header.c:132;src/game/menu_draw_stats_header.c:134;src/game/menu_draw_stats_header.c:138;src/game/menu_draw_stats_header.c:168;src/game/menu_draw_status_details.c:37;src/game/menu_draw_status_details.c:109;src/game/menu_draw_status_details.c:118;src/game/menu_draw_status_details.c:143;src/game/menu_draw_status_details.c:149;src/game/menu_draw_status_details.c:151;src/game/menu_draw_status_details.c:155;src/game/menu_draw_status_details.c:161;src/game/menu_draw_status_details.c:163;src/game/menu_draw_status_details.c:167;src/game/menu_draw_status_details.c:197;src/game/menu_draw_status_details.c:225;src/game/menu_draw_status_details.c:303;src/game/menu_draw_window.c:22;src/game/menu_item_detail.c:79;src/game/menu_item_detail.c:87;src/game/menu_item_detail.c:99;src/game/menu_item_detail.c:107;src/game/menu_item_detail.c:114;src/game/menu_item_detail.c:123;src/game/menu_item_detail.c:203;src/game/menu_item_detail.c:210;src/game/menu_item_detail.c:214;src/game/menu_item_detail.c:221;src/game/menu_item_detail.c:225;src/game/menu_item_detail.c:232;src/game/menu_item_detail.c:238;src/game/menu_item_detail.c:241;src/game/menu_item_detail.c:245;src/game/menu_item_detail.c:252;src/game/menu_item_detail.c:258;src/game/menu_item_detail.c:261;src/game/menu_item_model_preview.c:57;src/game/menu_item_model_preview.c:65;src/game/menu_item_model_preview.c:72;src/game/menu_list_interact.c:35;src/game/menu_list_interact.c:37;src/game/menu_list_render.c:37;src/game/menu_list_render.c:49;src/game/menu_list_render.c:60;src/game/menu_runtime.c:124;src/game/menu_runtime.c:244;src/game/menu_runtime.c:269;src/game/menu_runtime.c:301;src/game/menu_runtime.c:303;src/game/menu_runtime.c:305;src/game/menu_runtime.c:307;src/game/menu_runtime.c:324;src/game/menu_runtime.c:326;src/game/menu_runtime.c:328;src/game/menu_runtime.c:330;src/game/menu_runtime.c:347;src/game/menu_runtime.c:349;src/game/menu_runtime.c:351;src/game/menu_runtime.c:353;src/game/menu_runtime.c:387;src/game/menu_runtime.c:389;src/game/menu_runtime.c:391;src/game/menu_runtime.c:393;src/game/menu_runtime.c:574;src/game/menu_two_option_prompt.c:37;src/game/menu_two_option_prompt.c:42	signed screen-coordinate interpretation reproduces the blitters' negative inset arithmetic while retaining narrowed lhu loads
include/kf/game_menu.h:290	MenuPoint	y	s16	numeric		include/kf/game_menu.h:290;src/game/item.c:519;src/game/item.c:524;src/game/menu_config_panel.c:39;src/game/menu_config_panel.c:44;src/game/menu_config_panel.c:160;src/game/menu_config_panel.c:161;src/game/menu_draw_name_list.c:26;src/game/menu_draw_name_list.c:32;src/game/menu_draw_name_list.c:38;src/game/menu_draw_name_list.c:44;src/game/menu_draw_name_list.c:50;src/game/menu_draw_name_list.c:56;src/game/menu_draw_name_list.c:62;src/game/menu_draw_name_list.c:68;src/game/menu_draw_stats_header.c:24;src/game/menu_draw_stats_header.c:35;src/game/menu_draw_stats_header.c:42;src/game/menu_draw_stats_header.c:48;src/game/menu_draw_stats_header.c:54;src/game/menu_draw_stats_header.c:58;src/game/menu_draw_stats_header.c:64;src/game/menu_draw_stats_header.c:72;src/game/menu_draw_stats_header.c:76;src/game/menu_draw_stats_header.c:80;src/game/menu_draw_stats_header.c:85;src/game/menu_draw_stats_header.c:110;src/game/menu_draw_stats_header.c:115;src/game/menu_draw_stats_header.c:127;src/game/menu_draw_stats_header.c:145;src/game/menu_draw_stats_header.c:169;src/game/menu_draw_status_details.c:38;src/game/menu_draw_status_details.c:49;src/game/menu_draw_status_details.c:56;src/game/menu_draw_status_details.c:62;src/game/menu_draw_status_details.c:66;src/game/menu_draw_status_details.c:72;src/game/menu_draw_status_details.c:80;src/game/menu_draw_status_details.c:86;src/game/menu_draw_status_details.c:91;src/game/menu_draw_status_details.c:100;src/game/menu_draw_status_details.c:106;src/game/menu_draw_status_details.c:110;src/game/menu_draw_status_details.c:114;src/game/menu_draw_status_details.c:119;src/game/menu_draw_status_details.c:144;src/game/menu_draw_status_details.c:156;src/game/menu_draw_status_details.c:174;src/game/menu_draw_status_details.c:198;src/game/menu_draw_status_details.c:201;src/game/menu_draw_status_details.c:204;src/game/menu_draw_status_details.c:214;src/game/menu_draw_status_details.c:221;src/game/menu_draw_status_details.c:226;src/game/menu_draw_status_details.c:237;src/game/menu_draw_status_details.c:242;src/game/menu_draw_status_details.c:247;src/game/menu_draw_status_details.c:255;src/game/menu_draw_status_details.c:259;src/game/menu_draw_status_details.c:266;src/game/menu_draw_status_details.c:273;src/game/menu_draw_status_details.c:278;src/game/menu_draw_status_details.c:283;src/game/menu_draw_status_details.c:288;src/game/menu_draw_status_details.c:296;src/game/menu_draw_status_details.c:300;src/game/menu_draw_status_details.c:304;src/game/menu_draw_status_details.c:307;src/game/menu_draw_status_details.c:310;src/game/menu_draw_status_details.c:313;src/game/menu_draw_status_details.c:316;src/game/menu_draw_status_details.c:319;src/game/menu_draw_status_details.c:322;src/game/menu_draw_status_details.c:325;src/game/menu_draw_status_details.c:328;src/game/menu_draw_status_details.c:331;src/game/menu_draw_status_details.c:334;src/game/menu_item_detail.c:80;src/game/menu_item_detail.c:88;src/game/menu_item_detail.c:111;src/game/menu_item_detail.c:124;src/game/menu_item_detail.c:201;src/game/menu_item_detail.c:218;src/game/menu_item_detail.c:229;src/game/menu_item_detail.c:249;src/game/menu_item_model_preview.c:58;src/game/menu_item_model_preview.c:69;src/game/menu_list_interact.c:36;src/game/menu_list_interact.c:38;src/game/menu_list_render.c:50;src/game/menu_list_render.c:51;src/game/menu_list_render.c:61;src/game/menu_runtime.c:125;src/game/menu_runtime.c:244;src/game/menu_runtime.c:269;src/game/menu_runtime.c:302;src/game/menu_runtime.c:304;src/game/menu_runtime.c:306;src/game/menu_runtime.c:308;src/game/menu_runtime.c:325;src/game/menu_runtime.c:327;src/game/menu_runtime.c:329;src/game/menu_runtime.c:331;src/game/menu_runtime.c:348;src/game/menu_runtime.c:350;src/game/menu_runtime.c:352;src/game/menu_runtime.c:354;src/game/menu_runtime.c:388;src/game/menu_runtime.c:390;src/game/menu_runtime.c:392;src/game/menu_runtime.c:394;src/game/menu_runtime.c:575;src/game/menu_two_option_prompt.c:38;src/game/menu_two_option_prompt.c:43	signed screen-coordinate interpretation reproduces the blitters' negative inset arithmetic while retaining narrowed lhu loads
include/kf/game_menu.h:300	MenuGlyphRow	codes	s16[10]	encoded_content		include/kf/game_menu.h:300;src/game/item.c:242;src/game/item.c:251;src/game/item.c:398;src/game/item.c:520;src/game/item.c:521;src/game/item.c:522;src/game/item.c:525;src/game/item.c:526;src/game/item.c:527;src/game/item.c:528;src/game/menu.c:184;src/game/menu.c:191;src/game/menu.c:199;src/game/menu.c:208;src/game/menu_config_panel.c:40;src/game/menu_config_panel.c:41;src/game/menu_config_panel.c:42;src/game/menu_config_panel.c:45;src/game/menu_config_panel.c:46;src/game/menu_config_panel.c:47;src/game/menu_config_panel.c:48;src/game/menu_draw_stats_header.c:25;src/game/menu_draw_stats_header.c:26;src/game/menu_draw_stats_header.c:27;src/game/menu_draw_stats_header.c:28;src/game/menu_draw_stats_header.c:31;src/game/menu_draw_stats_header.c:32;src/game/menu_draw_stats_header.c:33;src/game/menu_draw_stats_header.c:34;src/game/menu_draw_stats_header.c:38;src/game/menu_draw_stats_header.c:39;src/game/menu_draw_stats_header.c:40;src/game/menu_draw_stats_header.c:41;src/game/menu_draw_stats_header.c:45;src/game/menu_draw_stats_header.c:46;src/game/menu_draw_stats_header.c:47;src/game/menu_draw_stats_header.c:51;src/game/menu_draw_stats_header.c:52;src/game/menu_draw_stats_header.c:53;src/game/menu_draw_stats_header.c:57;src/game/menu_draw_stats_header.c:61;src/game/menu_draw_stats_header.c:62;src/game/menu_draw_stats_header.c:63;src/game/menu_draw_stats_header.c:67;src/game/menu_draw_stats_header.c:68;src/game/menu_draw_stats_header.c:69;src/game/menu_draw_stats_header.c:70;src/game/menu_draw_stats_header.c:71;src/game/menu_draw_stats_header.c:77;src/game/menu_draw_stats_header.c:81;src/game/menu_draw_stats_header.c:102;src/game/menu_draw_stats_header.c:103;src/game/menu_draw_stats_header.c:104;src/game/menu_draw_stats_header.c:105;src/game/menu_draw_stats_header.c:106;src/game/menu_draw_stats_header.c:111;src/game/menu_draw_stats_header.c:116;src/game/menu_draw_stats_header.c:118;src/game/menu_draw_stats_header.c:119;src/game/menu_draw_stats_header.c:123;src/game/menu_draw_stats_header.c:128;src/game/menu_draw_stats_header.c:130;src/game/menu_draw_stats_header.c:131;src/game/menu_draw_stats_header.c:135;src/game/menu_draw_stats_header.c:139;src/game/menu_draw_stats_header.c:140;src/game/menu_draw_stats_header.c:141;src/game/menu_draw_stats_header.c:142;src/game/menu_draw_stats_header.c:143;src/game/menu_draw_stats_header.c:144;src/game/menu_draw_stats_header.c:147;src/game/menu_draw_stats_header.c:148;src/game/menu_draw_stats_header.c:152;src/game/menu_draw_stats_header.c:156;src/game/menu_draw_stats_header.c:160;src/game/menu_draw_stats_header.c:164;src/game/menu_draw_stats_header.c:170;src/game/menu_draw_status_details.c:39;src/game/menu_draw_status_details.c:40;src/game/menu_draw_status_details.c:41;src/game/menu_draw_status_details.c:42;src/game/menu_draw_status_details.c:45;src/game/menu_draw_status_details.c:46;src/game/menu_draw_status_details.c:47;src/game/menu_draw_status_details.c:48;src/game/menu_draw_status_details.c:52;src/game/menu_draw_status_details.c:53;src/game/menu_draw_status_details.c:54;src/game/menu_draw_status_details.c:55;src/game/menu_draw_status_details.c:59;src/game/menu_draw_status_details.c:60;src/game/menu_draw_status_details.c:61;src/game/menu_draw_status_details.c:65;src/game/menu_draw_status_details.c:69;src/game/menu_draw_status_details.c:70;src/game/menu_draw_status_details.c:71;src/game/menu_draw_status_details.c:75;src/game/menu_draw_status_details.c:76;src/game/menu_draw_status_details.c:77;src/game/menu_draw_status_details.c:78;src/game/menu_draw_status_details.c:79;src/game/menu_draw_status_details.c:83;src/game/menu_draw_status_details.c:84;src/game/menu_draw_status_details.c:85;src/game/menu_draw_status_details.c:89;src/game/menu_draw_status_details.c:90;src/game/menu_draw_status_details.c:94;src/game/menu_draw_status_details.c:95;src/game/menu_draw_status_details.c:96;src/game/menu_draw_status_details.c:97;src/game/menu_draw_status_details.c:98;src/game/menu_draw_status_details.c:99;src/game/menu_draw_status_details.c:103;src/game/menu_draw_status_details.c:104;src/game/menu_draw_status_details.c:105;src/game/menu_draw_status_details.c:111;src/game/menu_draw_status_details.c:115;src/game/menu_draw_status_details.c:136;src/game/menu_draw_status_details.c:137;src/game/menu_draw_status_details.c:138;src/game/menu_draw_status_details.c:139;src/game/menu_draw_status_details.c:140;src/game/menu_draw_status_details.c:145;src/game/menu_draw_status_details.c:147;src/game/menu_draw_status_details.c:148;src/game/menu_draw_status_details.c:152;src/game/menu_draw_status_details.c:157;src/game/menu_draw_status_details.c:159;src/game/menu_draw_status_details.c:160;src/game/menu_draw_status_details.c:164;src/game/menu_draw_status_details.c:168;src/game/menu_draw_status_details.c:169;src/game/menu_draw_status_details.c:170;src/game/menu_draw_status_details.c:171;src/game/menu_draw_status_details.c:172;src/game/menu_draw_status_details.c:173;src/game/menu_draw_status_details.c:176;src/game/menu_draw_status_details.c:177;src/game/menu_draw_status_details.c:181;src/game/menu_draw_status_details.c:185;src/game/menu_draw_status_details.c:189;src/game/menu_draw_status_details.c:193;src/game/menu_draw_status_details.c:199;src/game/menu_draw_status_details.c:202;src/game/menu_draw_status_details.c:205;src/game/menu_draw_status_details.c:215;src/game/menu_draw_status_details.c:222;src/game/menu_draw_status_details.c:227;src/game/menu_draw_status_details.c:228;src/game/menu_draw_status_details.c:229;src/game/menu_draw_status_details.c:230;src/game/menu_draw_status_details.c:233;src/game/menu_draw_status_details.c:234;src/game/menu_draw_status_details.c:235;src/game/menu_draw_status_details.c:236;src/game/menu_draw_status_details.c:240;src/game/menu_draw_status_details.c:241;src/game/menu_draw_status_details.c:245;src/game/menu_draw_status_details.c:246;src/game/menu_draw_status_details.c:250;src/game/menu_draw_status_details.c:251;src/game/menu_draw_status_details.c:252;src/game/menu_draw_status_details.c:253;src/game/menu_draw_status_details.c:254;src/game/menu_draw_status_details.c:258;src/game/menu_draw_status_details.c:262;src/game/menu_draw_status_details.c:263;src/game/menu_draw_status_details.c:264;src/game/menu_draw_status_details.c:265;src/game/menu_draw_status_details.c:269;src/game/menu_draw_status_details.c:270;src/game/menu_draw_status_details.c:271;src/game/menu_draw_status_details.c:272;src/game/menu_draw_status_details.c:276;src/game/menu_draw_status_details.c:277;src/game/menu_draw_status_details.c:281;src/game/menu_draw_status_details.c:282;src/game/menu_draw_status_details.c:286;src/game/menu_draw_status_details.c:287;src/game/menu_draw_status_details.c:291;src/game/menu_draw_status_details.c:292;src/game/menu_draw_status_details.c:293;src/game/menu_draw_status_details.c:294;src/game/menu_draw_status_details.c:295;src/game/menu_draw_status_details.c:299;src/game/menu_draw_status_details.c:305;src/game/menu_draw_status_details.c:308;src/game/menu_draw_status_details.c:311;src/game/menu_draw_status_details.c:314;src/game/menu_draw_status_details.c:317;src/game/menu_draw_status_details.c:320;src/game/menu_draw_status_details.c:323;src/game/menu_draw_status_details.c:326;src/game/menu_draw_status_details.c:329;src/game/menu_draw_status_details.c:332;src/game/menu_draw_status_details.c:335;src/game/menu_item_detail.c:81;src/game/menu_item_detail.c:83;src/game/menu_item_detail.c:96;src/game/menu_item_detail.c:100;src/game/menu_item_detail.c:101;src/game/menu_item_detail.c:102;src/game/menu_item_detail.c:103;src/game/menu_item_detail.c:104;src/game/menu_item_detail.c:108;src/game/menu_item_detail.c:109;src/game/menu_item_detail.c:110;src/game/menu_item_detail.c:115;src/game/menu_item_detail.c:125;src/game/menu_item_detail.c:204;src/game/menu_item_detail.c:205;src/game/menu_item_detail.c:206;src/game/menu_item_detail.c:207;src/game/menu_item_detail.c:211;src/game/menu_item_detail.c:215;src/game/menu_item_detail.c:216;src/game/menu_item_detail.c:217;src/game/menu_item_detail.c:222;src/game/menu_item_detail.c:226;src/game/menu_item_detail.c:227;src/game/menu_item_detail.c:228;src/game/menu_item_detail.c:233;src/game/menu_item_detail.c:236;src/game/menu_item_detail.c:237;src/game/menu_item_detail.c:242;src/game/menu_item_detail.c:246;src/game/menu_item_detail.c:247;src/game/menu_item_detail.c:248;src/game/menu_item_detail.c:253;src/game/menu_item_detail.c:256;src/game/menu_item_detail.c:257;src/game/menu_item_detail.c:262;src/game/menu_item_drop.c:57;src/game/menu_item_model_preview.c:59;src/game/menu_item_model_preview.c:61;src/game/menu_item_model_preview.c:66;src/game/menu_item_model_preview.c:67;src/game/menu_item_model_preview.c:68;src/game/menu_item_model_preview.c:73;src/game/menu_list_interact.c:40;src/game/menu_list_interact.c:41;src/game/menu_list_interact.c:43;src/game/menu_list_interact.c:44;src/game/menu_list_interact.c:45;src/game/menu_list_interact.c:46;src/game/menu_list_interact.c:49;src/game/menu_list_interact.c:50;src/game/menu_list_interact.c:52;src/game/menu_list_interact.c:53;src/game/menu_list_interact.c:55;src/game/menu_list_interact.c:56;src/game/menu_list_interact.c:58;src/game/menu_list_interact.c:59;src/game/menu_list_interact.c:61;src/game/menu_list_interact.c:64;src/game/menu_list_interact.c:65;src/game/menu_list_interact.c:66;src/game/menu_list_interact.c:68;src/game/menu_list_interact.c:69;src/game/menu_list_interact.c:70;src/game/menu_list_interact.c:72;src/game/menu_list_render.c:53;src/game/menu_list_render.c:62;src/game/menu_list_render.c:64;src/game/menu_list_render.c:66;src/game/menu_list_render.c:67;src/game/menu_panels.c:49;src/game/menu_runtime.c:34;src/game/menu_runtime.c:127;src/game/menu_runtime.c:294;src/game/menu_runtime.c:309;src/game/menu_runtime.c:320;src/game/menu_runtime.c:343;src/game/menu_runtime.c:382;src/game/menu_runtime.c:396;src/game/menu_runtime.c:398;src/game/menu_runtime.c:400;src/game/menu_runtime.c:402;src/game/menu_runtime.c:577;src/game/menu_select.c:80;src/game/menu_select.c:245;src/game/menu_two_option_prompt.c:39;src/game/menu_two_option_prompt.c:40;src/game/menu_two_option_prompt.c:41;src/game/menu_two_option_prompt.c:44;src/game/menu_two_option_prompt.c:45;src/game/menu_two_option_prompt.c:46;src/game/menu_two_option_prompt.c:47	Glyph, text, image or signature content; not a game selector.
include/kf/game_menu.h:308	MenuGlyphString	position	MenuPoint	aggregate		include/kf/game_menu.h:308;src/game/item.c:518;src/game/item.c:519;src/game/item.c:523;src/game/item.c:524;src/game/menu_config_panel.c:38;src/game/menu_config_panel.c:39;src/game/menu_config_panel.c:43;src/game/menu_config_panel.c:44;src/game/menu_config_panel.c:146;src/game/menu_config_panel.c:149;src/game/menu_config_panel.c:152;src/game/menu_config_panel.c:160;src/game/menu_config_panel.c:161;src/game/menu_draw_name_list.c:25;src/game/menu_draw_name_list.c:26;src/game/menu_draw_name_list.c:32;src/game/menu_draw_name_list.c:38;src/game/menu_draw_name_list.c:44;src/game/menu_draw_name_list.c:50;src/game/menu_draw_name_list.c:56;src/game/menu_draw_name_list.c:62;src/game/menu_draw_name_list.c:68;src/game/menu_draw_stats_header.c:23;src/game/menu_draw_stats_header.c:24;src/game/menu_draw_stats_header.c:35;src/game/menu_draw_stats_header.c:42;src/game/menu_draw_stats_header.c:48;src/game/menu_draw_stats_header.c:54;src/game/menu_draw_stats_header.c:58;src/game/menu_draw_stats_header.c:64;src/game/menu_draw_stats_header.c:72;src/game/menu_draw_stats_header.c:75;src/game/menu_draw_stats_header.c:76;src/game/menu_draw_stats_header.c:80;src/game/menu_draw_stats_header.c:84;src/game/menu_draw_stats_header.c:85;src/game/menu_draw_stats_header.c:109;src/game/menu_draw_stats_header.c:110;src/game/menu_draw_stats_header.c:114;src/game/menu_draw_stats_header.c:115;src/game/menu_draw_stats_header.c:120;src/game/menu_draw_stats_header.c:122;src/game/menu_draw_stats_header.c:126;src/game/menu_draw_stats_header.c:127;src/game/menu_draw_stats_header.c:132;src/game/menu_draw_stats_header.c:134;src/game/menu_draw_stats_header.c:138;src/game/menu_draw_stats_header.c:145;src/game/menu_draw_stats_header.c:168;src/game/menu_draw_stats_header.c:169;src/game/menu_draw_status_details.c:37;src/game/menu_draw_status_details.c:38;src/game/menu_draw_status_details.c:49;src/game/menu_draw_status_details.c:56;src/game/menu_draw_status_details.c:62;src/game/menu_draw_status_details.c:66;src/game/menu_draw_status_details.c:72;src/game/menu_draw_status_details.c:80;src/game/menu_draw_status_details.c:86;src/game/menu_draw_status_details.c:91;src/game/menu_draw_status_details.c:100;src/game/menu_draw_status_details.c:106;src/game/menu_draw_status_details.c:109;src/game/menu_draw_status_details.c:110;src/game/menu_draw_status_details.c:114;src/game/menu_draw_status_details.c:118;src/game/menu_draw_status_details.c:119;src/game/menu_draw_status_details.c:143;src/game/menu_draw_status_details.c:144;src/game/menu_draw_status_details.c:149;src/game/menu_draw_status_details.c:151;src/game/menu_draw_status_details.c:155;src/game/menu_draw_status_details.c:156;src/game/menu_draw_status_details.c:161;src/game/menu_draw_status_details.c:163;src/game/menu_draw_status_details.c:167;src/game/menu_draw_status_details.c:174;src/game/menu_draw_status_details.c:197;src/game/menu_draw_status_details.c:198;src/game/menu_draw_status_details.c:201;src/game/menu_draw_status_details.c:204;src/game/menu_draw_status_details.c:214;src/game/menu_draw_status_details.c:221;src/game/menu_draw_status_details.c:225;src/game/menu_draw_status_details.c:226;src/game/menu_draw_status_details.c:237;src/game/menu_draw_status_details.c:242;src/game/menu_draw_status_details.c:247;src/game/menu_draw_status_details.c:255;src/game/menu_draw_status_details.c:259;src/game/menu_draw_status_details.c:266;src/game/menu_draw_status_details.c:273;src/game/menu_draw_status_details.c:278;src/game/menu_draw_status_details.c:283;src/game/menu_draw_status_details.c:288;src/game/menu_draw_status_details.c:296;src/game/menu_draw_status_details.c:300;src/game/menu_draw_status_details.c:303;src/game/menu_draw_status_details.c:304;src/game/menu_draw_status_details.c:307;src/game/menu_draw_status_details.c:310;src/game/menu_draw_status_details.c:313;src/game/menu_draw_status_details.c:316;src/game/menu_draw_status_details.c:319;src/game/menu_draw_status_details.c:322;src/game/menu_draw_status_details.c:325;src/game/menu_draw_status_details.c:328;src/game/menu_draw_status_details.c:331;src/game/menu_draw_status_details.c:334;src/game/menu_draw_window.c:22;src/game/menu_draw_window.c:24;src/game/menu_item_detail.c:79;src/game/menu_item_detail.c:80;src/game/menu_item_detail.c:87;src/game/menu_item_detail.c:88;src/game/menu_item_detail.c:99;src/game/menu_item_detail.c:107;src/game/menu_item_detail.c:111;src/game/menu_item_detail.c:114;src/game/menu_item_detail.c:120;src/game/menu_item_detail.c:123;src/game/menu_item_detail.c:124;src/game/menu_item_detail.c:201;src/game/menu_item_detail.c:203;src/game/menu_item_detail.c:210;src/game/menu_item_detail.c:214;src/game/menu_item_detail.c:218;src/game/menu_item_detail.c:221;src/game/menu_item_detail.c:225;src/game/menu_item_detail.c:229;src/game/menu_item_detail.c:232;src/game/menu_item_detail.c:238;src/game/menu_item_detail.c:241;src/game/menu_item_detail.c:245;src/game/menu_item_detail.c:249;src/game/menu_item_detail.c:252;src/game/menu_item_detail.c:258;src/game/menu_item_detail.c:261;src/game/menu_item_model_preview.c:57;src/game/menu_item_model_preview.c:58;src/game/menu_item_model_preview.c:65;src/game/menu_item_model_preview.c:69;src/game/menu_item_model_preview.c:72;src/game/menu_list_interact.c:35;src/game/menu_list_interact.c:36;src/game/menu_list_interact.c:37;src/game/menu_list_interact.c:38;src/game/menu_list_render.c:37;src/game/menu_list_render.c:39;src/game/menu_list_render.c:49;src/game/menu_list_render.c:50;src/game/menu_list_render.c:51;src/game/menu_list_render.c:60;src/game/menu_list_render.c:61;src/game/menu_runtime.c:59;src/game/menu_runtime.c:61;src/game/menu_runtime.c:66;src/game/menu_runtime.c:68;src/game/menu_runtime.c:71;src/game/menu_runtime.c:73;src/game/menu_runtime.c:77;src/game/menu_runtime.c:79;src/game/menu_runtime.c:124;src/game/menu_runtime.c:125;src/game/menu_runtime.c:301;src/game/menu_runtime.c:302;src/game/menu_runtime.c:303;src/game/menu_runtime.c:304;src/game/menu_runtime.c:305;src/game/menu_runtime.c:306;src/game/menu_runtime.c:307;src/game/menu_runtime.c:308;src/game/menu_runtime.c:324;src/game/menu_runtime.c:325;src/game/menu_runtime.c:326;src/game/menu_runtime.c:327;src/game/menu_runtime.c:328;src/game/menu_runtime.c:329;src/game/menu_runtime.c:330;src/game/menu_runtime.c:331;src/game/menu_runtime.c:347;src/game/menu_runtime.c:348;src/game/menu_runtime.c:349;src/game/menu_runtime.c:350;src/game/menu_runtime.c:351;src/game/menu_runtime.c:352;src/game/menu_runtime.c:353;src/game/menu_runtime.c:354;src/game/menu_runtime.c:387;src/game/menu_runtime.c:388;src/game/menu_runtime.c:389;src/game/menu_runtime.c:390;src/game/menu_runtime.c:391;src/game/menu_runtime.c:392;src/game/menu_runtime.c:393;src/game/menu_runtime.c:394;src/game/menu_runtime.c:574;src/game/menu_runtime.c:575;src/game/menu_two_option_prompt.c:37;src/game/menu_two_option_prompt.c:38;src/game/menu_two_option_prompt.c:42;src/game/menu_two_option_prompt.c:43	Nested record/union or record array; project-owned child fields are separately listed. SDK children retain their SDK declarations.
include/kf/game_menu.h:309	MenuGlyphString	glyphs	MenuGlyphRow	aggregate		include/kf/game_menu.h:309;src/game/item.c:520;src/game/item.c:521;src/game/item.c:522;src/game/item.c:525;src/game/item.c:526;src/game/item.c:527;src/game/item.c:528;src/game/menu_config_panel.c:40;src/game/menu_config_panel.c:41;src/game/menu_config_panel.c:42;src/game/menu_config_panel.c:45;src/game/menu_config_panel.c:46;src/game/menu_config_panel.c:47;src/game/menu_config_panel.c:48;src/game/menu_draw_name_list.c:28;src/game/menu_draw_name_list.c:34;src/game/menu_draw_name_list.c:40;src/game/menu_draw_name_list.c:46;src/game/menu_draw_name_list.c:52;src/game/menu_draw_name_list.c:58;src/game/menu_draw_name_list.c:64;src/game/menu_draw_name_list.c:70;src/game/menu_draw_stats_header.c:25;src/game/menu_draw_stats_header.c:26;src/game/menu_draw_stats_header.c:27;src/game/menu_draw_stats_header.c:28;src/game/menu_draw_stats_header.c:31;src/game/menu_draw_stats_header.c:32;src/game/menu_draw_stats_header.c:33;src/game/menu_draw_stats_header.c:34;src/game/menu_draw_stats_header.c:38;src/game/menu_draw_stats_header.c:39;src/game/menu_draw_stats_header.c:40;src/game/menu_draw_stats_header.c:41;src/game/menu_draw_stats_header.c:45;src/game/menu_draw_stats_header.c:46;src/game/menu_draw_stats_header.c:47;src/game/menu_draw_stats_header.c:51;src/game/menu_draw_stats_header.c:52;src/game/menu_draw_stats_header.c:53;src/game/menu_draw_stats_header.c:57;src/game/menu_draw_stats_header.c:61;src/game/menu_draw_stats_header.c:62;src/game/menu_draw_stats_header.c:63;src/game/menu_draw_stats_header.c:67;src/game/menu_draw_stats_header.c:68;src/game/menu_draw_stats_header.c:69;src/game/menu_draw_stats_header.c:70;src/game/menu_draw_stats_header.c:71;src/game/menu_draw_stats_header.c:77;src/game/menu_draw_stats_header.c:81;src/game/menu_draw_stats_header.c:102;src/game/menu_draw_stats_header.c:103;src/game/menu_draw_stats_header.c:104;src/game/menu_draw_stats_header.c:105;src/game/menu_draw_stats_header.c:106;src/game/menu_draw_stats_header.c:111;src/game/menu_draw_stats_header.c:116;src/game/menu_draw_stats_header.c:118;src/game/menu_draw_stats_header.c:119;src/game/menu_draw_stats_header.c:123;src/game/menu_draw_stats_header.c:128;src/game/menu_draw_stats_header.c:130;src/game/menu_draw_stats_header.c:131;src/game/menu_draw_stats_header.c:135;src/game/menu_draw_stats_header.c:139;src/game/menu_draw_stats_header.c:140;src/game/menu_draw_stats_header.c:141;src/game/menu_draw_stats_header.c:142;src/game/menu_draw_stats_header.c:143;src/game/menu_draw_stats_header.c:144;src/game/menu_draw_stats_header.c:147;src/game/menu_draw_stats_header.c:148;src/game/menu_draw_stats_header.c:152;src/game/menu_draw_stats_header.c:156;src/game/menu_draw_stats_header.c:160;src/game/menu_draw_stats_header.c:164;src/game/menu_draw_stats_header.c:170;src/game/menu_draw_status_details.c:39;src/game/menu_draw_status_details.c:40;src/game/menu_draw_status_details.c:41;src/game/menu_draw_status_details.c:42;src/game/menu_draw_status_details.c:45;src/game/menu_draw_status_details.c:46;src/game/menu_draw_status_details.c:47;src/game/menu_draw_status_details.c:48;src/game/menu_draw_status_details.c:52;src/game/menu_draw_status_details.c:53;src/game/menu_draw_status_details.c:54;src/game/menu_draw_status_details.c:55;src/game/menu_draw_status_details.c:59;src/game/menu_draw_status_details.c:60;src/game/menu_draw_status_details.c:61;src/game/menu_draw_status_details.c:65;src/game/menu_draw_status_details.c:69;src/game/menu_draw_status_details.c:70;src/game/menu_draw_status_details.c:71;src/game/menu_draw_status_details.c:75;src/game/menu_draw_status_details.c:76;src/game/menu_draw_status_details.c:77;src/game/menu_draw_status_details.c:78;src/game/menu_draw_status_details.c:79;src/game/menu_draw_status_details.c:83;src/game/menu_draw_status_details.c:84;src/game/menu_draw_status_details.c:85;src/game/menu_draw_status_details.c:89;src/game/menu_draw_status_details.c:90;src/game/menu_draw_status_details.c:94;src/game/menu_draw_status_details.c:95;src/game/menu_draw_status_details.c:96;src/game/menu_draw_status_details.c:97;src/game/menu_draw_status_details.c:98;src/game/menu_draw_status_details.c:99;src/game/menu_draw_status_details.c:103;src/game/menu_draw_status_details.c:104;src/game/menu_draw_status_details.c:105;src/game/menu_draw_status_details.c:111;src/game/menu_draw_status_details.c:115;src/game/menu_draw_status_details.c:136;src/game/menu_draw_status_details.c:137;src/game/menu_draw_status_details.c:138;src/game/menu_draw_status_details.c:139;src/game/menu_draw_status_details.c:140;src/game/menu_draw_status_details.c:145;src/game/menu_draw_status_details.c:147;src/game/menu_draw_status_details.c:148;src/game/menu_draw_status_details.c:152;src/game/menu_draw_status_details.c:157;src/game/menu_draw_status_details.c:159;src/game/menu_draw_status_details.c:160;src/game/menu_draw_status_details.c:164;src/game/menu_draw_status_details.c:168;src/game/menu_draw_status_details.c:169;src/game/menu_draw_status_details.c:170;src/game/menu_draw_status_details.c:171;src/game/menu_draw_status_details.c:172;src/game/menu_draw_status_details.c:173;src/game/menu_draw_status_details.c:176;src/game/menu_draw_status_details.c:177;src/game/menu_draw_status_details.c:181;src/game/menu_draw_status_details.c:185;src/game/menu_draw_status_details.c:189;src/game/menu_draw_status_details.c:193;src/game/menu_draw_status_details.c:199;src/game/menu_draw_status_details.c:202;src/game/menu_draw_status_details.c:205;src/game/menu_draw_status_details.c:215;src/game/menu_draw_status_details.c:222;src/game/menu_draw_status_details.c:227;src/game/menu_draw_status_details.c:228;src/game/menu_draw_status_details.c:229;src/game/menu_draw_status_details.c:230;src/game/menu_draw_status_details.c:233;src/game/menu_draw_status_details.c:234;src/game/menu_draw_status_details.c:235;src/game/menu_draw_status_details.c:236;src/game/menu_draw_status_details.c:240;src/game/menu_draw_status_details.c:241;src/game/menu_draw_status_details.c:245;src/game/menu_draw_status_details.c:246;src/game/menu_draw_status_details.c:250;src/game/menu_draw_status_details.c:251;src/game/menu_draw_status_details.c:252;src/game/menu_draw_status_details.c:253;src/game/menu_draw_status_details.c:254;src/game/menu_draw_status_details.c:258;src/game/menu_draw_status_details.c:262;src/game/menu_draw_status_details.c:263;src/game/menu_draw_status_details.c:264;src/game/menu_draw_status_details.c:265;src/game/menu_draw_status_details.c:269;src/game/menu_draw_status_details.c:270;src/game/menu_draw_status_details.c:271;src/game/menu_draw_status_details.c:272;src/game/menu_draw_status_details.c:276;src/game/menu_draw_status_details.c:277;src/game/menu_draw_status_details.c:281;src/game/menu_draw_status_details.c:282;src/game/menu_draw_status_details.c:286;src/game/menu_draw_status_details.c:287;src/game/menu_draw_status_details.c:291;src/game/menu_draw_status_details.c:292;src/game/menu_draw_status_details.c:293;src/game/menu_draw_status_details.c:294;src/game/menu_draw_status_details.c:295;src/game/menu_draw_status_details.c:299;src/game/menu_draw_status_details.c:305;src/game/menu_draw_status_details.c:308;src/game/menu_draw_status_details.c:311;src/game/menu_draw_status_details.c:314;src/game/menu_draw_status_details.c:317;src/game/menu_draw_status_details.c:320;src/game/menu_draw_status_details.c:323;src/game/menu_draw_status_details.c:326;src/game/menu_draw_status_details.c:329;src/game/menu_draw_status_details.c:332;src/game/menu_draw_status_details.c:335;src/game/menu_item_detail.c:83;src/game/menu_item_detail.c:96;src/game/menu_item_detail.c:100;src/game/menu_item_detail.c:101;src/game/menu_item_detail.c:102;src/game/menu_item_detail.c:103;src/game/menu_item_detail.c:104;src/game/menu_item_detail.c:108;src/game/menu_item_detail.c:109;src/game/menu_item_detail.c:110;src/game/menu_item_detail.c:115;src/game/menu_item_detail.c:125;src/game/menu_item_detail.c:204;src/game/menu_item_detail.c:205;src/game/menu_item_detail.c:206;src/game/menu_item_detail.c:207;src/game/menu_item_detail.c:211;src/game/menu_item_detail.c:215;src/game/menu_item_detail.c:216;src/game/menu_item_detail.c:217;src/game/menu_item_detail.c:222;src/game/menu_item_detail.c:226;src/game/menu_item_detail.c:227;src/game/menu_item_detail.c:228;src/game/menu_item_detail.c:233;src/game/menu_item_detail.c:236;src/game/menu_item_detail.c:237;src/game/menu_item_detail.c:242;src/game/menu_item_detail.c:246;src/game/menu_item_detail.c:247;src/game/menu_item_detail.c:248;src/game/menu_item_detail.c:253;src/game/menu_item_detail.c:256;src/game/menu_item_detail.c:257;src/game/menu_item_detail.c:262;src/game/menu_item_model_preview.c:61;src/game/menu_item_model_preview.c:66;src/game/menu_item_model_preview.c:67;src/game/menu_item_model_preview.c:68;src/game/menu_item_model_preview.c:73;src/game/menu_list_interact.c:40;src/game/menu_list_interact.c:41;src/game/menu_list_interact.c:43;src/game/menu_list_interact.c:44;src/game/menu_list_interact.c:45;src/game/menu_list_interact.c:46;src/game/menu_list_interact.c:49;src/game/menu_list_interact.c:50;src/game/menu_list_interact.c:52;src/game/menu_list_interact.c:53;src/game/menu_list_interact.c:55;src/game/menu_list_interact.c:56;src/game/menu_list_interact.c:58;src/game/menu_list_interact.c:59;src/game/menu_list_interact.c:61;src/game/menu_list_interact.c:64;src/game/menu_list_interact.c:65;src/game/menu_list_interact.c:66;src/game/menu_list_interact.c:68;src/game/menu_list_interact.c:69;src/game/menu_list_interact.c:70;src/game/menu_list_interact.c:72;src/game/menu_list_render.c:53;src/game/menu_list_render.c:62;src/game/menu_list_render.c:64;src/game/menu_list_render.c:66;src/game/menu_list_render.c:67;src/game/menu_runtime.c:34;src/game/menu_runtime.c:127;src/game/menu_runtime.c:294;src/game/menu_runtime.c:309;src/game/menu_runtime.c:320;src/game/menu_runtime.c:343;src/game/menu_runtime.c:382;src/game/menu_runtime.c:396;src/game/menu_runtime.c:398;src/game/menu_runtime.c:400;src/game/menu_runtime.c:402;src/game/menu_runtime.c:577;src/game/menu_two_option_prompt.c:39;src/game/menu_two_option_prompt.c:40;src/game/menu_two_option_prompt.c:41;src/game/menu_two_option_prompt.c:44;src/game/menu_two_option_prompt.c:45;src/game/menu_two_option_prompt.c:46;src/game/menu_two_option_prompt.c:47	Nested record/union or record array; project-owned child fields are separately listed. SDK children retain their SDK declarations.
include/kf/game_menu.h:324	MenuWindowLayout	title	MenuGlyphString	aggregate		include/kf/game_menu.h:324;src/game/menu_draw_window.c:22;src/game/menu_draw_window.c:24;src/game/menu_draw_window.c:25	Nested record/union or record array; project-owned child fields are separately listed. SDK children retain their SDK declarations.
include/kf/game_menu.h:325	MenuWindowLayout	rows	MenuGlyphString[10]	aggregate		include/kf/game_menu.h:325;src/game/menu_draw_window.c:32;src/game/menu_draw_window.c:35;src/game/menu_draw_window.c:38;src/game/menu_draw_window.c:40;src/game/menu_item_detail.c:120;src/game/menu_item_detail.c:121;src/game/menu_item_detail.c:123;src/game/menu_item_detail.c:124;src/game/menu_runtime.c:34;src/game/menu_runtime.c:577	Nested record/union or record array; project-owned child fields are separately listed. SDK children retain their SDK declarations.
include/kf/game_menu.h:335	MenuSpriteDef	tpage	u16	packed_gpu		include/kf/game_menu.h:335;src/game/menu_runtime.c:242;src/game/menu_runtime.c:267;src/game/menu_runtime.c:299;src/game/menu_runtime.c:322;src/game/menu_runtime.c:345;src/game/menu_runtime.c:385	GPU texture/color/address/coordinate encoding; numeric components and independent mode bits share storage.
include/kf/game_menu.h:336	MenuSpriteDef	clut	u16	packed_gpu		include/kf/game_menu.h:336;src/game/menu_runtime.c:243;src/game/menu_runtime.c:268;src/game/menu_runtime.c:300;src/game/menu_runtime.c:323;src/game/menu_runtime.c:346;src/game/menu_runtime.c:386	GPU texture/color/address/coordinate encoding; numeric components and independent mode bits share storage.
include/kf/game_menu.h:337	MenuSpriteDef	u	u16	numeric		include/kf/game_menu.h:337;src/game/menu_runtime.c:246;src/game/menu_runtime.c:248;src/game/menu_runtime.c:250;src/game/menu_runtime.c:252;src/game/menu_runtime.c:271;src/game/menu_runtime.c:273;src/game/menu_runtime.c:275;src/game/menu_runtime.c:277;src/game/menu_runtime.c:395;src/game/menu_runtime.c:397;src/game/menu_runtime.c:399;src/game/menu_runtime.c:401	six halfword texture descriptor consumed by sprite/font blitters
include/kf/game_menu.h:338	MenuSpriteDef	v	u16	numeric		include/kf/game_menu.h:338;src/game/menu_runtime.c:247;src/game/menu_runtime.c:249;src/game/menu_runtime.c:251;src/game/menu_runtime.c:253;src/game/menu_runtime.c:272;src/game/menu_runtime.c:274;src/game/menu_runtime.c:276;src/game/menu_runtime.c:278	six halfword texture descriptor consumed by sprite/font blitters
include/kf/game_menu.h:339	MenuSpriteDef	width	s16	numeric		include/kf/game_menu.h:339;src/game/menu_runtime.c:244;src/game/menu_runtime.c:248;src/game/menu_runtime.c:252;src/game/menu_runtime.c:269;src/game/menu_runtime.c:273;src/game/menu_runtime.c:277;src/game/menu_runtime.c:303;src/game/menu_runtime.c:307;src/game/menu_runtime.c:312;src/game/menu_runtime.c:316;src/game/menu_runtime.c:326;src/game/menu_runtime.c:330;src/game/menu_runtime.c:334;src/game/menu_runtime.c:338;src/game/menu_runtime.c:349;src/game/menu_runtime.c:353;src/game/menu_runtime.c:357;src/game/menu_runtime.c:361;src/game/menu_runtime.c:389;src/game/menu_runtime.c:393;src/game/menu_runtime.c:397;src/game/menu_runtime.c:401	signed extent shared by sprite and font renderers; narrowed lhu/lbu loads remain exact and negative inset/decoration additions match
include/kf/game_menu.h:340	MenuSpriteDef	height	s16	numeric		include/kf/game_menu.h:340;src/game/menu_runtime.c:244;src/game/menu_runtime.c:251;src/game/menu_runtime.c:253;src/game/menu_runtime.c:269;src/game/menu_runtime.c:276;src/game/menu_runtime.c:278;src/game/menu_runtime.c:306;src/game/menu_runtime.c:308;src/game/menu_runtime.c:315;src/game/menu_runtime.c:317;src/game/menu_runtime.c:329;src/game/menu_runtime.c:331;src/game/menu_runtime.c:337;src/game/menu_runtime.c:339;src/game/menu_runtime.c:352;src/game/menu_runtime.c:354;src/game/menu_runtime.c:360;src/game/menu_runtime.c:362;src/game/menu_runtime.c:392;src/game/menu_runtime.c:394;src/game/menu_runtime.c:400;src/game/menu_runtime.c:402	signed extent shared by sprite and font renderers; narrowed lhu/lbu loads remain exact and negative inset arithmetic matches
include/kf/game_menu.h:345	MenuTileSprite	tpage	u16	packed_gpu		include/kf/game_menu.h:345;src/game/menu_list_render.c:77;src/game/menu_list_render.c:108;src/game/menu_list_render.c:134;src/game/menu_runtime.c:133;src/game/menu_runtime.c:155;src/game/menu_runtime.c:177;src/game/menu_runtime.c:199;src/game/menu_runtime.c:420;src/game/menu_runtime.c:442;src/game/menu_runtime.c:464;src/game/menu_runtime.c:486;src/game/menu_status_panel.c:68	GPU texture/color/address/coordinate encoding; numeric components and independent mode bits share storage.
include/kf/game_menu.h:346	MenuTileSprite	clut	u16	packed_gpu		include/kf/game_menu.h:346;src/game/menu_list_render.c:78;src/game/menu_list_render.c:109;src/game/menu_list_render.c:135;src/game/menu_runtime.c:134;src/game/menu_runtime.c:156;src/game/menu_runtime.c:178;src/game/menu_runtime.c:200;src/game/menu_runtime.c:421;src/game/menu_runtime.c:443;src/game/menu_runtime.c:465;src/game/menu_runtime.c:487;src/game/menu_status_panel.c:17	GPU texture/color/address/coordinate encoding; numeric components and independent mode bits share storage.
include/kf/game_menu.h:347	MenuTileSprite	u	u8	numeric		include/kf/game_menu.h:347;src/game/menu_list_render.c:87;src/game/menu_list_render.c:89;src/game/menu_list_render.c:91;src/game/menu_list_render.c:93;src/game/menu_list_render.c:118;src/game/menu_list_render.c:120;src/game/menu_list_render.c:122;src/game/menu_list_render.c:124;src/game/menu_list_render.c:146;src/game/menu_list_render.c:148;src/game/menu_list_render.c:150;src/game/menu_list_render.c:152;src/game/menu_runtime.c:143;src/game/menu_runtime.c:145;src/game/menu_runtime.c:147;src/game/menu_runtime.c:149;src/game/menu_runtime.c:165;src/game/menu_runtime.c:167;src/game/menu_runtime.c:169;src/game/menu_runtime.c:171;src/game/menu_runtime.c:187;src/game/menu_runtime.c:189;src/game/menu_runtime.c:191;src/game/menu_runtime.c:193;src/game/menu_runtime.c:209;src/game/menu_runtime.c:211;src/game/menu_runtime.c:213;src/game/menu_runtime.c:215;src/game/menu_runtime.c:430;src/game/menu_runtime.c:432;src/game/menu_runtime.c:434;src/game/menu_runtime.c:436;src/game/menu_runtime.c:452;src/game/menu_runtime.c:454;src/game/menu_runtime.c:456;src/game/menu_runtime.c:458;src/game/menu_runtime.c:474;src/game/menu_runtime.c:476;src/game/menu_runtime.c:478;src/game/menu_runtime.c:480;src/game/menu_runtime.c:496;src/game/menu_runtime.c:498;src/game/menu_runtime.c:500;src/game/menu_runtime.c:502;src/game/menu_status_panel.c:27;src/game/menu_status_panel.c:28;src/game/menu_status_panel.c:33;src/game/menu_status_panel.c:34;src/game/menu_status_panel.c:39;src/game/menu_status_panel.c:40;src/game/menu_status_panel.c:45;src/game/menu_status_panel.c:46	byte UV view consumed by backdrop and list rendering
include/kf/game_menu.h:348	MenuTileSprite	unknown_05	u8	unresolved		include/kf/game_menu.h:348	meaning unresolved; extent retained
include/kf/game_menu.h:349	MenuTileSprite	v	u8	numeric		include/kf/game_menu.h:349;src/game/menu_list_render.c:88;src/game/menu_list_render.c:90;src/game/menu_list_render.c:92;src/game/menu_list_render.c:94;src/game/menu_list_render.c:119;src/game/menu_list_render.c:121;src/game/menu_list_render.c:123;src/game/menu_list_render.c:125;src/game/menu_list_render.c:147;src/game/menu_list_render.c:149;src/game/menu_list_render.c:151;src/game/menu_list_render.c:153;src/game/menu_runtime.c:144;src/game/menu_runtime.c:146;src/game/menu_runtime.c:148;src/game/menu_runtime.c:150;src/game/menu_runtime.c:166;src/game/menu_runtime.c:168;src/game/menu_runtime.c:170;src/game/menu_runtime.c:172;src/game/menu_runtime.c:188;src/game/menu_runtime.c:190;src/game/menu_runtime.c:192;src/game/menu_runtime.c:194;src/game/menu_runtime.c:210;src/game/menu_runtime.c:212;src/game/menu_runtime.c:214;src/game/menu_runtime.c:216;src/game/menu_runtime.c:431;src/game/menu_runtime.c:433;src/game/menu_runtime.c:435;src/game/menu_runtime.c:437;src/game/menu_runtime.c:453;src/game/menu_runtime.c:455;src/game/menu_runtime.c:457;src/game/menu_runtime.c:459;src/game/menu_runtime.c:475;src/game/menu_runtime.c:477;src/game/menu_runtime.c:479;src/game/menu_runtime.c:481;src/game/menu_runtime.c:497;src/game/menu_runtime.c:499;src/game/menu_runtime.c:501;src/game/menu_runtime.c:503;src/game/menu_status_panel.c:30;src/game/menu_status_panel.c:31;src/game/menu_status_panel.c:36;src/game/menu_status_panel.c:37;src/game/menu_status_panel.c:42;src/game/menu_status_panel.c:43;src/game/menu_status_panel.c:48;src/game/menu_status_panel.c:49	byte UV view consumed by backdrop and list rendering
include/kf/game_menu.h:350	MenuTileSprite	unknown_07	u8	unresolved		include/kf/game_menu.h:350	meaning unresolved; extent retained
include/kf/game_menu.h:351	MenuTileSprite	width	u16	numeric		include/kf/game_menu.h:351;src/game/menu_list_render.c:81;src/game/menu_list_render.c:85;src/game/menu_list_render.c:89;src/game/menu_list_render.c:93;src/game/menu_list_render.c:112;src/game/menu_list_render.c:116;src/game/menu_list_render.c:120;src/game/menu_list_render.c:124;src/game/menu_list_render.c:138;src/game/menu_list_render.c:143;src/game/menu_list_render.c:148;src/game/menu_list_render.c:152;src/game/menu_runtime.c:137;src/game/menu_runtime.c:141;src/game/menu_runtime.c:145;src/game/menu_runtime.c:149;src/game/menu_runtime.c:159;src/game/menu_runtime.c:163;src/game/menu_runtime.c:165;src/game/menu_runtime.c:169;src/game/menu_runtime.c:181;src/game/menu_runtime.c:185;src/game/menu_runtime.c:189;src/game/menu_runtime.c:193;src/game/menu_runtime.c:203;src/game/menu_runtime.c:207;src/game/menu_runtime.c:209;src/game/menu_runtime.c:213;src/game/menu_runtime.c:424;src/game/menu_runtime.c:428;src/game/menu_runtime.c:432;src/game/menu_runtime.c:436;src/game/menu_runtime.c:446;src/game/menu_runtime.c:450;src/game/menu_runtime.c:452;src/game/menu_runtime.c:456;src/game/menu_runtime.c:468;src/game/menu_runtime.c:472;src/game/menu_runtime.c:476;src/game/menu_runtime.c:480;src/game/menu_runtime.c:490;src/game/menu_runtime.c:494;src/game/menu_runtime.c:496;src/game/menu_runtime.c:500;src/game/menu_status_panel.c:20;src/game/menu_status_panel.c:24;src/game/menu_status_panel.c:27;src/game/menu_status_panel.c:34;src/game/menu_status_panel.c:39;src/game/menu_status_panel.c:46	byte UV view consumed by backdrop and list rendering
include/kf/game_menu.h:352	MenuTileSprite	height	u16	numeric		include/kf/game_menu.h:352;src/game/menu_list_render.c:84;src/game/menu_list_render.c:86;src/game/menu_list_render.c:92;src/game/menu_list_render.c:94;src/game/menu_list_render.c:115;src/game/menu_list_render.c:117;src/game/menu_list_render.c:123;src/game/menu_list_render.c:125;src/game/menu_list_render.c:142;src/game/menu_list_render.c:145;src/game/menu_list_render.c:151;src/game/menu_list_render.c:153;src/game/menu_runtime.c:140;src/game/menu_runtime.c:142;src/game/menu_runtime.c:148;src/game/menu_runtime.c:150;src/game/menu_runtime.c:162;src/game/menu_runtime.c:164;src/game/menu_runtime.c:170;src/game/menu_runtime.c:172;src/game/menu_runtime.c:184;src/game/menu_runtime.c:186;src/game/menu_runtime.c:188;src/game/menu_runtime.c:190;src/game/menu_runtime.c:206;src/game/menu_runtime.c:208;src/game/menu_runtime.c:210;src/game/menu_runtime.c:212;src/game/menu_runtime.c:427;src/game/menu_runtime.c:429;src/game/menu_runtime.c:435;src/game/menu_runtime.c:437;src/game/menu_runtime.c:449;src/game/menu_runtime.c:451;src/game/menu_runtime.c:457;src/game/menu_runtime.c:459;src/game/menu_runtime.c:471;src/game/menu_runtime.c:473;src/game/menu_runtime.c:475;src/game/menu_runtime.c:477;src/game/menu_runtime.c:493;src/game/menu_runtime.c:495;src/game/menu_runtime.c:497;src/game/menu_runtime.c:499;src/game/menu_status_panel.c:23;src/game/menu_status_panel.c:25;src/game/menu_status_panel.c:30;src/game/menu_status_panel.c:36;src/game/menu_status_panel.c:43;src/game/menu_status_panel.c:49	byte UV view consumed by backdrop and list rendering
include/kf/game_menu.h:370	KfMenuAssets	background_quads	POLY_FT4[2][4]	aggregate		include/kf/game_menu.h:370;src/game/menu_config_panel.c:164;src/game/menu_config_panel.c:166;src/game/menu_config_panel.c:168;src/game/menu_config_panel.c:170;src/game/menu_map_viewer.c:105;src/game/menu_map_viewer.c:107;src/game/menu_map_viewer.c:109;src/game/menu_map_viewer.c:111;src/game/menu_runtime.c:221;src/game/menu_runtime.c:224;src/game/menu_runtime.c:227;src/game/menu_runtime.c:230;src/game/menu_runtime.c:508;src/game/menu_runtime.c:511;src/game/menu_runtime.c:514;src/game/menu_runtime.c:517	Nested record/union or record array; project-owned child fields are separately listed. SDK children retain their SDK declarations.
include/kf/game_menu.h:371	KfMenuAssets	mid_depth_quads	POLY_FT4[2]	aggregate		include/kf/game_menu.h:371;src/game/menu_item_detail.c:141	Nested record/union or record array; project-owned child fields are separately listed. SDK children retain their SDK declarations.
include/kf/game_menu.h:372	KfMenuAssets	foreground_quads	POLY_FT4[2]	aggregate		include/kf/game_menu.h:372;src/game/menu_item_detail.c:149	Nested record/union or record array; project-owned child fields are separately listed. SDK children retain their SDK declarations.
include/kf/game_menu.h:373	KfMenuAssets	dialog_quads	POLY_F4[2][6]	aggregate		include/kf/game_menu.h:373;src/game/menu_item_detail.c:171;src/game/menu_item_detail.c:173;src/game/menu_item_detail.c:177;src/game/menu_item_detail.c:179;src/game/menu_item_detail.c:183;src/game/menu_item_detail.c:185;src/game/menu_item_detail.c:189;src/game/menu_item_detail.c:191;src/game/menu_item_detail.c:193	Nested record/union or record array; project-owned child fields are separately listed. SDK children retain their SDK declarations.
include/kf/game_menu.h:374	KfMenuAssets	number_atlas	MenuSpriteDef	aggregate		include/kf/game_menu.h:374;src/game/menu_draw_stats_header.c:78;src/game/menu_draw_stats_header.c:82;src/game/menu_draw_stats_header.c:112;src/game/menu_draw_stats_header.c:117;src/game/menu_draw_stats_header.c:121;src/game/menu_draw_stats_header.c:124;src/game/menu_draw_stats_header.c:129;src/game/menu_draw_stats_header.c:133;src/game/menu_draw_stats_header.c:136;src/game/menu_draw_stats_header.c:171;src/game/menu_draw_status_details.c:112;src/game/menu_draw_status_details.c:116;src/game/menu_draw_status_details.c:146;src/game/menu_draw_status_details.c:150;src/game/menu_draw_status_details.c:153;src/game/menu_draw_status_details.c:158;src/game/menu_draw_status_details.c:162;src/game/menu_draw_status_details.c:165;src/game/menu_draw_status_details.c:200;src/game/menu_draw_status_details.c:203;src/game/menu_draw_status_details.c:206;src/game/menu_draw_status_details.c:216;src/game/menu_draw_status_details.c:223;src/game/menu_draw_status_details.c:306;src/game/menu_draw_status_details.c:309;src/game/menu_draw_status_details.c:312;src/game/menu_draw_status_details.c:315;src/game/menu_draw_status_details.c:318;src/game/menu_draw_status_details.c:321;src/game/menu_draw_status_details.c:324;src/game/menu_draw_status_details.c:327;src/game/menu_draw_status_details.c:330;src/game/menu_draw_status_details.c:333;src/game/menu_draw_status_details.c:336;src/game/menu_item_detail.c:97;src/game/menu_item_detail.c:116;src/game/menu_item_detail.c:126;src/game/menu_item_detail.c:212;src/game/menu_item_detail.c:223;src/game/menu_item_detail.c:234;src/game/menu_item_detail.c:239;src/game/menu_item_detail.c:243;src/game/menu_item_detail.c:254;src/game/menu_item_detail.c:259;src/game/menu_item_detail.c:263;src/game/menu_item_model_preview.c:74;src/game/menu_list_render.c:69	Nested record/union or record array; project-owned child fields are separately listed. SDK children retain their SDK declarations.
include/kf/game_menu.h:375	KfMenuAssets	glyph_atlas	MenuSpriteDef	aggregate		include/kf/game_menu.h:375;src/game/menu_config_panel.c:154;src/game/menu_config_panel.c:157;src/game/menu_draw_name_list.c:30;src/game/menu_draw_name_list.c:36;src/game/menu_draw_name_list.c:42;src/game/menu_draw_name_list.c:48;src/game/menu_draw_name_list.c:54;src/game/menu_draw_name_list.c:60;src/game/menu_draw_name_list.c:66;src/game/menu_draw_name_list.c:72;src/game/menu_draw_stats_header.c:29;src/game/menu_draw_stats_header.c:36;src/game/menu_draw_stats_header.c:43;src/game/menu_draw_stats_header.c:49;src/game/menu_draw_stats_header.c:55;src/game/menu_draw_stats_header.c:59;src/game/menu_draw_stats_header.c:65;src/game/menu_draw_stats_header.c:73;src/game/menu_draw_stats_header.c:107;src/game/menu_draw_stats_header.c:166;src/game/menu_draw_status_details.c:43;src/game/menu_draw_status_details.c:50;src/game/menu_draw_status_details.c:57;src/game/menu_draw_status_details.c:63;src/game/menu_draw_status_details.c:67;src/game/menu_draw_status_details.c:73;src/game/menu_draw_status_details.c:81;src/game/menu_draw_status_details.c:87;src/game/menu_draw_status_details.c:92;src/game/menu_draw_status_details.c:101;src/game/menu_draw_status_details.c:107;src/game/menu_draw_status_details.c:141;src/game/menu_draw_status_details.c:195;src/game/menu_draw_status_details.c:231;src/game/menu_draw_status_details.c:238;src/game/menu_draw_status_details.c:243;src/game/menu_draw_status_details.c:248;src/game/menu_draw_status_details.c:256;src/game/menu_draw_status_details.c:260;src/game/menu_draw_status_details.c:267;src/game/menu_draw_status_details.c:274;src/game/menu_draw_status_details.c:279;src/game/menu_draw_status_details.c:284;src/game/menu_draw_status_details.c:289;src/game/menu_draw_status_details.c:297;src/game/menu_draw_status_details.c:301;src/game/menu_draw_window.c:25;src/game/menu_draw_window.c:40;src/game/menu_item_detail.c:85;src/game/menu_item_detail.c:105;src/game/menu_item_detail.c:112;src/game/menu_item_detail.c:121;src/game/menu_item_detail.c:208;src/game/menu_item_detail.c:219;src/game/menu_item_detail.c:230;src/game/menu_item_detail.c:250;src/game/menu_item_model_preview.c:63;src/game/menu_item_model_preview.c:70;src/game/menu_list_render.c:41;src/game/menu_list_render.c:56;src/game/menu_runtime.c:81;src/game/menu_runtime.c:82;src/game/menu_runtime.c:129	Nested record/union or record array; project-owned child fields are separately listed. SDK children retain their SDK declarations.
include/kf/game_menu.h:376	KfMenuAssets	window_backdrop	MenuTileSprite	aggregate		include/kf/game_menu.h:376;src/game/menu_runtime.c:133;src/game/menu_runtime.c:134;src/game/menu_runtime.c:137;src/game/menu_runtime.c:140;src/game/menu_runtime.c:141;src/game/menu_runtime.c:142;src/game/menu_runtime.c:143;src/game/menu_runtime.c:144;src/game/menu_runtime.c:145;src/game/menu_runtime.c:146;src/game/menu_runtime.c:147;src/game/menu_runtime.c:148;src/game/menu_runtime.c:149;src/game/menu_runtime.c:150;src/game/menu_runtime.c:155;src/game/menu_runtime.c:156;src/game/menu_runtime.c:159;src/game/menu_runtime.c:162;src/game/menu_runtime.c:163;src/game/menu_runtime.c:164;src/game/menu_runtime.c:165;src/game/menu_runtime.c:166;src/game/menu_runtime.c:167;src/game/menu_runtime.c:168;src/game/menu_runtime.c:169;src/game/menu_runtime.c:170;src/game/menu_runtime.c:171;src/game/menu_runtime.c:172;src/game/menu_runtime.c:177;src/game/menu_runtime.c:178;src/game/menu_runtime.c:181;src/game/menu_runtime.c:184;src/game/menu_runtime.c:185;src/game/menu_runtime.c:186;src/game/menu_runtime.c:187;src/game/menu_runtime.c:188;src/game/menu_runtime.c:189;src/game/menu_runtime.c:190;src/game/menu_runtime.c:191;src/game/menu_runtime.c:192;src/game/menu_runtime.c:193;src/game/menu_runtime.c:194;src/game/menu_runtime.c:199;src/game/menu_runtime.c:200;src/game/menu_runtime.c:203;src/game/menu_runtime.c:206;src/game/menu_runtime.c:207;src/game/menu_runtime.c:208;src/game/menu_runtime.c:209;src/game/menu_runtime.c:210;src/game/menu_runtime.c:211;src/game/menu_runtime.c:212;src/game/menu_runtime.c:213;src/game/menu_runtime.c:214;src/game/menu_runtime.c:215;src/game/menu_runtime.c:216;src/game/menu_runtime.c:420;src/game/menu_runtime.c:421;src/game/menu_runtime.c:424;src/game/menu_runtime.c:427;src/game/menu_runtime.c:428;src/game/menu_runtime.c:429;src/game/menu_runtime.c:430;src/game/menu_runtime.c:431;src/game/menu_runtime.c:432;src/game/menu_runtime.c:433;src/game/menu_runtime.c:434;src/game/menu_runtime.c:435;src/game/menu_runtime.c:436;src/game/menu_runtime.c:437;src/game/menu_runtime.c:442;src/game/menu_runtime.c:443;src/game/menu_runtime.c:446;src/game/menu_runtime.c:449;src/game/menu_runtime.c:450;src/game/menu_runtime.c:451;src/game/menu_runtime.c:452;src/game/menu_runtime.c:453;src/game/menu_runtime.c:454;src/game/menu_runtime.c:455;src/game/menu_runtime.c:456;src/game/menu_runtime.c:457;src/game/menu_runtime.c:458;src/game/menu_runtime.c:459;src/game/menu_runtime.c:464;src/game/menu_runtime.c:465;src/game/menu_runtime.c:468;src/game/menu_runtime.c:471;src/game/menu_runtime.c:472;src/game/menu_runtime.c:473;src/game/menu_runtime.c:474;src/game/menu_runtime.c:475;src/game/menu_runtime.c:476;src/game/menu_runtime.c:477;src/game/menu_runtime.c:478;src/game/menu_runtime.c:479;src/game/menu_runtime.c:480;src/game/menu_runtime.c:481;src/game/menu_runtime.c:486;src/game/menu_runtime.c:487;src/game/menu_runtime.c:490;src/game/menu_runtime.c:493;src/game/menu_runtime.c:494;src/game/menu_runtime.c:495;src/game/menu_runtime.c:496;src/game/menu_runtime.c:497;src/game/menu_runtime.c:498;src/game/menu_runtime.c:499;src/game/menu_runtime.c:500;src/game/menu_runtime.c:501;src/game/menu_runtime.c:502;src/game/menu_runtime.c:503;src/game/menu_status_panel.c:17;src/game/menu_status_panel.c:20;src/game/menu_status_panel.c:23;src/game/menu_status_panel.c:24;src/game/menu_status_panel.c:25;src/game/menu_status_panel.c:27;src/game/menu_status_panel.c:28;src/game/menu_status_panel.c:30;src/game/menu_status_panel.c:31;src/game/menu_status_panel.c:33;src/game/menu_status_panel.c:34;src/game/menu_status_panel.c:36;src/game/menu_status_panel.c:37;src/game/menu_status_panel.c:39;src/game/menu_status_panel.c:40;src/game/menu_status_panel.c:42;src/game/menu_status_panel.c:43;src/game/menu_status_panel.c:45;src/game/menu_status_panel.c:46;src/game/menu_status_panel.c:48;src/game/menu_status_panel.c:49;src/game/menu_status_panel.c:68	Nested record/union or record array; project-owned child fields are separately listed. SDK children retain their SDK declarations.
include/kf/game_menu.h:377	KfMenuAssets	option_background	MenuSpriteDef	aggregate		include/kf/game_menu.h:377;src/game/menu_config_panel.c:147;src/game/menu_config_panel.c:149;src/game/menu_runtime.c:68;src/game/menu_runtime.c:71;src/game/menu_runtime.c:77;src/game/menu_runtime.c:79	Nested record/union or record array; project-owned child fields are separately listed. SDK children retain their SDK declarations.
include/kf/game_menu.h:378	KfMenuAssets	option_highlight	MenuSpriteDef	aggregate		include/kf/game_menu.h:378;src/game/menu_config_panel.c:146;src/game/menu_config_panel.c:150;src/game/menu_runtime.c:66;src/game/menu_runtime.c:73	Nested record/union or record array; project-owned child fields are separately listed. SDK children retain their SDK declarations.
include/kf/game_menu.h:379	KfMenuAssets	row_background	MenuSpriteDef	aggregate		include/kf/game_menu.h:379;src/game/menu_draw_window.c:24;src/game/menu_draw_window.c:34;src/game/menu_item_detail.c:119;src/game/menu_list_render.c:39	Nested record/union or record array; project-owned child fields are separately listed. SDK children retain their SDK declarations.
include/kf/game_menu.h:380	KfMenuAssets	row_confirmed_background	MenuSpriteDef	aggregate		include/kf/game_menu.h:380;src/game/menu_draw_window.c:31	Nested record/union or record array; project-owned child fields are separately listed. SDK children retain their SDK declarations.
include/kf/game_menu.h:381	KfMenuAssets	list_tiles	MenuTileSprite[4]	aggregate		include/kf/game_menu.h:381;src/game/menu_list_render.c:75;src/game/menu_list_render.c:102;src/game/menu_list_render.c:104;src/game/menu_list_render.c:132	Nested record/union or record array; project-owned child fields are separately listed. SDK children retain their SDK declarations.
include/kf/game_menu.h:382	KfMenuAssets	selection_cursor	MenuSpriteDef	aggregate		include/kf/game_menu.h:382;src/game/menu_draw_window.c:38;src/game/menu_runtime.c:59;src/game/menu_runtime.c:61	Nested record/union or record array; project-owned child fields are separately listed. SDK children retain their SDK declarations.
include/kf/game_menu.h:391	KfMenuList	title	MenuGlyphString	aggregate		include/kf/game_menu.h:391;src/game/menu_list_render.c:37;src/game/menu_list_render.c:39;src/game/menu_list_render.c:41;src/game/menu_runtime.c:574;src/game/menu_runtime.c:575;src/game/menu_runtime.c:577	Nested record/union or record array; project-owned child fields are separately listed. SDK children retain their SDK declarations.
include/kf/game_menu.h:392	KfMenuList	list_x	u8	numeric		include/kf/game_menu.h:392;src/game/menu_list_render.c:49;src/game/menu_list_render.c:79;src/game/menu_list_render.c:81;src/game/menu_list_render.c:83;src/game/menu_list_render.c:85;src/game/menu_list_render.c:110;src/game/menu_list_render.c:112;src/game/menu_list_render.c:114;src/game/menu_list_render.c:116;src/game/menu_list_render.c:136;src/game/menu_list_render.c:138;src/game/menu_list_render.c:140;src/game/menu_list_render.c:143;src/game/menu_runtime.c:579	existing scrollable list state; menu_list_render byte/halfword/pointer accesses
include/kf/game_menu.h:393	KfMenuList	list_y	u8	numeric		include/kf/game_menu.h:393;src/game/menu_list_render.c:50;src/game/menu_list_render.c:80;src/game/menu_list_render.c:82;src/game/menu_list_render.c:84;src/game/menu_list_render.c:86;src/game/menu_list_render.c:111;src/game/menu_list_render.c:113;src/game/menu_list_render.c:115;src/game/menu_list_render.c:117;src/game/menu_list_render.c:137;src/game/menu_list_render.c:139;src/game/menu_list_render.c:141;src/game/menu_list_render.c:144;src/game/menu_runtime.c:580	existing scrollable list state; menu_list_render byte/halfword/pointer accesses
include/kf/game_menu.h:394	KfMenuList	entry_count	u8	numeric		include/kf/game_menu.h:394;src/game/item.c:257;src/game/item.c:264;src/game/item.c:290;src/game/item.c:304;src/game/item.c:305;src/game/item.c:307;src/game/item.c:309;src/game/item.c:316;src/game/item.c:344;src/game/item.c:404;src/game/item.c:411;src/game/item.c:437;src/game/item.c:451;src/game/item.c:452;src/game/item.c:454;src/game/item.c:456;src/game/item.c:464;src/game/item.c:486;src/game/menu.c:214;src/game/menu.c:220;src/game/menu.c:246;src/game/menu.c:260;src/game/menu.c:261;src/game/menu.c:263;src/game/menu.c:265;src/game/menu.c:273;src/game/menu.c:303;src/game/menu_item_drop.c:64;src/game/menu_item_drop.c:70;src/game/menu_item_drop.c:96;src/game/menu_item_drop.c:110;src/game/menu_item_drop.c:111;src/game/menu_item_drop.c:113;src/game/menu_item_drop.c:115;src/game/menu_item_drop.c:123;src/game/menu_item_drop.c:145;src/game/menu_list_render.c:47;src/game/menu_list_render.c:72;src/game/menu_panels.c:54;src/game/menu_panels.c:60;src/game/menu_panels.c:87;src/game/menu_panels.c:101;src/game/menu_panels.c:102;src/game/menu_panels.c:104;src/game/menu_panels.c:106;src/game/menu_panels.c:114;src/game/menu_panels.c:135;src/game/menu_runtime.c:581;src/game/menu_select.c:95;src/game/menu_select.c:100;src/game/menu_select.c:123;src/game/menu_select.c:137;src/game/menu_select.c:138;src/game/menu_select.c:140;src/game/menu_select.c:142;src/game/menu_select.c:150;src/game/menu_select.c:172;src/game/menu_select.c:258;src/game/menu_select.c:264;src/game/menu_select.c:292;src/game/menu_select.c:306;src/game/menu_select.c:307;src/game/menu_select.c:309;src/game/menu_select.c:311;src/game/menu_select.c:319;src/game/menu_select.c:340	existing scrollable list state; menu_list_render byte/halfword/pointer accesses
include/kf/game_menu.h:395	KfMenuList	visible_rows	u8	numeric		include/kf/game_menu.h:395;src/game/item.c:258;src/game/item.c:305;src/game/item.c:309;src/game/item.c:310;src/game/item.c:318;src/game/item.c:405;src/game/item.c:452;src/game/item.c:456;src/game/item.c:457;src/game/item.c:466;src/game/menu.c:261;src/game/menu.c:265;src/game/menu.c:266;src/game/menu.c:275;src/game/menu_item_drop.c:111;src/game/menu_item_drop.c:115;src/game/menu_item_drop.c:116;src/game/menu_item_drop.c:125;src/game/menu_list_render.c:47;src/game/menu_list_render.c:72;src/game/menu_list_render.c:99;src/game/menu_list_render.c:129;src/game/menu_list_render.c:137;src/game/menu_list_render.c:139;src/game/menu_list_render.c:141;src/game/menu_list_render.c:144;src/game/menu_panels.c:102;src/game/menu_panels.c:106;src/game/menu_panels.c:107;src/game/menu_panels.c:116;src/game/menu_runtime.c:582;src/game/menu_select.c:138;src/game/menu_select.c:142;src/game/menu_select.c:143;src/game/menu_select.c:152;src/game/menu_select.c:307;src/game/menu_select.c:311;src/game/menu_select.c:312;src/game/menu_select.c:321	existing scrollable list state; menu_list_render byte/halfword/pointer accesses
include/kf/game_menu.h:396	KfMenuList	scroll_offset	u8	numeric		include/kf/game_menu.h:396;src/game/item.c:300;src/game/item.c:306;src/game/item.c:309;src/game/item.c:319;src/game/item.c:324;src/game/item.c:447;src/game/item.c:453;src/game/item.c:456;src/game/item.c:467;src/game/item.c:472;src/game/menu.c:256;src/game/menu.c:262;src/game/menu.c:265;src/game/menu.c:276;src/game/menu.c:281;src/game/menu_item_drop.c:106;src/game/menu_item_drop.c:112;src/game/menu_item_drop.c:115;src/game/menu_item_drop.c:126;src/game/menu_item_drop.c:131;src/game/menu_list_render.c:44;src/game/menu_list_render.c:45;src/game/menu_panels.c:97;src/game/menu_panels.c:103;src/game/menu_panels.c:106;src/game/menu_panels.c:117;src/game/menu_panels.c:122;src/game/menu_runtime.c:583;src/game/menu_select.c:133;src/game/menu_select.c:139;src/game/menu_select.c:142;src/game/menu_select.c:153;src/game/menu_select.c:158;src/game/menu_select.c:302;src/game/menu_select.c:308;src/game/menu_select.c:311;src/game/menu_select.c:322;src/game/menu_select.c:327	existing scrollable list state; menu_list_render byte/halfword/pointer accesses
include/kf/game_menu.h:397	KfMenuList	selected_index	u8	numeric		include/kf/game_menu.h:397;src/game/item.c:265;src/game/item.c:267;src/game/item.c:275;src/game/item.c:279;src/game/item.c:297;src/game/item.c:298;src/game/item.c:304;src/game/item.c:316;src/game/item.c:317;src/game/item.c:323;src/game/item.c:328;src/game/item.c:332;src/game/item.c:345;src/game/item.c:412;src/game/item.c:414;src/game/item.c:421;src/game/item.c:426;src/game/item.c:444;src/game/item.c:445;src/game/item.c:451;src/game/item.c:460;src/game/item.c:464;src/game/item.c:465;src/game/item.c:471;src/game/item.c:475;src/game/item.c:487;src/game/menu.c:221;src/game/menu.c:223;src/game/menu.c:231;src/game/menu.c:235;src/game/menu.c:253;src/game/menu.c:254;src/game/menu.c:260;src/game/menu.c:269;src/game/menu.c:273;src/game/menu.c:274;src/game/menu.c:280;src/game/menu.c:284;src/game/menu.c:288;src/game/menu.c:290;src/game/menu.c:292;src/game/menu.c:304;src/game/menu_item_drop.c:71;src/game/menu_item_drop.c:73;src/game/menu_item_drop.c:80;src/game/menu_item_drop.c:85;src/game/menu_item_drop.c:103;src/game/menu_item_drop.c:104;src/game/menu_item_drop.c:110;src/game/menu_item_drop.c:119;src/game/menu_item_drop.c:123;src/game/menu_item_drop.c:124;src/game/menu_item_drop.c:130;src/game/menu_item_drop.c:134;src/game/menu_item_drop.c:146;src/game/menu_panels.c:61;src/game/menu_panels.c:71;src/game/menu_panels.c:75;src/game/menu_panels.c:94;src/game/menu_panels.c:95;src/game/menu_panels.c:101;src/game/menu_panels.c:110;src/game/menu_panels.c:114;src/game/menu_panels.c:115;src/game/menu_panels.c:121;src/game/menu_panels.c:125;src/game/menu_runtime.c:584;src/game/menu_select.c:101;src/game/menu_select.c:108;src/game/menu_select.c:112;src/game/menu_select.c:130;src/game/menu_select.c:131;src/game/menu_select.c:137;src/game/menu_select.c:146;src/game/menu_select.c:150;src/game/menu_select.c:151;src/game/menu_select.c:157;src/game/menu_select.c:161;src/game/menu_select.c:173;src/game/menu_select.c:265;src/game/menu_select.c:267;src/game/menu_select.c:275;src/game/menu_select.c:280;src/game/menu_select.c:299;src/game/menu_select.c:300;src/game/menu_select.c:306;src/game/menu_select.c:315;src/game/menu_select.c:319;src/game/menu_select.c:320;src/game/menu_select.c:326;src/game/menu_select.c:330;src/game/menu_select.c:341	existing scrollable list state; menu_list_render byte/halfword/pointer accesses
include/kf/game_menu.h:398	KfMenuList	cursor_row	u8	numeric		include/kf/game_menu.h:398;src/game/item.c:299;src/game/item.c:302;src/game/item.c:307;src/game/item.c:310;src/game/item.c:318;src/game/item.c:321;src/game/item.c:325;src/game/item.c:446;src/game/item.c:449;src/game/item.c:454;src/game/item.c:457;src/game/item.c:466;src/game/item.c:469;src/game/item.c:473;src/game/menu.c:255;src/game/menu.c:258;src/game/menu.c:263;src/game/menu.c:266;src/game/menu.c:275;src/game/menu.c:278;src/game/menu.c:282;src/game/menu_item_drop.c:105;src/game/menu_item_drop.c:108;src/game/menu_item_drop.c:113;src/game/menu_item_drop.c:116;src/game/menu_item_drop.c:125;src/game/menu_item_drop.c:128;src/game/menu_item_drop.c:132;src/game/menu_list_render.c:103;src/game/menu_panels.c:96;src/game/menu_panels.c:99;src/game/menu_panels.c:104;src/game/menu_panels.c:107;src/game/menu_panels.c:116;src/game/menu_panels.c:119;src/game/menu_panels.c:123;src/game/menu_runtime.c:585;src/game/menu_select.c:132;src/game/menu_select.c:135;src/game/menu_select.c:140;src/game/menu_select.c:143;src/game/menu_select.c:152;src/game/menu_select.c:155;src/game/menu_select.c:159;src/game/menu_select.c:301;src/game/menu_select.c:304;src/game/menu_select.c:309;src/game/menu_select.c:312;src/game/menu_select.c:321;src/game/menu_select.c:324;src/game/menu_select.c:328	existing scrollable list state; menu_list_render byte/halfword/pointer accesses
include/kf/game_menu.h:399	KfMenuList	glyphs_per_entry	u8	numeric		include/kf/game_menu.h:399;src/game/item.c:259;src/game/item.c:406;src/game/menu.c:215;src/game/menu_item_drop.c:65;src/game/menu_list_render.c:45;src/game/menu_list_render.c:52;src/game/menu_panels.c:55;src/game/menu_runtime.c:586;src/game/menu_select.c:96;src/game/menu_select.c:259	existing scrollable list state; menu_list_render byte/halfword/pointer accesses
include/kf/game_menu.h:400	KfMenuList	glyph_rows	s16 *	pointer		include/kf/game_menu.h:400;src/game/item.c:260;src/game/item.c:407;src/game/menu.c:216;src/game/menu_item_drop.c:66;src/game/menu_list_render.c:33;src/game/menu_panels.c:56;src/game/menu_select.c:97;src/game/menu_select.c:260	Address or pointer table; not a finite selector.
include/kf/game_menu.h:401	KfMenuList	quantities	u8 *	pointer		include/kf/game_menu.h:401;src/game/item.c:261;src/game/item.c:408;src/game/menu.c:217;src/game/menu_item_drop.c:67;src/game/menu_list_render.c:34;src/game/menu_list_render.c:57;src/game/menu_panels.c:57;src/game/menu_select.c:98;src/game/menu_select.c:261	Address or pointer table; not a finite selector.
include/kf/game_player.h:121	KfPlayerProgressState	level	u8	numeric		include/kf/game_player.h:121;src/game/menu_draw_stats_header.c:81;src/game/menu_draw_status_details.c:115;src/game/player_death.c:72;src/game/player_death.c:421;src/game/player_death.c:422;src/game/player_death.c:425;src/game/resources.c:135;src/game/resources.c:140	player level
include/kf/game_player.h:122	KfPlayerProgressState	unknown_01	u8	unresolved		include/kf/game_player.h:122	meaning unresolved
include/kf/game_player.h:123	KfPlayerProgressState	current_floor	KfEnumStorage<KfFloorId, u8>	typed_enum		include/kf/game_player.h:123;src/game/actor.c:331;src/game/actor.c:704;src/game/actor_behavior.c:952;src/game/actor_behavior.c:1035;src/game/audio.c:72;src/game/map_events.c:100;src/game/map_events.c:161;src/game/map_events.c:196;src/game/map_load.c:48;src/game/map_load.c:137;src/game/map_load.c:218;src/game/map_load.c:222;src/game/map_object.c:570;src/game/map_object.c:583;src/game/map_scripts.c:408;src/game/map_scripts.c:424;src/game/map_scripts.c:439;src/game/map_scripts.c:457;src/game/map_scripts.c:472;src/game/map_scripts.c:799;src/game/menu_draw_stats_header.c:111;src/game/menu_map_viewer.c:42;src/game/player_core.c:584;src/game/player_death.c:73;src/game/player_death.c:159;src/game/player_death.c:180;src/game/player_use_item.c:35;src/game/player_use_item.c:151;src/game/player_use_item.c:156;src/game/player_warp.c:121;src/game/player_warp.c:154;src/game/player_warp.c:180;src/game/resources.c:133;src/game/save_system.c:407	Same enum type is already enforced by the strict C++ view; this verdict does not certify completeness of its enumerator list.
include/kf/game_player.h:124	KfPlayerProgressState	highest_floor	KfEnumStorage<KfFloorId, u8>	typed_enum		include/kf/game_player.h:124;src/game/map_event.c:21;src/game/map_event.c:22;src/game/map_event.c:23;src/game/map_load.c:156;src/game/player_death.c:74;src/game/player_warp.c:123;src/game/player_warp.c:124	Same enum type is already enforced by the strict C++ view; this verdict does not certify completeness of its enumerator list.
include/kf/game_player.h:133	KfPlayerLevelGrowth	maximum_hp	u16	numeric		include/kf/game_player.h:133;src/game/player_death.c:89;src/game/player_death.c:90;src/game/player_death.c:428;src/game/player_death.c:429;src/game/player_death.c:440	level maximum HP
include/kf/game_player.h:134	KfPlayerLevelGrowth	maximum_mp	u16	numeric		include/kf/game_player.h:134;src/game/player_death.c:91;src/game/player_death.c:92;src/game/player_death.c:431;src/game/player_death.c:432;src/game/player_death.c:441	level maximum MP
include/kf/game_player.h:135	KfPlayerLevelGrowth	physical_power_step	u16	numeric		include/kf/game_player.h:135;src/game/player_death.c:93;src/game/player_death.c:433;src/game/player_death.c:442	physical-power increment
include/kf/game_player.h:136	KfPlayerLevelGrowth	magic_step	u16	numeric		include/kf/game_player.h:136;src/game/player_death.c:94;src/game/player_death.c:434;src/game/player_death.c:443	magic increment
include/kf/game_player.h:137	KfPlayerLevelGrowth	experience_threshold	u32	numeric		include/kf/game_player.h:137;src/game/player_death.c:95;src/game/player_death.c:436;src/game/player_death.c:437;src/game/player_death.c:444	cumulative level threshold
include/kf/game_player.h:141	KfPlayerVitals	maximum_hp	u16	numeric		include/kf/game_player.h:141;src/game/lighting.c:74;src/game/menu.c:330;src/game/menu.c:331;src/game/menu_draw_stats_header.c:123;src/game/menu_draw_status_details.c:152;src/game/menu_panels.c:155;src/game/menu_panels.c:156;src/game/player_death.c:90;src/game/player_death.c:165;src/game/player_death.c:212;src/game/player_death.c:213;src/game/player_death.c:427;src/game/player_death.c:440;src/game/player_death.c:446;src/game/player_death.c:447;src/game/render_frame.c:74;src/game/render_frame.c:75;src/game/save_system.c:409	maximum HP
include/kf/game_player.h:142	KfPlayerVitals	current_hp	u16	numeric		include/kf/game_player.h:142;src/game/lighting.c:74;src/game/menu.c:313;src/game/menu.c:315;src/game/menu.c:319;src/game/menu.c:323;src/game/menu.c:326;src/game/menu.c:330;src/game/menu.c:331;src/game/menu_draw_stats_header.c:116;src/game/menu_draw_status_details.c:145;src/game/menu_panels.c:145;src/game/menu_panels.c:153;src/game/menu_panels.c:155;src/game/menu_panels.c:156;src/game/player_death.c:89;src/game/player_death.c:165;src/game/player_death.c:203;src/game/player_death.c:208;src/game/player_death.c:213;src/game/player_death.c:215;src/game/player_death.c:556;src/game/player_death.c:560;src/game/player_update.c:533;src/game/render_frame.c:73;src/game/save_system.c:408	current HP
include/kf/game_player.h:143	KfPlayerVitals	maximum_mp	u16	numeric		include/kf/game_player.h:143;src/game/lighting.c:75;src/game/menu.c:328;src/game/menu.c:332;src/game/menu.c:333;src/game/menu_draw_stats_header.c:135;src/game/menu_draw_status_details.c:164;src/game/player_death.c:92;src/game/player_death.c:166;src/game/player_death.c:230;src/game/player_death.c:231;src/game/player_death.c:430;src/game/player_death.c:441;src/game/player_death.c:449;src/game/player_death.c:450;src/game/render_frame.c:77;src/game/render_frame.c:78;src/game/save_system.c:411	maximum MP
include/kf/game_player.h:144	KfPlayerVitals	current_mp	u16	numeric		include/kf/game_player.h:144;src/game/lighting.c:75;src/game/menu.c:328;src/game/menu.c:332;src/game/menu.c:333;src/game/menu_draw_stats_header.c:128;src/game/menu_draw_status_details.c:157;src/game/menu_panels.c:141;src/game/menu_panels.c:143;src/game/player_death.c:91;src/game/player_death.c:166;src/game/player_death.c:222;src/game/player_death.c:227;src/game/player_death.c:231;src/game/player_death.c:233;src/game/player_update.c:362;src/game/player_update.c:363;src/game/player_update.c:426;src/game/player_update.c:428;src/game/render_frame.c:76;src/game/save_system.c:410	current MP
include/kf/game_player.h:148	KfPlayerAttackChargeState	current	u16	numeric		include/kf/game_player.h:148;src/game/player_core.c:113;src/game/player_core.c:138;src/game/player_core.c:139;src/game/player_core.c:144;src/game/player_core.c:195;src/game/player_core.c:202;src/game/player_core.c:206;src/game/player_core.c:207;src/game/player_death.c:76;src/game/render_frame.c:79	current POWER charge
include/kf/game_player.h:149	KfPlayerAttackChargeState	committed	u16	numeric		include/kf/game_player.h:149;src/game/player_core.c:114;src/game/player_core.c:138;src/game/player_core.c:191;src/game/player_core.c:194	attack-time POWER snapshot
include/kf/game_player.h:158	KfPlayerMotionFields	strafe_velocity	s16	numeric		include/kf/game_player.h:158;src/game/player_core.c:239;src/game/player_update.c:197;src/game/player_update.c:200;src/game/player_update.c:202;src/game/player_update.c:205;src/game/player_update.c:208;src/game/player_update.c:210;src/game/player_update.c:212;src/game/player_update.c:213;src/game/player_update.c:215;src/game/player_update.c:216;src/game/player_update.c:218;src/game/player_update.c:219;src/game/player_update.c:221;src/game/player_update.c:222;src/game/player_update.c:225;src/game/player_update.c:235	ramped shoulder-button strafe component
include/kf/game_player.h:159	KfPlayerMotionFields	forward_velocity	s16	numeric		include/kf/game_player.h:159;src/game/player_core.c:238;src/game/player_update.c:168;src/game/player_update.c:171;src/game/player_update.c:173;src/game/player_update.c:176;src/game/player_update.c:179;src/game/player_update.c:181;src/game/player_update.c:183;src/game/player_update.c:184;src/game/player_update.c:186;src/game/player_update.c:187;src/game/player_update.c:189;src/game/player_update.c:190;src/game/player_update.c:192;src/game/player_update.c:193;src/game/player_update.c:227;src/game/player_update.c:239	ramped directional-pad forward/back component
include/kf/game_player.h:160	KfPlayerMotionFields	movement_speed	u16	numeric		include/kf/game_player.h:160;src/game/player_core.c:237;src/game/player_core.c:504;src/game/player_core.c:554;src/game/player_update.c:243	unsigned magnitude derived from the normalized horizontal components
include/kf/game_player.h:161	KfPlayerMotionFields	yaw_step	s16	numeric		include/kf/game_player.h:161;src/game/player_core.c:235;src/game/player_update.c:259;src/game/player_update.c:260;src/game/player_update.c:261;src/game/player_update.c:264;src/game/player_update.c:265;src/game/player_update.c:266;src/game/player_update.c:268;src/game/player_update.c:269;src/game/player_update.c:270;src/game/player_update.c:271;src/game/player_update.c:273;src/game/player_update.c:274;src/game/player_update.c:275;src/game/player_update.c:276;src/game/player_update.c:280	ramped directional-pad turn step added to camera yaw
include/kf/game_player.h:162	KfPlayerMotionFields	pitch_step	s16	numeric		include/kf/game_player.h:162;src/game/player_core.c:236;src/game/player_update.c:282;src/game/player_update.c:283;src/game/player_update.c:284;src/game/player_update.c:287;src/game/player_update.c:288;src/game/player_update.c:289;src/game/player_update.c:291;src/game/player_update.c:292;src/game/player_update.c:293;src/game/player_update.c:294;src/game/player_update.c:296;src/game/player_update.c:297;src/game/player_update.c:298;src/game/player_update.c:299;src/game/player_update.c:302;src/game/player_update.c:303;src/game/player_update.c:307;src/game/player_update.c:308	ramped trigger-button step added to clamped camera pitch
include/kf/game_player.h:163	KfPlayerMotionFields	map_cell	KfMapCell	aggregate		include/kf/game_player.h:163;src/game/game.c:74;src/game/game.c:77;src/game/game.c:85;src/game/game.c:86;src/game/map_scripts.c:108;src/game/map_scripts.c:109;src/game/map_scripts.c:114;src/game/map_scripts.c:115;src/game/map_scripts.c:135;src/game/map_scripts.c:136;src/game/map_scripts.c:141;src/game/map_scripts.c:142;src/game/map_scripts.c:170;src/game/map_scripts.c:171;src/game/map_scripts.c:193;src/game/map_scripts.c:194;src/game/map_scripts.c:311;src/game/map_scripts.c:324;src/game/map_scripts.c:325;src/game/map_scripts.c:326;src/game/menu_map_viewer.c:88;src/game/menu_map_viewer.c:89;src/game/menu_map_viewer.c:90;src/game/menu_map_viewer.c:91;src/game/menu_map_viewer.c:92;src/game/menu_map_viewer.c:93;src/game/menu_map_viewer.c:94;src/game/menu_map_viewer.c:95;src/game/player_core.c:252;src/game/player_core.c:253;src/game/player_core.c:254;src/game/player_core.c:261;src/game/player_core.c:344;src/game/player_core.c:345;src/game/player_core.c:395;src/game/player_core.c:396;src/game/player_core.c:399;src/game/player_core.c:402;src/game/player_core.c:403;src/game/player_core.c:406;src/game/player_core.c:410;src/game/player_core.c:438;src/game/player_core.c:439;src/game/player_core.c:448;src/game/player_core.c:489;src/game/player_core.c:490;src/game/player_core.c:517;src/game/player_core.c:521;src/game/player_core.c:527;src/game/player_death.c:195;src/game/player_death.c:196;src/game/player_update.c:129;src/game/player_update.c:147;src/game/player_update.c:148;src/game/player_update.c:498;src/game/player_update.c:603;src/game/player_warp.c:148;src/game/player_warp.c:149	Nested record/union or record array; project-owned child fields are separately listed. SDK children retain their SDK declarations.
include/kf/game_player.h:168	KfPlayerMotionState	fields	KfPlayerMotionFields	aggregate		include/kf/game_player.h:168;src/game/game.c:74;src/game/game.c:77;src/game/game.c:85;src/game/game.c:86;src/game/map_scripts.c:108;src/game/map_scripts.c:109;src/game/map_scripts.c:114;src/game/map_scripts.c:115;src/game/map_scripts.c:135;src/game/map_scripts.c:136;src/game/map_scripts.c:141;src/game/map_scripts.c:142;src/game/map_scripts.c:170;src/game/map_scripts.c:171;src/game/map_scripts.c:193;src/game/map_scripts.c:194;src/game/map_scripts.c:311;src/game/map_scripts.c:324;src/game/map_scripts.c:325;src/game/map_scripts.c:326;src/game/menu_map_viewer.c:88;src/game/menu_map_viewer.c:89;src/game/menu_map_viewer.c:90;src/game/menu_map_viewer.c:91;src/game/menu_map_viewer.c:92;src/game/menu_map_viewer.c:93;src/game/menu_map_viewer.c:94;src/game/menu_map_viewer.c:95;src/game/player_core.c:235;src/game/player_core.c:236;src/game/player_core.c:237;src/game/player_core.c:238;src/game/player_core.c:239;src/game/player_core.c:252;src/game/player_core.c:253;src/game/player_core.c:254;src/game/player_core.c:261;src/game/player_core.c:344;src/game/player_core.c:345;src/game/player_core.c:395;src/game/player_core.c:396;src/game/player_core.c:399;src/game/player_core.c:402;src/game/player_core.c:403;src/game/player_core.c:406;src/game/player_core.c:410;src/game/player_core.c:438;src/game/player_core.c:439;src/game/player_core.c:448;src/game/player_core.c:489;src/game/player_core.c:490;src/game/player_core.c:504;src/game/player_core.c:517;src/game/player_core.c:521;src/game/player_core.c:527;src/game/player_core.c:554;src/game/player_death.c:195;src/game/player_death.c:196;src/game/player_update.c:129;src/game/player_update.c:147;src/game/player_update.c:148;src/game/player_update.c:168;src/game/player_update.c:171;src/game/player_update.c:173;src/game/player_update.c:176;src/game/player_update.c:179;src/game/player_update.c:181;src/game/player_update.c:183;src/game/player_update.c:184;src/game/player_update.c:186;src/game/player_update.c:187;src/game/player_update.c:189;src/game/player_update.c:190;src/game/player_update.c:192;src/game/player_update.c:193;src/game/player_update.c:197;src/game/player_update.c:200;src/game/player_update.c:202;src/game/player_update.c:205;src/game/player_update.c:208;src/game/player_update.c:210;src/game/player_update.c:212;src/game/player_update.c:213;src/game/player_update.c:215;src/game/player_update.c:216;src/game/player_update.c:218;src/game/player_update.c:219;src/game/player_update.c:221;src/game/player_update.c:222;src/game/player_update.c:225;src/game/player_update.c:227;src/game/player_update.c:235;src/game/player_update.c:239;src/game/player_update.c:243;src/game/player_update.c:259;src/game/player_update.c:260;src/game/player_update.c:261;src/game/player_update.c:264;src/game/player_update.c:265;src/game/player_update.c:266;src/game/player_update.c:268;src/game/player_update.c:269;src/game/player_update.c:270;src/game/player_update.c:271;src/game/player_update.c:273;src/game/player_update.c:274;src/game/player_update.c:275;src/game/player_update.c:276;src/game/player_update.c:280;src/game/player_update.c:282;src/game/player_update.c:283;src/game/player_update.c:284;src/game/player_update.c:287;src/game/player_update.c:288;src/game/player_update.c:289;src/game/player_update.c:291;src/game/player_update.c:292;src/game/player_update.c:293;src/game/player_update.c:294;src/game/player_update.c:296;src/game/player_update.c:297;src/game/player_update.c:298;src/game/player_update.c:299;src/game/player_update.c:302;src/game/player_update.c:303;src/game/player_update.c:307;src/game/player_update.c:308;src/game/player_update.c:498;src/game/player_update.c:603;src/game/player_warp.c:148;src/game/player_warp.c:149	Nested record/union or record array; project-owned child fields are separately listed. SDK children retain their SDK declarations.
include/kf/game_player.h:169	KfPlayerMotionState	words	u32[3]	encoded_storage		include/kf/game_player.h:169;src/game/player_warp.c:182;src/game/player_warp.c:199;src/game/player_warp.c:209;src/game/player_warp.c:223;src/game/player_warp.c:240	Packed/aligned copy or address view of an owning object; type semantic members separately.
include/kf/game_player.h:180	KfPlayerState	experience	s32	numeric		include/kf/game_player.h:180;src/game/menu_draw_stats_header.c:77;src/game/menu_draw_status_details.c:111;src/game/player_death.c:71;src/game/player_death.c:416;src/game/player_death.c:417;src/game/player_death.c:418;src/game/player_death.c:420;src/game/save_system.c:373;src/game/save_system.c:405;src/game/save_system.c:624	member of the player_state aggregate
include/kf/game_player.h:181	KfPlayerState	next_level_experience	s32	numeric		include/kf/game_player.h:181;src/game/player_death.c:95;src/game/player_death.c:420;src/game/player_death.c:435;src/game/player_death.c:444	member of the player_state aggregate
include/kf/game_player.h:182	KfPlayerState	progress_state	KfPlayerProgressState	aggregate		include/kf/game_player.h:182;src/game/actor.c:331;src/game/actor.c:704;src/game/actor_behavior.c:952;src/game/actor_behavior.c:1035;src/game/audio.c:72;src/game/map_event.c:21;src/game/map_event.c:22;src/game/map_event.c:23;src/game/map_events.c:100;src/game/map_events.c:161;src/game/map_events.c:196;src/game/map_load.c:48;src/game/map_load.c:137;src/game/map_load.c:156;src/game/map_load.c:218;src/game/map_load.c:222;src/game/map_object.c:570;src/game/map_object.c:583;src/game/map_scripts.c:408;src/game/map_scripts.c:424;src/game/map_scripts.c:439;src/game/map_scripts.c:457;src/game/map_scripts.c:472;src/game/map_scripts.c:799;src/game/menu_draw_stats_header.c:81;src/game/menu_draw_stats_header.c:111;src/game/menu_draw_status_details.c:115;src/game/menu_map_viewer.c:42;src/game/player_core.c:584;src/game/player_death.c:72;src/game/player_death.c:73;src/game/player_death.c:74;src/game/player_death.c:159;src/game/player_death.c:180;src/game/player_death.c:421;src/game/player_death.c:422;src/game/player_death.c:425;src/game/player_use_item.c:35;src/game/player_use_item.c:151;src/game/player_use_item.c:156;src/game/player_warp.c:121;src/game/player_warp.c:123;src/game/player_warp.c:124;src/game/player_warp.c:154;src/game/player_warp.c:180;src/game/resources.c:133;src/game/resources.c:135;src/game/resources.c:140;src/game/save_system.c:407	Nested record/union or record array; project-owned child fields are separately listed. SDK children retain their SDK declarations.
include/kf/game_player.h:183	KfPlayerState	map_variant	KfMapVariant	typed_enum		include/kf/game_player.h:183;src/game/map_load.c:219;src/game/player_core.c:592;src/game/player_core.c:593;src/game/player_core.c:597;src/game/player_death.c:181;src/game/player_warp.c:122;src/game/player_warp.c:151;src/game/player_warp.c:152;src/game/player_warp.c:155;src/game/resources.c:123;src/game/resources.c:145	Same enum type is already enforced by the strict C++ view; this verdict does not certify completeness of its enumerator list.
include/kf/game_player.h:184	KfPlayerState	allow_near_actor_spawn	KfActorSpawnPermission	typed_enum		include/kf/game_player.h:184;src/game/actor_behavior.c:297;src/game/game.c:72;src/game/player_core.c:255	Same enum type is already enforced by the strict C++ view; this verdict does not certify completeness of its enumerator list.
include/kf/game_player.h:185	KfPlayerState	weapon_charge_delay	u8	numeric		include/kf/game_player.h:185;src/game/player_core.c:115;src/game/player_core.c:196;src/game/player_core.c:201;src/game/player_core.c:210;src/game/player_death.c:78	member of the player_state aggregate
include/kf/game_player.h:186	KfPlayerState	unknown_0f	u8	unresolved		include/kf/game_player.h:186	unresolved bytes
include/kf/game_player.h:187	KfPlayerState	vitals	KfPlayerVitals	aggregate		include/kf/game_player.h:187;src/game/lighting.c:74;src/game/lighting.c:75;src/game/menu.c:313;src/game/menu.c:315;src/game/menu.c:319;src/game/menu.c:323;src/game/menu.c:326;src/game/menu.c:328;src/game/menu.c:330;src/game/menu.c:331;src/game/menu.c:332;src/game/menu.c:333;src/game/menu_draw_stats_header.c:116;src/game/menu_draw_stats_header.c:123;src/game/menu_draw_stats_header.c:128;src/game/menu_draw_stats_header.c:135;src/game/menu_draw_status_details.c:145;src/game/menu_draw_status_details.c:152;src/game/menu_draw_status_details.c:157;src/game/menu_draw_status_details.c:164;src/game/menu_panels.c:141;src/game/menu_panels.c:143;src/game/menu_panels.c:145;src/game/menu_panels.c:153;src/game/menu_panels.c:155;src/game/menu_panels.c:156;src/game/player_death.c:89;src/game/player_death.c:90;src/game/player_death.c:91;src/game/player_death.c:92;src/game/player_death.c:165;src/game/player_death.c:166;src/game/player_death.c:203;src/game/player_death.c:208;src/game/player_death.c:212;src/game/player_death.c:213;src/game/player_death.c:215;src/game/player_death.c:222;src/game/player_death.c:227;src/game/player_death.c:230;src/game/player_death.c:231;src/game/player_death.c:233;src/game/player_death.c:427;src/game/player_death.c:430;src/game/player_death.c:440;src/game/player_death.c:441;src/game/player_death.c:446;src/game/player_death.c:447;src/game/player_death.c:449;src/game/player_death.c:450;src/game/player_death.c:556;src/game/player_death.c:560;src/game/player_update.c:362;src/game/player_update.c:363;src/game/player_update.c:426;src/game/player_update.c:428;src/game/player_update.c:533;src/game/render_frame.c:73;src/game/render_frame.c:74;src/game/render_frame.c:75;src/game/render_frame.c:76;src/game/render_frame.c:77;src/game/render_frame.c:78;src/game/save_system.c:408;src/game/save_system.c:409;src/game/save_system.c:410;src/game/save_system.c:411	Nested record/union or record array; project-owned child fields are separately listed. SDK children retain their SDK declarations.
include/kf/game_player.h:188	KfPlayerState	attack_charge_state	KfPlayerAttackChargeState	aggregate		include/kf/game_player.h:188;src/game/player_core.c:113;src/game/player_core.c:114;src/game/player_core.c:138;src/game/player_core.c:139;src/game/player_core.c:144;src/game/player_core.c:191;src/game/player_core.c:194;src/game/player_core.c:195;src/game/player_core.c:202;src/game/player_core.c:206;src/game/player_core.c:207;src/game/player_death.c:76;src/game/render_frame.c:79	Nested record/union or record array; project-owned child fields are separately listed. SDK children retain their SDK declarations.
include/kf/game_player.h:189	KfPlayerState	magic_charge	u16	numeric		include/kf/game_player.h:189;src/game/player_death.c:77;src/game/player_death.c:606;src/game/player_update.c:354;src/game/player_update.c:365;src/game/player_update.c:372;src/game/player_update.c:375;src/game/player_update.c:376;src/game/render_frame.c:80	member of the player_state aggregate
include/kf/game_player.h:190	KfPlayerState	physical_power_training	u16	numeric		include/kf/game_player.h:190;src/game/player_death.c:381;src/game/player_death.c:382;src/game/player_death.c:384	member of the player_state aggregate
include/kf/game_player.h:191	KfPlayerState	magic_training	u16	numeric		include/kf/game_player.h:191;src/game/player_death.c:397;src/game/player_death.c:398;src/game/player_death.c:400;src/game/player_use_item.c:206	member of the player_state aggregate
include/kf/game_player.h:192	KfPlayerState	base_physical_power	u16	numeric		include/kf/game_player.h:192;src/game/menu_draw_stats_header.c:94;src/game/menu_draw_stats_header.c:95;src/game/menu_draw_status_details.c:128;src/game/menu_draw_status_details.c:129;src/game/player_death.c:93;src/game/player_death.c:265;src/game/player_death.c:383;src/game/player_death.c:385;src/game/player_death.c:386;src/game/player_death.c:433;src/game/player_death.c:442;src/game/player_death.c:452;src/game/player_death.c:453	member of the player_state aggregate
include/kf/game_player.h:193	KfPlayerState	base_magic	u16	numeric		include/kf/game_player.h:193;src/game/menu_draw_stats_header.c:86;src/game/menu_draw_stats_header.c:90;src/game/menu_draw_status_details.c:120;src/game/menu_draw_status_details.c:124;src/game/player_death.c:94;src/game/player_death.c:266;src/game/player_death.c:358;src/game/player_death.c:362;src/game/player_death.c:366;src/game/player_death.c:399;src/game/player_death.c:401;src/game/player_death.c:402;src/game/player_death.c:434;src/game/player_death.c:443;src/game/player_death.c:455;src/game/player_death.c:456	member of the player_state aggregate
include/kf/game_player.h:194	KfPlayerState	physical_power	u16	numeric		include/kf/game_player.h:194;src/game/menu_draw_status_details.c:202;src/game/player_core.c:185;src/game/player_core.c:204;src/game/player_death.c:265;src/game/player_death.c:268;src/game/player_death.c:272;src/game/player_death.c:353;src/game/player_death.c:370;src/game/player_death.c:371;src/game/player_death.c:533;src/game/player_death.c:537;src/game/player_death.c:541;src/game/player_death.c:545;src/game/player_death.c:549;src/game/player_update.c:386;src/game/player_update.c:403;src/game/player_update.c:412	member of the player_state aggregate
include/kf/game_player.h:195	KfPlayerState	magic	u16	numeric		include/kf/game_player.h:195;src/game/effect_update.c:43;src/game/menu_draw_status_details.c:205;src/game/menu_panels.c:145;src/game/menu_panels.c:153;src/game/player_death.c:266;src/game/player_death.c:343;src/game/player_death.c:346;src/game/player_death.c:373;src/game/player_death.c:374;src/game/player_update.c:373;src/game/player_update.c:387;src/game/player_update.c:404;src/game/player_update.c:413	member of the player_state aggregate
include/kf/game_player.h:196	KfPlayerState	status_effect_flags	u16	flag_domain_candidate	F9	include/kf/game_player.h:196;src/game/lighting.c:76;src/game/menu.c:316;src/game/menu.c:320;src/game/menu.c:324;src/game/menu.c:327;src/game/menu_draw_stats_header.c:146;src/game/menu_draw_stats_header.c:151;src/game/menu_draw_stats_header.c:155;src/game/menu_draw_stats_header.c:159;src/game/menu_draw_stats_header.c:163;src/game/menu_draw_status_details.c:175;src/game/menu_draw_status_details.c:180;src/game/menu_draw_status_details.c:184;src/game/menu_draw_status_details.c:188;src/game/menu_draw_status_details.c:192;src/game/menu_panels.c:147;src/game/menu_panels.c:149;src/game/menu_panels.c:152;src/game/player_death.c:176;src/game/player_death.c:267;src/game/player_death.c:355;src/game/player_death.c:508;src/game/player_death.c:519;src/game/player_death.c:525;src/game/player_death.c:530;src/game/player_status_effect4.c:8;src/game/player_update.c:160;src/game/player_update.c:502;src/game/player_update.c:508;src/game/player_update.c:615;src/game/player_update.c:622;src/game/player_update.c:627;src/game/player_update.c:634;src/game/player_update.c:647;src/game/player_update.c:652;src/game/player_update.c:661;src/game/render_frame.c:81;docs/patterns/enum-field-review.md#f9	Combinations are tested/ORed/cleared independently. Typed flags remain possible; a plain closed selector enum would reject valid combinations.
include/kf/game_player.h:197	KfPlayerState	gold	u32	numeric		include/kf/game_player.h:197;src/game/item.c:331;src/game/item.c:353;src/game/item.c:494;src/game/map_scripts.c:748;src/game/map_scripts.c:749;src/game/menu_draw_stats_header.c:170;src/game/menu_draw_status_details.c:199;src/game/menu_item_detail.c:125;src/game/player_death.c:75	player gold total
include/kf/game_player.h:198	KfPlayerState	cutting_attack	u16	numeric		include/kf/game_player.h:198;src/game/menu_draw_status_details.c:207;src/game/menu_draw_status_details.c:305;src/game/player_core.c:186;src/game/player_death.c:254;src/game/player_death.c:276	unsigned cutting_attack field; corresponding retail UI label and component argument/defense use establish meaning
include/kf/game_player.h:199	KfPlayerState	striking_attack	u16	numeric		include/kf/game_player.h:199;src/game/menu_draw_status_details.c:207;src/game/menu_draw_status_details.c:308;src/game/player_core.c:187;src/game/player_death.c:255;src/game/player_death.c:277	unsigned striking_attack field; corresponding retail UI label and component argument/defense use establish meaning
include/kf/game_player.h:200	KfPlayerState	piercing_attack	u16	numeric		include/kf/game_player.h:200;src/game/menu_draw_status_details.c:208;src/game/menu_draw_status_details.c:311;src/game/player_core.c:188;src/game/player_death.c:256;src/game/player_death.c:278	unsigned piercing_attack field; corresponding retail UI label and component argument/defense use establish meaning
include/kf/game_player.h:201	KfPlayerState	holy_attack	u16	numeric		include/kf/game_player.h:201;src/game/menu_draw_status_details.c:210;src/game/menu_draw_status_details.c:314;src/game/player_core.c:189;src/game/player_death.c:257;src/game/player_death.c:279;src/game/player_death.c:334;src/game/player_death.c:349	unsigned holy_attack field; corresponding retail UI label and component argument/defense use establish meaning
include/kf/game_player.h:202	KfPlayerState	fire_attack	u16	numeric		include/kf/game_player.h:202;src/game/menu_draw_status_details.c:210;src/game/menu_draw_status_details.c:317;src/game/player_core.c:190;src/game/player_death.c:258;src/game/player_death.c:280	unsigned fire_attack field; corresponding retail UI label and component argument/defense use establish meaning
include/kf/game_player.h:203	KfPlayerState	unknown_3a	u8[2]	unresolved		include/kf/game_player.h:203	unresolved bytes
include/kf/game_player.h:204	KfPlayerState	cutting_defense	u16	numeric		include/kf/game_player.h:204;src/game/menu_draw_status_details.c:217;src/game/menu_draw_status_details.c:320;src/game/player_death.c:79;src/game/player_death.c:259;src/game/player_death.c:284;src/game/player_death.c:285;src/game/player_death.c:294;src/game/player_death.c:295;src/game/player_death.c:304;src/game/player_death.c:305;src/game/player_death.c:314;src/game/player_death.c:315;src/game/player_death.c:324;src/game/player_death.c:325;src/game/player_death.c:534	unsigned cutting_defense field; corresponding retail UI label and component argument/defense use establish meaning
include/kf/game_player.h:205	KfPlayerState	striking_defense	u16	numeric		include/kf/game_player.h:205;src/game/menu_draw_status_details.c:217;src/game/menu_draw_status_details.c:323;src/game/player_death.c:80;src/game/player_death.c:260;src/game/player_death.c:286;src/game/player_death.c:296;src/game/player_death.c:306;src/game/player_death.c:316;src/game/player_death.c:326;src/game/player_death.c:538	unsigned striking_defense field; corresponding retail UI label and component argument/defense use establish meaning
include/kf/game_player.h:206	KfPlayerState	piercing_defense	u16	numeric		include/kf/game_player.h:206;src/game/menu_draw_status_details.c:218;src/game/menu_draw_status_details.c:326;src/game/player_death.c:81;src/game/player_death.c:261;src/game/player_death.c:287;src/game/player_death.c:297;src/game/player_death.c:307;src/game/player_death.c:317;src/game/player_death.c:327;src/game/player_death.c:542	unsigned piercing_defense field; corresponding retail UI label and component argument/defense use establish meaning
include/kf/game_player.h:207	KfPlayerState	poison_resistance	u16	numeric		include/kf/game_player.h:207;src/game/menu_draw_status_details.c:218;src/game/menu_draw_status_details.c:329;src/game/player_death.c:82;src/game/player_death.c:262;src/game/player_death.c:288;src/game/player_death.c:298;src/game/player_death.c:308;src/game/player_death.c:318;src/game/player_death.c:328;src/game/player_death.c:522	unsigned poison application threshold
include/kf/game_player.h:208	KfPlayerState	magic_defense	u16	numeric		include/kf/game_player.h:208;src/game/menu_draw_status_details.c:219;src/game/menu_draw_status_details.c:332;src/game/player_death.c:83;src/game/player_death.c:263;src/game/player_death.c:289;src/game/player_death.c:299;src/game/player_death.c:309;src/game/player_death.c:319;src/game/player_death.c:329;src/game/player_death.c:337;src/game/player_death.c:546	unsigned magic_defense field; corresponding retail UI label and component argument/defense use establish meaning
include/kf/game_player.h:209	KfPlayerState	fire_defense	u16	numeric		include/kf/game_player.h:209;src/game/menu_draw_status_details.c:219;src/game/menu_draw_status_details.c:335;src/game/player_death.c:84;src/game/player_death.c:264;src/game/player_death.c:290;src/game/player_death.c:300;src/game/player_death.c:310;src/game/player_death.c:320;src/game/player_death.c:330;src/game/player_death.c:340;src/game/player_death.c:356;src/game/player_death.c:550	unsigned fire_defense field; corresponding retail UI label and component argument/defense use establish meaning
include/kf/game_player.h:210	KfPlayerState	curse_timer	s16	numeric		include/kf/game_player.h:210;src/game/player_death.c:110;src/game/player_death.c:507;src/game/player_update.c:646;src/game/player_update.c:648;src/game/player_update.c:650;src/game/player_update.c:654;src/game/player_update.c:657	signed curse_timer countdown; -1 inactive; distinct expiry/recalculation behavior documented in game-player-statuses.md
include/kf/game_player.h:211	KfPlayerState	darkness_timer	s16	numeric		include/kf/game_player.h:211;src/game/player_death.c:109;src/game/player_death.c:512;src/game/player_death.c:513;src/game/player_death.c:514;src/game/player_death.c:517;src/game/player_update.c:501;src/game/player_update.c:503;src/game/player_update.c:504;src/game/player_update.c:506;src/game/player_update.c:507;src/game/player_update.c:510;src/game/player_update.c:513	signed darkness_timer countdown; -1 inactive; distinct expiry/recalculation behavior documented in game-player-statuses.md
include/kf/game_player.h:212	KfPlayerState	poison_timer	s16	numeric		include/kf/game_player.h:212;src/game/player_death.c:108;src/game/player_death.c:524;src/game/player_update.c:626;src/game/player_update.c:628;src/game/player_update.c:631;src/game/player_update.c:632;src/game/player_update.c:636	signed poison countdown in status updates; -1 inactive
include/kf/game_player.h:213	KfPlayerState	slowed_timer	s16	numeric		include/kf/game_player.h:213;src/game/player_death.c:107;src/game/player_death.c:529;src/game/player_update.c:614;src/game/player_update.c:616;src/game/player_update.c:619;src/game/player_update.c:620	signed slowed_timer countdown; -1 inactive; distinct expiry/recalculation behavior documented in game-player-statuses.md
include/kf/game_player.h:214	KfPlayerState	fire_defense_timer	s16	numeric		include/kf/game_player.h:214;src/game/player_death.c:105;src/game/player_status_effect4.c:7;src/game/player_update.c:659;src/game/player_update.c:660;src/game/player_update.c:663;src/game/player_update.c:667	signed fire_defense_timer countdown; -1 inactive; distinct expiry/recalculation behavior documented in game-player-statuses.md
include/kf/game_player.h:215	KfPlayerState	illusion_staff_timer	s16	numeric		include/kf/game_player.h:215;src/game/player_death.c:106;src/game/player_update.c:672;src/game/player_update.c:673;src/game/player_use_item.c:178;src/game/render_map_cells.c:57	signed Illusion Staff timer: item57 sets1000; player update decrements through zero and applies green lighting; map-cell renderer alternates mesh substitutions
include/kf/game_player.h:216	KfPlayerState	unknown_54	u8[4]	unresolved		include/kf/game_player.h:216	unresolved bytes
include/kf/game_player.h:217	KfPlayerState	equipment_effect_ticks	u32	numeric		include/kf/game_player.h:217;src/game/player_core.c:251;src/game/player_update.c:544;src/game/player_update.c:548;src/game/player_update.c:554;src/game/player_update.c:558;src/game/player_update.c:564;src/game/player_update.c:568;src/game/player_update.c:574;src/game/player_update.c:578;src/game/player_update.c:584;src/game/player_update.c:588;src/game/player_update.c:594;src/game/player_update.c:598;src/game/player_update.c:602	frame counter modulo equipment HP/MP regeneration and drain intervals; reset by position sync
include/kf/game_player.h:218	KfPlayerState	selected_magic_id	KfMagicId	typed_enum		include/kf/game_player.h:218;src/game/magic.c:56;src/game/magic.c:87;src/game/magic.c:97;src/game/magic.c:113;src/game/magic.c:120;src/game/magic.c:128;src/game/magic.c:132;src/game/magic.c:146;src/game/magic.c:162;src/game/menu_draw_name_list.c:33;src/game/menu_draw_name_list.c:35;src/game/menu_select.c:348;src/game/player_death.c:607;src/game/player_death.c:612;src/game/player_update.c:150;src/game/player_update.c:353;src/game/player_update.c:357;src/game/player_update.c:370	Same enum type is already enforced by the strict C++ view; this verdict does not certify completeness of its enumerator list.
include/kf/game_player.h:219	KfPlayerState	unknown_5d	u8[3]	unresolved		include/kf/game_player.h:219	unresolved bytes
include/kf/game_player.h:220	KfPlayerState	selected_magic_record	KfMagicRecord *	pointer		include/kf/game_player.h:220;src/game/player_death.c:609;src/game/player_death.c:611;src/game/player_update.c:358;src/game/player_update.c:360;src/game/player_update.c:373	Address or pointer table; not a finite selector.
include/kf/game_player.h:221	KfPlayerState	equipped_weapon_id	KfItemId	typed_enum		include/kf/game_player.h:221;src/game/item.c:388;src/game/map_scripts.c:307;src/game/menu_draw_name_list.c:27;src/game/menu_draw_name_list.c:29;src/game/menu_item_drop.c:47;src/game/menu_select.c:182;src/game/player_core.c:116;src/game/player_core.c:135;src/game/player_core.c:160;src/game/player_core.c:166;src/game/player_death.c:274;src/game/player_death.c:275;src/game/player_update.c:149;src/game/player_update.c:320;src/game/player_update.c:384;src/game/player_update.c:542;src/game/player_update.c:669	Same enum type is already enforced by the strict C++ view; this verdict does not certify completeness of its enumerator list.
include/kf/game_player.h:222	KfPlayerState	unknown_65	u8[3]	unresolved		include/kf/game_player.h:222	unresolved bytes
include/kf/game_player.h:223	KfPlayerState	equipped_weapon_record	KfWeaponRecord *	pointer		include/kf/game_player.h:223;src/game/geometry_render.c:61;src/game/geometry_render.c:62;src/game/geometry_render.c:77;src/game/player_core.c:118;src/game/player_core.c:171;src/game/player_core.c:205;src/game/player_update.c:543;src/game/player_update.c:544;src/game/player_update.c:547;src/game/player_update.c:548	Address or pointer table; not a finite selector.
include/kf/game_player.h:224	KfPlayerState	weapon_asset_buffer	struct KfAssetHeader *	pointer		include/kf/game_player.h:224;src/game/player_core.c:121;src/game/player_core.c:124;src/game/player_core.c:223;src/game/save_system.c:622;src/game/save_system.c:633	Address or pointer table; not a finite selector.
include/kf/game_player.h:225	KfPlayerState	weapon_attack_phase	s16	numeric		include/kf/game_player.h:225;src/game/geometry_render.c:57;src/game/geometry_render.c:73;src/game/player_core.c:126;src/game/player_core.c:134;src/game/player_core.c:136;src/game/player_core.c:163;src/game/player_core.c:164;src/game/player_core.c:165;src/game/player_core.c:198;src/game/player_core.c:199;src/game/player_update.c:138;src/game/player_update.c:322;src/game/player_update.c:323;src/game/player_update.c:326;src/game/player_update.c:333;src/game/player_update.c:334;src/game/player_update.c:341;src/game/player_update.c:342;src/game/player_update.c:345	member of the player_state aggregate
include/kf/game_player.h:226	KfPlayerState	unknown_72	u8[2]	unresolved		include/kf/game_player.h:226	unresolved bytes
include/kf/game_player.h:227	KfPlayerState	weapon_animation_cache	struct KfPoolRecord *	pointer		include/kf/game_player.h:227;src/game/geometry_render.c:72;src/game/player_core.c:127;src/game/save_system.c:623;src/game/save_system.c:634	Address or pointer table; not a finite selector.
include/kf/game_player.h:228	KfPlayerState	weapon_magic_shots_remaining	u8	numeric		include/kf/game_player.h:228;src/game/player_update.c:325;src/game/player_update.c:335;src/game/player_update.c:344;src/game/player_update.c:356;src/game/player_update.c:383;src/game/player_update.c:422;src/game/player_update.c:427;src/game/player_update.c:446;src/game/player_update.c:454;src/game/player_update.c:489	decremented per emitted weapon-magic shot; final shot charges MP
include/kf/game_player.h:229	KfPlayerState	weapon_magic_delay	u8	numeric		include/kf/game_player.h:229;src/game/player_update.c:324;src/game/player_update.c:336;src/game/player_update.c:343;src/game/player_update.c:355;src/game/player_update.c:382;src/game/player_update.c:392;src/game/player_update.c:400;src/game/player_update.c:409;src/game/player_update.c:418;src/game/player_update.c:423;src/game/player_update.c:491;src/game/player_update.c:492	emission countdown; emits at 1 and reloads per-weapon spacing
include/kf/game_player.h:230	KfPlayerState	weapon_attack_fully_charged	KfWeaponAttackCharge	typed_enum		include/kf/game_player.h:230;src/game/player_core.c:140;src/game/player_core.c:142;src/game/player_update.c:318;src/game/player_update.c:319;src/game/player_update.c:368	Same enum type is already enforced by the strict C++ view; this verdict does not certify completeness of its enumerator list.
include/kf/game_player.h:231	KfPlayerState	unknown_7b	u8[1]	unresolved		include/kf/game_player.h:231	unresolved bytes
include/kf/game_player.h:232	KfPlayerState	equipped_head_armor_record	KfArmorRecord *	pointer		include/kf/game_player.h:232;src/game/player_core.c:78;src/game/player_core.c:80;src/game/player_update.c:553;src/game/player_update.c:554;src/game/player_update.c:557;src/game/player_update.c:558	Address or pointer table; not a finite selector.
include/kf/game_player.h:233	KfPlayerState	equipped_body_armor_record	KfArmorRecord *	pointer		include/kf/game_player.h:233;src/game/player_core.c:83;src/game/player_core.c:86;src/game/player_update.c:563;src/game/player_update.c:564;src/game/player_update.c:567;src/game/player_update.c:568	Address or pointer table; not a finite selector.
include/kf/game_player.h:234	KfPlayerState	equipped_shield_record	KfArmorRecord *	pointer		include/kf/game_player.h:234;src/game/player_core.c:101;src/game/player_core.c:104;src/game/player_update.c:573;src/game/player_update.c:574;src/game/player_update.c:577;src/game/player_update.c:578	Address or pointer table; not a finite selector.
include/kf/game_player.h:235	KfPlayerState	equipped_arm_armor_record	KfArmorRecord *	pointer		include/kf/game_player.h:235;src/game/player_core.c:89;src/game/player_core.c:92;src/game/player_update.c:583;src/game/player_update.c:584;src/game/player_update.c:587;src/game/player_update.c:588	Address or pointer table; not a finite selector.
include/kf/game_player.h:236	KfPlayerState	equipped_leg_armor_record	KfArmorRecord *	pointer		include/kf/game_player.h:236;src/game/player_core.c:95;src/game/player_core.c:98;src/game/player_update.c:593;src/game/player_update.c:594;src/game/player_update.c:597;src/game/player_update.c:598	Address or pointer table; not a finite selector.
include/kf/game_player.h:237	KfPlayerState	equipped_head_armor_id	KfItemId	typed_enum		include/kf/game_player.h:237;src/game/item.c:389;src/game/menu_draw_name_list.c:45;src/game/menu_draw_name_list.c:47;src/game/menu_item_drop.c:48;src/game/menu_select.c:190;src/game/player_core.c:59;src/game/player_core.c:77;src/game/player_core.c:78;src/game/player_death.c:97;src/game/player_death.c:282;src/game/player_death.c:283;src/game/player_death.c:352;src/game/player_update.c:552	Same enum type is already enforced by the strict C++ view; this verdict does not certify completeness of its enumerator list.
include/kf/game_player.h:238	KfPlayerState	equipped_body_armor_id	KfItemId	typed_enum		include/kf/game_player.h:238;src/game/item.c:390;src/game/menu_draw_name_list.c:51;src/game/menu_draw_name_list.c:53;src/game/menu_item_drop.c:49;src/game/menu_panels.c:194;src/game/menu_select.c:194;src/game/player_core.c:62;src/game/player_core.c:82;src/game/player_core.c:84;src/game/player_death.c:98;src/game/player_death.c:292;src/game/player_death.c:293;src/game/player_update.c:316;src/game/player_update.c:562	Same enum type is already enforced by the strict C++ view; this verdict does not certify completeness of its enumerator list.
include/kf/game_player.h:239	KfPlayerState	equipped_shield_id	KfItemId	typed_enum		include/kf/game_player.h:239;src/game/item.c:391;src/game/menu_draw_name_list.c:39;src/game/menu_draw_name_list.c:41;src/game/menu_item_drop.c:50;src/game/menu_select.c:186;src/game/player_core.c:71;src/game/player_core.c:100;src/game/player_core.c:102;src/game/player_death.c:101;src/game/player_death.c:322;src/game/player_death.c:323;src/game/player_update.c:572	Same enum type is already enforced by the strict C++ view; this verdict does not certify completeness of its enumerator list.
include/kf/game_player.h:240	KfPlayerState	equipped_arm_armor_id	KfItemId	typed_enum		include/kf/game_player.h:240;src/game/item.c:392;src/game/menu_draw_name_list.c:57;src/game/menu_draw_name_list.c:59;src/game/menu_item_drop.c:51;src/game/menu_select.c:197;src/game/menu_select.c:204;src/game/player_core.c:65;src/game/player_core.c:88;src/game/player_core.c:90;src/game/player_death.c:99;src/game/player_death.c:302;src/game/player_death.c:303;src/game/player_update.c:582	Same enum type is already enforced by the strict C++ view; this verdict does not certify completeness of its enumerator list.
include/kf/game_player.h:241	KfPlayerState	equipped_leg_armor_id	KfItemId	typed_enum		include/kf/game_player.h:241;src/game/item.c:393;src/game/menu_draw_name_list.c:63;src/game/menu_draw_name_list.c:65;src/game/menu_item_drop.c:52;src/game/menu_select.c:198;src/game/menu_select.c:208;src/game/player_core.c:68;src/game/player_core.c:94;src/game/player_core.c:96;src/game/player_core.c:520;src/game/player_death.c:100;src/game/player_death.c:312;src/game/player_death.c:313;src/game/player_update.c:592	Same enum type is already enforced by the strict C++ view; this verdict does not certify completeness of its enumerator list.
include/kf/game_player.h:242	KfPlayerState	equipped_accessory_id	KfItemId	typed_enum		include/kf/game_player.h:242;src/game/item.c:394;src/game/menu_draw_name_list.c:69;src/game/menu_draw_name_list.c:71;src/game/menu_item_drop.c:53;src/game/menu_select.c:212;src/game/player_core.c:74;src/game/player_death.c:102;src/game/player_death.c:332;src/game/player_death.c:511;src/game/player_update.c:357	Same enum type is already enforced by the strict C++ view; this verdict does not certify completeness of its enumerator list.
include/kf/game_player.h:243	KfPlayerState	audio_effects_enabled	KfEnumStorage<KfPlayerOption, u8>	typed_enum		include/kf/game_player.h:243;src/game/audio.c:273;src/game/menu_config_panel.c:49;src/game/menu_config_panel.c:114;src/game/player_core.c:226	Same enum type is already enforced by the strict C++ view; this verdict does not certify completeness of its enumerator list.
include/kf/game_player.h:244	KfPlayerState	audio_music_enabled	KfEnumStorage<KfPlayerOption, u8>	typed_enum		include/kf/game_player.h:244;src/game/audio.c:70;src/game/menu_config_panel.c:50;src/game/menu_config_panel.c:115;src/game/menu_config_panel.c:118;src/game/menu_config_panel.c:119;src/game/player_core.c:227	Same enum type is already enforced by the strict C++ view; this verdict does not certify completeness of its enumerator list.
include/kf/game_player.h:245	KfPlayerState	hud_gauges_enabled	KfEnumStorage<KfPlayerOption, u8>	typed_enum		include/kf/game_player.h:245;src/game/menu_config_panel.c:51;src/game/menu_config_panel.c:116;src/game/player_core.c:228;src/game/render_frame.c:63	Same enum type is already enforced by the strict C++ view; this verdict does not certify completeness of its enumerator list.
include/kf/game_player.h:246	KfPlayerState	compass_enabled	KfEnumStorage<KfPlayerOption, u8>	typed_enum		include/kf/game_player.h:246;src/game/menu_config_panel.c:52;src/game/menu_config_panel.c:117;src/game/player_core.c:229;src/game/render_frame.c:103;src/game/render_frame.c:105	Same enum type is already enforced by the strict C++ view; this verdict does not certify completeness of its enumerator list.
include/kf/game_player.h:247	KfPlayerState	view_rotation_offset	SVECTOR	aggregate		include/kf/game_player.h:247;src/game/player_core.c:610;src/game/player_core.c:611;src/game/player_core.c:612;src/game/player_death.c:192;src/game/player_death.c:193;src/game/player_death.c:194;src/game/player_update.c:532;src/game/player_update.c:537	Nested record/union or record array; project-owned child fields are separately listed. SDK children retain their SDK declarations.
include/kf/game_player.h:248	KfPlayerState	update_state	KfPlayerUpdateState	typed_enum		include/kf/game_player.h:248;src/game/player_core.c:225;src/game/player_core.c:518;src/game/player_death.c:52;src/game/player_death.c:188;src/game/player_death.c:561;src/game/player_death.c:562;src/game/player_death_fade.c:87;src/game/player_update.c:121;src/game/player_update.c:125;src/game/player_update.c:528;src/game/player_update.c:529;src/game/player_update.c:530;src/game/player_update.c:531;src/game/player_update.c:537;src/game/player_update.c:539;src/game/player_update.c:606	Same enum type is already enforced by the strict C++ view; this verdict does not certify completeness of its enumerator list.
include/kf/game_player.h:249	KfPlayerState	unknown_a3	u8	unresolved		include/kf/game_player.h:249	unresolved bytes
include/kf/game_player.h:250	KfPlayerState	camera_position	VECTOR	aggregate		include/kf/game_player.h:250;src/game/camera_path.c:49;src/game/collision.c:102;src/game/effect_dispatch.c:499;src/game/effect_dispatch.c:500;src/game/effect_dispatch.c:503;src/game/effect_dispatch.c:754;src/game/effect_dispatch.c:755;src/game/effect_update.c:156;src/game/effect_update.c:157;src/game/effect_update.c:158;src/game/magic.c:78;src/game/magic.c:79;src/game/magic.c:80;src/game/magic.c:82;src/game/magic.c:141;src/game/magic.c:153;src/game/magic.c:155;src/game/map_scripts.c:322;src/game/map_scripts.c:324;src/game/map_scripts.c:325;src/game/player_core.c:177;src/game/player_core.c:178;src/game/player_core.c:179;src/game/player_core.c:220;src/game/player_core.c:221;src/game/player_core.c:222;src/game/player_core.c:245;src/game/player_core.c:246;src/game/player_core.c:259;src/game/player_core.c:280;src/game/player_core.c:281;src/game/player_core.c:304;src/game/player_core.c:308;src/game/player_core.c:364;src/game/player_core.c:365;src/game/player_core.c:374;src/game/player_core.c:375;src/game/player_core.c:387;src/game/player_core.c:389;src/game/player_core.c:398;src/game/player_core.c:405;src/game/player_core.c:411;src/game/player_core.c:412;src/game/player_core.c:416;src/game/player_core.c:417;src/game/player_core.c:422;src/game/player_core.c:423;src/game/player_core.c:428;src/game/player_core.c:429;src/game/player_core.c:434;src/game/player_core.c:435;src/game/player_core.c:438;src/game/player_core.c:439;src/game/player_core.c:482;src/game/player_core.c:484;src/game/player_core.c:487;src/game/player_core.c:488;src/game/player_core.c:570;src/game/player_core.c:580;src/game/player_core.c:581;src/game/player_core.c:588;src/game/player_core.c:589;src/game/player_core.c:590;src/game/player_core.c:591;src/game/player_core.c:608;src/game/player_death.c:164;src/game/player_death.c:167;src/game/player_death.c:170;src/game/player_death.c:171;src/game/player_death.c:197;src/game/player_death_fade.c:59;src/game/player_update.c:158;src/game/player_update.c:438;src/game/player_update.c:439;src/game/player_update.c:440;src/game/player_update.c:444;src/game/player_update.c:458;src/game/player_use_item.c:71;src/game/player_use_item.c:72;src/game/player_use_item.c:185;src/game/player_use_item.c:195;src/game/player_warp.c:75;src/game/player_warp.c:77;src/game/player_warp.c:98;src/game/player_warp.c:116;src/game/player_warp.c:117;src/game/player_warp.c:127;src/game/player_warp.c:128;src/game/player_warp.c:129;src/game/player_warp.c:130;src/game/player_warp.c:131;src/game/player_warp.c:132;src/game/player_warp.c:144;src/game/player_warp.c:145;src/game/player_warp.c:160;src/game/player_warp.c:161;src/game/player_warp.c:162;src/game/player_warp.c:163;src/game/player_warp_shimmer_at_player.c:9;src/game/player_warp_shimmer_at_player.c:10	Nested record/union or record array; project-owned child fields are separately listed. SDK children retain their SDK declarations.
include/kf/game_player.h:251	KfPlayerState	floor_height	s32	numeric		include/kf/game_player.h:251;src/game/player_core.c:258;src/game/player_core.c:318;src/game/player_core.c:367;src/game/player_core.c:396;src/game/player_core.c:403;src/game/player_core.c:519;src/game/player_core.c:535;src/game/player_core.c:537;src/game/player_core.c:538;src/game/player_core.c:544;src/game/player_core.c:546;src/game/player_core.c:547;src/game/player_core.c:552;src/game/player_core.c:561;src/game/player_core.c:570;src/game/player_core.c:582;src/game/player_core.c:601;src/game/player_death.c:197;src/game/player_death_fade.c:58;src/game/player_warp.c:118;src/game/player_warp.c:134;src/game/player_warp.c:146;src/game/player_warp.c:165;src/game/player_warp_shimmer_at_player.c:11	member of the player_state aggregate
include/kf/game_player.h:252	KfPlayerState	camera_rotation	SVECTOR	aggregate		include/kf/game_player.h:252;src/game/camera_path.c:50;src/game/collision.c:103;src/game/effect_pool.c:405;src/game/magic.c:73;src/game/magic.c:74;src/game/magic.c:75;src/game/magic.c:83;src/game/magic.c:93;src/game/magic.c:110;src/game/magic.c:116;src/game/magic.c:117;src/game/magic.c:123;src/game/magic.c:124;src/game/magic.c:125;src/game/magic.c:142;src/game/magic.c:147;src/game/magic.c:154;src/game/magic.c:156;src/game/magic.c:162;src/game/map_scripts.c:195;src/game/map_scripts.c:196;src/game/map_scripts.c:323;src/game/player_core.c:173;src/game/player_core.c:217;src/game/player_core.c:218;src/game/player_core.c:219;src/game/player_core.c:609;src/game/player_death.c:168;src/game/player_death.c:172;src/game/player_death.c:177;src/game/player_death.c:178;src/game/player_death_fade.c:42;src/game/player_death_fade.c:46;src/game/player_death_fade.c:53;src/game/player_death_fade.c:54;src/game/player_update.c:158;src/game/player_update.c:245;src/game/player_update.c:248;src/game/player_update.c:252;src/game/player_update.c:255;src/game/player_update.c:279;src/game/player_update.c:280;src/game/player_update.c:303;src/game/player_update.c:304;src/game/player_update.c:305;src/game/player_update.c:308;src/game/player_update.c:309;src/game/player_update.c:310;src/game/player_update.c:433;src/game/player_update.c:434;src/game/player_update.c:435;src/game/player_update.c:441;src/game/player_update.c:442;src/game/player_update.c:443;src/game/player_update.c:448;src/game/player_update.c:459;src/game/player_update.c:473;src/game/player_update.c:476;src/game/player_update.c:477;src/game/player_update.c:478;src/game/player_use_item.c:71;src/game/player_use_item.c:72;src/game/player_use_item.c:100;src/game/player_use_item.c:186;src/game/player_use_item.c:196;src/game/player_warp.c:75;src/game/player_warp.c:77;src/game/player_warp.c:98	Nested record/union or record array; project-owned child fields are separately listed. SDK children retain their SDK declarations.
include/kf/game_player.h:253	KfPlayerState	motion_state	KfPlayerMotionState	aggregate		include/kf/game_player.h:253;src/game/game.c:74;src/game/game.c:77;src/game/game.c:85;src/game/game.c:86;src/game/map_scripts.c:108;src/game/map_scripts.c:109;src/game/map_scripts.c:114;src/game/map_scripts.c:115;src/game/map_scripts.c:135;src/game/map_scripts.c:136;src/game/map_scripts.c:141;src/game/map_scripts.c:142;src/game/map_scripts.c:170;src/game/map_scripts.c:171;src/game/map_scripts.c:193;src/game/map_scripts.c:194;src/game/map_scripts.c:311;src/game/map_scripts.c:324;src/game/map_scripts.c:325;src/game/map_scripts.c:326;src/game/menu_map_viewer.c:88;src/game/menu_map_viewer.c:89;src/game/menu_map_viewer.c:90;src/game/menu_map_viewer.c:91;src/game/menu_map_viewer.c:92;src/game/menu_map_viewer.c:93;src/game/menu_map_viewer.c:94;src/game/menu_map_viewer.c:95;src/game/player_core.c:235;src/game/player_core.c:236;src/game/player_core.c:237;src/game/player_core.c:238;src/game/player_core.c:239;src/game/player_core.c:252;src/game/player_core.c:253;src/game/player_core.c:254;src/game/player_core.c:261;src/game/player_core.c:344;src/game/player_core.c:345;src/game/player_core.c:395;src/game/player_core.c:396;src/game/player_core.c:399;src/game/player_core.c:402;src/game/player_core.c:403;src/game/player_core.c:406;src/game/player_core.c:410;src/game/player_core.c:438;src/game/player_core.c:439;src/game/player_core.c:448;src/game/player_core.c:489;src/game/player_core.c:490;src/game/player_core.c:504;src/game/player_core.c:517;src/game/player_core.c:521;src/game/player_core.c:527;src/game/player_core.c:554;src/game/player_death.c:195;src/game/player_death.c:196;src/game/player_update.c:129;src/game/player_update.c:147;src/game/player_update.c:148;src/game/player_update.c:168;src/game/player_update.c:171;src/game/player_update.c:173;src/game/player_update.c:176;src/game/player_update.c:179;src/game/player_update.c:181;src/game/player_update.c:183;src/game/player_update.c:184;src/game/player_update.c:186;src/game/player_update.c:187;src/game/player_update.c:189;src/game/player_update.c:190;src/game/player_update.c:192;src/game/player_update.c:193;src/game/player_update.c:197;src/game/player_update.c:200;src/game/player_update.c:202;src/game/player_update.c:205;src/game/player_update.c:208;src/game/player_update.c:210;src/game/player_update.c:212;src/game/player_update.c:213;src/game/player_update.c:215;src/game/player_update.c:216;src/game/player_update.c:218;src/game/player_update.c:219;src/game/player_update.c:221;src/game/player_update.c:222;src/game/player_update.c:225;src/game/player_update.c:227;src/game/player_update.c:235;src/game/player_update.c:239;src/game/player_update.c:243;src/game/player_update.c:259;src/game/player_update.c:260;src/game/player_update.c:261;src/game/player_update.c:264;src/game/player_update.c:265;src/game/player_update.c:266;src/game/player_update.c:268;src/game/player_update.c:269;src/game/player_update.c:270;src/game/player_update.c:271;src/game/player_update.c:273;src/game/player_update.c:274;src/game/player_update.c:275;src/game/player_update.c:276;src/game/player_update.c:280;src/game/player_update.c:282;src/game/player_update.c:283;src/game/player_update.c:284;src/game/player_update.c:287;src/game/player_update.c:288;src/game/player_update.c:289;src/game/player_update.c:291;src/game/player_update.c:292;src/game/player_update.c:293;src/game/player_update.c:294;src/game/player_update.c:296;src/game/player_update.c:297;src/game/player_update.c:298;src/game/player_update.c:299;src/game/player_update.c:302;src/game/player_update.c:303;src/game/player_update.c:307;src/game/player_update.c:308;src/game/player_update.c:498;src/game/player_update.c:603;src/game/player_warp.c:148;src/game/player_warp.c:149;src/game/player_warp.c:182;src/game/player_warp.c:199;src/game/player_warp.c:209;src/game/player_warp.c:223;src/game/player_warp.c:240	Nested record/union or record array; project-owned child fields are separately listed. SDK children retain their SDK declarations.
include/kf/game_player.h:254	KfPlayerState	previous_map_cell	KfMapCell	aggregate		include/kf/game_player.h:254;src/game/game.c:76;src/game/game.c:85;src/game/game.c:86;src/game/game.c:89;src/game/game.c:90;src/game/player_core.c:586;src/game/player_core.c:587;src/game/player_core.c:588;src/game/player_core.c:590;src/game/player_death.c:195;src/game/player_death.c:196;src/game/player_update.c:147;src/game/player_update.c:148	Nested record/union or record array; project-owned child fields are separately listed. SDK children retain their SDK declarations.
include/kf/game_player.h:255	KfPlayerState	unknown_ce	u8[6]	unresolved		include/kf/game_player.h:255	unresolved bytes
include/kf/game_player.h:256	KfPlayerState	view_bob_offset	s16	numeric		include/kf/game_player.h:256;src/game/player_core.c:257;src/game/player_core.c:507;src/game/player_core.c:569;src/game/player_death.c:85;src/game/player_death.c:187;src/game/player_death_fade.c:35;src/game/player_death_fade.c:57	member of the player_state aggregate
include/kf/game_player.h:257	KfPlayerState	view_bob_phase	u16	numeric		include/kf/game_player.h:257;src/game/player_core.c:503;src/game/player_core.c:506;src/game/player_death.c:86	member of the player_state aggregate
include/kf/game_player.h:258	KfPlayerState	death_camera_pitch_step	u16	numeric		include/kf/game_player.h:258;src/game/player_death.c:53;src/game/player_death.c:189;src/game/player_death_fade.c:42;src/game/player_death_fade.c:44;src/game/player_death_fade.c:47;src/game/player_death_fade.c:48;src/game/player_death_fade.c:50;src/game/player_death_fade.c:55	member of the player_state aggregate
include/kf/game_player.h:259	KfPlayerState	death_visual_blend	s16	numeric		include/kf/game_player.h:259;src/game/player_death.c:54;src/game/player_death.c:190;src/game/player_death_fade.c:61;src/game/player_death_fade.c:62;src/game/player_death_fade.c:76	member of the player_state aggregate
include/kf/game_player.h:260	KfPlayerState	vertical_velocity	s16	numeric		include/kf/game_player.h:260;src/game/player_core.c:264;src/game/player_core.c:535;src/game/player_core.c:536;src/game/player_core.c:544;src/game/player_core.c:545;src/game/player_core.c:555;src/game/player_core.c:557;src/game/player_core.c:563;src/game/player_death.c:88	member of the player_state aggregate
include/kf/game_player.h:261	KfPlayerState	vertical_state	KfPlayerVerticalState	typed_enum		include/kf/game_player.h:261;src/game/player_core.c:263;src/game/player_core.c:502;src/game/player_core.c:532;src/game/player_core.c:539;src/game/player_core.c:548;src/game/player_core.c:553;src/game/player_core.c:562;src/game/player_death.c:87	Same enum type is already enforced by the strict C++ view; this verdict does not certify completeness of its enumerator list.
include/kf/game_player.h:262	KfPlayerState	unknown_df	u8[1]	unresolved		include/kf/game_player.h:262	unresolved bytes
include/kf/game_player.h:283	KfFloorEntryCell	x	u8	numeric		include/kf/game_player.h:283;src/game/player_core.c:586	copied into previous_map_cell.x
include/kf/game_player.h:284	KfFloorEntryCell	z	u8	numeric		include/kf/game_player.h:284;src/game/player_core.c:587	copied into previous_map_cell.z
include/kf/game_render.h:96	KfHudSprite	state	KfHudSpriteState	typed_enum		include/kf/game_render.h:96;src/game/geometry_render.c:139;src/game/geometry_render.c:143;src/game/geometry_render.c:147;src/game/render_frame.c:59;src/game/render_frame.c:60;src/game/render_frame.c:61;src/game/render_frame.c:62;src/game/render_frame.c:65;src/game/render_frame.c:66;src/game/render_frame.c:67;src/game/render_frame.c:68;src/game/render_frame.c:69;src/game/render_frame.c:70;src/game/render_frame.c:71;src/game/render_frame.c:72;src/game/render_frame.c:83;src/game/render_frame.c:85;src/game/render_frame.c:87;src/game/render_frame.c:89;src/game/render_frame.c:92;src/game/render_frame.c:93;src/game/render_frame.c:94;src/game/render_frame.c:95;src/game/render_frame.c:96;src/game/render_frame.c:97;src/game/render_frame.c:98;src/game/render_frame.c:99;src/game/render_frame.c:103	Same enum type is already enforced by the strict C++ view; this verdict does not certify completeness of its enumerator list.
include/kf/game_render.h:97	KfHudSprite	unknown_01	u8	unresolved		include/kf/game_render.h:97	unread byte before the sprite descriptor
include/kf/game_render.h:98	KfHudSprite	sprite	KfSpriteQuad	aggregate		include/kf/game_render.h:98;src/game/geometry_render.c:144;src/game/render_frame.c:73;src/game/render_frame.c:76;src/game/render_frame.c:79;src/game/render_frame.c:80	Nested record/union or record array; project-owned child fields are separately listed. SDK children retain their SDK declarations.
include/kf/game_render.h:103	KfEffectSprite	state	KfEffectSpriteState	typed_enum		include/kf/game_render.h:103;src/game/geometry_render.c:103;src/game/render_frame.c:105	Same enum type is already enforced by the strict C++ view; this verdict does not certify completeness of its enumerator list.
include/kf/game_render.h:104	KfEffectSprite	animation_clip	KfAnimationClip	typed_enum		include/kf/game_render.h:104;src/game/geometry_render.c:118	Same enum type is already enforced by the strict C++ view; this verdict does not certify completeness of its enumerator list.
include/kf/game_render.h:105	KfEffectSprite	asset_variant	u16	numeric		include/kf/game_render.h:105;src/game/geometry_render.c:118	Despite its name, passed as binder argument four (u16 phase); it is animation interpolation phase, not an asset selector.
include/kf/game_render.h:106	KfEffectSprite	scale	u16	numeric		include/kf/game_render.h:106;src/game/geometry_render.c:108	uniform X/Y fixed-point scale numerator
include/kf/game_render.h:107	KfEffectSprite	translation_x	s16	numeric		include/kf/game_render.h:107;src/game/geometry_render.c:104	model translation X
include/kf/game_render.h:108	KfEffectSprite	translation_y	s16	numeric		include/kf/game_render.h:108;src/game/geometry_render.c:105	model translation Y
include/kf/game_render.h:109	KfEffectSprite	translation_z	s16	numeric		include/kf/game_render.h:109;src/game/geometry_render.c:106	model translation Z
include/kf/game_render.h:110	KfEffectSprite	unknown_0c	u8[2]	unresolved		include/kf/game_render.h:110	unread bytes before the rotation vector
include/kf/game_render.h:111	KfEffectSprite	rotation	SVECTOR	aggregate		include/kf/game_render.h:111;src/game/geometry_render.c:107;src/game/render_frame.c:107	Nested record/union or record array; project-owned child fields are separately listed. SDK children retain their SDK declarations.
include/kf/game_render.h:112	KfEffectSprite	unknown_16	u8[2]	unresolved		include/kf/game_render.h:112	unread bytes before animation_cache
include/kf/game_render.h:113	KfEffectSprite	animation_cache	KfPoolRecord *	pointer		include/kf/game_render.h:113;src/game/geometry_render.c:117	Address or pointer table; not a finite selector.
include/kf/game_render.h:118	KfDisplayState	buffer_index	KfDisplayBuffer	typed_enum		include/kf/game_render.h:118;src/game/menu_config_panel.c:164;src/game/menu_config_panel.c:166;src/game/menu_config_panel.c:168;src/game/menu_config_panel.c:170;src/game/menu_item_detail.c:141;src/game/menu_item_detail.c:149;src/game/menu_item_detail.c:171;src/game/menu_item_detail.c:173;src/game/menu_item_detail.c:177;src/game/menu_item_detail.c:179;src/game/menu_item_detail.c:183;src/game/menu_item_detail.c:185;src/game/menu_item_detail.c:189;src/game/menu_item_detail.c:191;src/game/menu_item_detail.c:193;src/game/menu_map_viewer.c:101;src/game/menu_map_viewer.c:103;src/game/menu_map_viewer.c:105;src/game/menu_map_viewer.c:107;src/game/menu_map_viewer.c:109;src/game/menu_map_viewer.c:111;src/game/menu_runtime.c:221;src/game/menu_runtime.c:224;src/game/menu_runtime.c:227;src/game/menu_runtime.c:230;src/game/menu_runtime.c:508;src/game/menu_runtime.c:511;src/game/menu_runtime.c:514;src/game/menu_runtime.c:517;src/game/menu_runtime.c:528;src/game/menu_runtime.c:530;src/game/menu_runtime.c:532;src/game/menu_runtime.c:544;src/game/menu_runtime.c:545;src/game/notify_queue.c:205;src/game/render.c:107;src/game/render.c:195;src/game/render.c:269;src/game/render.c:270;src/game/render.c:272;src/game/render.c:285;src/game/render.c:286;src/game/save_system.c:816	Same enum type is already enforced by the strict C++ view; this verdict does not certify completeness of its enumerator list.
include/kf/game_render.h:119	KfDisplayState	unknown_01	u8[3]	unresolved		include/kf/game_render.h:119	member of the display_state aggregate
include/kf/game_render.h:120	KfDisplayState	asset_load_buffer	void *	pointer		include/kf/game_render.h:120;src/game/display_play_transition.c:43;src/game/display_play_transition.c:46;src/game/render.c:98;src/game/render.c:105;src/game/render.c:197;src/game/save_system.c:812;src/game/save_system.c:815	Address or pointer table; not a finite selector.
include/kf/game_render.h:121	KfDisplayState	primitive_buffers	KfPrimitiveBuffer[2]	aggregate		include/kf/game_render.h:121;src/game/menu_runtime.c:530;src/game/render.c:198;src/game/render.c:200;src/game/render.c:201;src/game/render.c:203;src/game/render.c:270	Nested record/union or record array; project-owned child fields are separately listed. SDK children retain their SDK declarations.
include/kf/game_render.h:122	KfDisplayState	primitive_buffer	KfPrimitiveBuffer *	pointer		include/kf/game_render.h:122;src/game/menu_config_panel.c:142;src/game/menu_draw_name_list.c:23;src/game/menu_draw_stats_header.c:21;src/game/menu_draw_status_details.c:35;src/game/menu_draw_window.c:21;src/game/menu_item_detail.c:77;src/game/menu_item_detail.c:167;src/game/menu_item_model_preview.c:55;src/game/menu_list_render.c:35;src/game/menu_map_viewer.c:44;src/game/menu_runtime.c:57;src/game/menu_runtime.c:123;src/game/menu_runtime.c:529;src/game/menu_runtime.c:534;src/game/menu_runtime.c:535;src/game/menu_runtime.c:565;src/game/menu_runtime.c:652;src/game/render.c:270;src/game/render.c:274;src/game/render_enqueuers.c:49;src/game/render_enqueuers.c:51;src/game/render_enqueuers.c:52;src/game/render_enqueuers.c:85;src/game/render_enqueuers.c:88;src/game/render_enqueuers.c:89;src/game/render_enqueuers.c:117;src/game/render_enqueuers.c:119;src/game/render_enqueuers.c:120;src/game/render_enqueuers.c:148;src/game/render_enqueuers.c:151;src/game/render_enqueuers.c:152;src/game/render_enqueuers.c:183;src/game/render_enqueuers.c:185;src/game/render_enqueuers.c:186;src/game/render_enqueuers.c:220;src/game/render_enqueuers.c:223;src/game/render_enqueuers.c:224;src/game/render_enqueuers.c:262;src/game/render_enqueuers.c:264;src/game/render_enqueuers.c:265;src/game/render_enqueuers.c:294;src/game/render_enqueuers.c:297;src/game/render_enqueuers.c:298;src/game/render_enqueuers.c:333;src/game/render_enqueuers.c:335;src/game/render_enqueuers.c:336;src/game/render_enqueuers.c:363;src/game/render_enqueuers.c:366;src/game/render_enqueuers.c:367;src/game/render_enqueuers.c:398;src/game/render_enqueuers.c:400;src/game/render_enqueuers.c:401;src/game/render_enqueuers.c:429;src/game/render_enqueuers.c:432;src/game/render_enqueuers.c:433;src/game/render_enqueuers.c:504;src/game/render_enqueuers.c:506;src/game/render_enqueuers.c:507;src/game/render_enqueuers.c:539;src/game/render_enqueuers.c:542;src/game/render_enqueuers.c:543;src/game/render_enqueuers.c:579;src/game/render_enqueuers.c:581;src/game/render_enqueuers.c:582;src/game/render_enqueuers.c:613;src/game/render_enqueuers.c:616;src/game/render_enqueuers.c:617;src/game/render_enqueuers.c:704;src/game/render_enqueuers.c:706;src/game/render_enqueuers.c:707;src/game/render_enqueuers.c:708;src/game/render_enqueuers.c:748;src/game/render_enqueuers.c:750;src/game/render_enqueuers.c:751;src/game/render_enqueuers.c:752;src/game/render_enqueuers.c:819;src/game/render_enqueuers.c:820;src/game/render_enqueuers.c:821;src/game/render_sprite.c:15;src/game/render_sprite.c:16;src/game/render_sprite.c:17;src/game/save_system.c:753;src/game/sprite_add_ft4.c:9;src/game/sprite_add_ft4.c:11	Address or pointer table; not a finite selector.
include/kf/game_render.h:123	KfDisplayState	ordering_tables	KfOrderingTable[2]	aggregate		include/kf/game_render.h:123;src/game/menu_runtime.c:532;src/game/render.c:111;src/game/render.c:272;src/game/save_system.c:820	Nested record/union or record array; project-owned child fields are separately listed. SDK children retain their SDK declarations.
include/kf/game_render.h:124	KfDisplayState	ordering_table	u32 *	pointer		include/kf/game_render.h:124;src/game/menu_config_panel.c:163;src/game/menu_config_panel.c:165;src/game/menu_config_panel.c:167;src/game/menu_config_panel.c:169;src/game/menu_item_detail.c:140;src/game/menu_item_detail.c:148;src/game/menu_item_detail.c:170;src/game/menu_item_detail.c:172;src/game/menu_item_detail.c:176;src/game/menu_item_detail.c:178;src/game/menu_item_detail.c:182;src/game/menu_item_detail.c:184;src/game/menu_item_detail.c:188;src/game/menu_item_detail.c:190;src/game/menu_item_detail.c:192;src/game/menu_map_viewer.c:100;src/game/menu_map_viewer.c:102;src/game/menu_map_viewer.c:104;src/game/menu_map_viewer.c:106;src/game/menu_map_viewer.c:108;src/game/menu_map_viewer.c:110;src/game/menu_runtime.c:220;src/game/menu_runtime.c:223;src/game/menu_runtime.c:226;src/game/menu_runtime.c:229;src/game/menu_runtime.c:507;src/game/menu_runtime.c:510;src/game/menu_runtime.c:513;src/game/menu_runtime.c:516;src/game/menu_runtime.c:531;src/game/menu_runtime.c:533;src/game/menu_runtime.c:546;src/game/menu_runtime.c:562;src/game/render.c:111;src/game/render.c:113;src/game/render.c:114;src/game/render.c:116;src/game/render.c:271;src/game/render.c:273;src/game/render.c:287;src/game/render_enqueuers.c:72;src/game/render_enqueuers.c:104;src/game/render_enqueuers.c:135;src/game/render_enqueuers.c:170;src/game/render_enqueuers.c:207;src/game/render_enqueuers.c:249;src/game/render_enqueuers.c:281;src/game/render_enqueuers.c:320;src/game/render_enqueuers.c:350;src/game/render_enqueuers.c:385;src/game/render_enqueuers.c:416;src/game/render_enqueuers.c:449;src/game/render_enqueuers.c:526;src/game/render_enqueuers.c:566;src/game/render_enqueuers.c:600;src/game/render_enqueuers.c:637;src/game/render_enqueuers.c:731;src/game/render_enqueuers.c:772;src/game/render_enqueuers.c:844;src/game/render_sprite.c:34;src/game/save_system.c:820;src/game/save_system.c:828;src/game/save_system.c:829;src/game/save_system.c:831;src/game/sprite_add_ft4.c:35	Address or pointer table; not a finite selector.
include/kf/game_render.h:129	KfTmdState	slots	KfTmdHeader *[8]	pointer		include/kf/game_render.h:129;src/game/render.c:293;src/game/render.c:458	Address or pointer table; not a finite selector.
include/kf/game_render.h:130	KfTmdState	current_asset	KfTmdHeader *	pointer		include/kf/game_render.h:130;src/game/asset_registry.c:39;src/game/render.c:293;src/game/render.c:299;src/game/render.c:312;src/game/render.c:353;src/game/render.c:355;src/game/render.c:361;src/game/render.c:458;src/game/render_enqueuers.c:34;src/game/render_enqueuers.c:35;src/game/render_enqueuers.c:488;src/game/render_enqueuers.c:489;src/game/render_enqueuers.c:686;src/game/render_enqueuers.c:688	Address or pointer table; not a finite selector.
include/kf/game_render.h:135	KfRenderState	view_matrix	MATRIX	aggregate		include/kf/game_render.h:135;src/game/entity_model_render.c:33;src/game/entity_model_render.c:34;src/game/entity_model_render.c:43;src/game/entity_model_render.c:82;src/game/entity_model_render.c:83;src/game/entity_model_render.c:92;src/game/entity_render.c:73;src/game/entity_render.c:74;src/game/entity_render.c:84;src/game/entity_render.c:123;src/game/entity_render.c:124;src/game/entity_render.c:140;src/game/map_event_render.c:29;src/game/map_event_render.c:30;src/game/map_event_render.c:36;src/game/render.c:330;src/game/render_map_cells.c:95;src/game/render_map_cells.c:96;src/game/render_map_cells.c:98	Nested record/union or record array; project-owned child fields are separately listed. SDK children retain their SDK declarations.
include/kf/game_render.h:136	KfRenderState	pitch_matrix	MATRIX	aggregate		include/kf/game_render.h:136;src/game/entity_render.c:88;src/game/entity_render.c:135;src/game/render.c:334	Nested record/union or record array; project-owned child fields are separately listed. SDK children retain their SDK declarations.
include/kf/game_render.h:137	KfRenderState	light_matrix	MATRIX	aggregate		include/kf/game_render.h:137;src/game/entity_model_render.c:91;src/game/render.c:215;src/game/render.c:216;src/game/render.c:217;src/game/render.c:218;src/game/render.c:219;src/game/render.c:220;src/game/render.c:221;src/game/render.c:222;src/game/render.c:223;src/game/render.c:224;src/game/render.c:226;src/game/render.c:230;src/game/render.c:234;src/game/render.c:238	Nested record/union or record array; project-owned child fields are separately listed. SDK children retain their SDK declarations.
include/kf/game_render.h:138	KfRenderState	light_matrix_copy	MATRIX	aggregate		include/kf/game_render.h:138;src/game/map_scripts.c:230;src/game/map_scripts.c:239;src/game/map_scripts.c:255;src/game/render.c:224;src/game/render_scene.c:140	Nested record/union or record array; project-owned child fields are separately listed. SDK children retain their SDK declarations.
include/kf/game_render.h:139	KfRenderState	effect_color_matrix	MATRIX	aggregate		include/kf/game_render.h:139;src/game/geometry_render.c:100;src/game/map_load.c:223;src/game/player_death_fade.c:26;src/game/player_death_fade.c:81	Nested record/union or record array; project-owned child fields are separately listed. SDK children retain their SDK declarations.
include/kf/game_render.h:140	KfRenderState	fog_near_distance	s32	numeric		include/kf/game_render.h:140;src/game/lighting_presets.c:18;src/game/matrix.c:62;src/game/matrix.c:69;src/game/player_death.c:57;src/game/render.c:182	member of the render_state aggregate
include/kf/game_render.h:141	KfRenderState	view_position	VECTOR	aggregate		include/kf/game_render.h:141;src/game/entity_model_render.c:35;src/game/entity_model_render.c:36;src/game/entity_model_render.c:37;src/game/entity_model_render.c:84;src/game/entity_model_render.c:85;src/game/entity_model_render.c:86;src/game/entity_render.c:75;src/game/entity_render.c:76;src/game/entity_render.c:77;src/game/entity_render.c:125;src/game/entity_render.c:126;src/game/entity_render.c:127;src/game/map_event_render.c:31;src/game/map_event_render.c:32;src/game/map_event_render.c:33;src/game/render.c:323;src/game/render.c:324;src/game/render.c:325;src/game/render_map_cells.c:81	Nested record/union or record array; project-owned child fields are separately listed. SDK children retain their SDK declarations.
include/kf/game_render.h:142	KfRenderState	view_rotation	SVECTOR	aggregate		include/kf/game_render.h:142;src/game/render.c:328;src/game/render.c:330;src/game/render.c:333;src/game/render_frame.c:107;src/game/render_map_cells.c:127;src/game/render_map_cells.c:133	Nested record/union or record array; project-owned child fields are separately listed. SDK children retain their SDK declarations.
include/kf/game_render.h:143	KfRenderState	view_cell	struct KfVecXZs	aggregate		include/kf/game_render.h:143;src/game/render.c:324;src/game/render.c:325;src/game/render_map_cells.c:136;src/game/render_map_cells.c:137;src/game/render_scene.c:19;src/game/render_scene.c:20;src/game/render_scene.c:75;src/game/render_scene.c:80	Nested record/union or record array; project-owned child fields are separately listed. SDK children retain their SDK declarations.
include/kf/game_render.h:144	KfRenderState	quadrant_matrices	MATRIX[4]	aggregate		include/kf/game_render.h:144;src/game/render.c:208;src/game/render.c:210;src/game/render.c:212;src/game/render.c:214;src/game/render.c:227;src/game/render.c:231;src/game/render.c:235;src/game/render.c:239;src/game/render_map_cells.c:99	Nested record/union or record array; project-owned child fields are separately listed. SDK children retain their SDK declarations.
include/kf/game_save.h:94	KfPsxSaveHeader	magic	u8[2]	encoded_content		include/kf/game_save.h:94;src/game/save_system.c:665;src/game/save_system.c:666	Glyph, text, image or signature content; not a game selector.
include/kf/game_save.h:95	KfPsxSaveHeader	icon_type	KfSaveIconType	typed_enum		include/kf/game_save.h:95;src/game/save_system.c:667	Same enum type is already enforced by the strict C++ view; this verdict does not certify completeness of its enumerator list.
include/kf/game_save.h:96	KfPsxSaveHeader	block_count	u8	numeric		include/kf/game_save.h:96;src/game/save_system.c:668	five allocated memory-card blocks
include/kf/game_save.h:97	KfPsxSaveHeader	title	u8[64]	encoded_content		include/kf/game_save.h:97;src/game/save_system.c:669	Glyph, text, image or signature content; not a game selector.
include/kf/game_save.h:98	KfPsxSaveHeader	zero_pad	u8[28]	padding		include/kf/game_save.h:98	Format/SDK padding or reserved bytes; no selector use established.
include/kf/game_save.h:99	KfPsxSaveHeader	clut	u16[16]	packed_gpu		include/kf/game_save.h:99;src/game/save_system.c:671;src/game/save_system.c:672	GPU texture/color/address/coordinate encoding; numeric components and independent mode bits share storage.
include/kf/game_save.h:101	KfPsxSaveHeader	icon_frames	u8[3][128]	encoded_content		include/kf/game_save.h:101;src/game/save_system.c:673;src/game/save_system.c:674;src/game/save_system.c:676;src/game/save_system.c:677;src/game/save_system.c:679;src/game/save_system.c:680	Glyph, text, image or signature content; not a game selector.
include/kf/game_save.h:106	KfSaveSlotSummary	experience	u32	numeric		include/kf/game_save.h:106;src/game/menu_item_detail.c:211;src/game/save_system.c:93;src/game/save_system.c:405;src/game/save_system.c:590;src/game/save_system.c:591	serialized player experience word; stored and copied as a word
include/kf/game_save.h:107	KfSaveSlotSummary	current_floor	KfEnumStorage<KfFloorId, u32>	typed_enum		include/kf/game_save.h:107;src/game/menu_item_detail.c:222;src/game/save_system.c:94;src/game/save_system.c:406;src/game/save_system.c:592;src/game/save_system.c:593	Same enum type is already enforced by the strict C++ view; this verdict does not certify completeness of its enumerator list.
include/kf/game_save.h:108	KfSaveSlotSummary	current_hp	u32	numeric		include/kf/game_save.h:108;src/game/menu_item_detail.c:202;src/game/menu_item_detail.c:233;src/game/menu_item_drop.c:493;src/game/save_system.c:95;src/game/save_system.c:408;src/game/save_system.c:594;src/game/save_system.c:595	serialized player unsigned current-HP halfword; stored and copied as a word
include/kf/game_save.h:109	KfSaveSlotSummary	maximum_hp	u32	numeric		include/kf/game_save.h:109;src/game/menu_item_detail.c:242;src/game/save_system.c:96;src/game/save_system.c:409;src/game/save_system.c:596;src/game/save_system.c:597	serialized player unsigned maximum-HP halfword; stored and copied as a word
include/kf/game_save.h:110	KfSaveSlotSummary	current_mp	u32	numeric		include/kf/game_save.h:110;src/game/menu_item_detail.c:253;src/game/save_system.c:97;src/game/save_system.c:410;src/game/save_system.c:598;src/game/save_system.c:599	serialized player unsigned current-MP halfword; stored and copied as a word
include/kf/game_save.h:111	KfSaveSlotSummary	maximum_mp	u32	numeric		include/kf/game_save.h:111;src/game/menu_item_detail.c:262;src/game/save_system.c:98;src/game/save_system.c:411;src/game/save_system.c:600;src/game/save_system.c:601	serialized player unsigned maximum-MP halfword; stored and copied as a word
include/kf/game_save.h:116	KfSaveDirectory	slot_ids	KfEnumStorage<KfSaveSlotId, u8>[4]	typed_enum		include/kf/game_save.h:116;src/game/save_system.c:88;src/game/save_system.c:353;src/game/save_system.c:360;src/game/save_system.c:368;src/game/save_system.c:403;src/game/save_system.c:404;src/game/save_system.c:561	Same enum type is already enforced by the strict C++ view; this verdict does not certify completeness of its enumerator list.
include/kf/game_save.h:117	KfSaveDirectory	reserved	u8[28]	padding		include/kf/game_save.h:117	Format/SDK padding or reserved bytes; no selector use established.
include/kf/game_save.h:118	KfSaveDirectory	summaries	KfSaveSlotSummary[4]	aggregate		include/kf/game_save.h:118;src/game/save_system.c:93;src/game/save_system.c:94;src/game/save_system.c:95;src/game/save_system.c:96;src/game/save_system.c:97;src/game/save_system.c:98;src/game/save_system.c:405;src/game/save_system.c:406;src/game/save_system.c:408;src/game/save_system.c:409;src/game/save_system.c:410;src/game/save_system.c:411;src/game/save_system.c:590;src/game/save_system.c:591;src/game/save_system.c:592;src/game/save_system.c:593;src/game/save_system.c:594;src/game/save_system.c:595;src/game/save_system.c:596;src/game/save_system.c:597;src/game/save_system.c:598;src/game/save_system.c:599;src/game/save_system.c:600;src/game/save_system.c:601	Nested record/union or record array; project-owned child fields are separately listed. SDK children retain their SDK declarations.
include/kf/game_save.h:123	KfSaveHeader	playstation_header	KfPsxSaveHeader	aggregate		include/kf/game_save.h:123;src/game/save_system.c:665;src/game/save_system.c:666;src/game/save_system.c:667;src/game/save_system.c:668;src/game/save_system.c:669;src/game/save_system.c:671;src/game/save_system.c:672;src/game/save_system.c:673;src/game/save_system.c:674;src/game/save_system.c:676;src/game/save_system.c:677;src/game/save_system.c:679;src/game/save_system.c:680	Nested record/union or record array; project-owned child fields are separately listed. SDK children retain their SDK declarations.
include/kf/game_save.h:124	KfSaveHeader	directory	KfSaveDirectory	aggregate		include/kf/game_save.h:124;src/game/save_system.c:88;src/game/save_system.c:93;src/game/save_system.c:94;src/game/save_system.c:95;src/game/save_system.c:96;src/game/save_system.c:97;src/game/save_system.c:98;src/game/save_system.c:353;src/game/save_system.c:360;src/game/save_system.c:368;src/game/save_system.c:403;src/game/save_system.c:404;src/game/save_system.c:405;src/game/save_system.c:406;src/game/save_system.c:408;src/game/save_system.c:409;src/game/save_system.c:410;src/game/save_system.c:411;src/game/save_system.c:561;src/game/save_system.c:590;src/game/save_system.c:591;src/game/save_system.c:592;src/game/save_system.c:593;src/game/save_system.c:594;src/game/save_system.c:595;src/game/save_system.c:596;src/game/save_system.c:597;src/game/save_system.c:598;src/game/save_system.c:599;src/game/save_system.c:600;src/game/save_system.c:601	Nested record/union or record array; project-owned child fields are separately listed. SDK children retain their SDK declarations.
include/kf/game_save.h:132	KfSavePayload	player_state	u32[56]	encoded_storage		include/kf/game_save.h:132;src/game/save_system.c:373;src/game/save_system.c:374;src/game/save_system.c:624;src/game/save_system.c:625	Serialized/word-copy alias of typed or partially recovered object state; do not replace the complete byte stream with one enum.
include/kf/game_save.h:133	KfSavePayload	unknown_0e0	u8[556]	unresolved		include/kf/game_save.h:133	not touched by the write/read pair
include/kf/game_save.h:134	KfSavePayload	world_state	KfMapSavedWorld	aggregate		include/kf/game_save.h:134;src/game/save_system.c:375;src/game/save_system.c:376;src/game/save_system.c:626;src/game/save_system.c:627	Nested record/union or record array; project-owned child fields are separately listed. SDK children retain their SDK declarations.
include/kf/game_save.h:135	KfSavePayload	item_stock	u8[3][80]	numeric		include/kf/game_save.h:135;src/game/save_system.c:377;src/game/save_system.c:378;src/game/save_system.c:628;src/game/save_system.c:629	Serialized stock counts: player quantities and shop stock/availability. Shop Gold Cross stock is decremented on purchase; the entire array is not a boolean enum.
include/kf/game_save.h:136	KfSavePayload	magic_flags	KfMagicLearningState[24]	typed_enum		include/kf/game_save.h:136;src/game/save_system.c:380;src/game/save_system.c:631	Same enum type is already enforced by the strict C++ view; this verdict does not certify completeness of its enumerator list.
include/kf/game_save.h:137	KfSavePayload	unknown_2548	u8[56]	unresolved		include/kf/game_save.h:137	not touched by the write/read pair
include/kf/game_save.h:142	KfSaveWorkspace	header	KfSaveHeader	aggregate		include/kf/game_save.h:142;src/game/save_system.c:643	Nested record/union or record array; project-owned child fields are separately listed. SDK children retain their SDK declarations.
include/kf/game_save.h:143	KfSaveWorkspace	payload	KfSavePayload	aggregate		include/kf/game_save.h:143;src/game/save_system.c:647	Nested record/union or record array; project-owned child fields are separately listed. SDK children retain their SDK declarations.
include/kf/gpu_packets.h:12	KfGpuF3	sdk	POLY_F3	aggregate		include/kf/gpu_packets.h:12;src/game/render_enqueuers.c:339;src/game/render_enqueuers.c:351;src/game/render_enqueuers.c:404;src/game/render_enqueuers.c:405;src/game/render_enqueuers.c:417;src/open/render_tmd.c:342;src/open/render_tmd.c:357;src/open/render_tmd.c:410;src/open/render_tmd.c:411;src/open/render_tmd.c:426;src/open/render_unlit.c:71;src/open/render_unlit.c:72;src/open/render_unlit.c:76;src/open/render_unlit.c:77;src/open/render_unlit.c:78	Nested record/union or record array; project-owned child fields are separately listed. SDK children retain their SDK declarations.
include/kf/gpu_packets.h:14	KfGpuF3.packed	tag	u_long	packed_gpu		include/kf/gpu_packets.h:14	GPU texture/color/address/coordinate encoding; numeric components and independent mode bits share storage.
include/kf/gpu_packets.h:15	KfGpuF3.packed	color0	CVECTOR	aggregate		include/kf/gpu_packets.h:15;src/game/render_enqueuers.c:344;src/game/render_enqueuers.c:410;src/open/render_tmd.c:348;src/open/render_tmd.c:417	Nested record/union or record array; project-owned child fields are separately listed. SDK children retain their SDK declarations.
include/kf/gpu_packets.h:16	KfGpuF3.packed	xy0	long	packed_gpu		include/kf/gpu_packets.h:16;src/game/render_enqueuers.c:340;src/game/render_enqueuers.c:406;src/open/render_tmd.c:343;src/open/render_tmd.c:412;src/open/render_unlit.c:73	GPU texture/color/address/coordinate encoding; numeric components and independent mode bits share storage.
include/kf/gpu_packets.h:17	KfGpuF3.packed	xy1	long	packed_gpu		include/kf/gpu_packets.h:17;src/game/render_enqueuers.c:341;src/game/render_enqueuers.c:407;src/open/render_tmd.c:344;src/open/render_tmd.c:413;src/open/render_unlit.c:74	GPU texture/color/address/coordinate encoding; numeric components and independent mode bits share storage.
include/kf/gpu_packets.h:18	KfGpuF3.packed	xy2	long	packed_gpu		include/kf/gpu_packets.h:18;src/game/render_enqueuers.c:342;src/game/render_enqueuers.c:408;src/open/render_tmd.c:345;src/open/render_tmd.c:414;src/open/render_unlit.c:75	GPU texture/color/address/coordinate encoding; numeric components and independent mode bits share storage.
include/kf/gpu_packets.h:19	KfGpuF3	packed	struct (unnamed struct at include/kf/gpu_packets.h:13:5)	aggregate		include/kf/gpu_packets.h:19;src/game/render_enqueuers.c:340;src/game/render_enqueuers.c:341;src/game/render_enqueuers.c:342;src/game/render_enqueuers.c:344;src/game/render_enqueuers.c:406;src/game/render_enqueuers.c:407;src/game/render_enqueuers.c:408;src/game/render_enqueuers.c:410;src/open/render_tmd.c:343;src/open/render_tmd.c:344;src/open/render_tmd.c:345;src/open/render_tmd.c:348;src/open/render_tmd.c:412;src/open/render_tmd.c:413;src/open/render_tmd.c:414;src/open/render_tmd.c:417;src/open/render_unlit.c:73;src/open/render_unlit.c:74;src/open/render_unlit.c:75	Nested record/union or record array; project-owned child fields are separately listed. SDK children retain their SDK declarations.
include/kf/gpu_packets.h:23	KfGpuF4	sdk	POLY_F4	aggregate		include/kf/gpu_packets.h:23;src/game/render_enqueuers.c:92;src/game/render_enqueuers.c:105;src/game/render_enqueuers.c:436;src/game/render_enqueuers.c:437;src/game/render_enqueuers.c:450;src/open/render_tmd.c:90;src/open/render_tmd.c:106;src/open/render_tmd.c:442;src/open/render_tmd.c:443;src/open/render_tmd.c:459	Nested record/union or record array; project-owned child fields are separately listed. SDK children retain their SDK declarations.
include/kf/gpu_packets.h:25	KfGpuF4.packed	tag	u_long	packed_gpu		include/kf/gpu_packets.h:25	GPU texture/color/address/coordinate encoding; numeric components and independent mode bits share storage.
include/kf/gpu_packets.h:26	KfGpuF4.packed	color0	CVECTOR	aggregate		include/kf/gpu_packets.h:26;src/game/render_enqueuers.c:98;src/game/render_enqueuers.c:443;src/open/render_tmd.c:97;src/open/render_tmd.c:450	Nested record/union or record array; project-owned child fields are separately listed. SDK children retain their SDK declarations.
include/kf/gpu_packets.h:27	KfGpuF4.packed	xy0	long	packed_gpu		include/kf/gpu_packets.h:27;src/game/render_enqueuers.c:93;src/game/render_enqueuers.c:438;src/open/render_tmd.c:91;src/open/render_tmd.c:444	GPU texture/color/address/coordinate encoding; numeric components and independent mode bits share storage.
include/kf/gpu_packets.h:28	KfGpuF4.packed	xy1	long	packed_gpu		include/kf/gpu_packets.h:28;src/game/render_enqueuers.c:94;src/game/render_enqueuers.c:439;src/open/render_tmd.c:92;src/open/render_tmd.c:445	GPU texture/color/address/coordinate encoding; numeric components and independent mode bits share storage.
include/kf/gpu_packets.h:29	KfGpuF4.packed	xy2	long	packed_gpu		include/kf/gpu_packets.h:29;src/game/render_enqueuers.c:95;src/game/render_enqueuers.c:440;src/open/render_tmd.c:93;src/open/render_tmd.c:446	GPU texture/color/address/coordinate encoding; numeric components and independent mode bits share storage.
include/kf/gpu_packets.h:30	KfGpuF4.packed	xy3	long	packed_gpu		include/kf/gpu_packets.h:30;src/game/render_enqueuers.c:96;src/game/render_enqueuers.c:441;src/open/render_tmd.c:94;src/open/render_tmd.c:447	GPU texture/color/address/coordinate encoding; numeric components and independent mode bits share storage.
include/kf/gpu_packets.h:31	KfGpuF4	packed	struct (unnamed struct at include/kf/gpu_packets.h:24:5)	aggregate		include/kf/gpu_packets.h:31;src/game/render_enqueuers.c:93;src/game/render_enqueuers.c:94;src/game/render_enqueuers.c:95;src/game/render_enqueuers.c:96;src/game/render_enqueuers.c:98;src/game/render_enqueuers.c:438;src/game/render_enqueuers.c:439;src/game/render_enqueuers.c:440;src/game/render_enqueuers.c:441;src/game/render_enqueuers.c:443;src/open/render_tmd.c:91;src/open/render_tmd.c:92;src/open/render_tmd.c:93;src/open/render_tmd.c:94;src/open/render_tmd.c:97;src/open/render_tmd.c:444;src/open/render_tmd.c:445;src/open/render_tmd.c:446;src/open/render_tmd.c:447;src/open/render_tmd.c:450	Nested record/union or record array; project-owned child fields are separately listed. SDK children retain their SDK declarations.
include/kf/gpu_packets.h:35	KfGpuFT3	sdk	POLY_FT3	aggregate		include/kf/gpu_packets.h:35;src/game/render_enqueuers.c:55;src/game/render_enqueuers.c:56;src/game/render_enqueuers.c:57;src/game/render_enqueuers.c:64;src/game/render_enqueuers.c:73;src/game/render_enqueuers.c:585;src/game/render_enqueuers.c:586;src/game/render_enqueuers.c:587;src/game/render_enqueuers.c:594;src/game/render_enqueuers.c:601;src/open/render_tmd.c:53;src/open/render_tmd.c:62;src/open/render_tmd.c:74;src/open/render_unlit.c:44;src/open/render_unlit.c:45;src/open/render_unlit.c:54;src/open/render_unlit.c:55;src/open/render_unlit.c:56	Nested record/union or record array; project-owned child fields are separately listed. SDK children retain their SDK declarations.
include/kf/gpu_packets.h:37	KfGpuFT3.packed	tag	u_long	packed_gpu		include/kf/gpu_packets.h:37	GPU texture/color/address/coordinate encoding; numeric components and independent mode bits share storage.
include/kf/gpu_packets.h:38	KfGpuFT3.packed	color0	CVECTOR	aggregate		include/kf/gpu_packets.h:38;src/game/render_enqueuers.c:66;src/game/render_enqueuers.c:596;src/open/render_tmd.c:65	Nested record/union or record array; project-owned child fields are separately listed. SDK children retain their SDK declarations.
include/kf/gpu_packets.h:39	KfGpuFT3.packed	xy0	long	packed_gpu		include/kf/gpu_packets.h:39;src/game/render_enqueuers.c:58;src/game/render_enqueuers.c:588;src/open/render_tmd.c:56;src/open/render_unlit.c:48	GPU texture/color/address/coordinate encoding; numeric components and independent mode bits share storage.
include/kf/gpu_packets.h:40	KfGpuFT3.packed	uv0	u_short	packed_gpu		include/kf/gpu_packets.h:40;src/game/render_enqueuers.c:61;src/game/render_enqueuers.c:591;src/open/render_tmd.c:59;src/open/render_unlit.c:51	GPU texture/color/address/coordinate encoding; numeric components and independent mode bits share storage.
include/kf/gpu_packets.h:41	KfGpuFT3.packed	clut	u_short	packed_gpu		include/kf/gpu_packets.h:41;src/open/render_tmd.c:54;src/open/render_unlit.c:46	GPU texture/color/address/coordinate encoding; numeric components and independent mode bits share storage.
include/kf/gpu_packets.h:42	KfGpuFT3.packed	xy1	long	packed_gpu		include/kf/gpu_packets.h:42;src/game/render_enqueuers.c:59;src/game/render_enqueuers.c:589;src/open/render_tmd.c:57;src/open/render_unlit.c:49	GPU texture/color/address/coordinate encoding; numeric components and independent mode bits share storage.
include/kf/gpu_packets.h:43	KfGpuFT3.packed	uv1	u_short	packed_gpu		include/kf/gpu_packets.h:43;src/game/render_enqueuers.c:62;src/game/render_enqueuers.c:592;src/open/render_tmd.c:60;src/open/render_unlit.c:52	GPU texture/color/address/coordinate encoding; numeric components and independent mode bits share storage.
include/kf/gpu_packets.h:44	KfGpuFT3.packed	tpage	u_short	packed_gpu		include/kf/gpu_packets.h:44;src/open/render_tmd.c:55;src/open/render_unlit.c:47	GPU texture/color/address/coordinate encoding; numeric components and independent mode bits share storage.
include/kf/gpu_packets.h:45	KfGpuFT3.packed	xy2	long	packed_gpu		include/kf/gpu_packets.h:45;src/game/render_enqueuers.c:60;src/game/render_enqueuers.c:590;src/open/render_tmd.c:58;src/open/render_unlit.c:50	GPU texture/color/address/coordinate encoding; numeric components and independent mode bits share storage.
include/kf/gpu_packets.h:46	KfGpuFT3.packed	uv2	u_short	packed_gpu		include/kf/gpu_packets.h:46;src/game/render_enqueuers.c:63;src/game/render_enqueuers.c:593;src/open/render_tmd.c:61;src/open/render_unlit.c:53	GPU texture/color/address/coordinate encoding; numeric components and independent mode bits share storage.
include/kf/gpu_packets.h:47	KfGpuFT3.packed	pad1	u_short	padding		include/kf/gpu_packets.h:47	Format/SDK padding or reserved bytes; no selector use established.
include/kf/gpu_packets.h:48	KfGpuFT3	packed	struct (unnamed struct at include/kf/gpu_packets.h:36:5)	aggregate		include/kf/gpu_packets.h:48;src/game/render_enqueuers.c:58;src/game/render_enqueuers.c:59;src/game/render_enqueuers.c:60;src/game/render_enqueuers.c:61;src/game/render_enqueuers.c:62;src/game/render_enqueuers.c:63;src/game/render_enqueuers.c:66;src/game/render_enqueuers.c:588;src/game/render_enqueuers.c:589;src/game/render_enqueuers.c:590;src/game/render_enqueuers.c:591;src/game/render_enqueuers.c:592;src/game/render_enqueuers.c:593;src/game/render_enqueuers.c:596;src/open/render_tmd.c:54;src/open/render_tmd.c:55;src/open/render_tmd.c:56;src/open/render_tmd.c:57;src/open/render_tmd.c:58;src/open/render_tmd.c:59;src/open/render_tmd.c:60;src/open/render_tmd.c:61;src/open/render_tmd.c:65;src/open/render_unlit.c:46;src/open/render_unlit.c:47;src/open/render_unlit.c:48;src/open/render_unlit.c:49;src/open/render_unlit.c:50;src/open/render_unlit.c:51;src/open/render_unlit.c:52;src/open/render_unlit.c:53	Nested record/union or record array; project-owned child fields are separately listed. SDK children retain their SDK declarations.
include/kf/gpu_packets.h:52	KfGpuFT4	sdk	POLY_FT4	aggregate		include/kf/gpu_packets.h:52;src/game/render_enqueuers.c:301;src/game/render_enqueuers.c:302;src/game/render_enqueuers.c:303;src/game/render_enqueuers.c:312;src/game/render_enqueuers.c:321;src/game/render_enqueuers.c:620;src/game/render_enqueuers.c:621;src/game/render_enqueuers.c:622;src/game/render_enqueuers.c:631;src/game/render_enqueuers.c:638;src/game/render_enqueuers.c:824;src/game/render_enqueuers.c:825;src/game/render_enqueuers.c:826;src/game/render_enqueuers.c:828;src/game/render_enqueuers.c:829;src/game/render_enqueuers.c:830;src/game/render_enqueuers.c:831;src/game/render_enqueuers.c:832;src/game/render_enqueuers.c:833;src/game/render_enqueuers.c:834;src/game/render_enqueuers.c:835;src/game/render_enqueuers.c:836;src/game/render_enqueuers.c:845;src/open/render_sprite.c:35;src/open/render_sprite.c:36;src/open/render_sprite.c:37;src/open/render_sprite.c:39;src/open/render_sprite.c:40;src/open/render_sprite.c:41;src/open/render_sprite.c:42;src/open/render_sprite.c:43;src/open/render_sprite.c:44;src/open/render_sprite.c:45;src/open/render_sprite.c:46;src/open/render_sprite.c:47;src/open/render_sprite.c:56;src/open/render_tmd.c:304;src/open/render_tmd.c:315;src/open/render_tmd.c:327	Nested record/union or record array; project-owned child fields are separately listed. SDK children retain their SDK declarations.
include/kf/gpu_packets.h:54	KfGpuFT4.packed	tag	u_long	packed_gpu		include/kf/gpu_packets.h:54	GPU texture/color/address/coordinate encoding; numeric components and independent mode bits share storage.
include/kf/gpu_packets.h:55	KfGpuFT4.packed	color0	CVECTOR	aggregate		include/kf/gpu_packets.h:55;src/game/render_enqueuers.c:314;src/game/render_enqueuers.c:633;src/game/render_enqueuers.c:841;src/open/render_sprite.c:52;src/open/render_tmd.c:318	Nested record/union or record array; project-owned child fields are separately listed. SDK children retain their SDK declarations.
include/kf/gpu_packets.h:56	KfGpuFT4.packed	xy0	long	packed_gpu		include/kf/gpu_packets.h:56;src/game/render_enqueuers.c:304;src/game/render_enqueuers.c:623;src/open/render_tmd.c:307	GPU texture/color/address/coordinate encoding; numeric components and independent mode bits share storage.
include/kf/gpu_packets.h:57	KfGpuFT4.packed	uv0	u_short	packed_gpu		include/kf/gpu_packets.h:57;src/game/render_enqueuers.c:308;src/game/render_enqueuers.c:627;src/open/render_tmd.c:311	GPU texture/color/address/coordinate encoding; numeric components and independent mode bits share storage.
include/kf/gpu_packets.h:58	KfGpuFT4.packed	clut	u_short	packed_gpu		include/kf/gpu_packets.h:58;src/open/render_tmd.c:305	GPU texture/color/address/coordinate encoding; numeric components and independent mode bits share storage.
include/kf/gpu_packets.h:59	KfGpuFT4.packed	xy1	long	packed_gpu		include/kf/gpu_packets.h:59;src/game/render_enqueuers.c:305;src/game/render_enqueuers.c:624;src/open/render_tmd.c:308	GPU texture/color/address/coordinate encoding; numeric components and independent mode bits share storage.
include/kf/gpu_packets.h:60	KfGpuFT4.packed	uv1	u_short	packed_gpu		include/kf/gpu_packets.h:60;src/game/render_enqueuers.c:309;src/game/render_enqueuers.c:628;src/open/render_tmd.c:312	GPU texture/color/address/coordinate encoding; numeric components and independent mode bits share storage.
include/kf/gpu_packets.h:61	KfGpuFT4.packed	tpage	u_short	packed_gpu		include/kf/gpu_packets.h:61;src/open/render_tmd.c:306	GPU texture/color/address/coordinate encoding; numeric components and independent mode bits share storage.
include/kf/gpu_packets.h:62	KfGpuFT4.packed	xy2	long	packed_gpu		include/kf/gpu_packets.h:62;src/game/render_enqueuers.c:306;src/game/render_enqueuers.c:625;src/open/render_tmd.c:309	GPU texture/color/address/coordinate encoding; numeric components and independent mode bits share storage.
include/kf/gpu_packets.h:63	KfGpuFT4.packed	uv2	u_short	packed_gpu		include/kf/gpu_packets.h:63;src/game/render_enqueuers.c:310;src/game/render_enqueuers.c:629;src/open/render_tmd.c:313	GPU texture/color/address/coordinate encoding; numeric components and independent mode bits share storage.
include/kf/gpu_packets.h:64	KfGpuFT4.packed	pad1	u_short	padding		include/kf/gpu_packets.h:64	Format/SDK padding or reserved bytes; no selector use established.
include/kf/gpu_packets.h:65	KfGpuFT4.packed	xy3	long	packed_gpu		include/kf/gpu_packets.h:65;src/game/render_enqueuers.c:307;src/game/render_enqueuers.c:626;src/open/render_tmd.c:310	GPU texture/color/address/coordinate encoding; numeric components and independent mode bits share storage.
include/kf/gpu_packets.h:66	KfGpuFT4.packed	uv3	u_short	packed_gpu		include/kf/gpu_packets.h:66;src/game/render_enqueuers.c:311;src/game/render_enqueuers.c:630;src/open/render_tmd.c:314	GPU texture/color/address/coordinate encoding; numeric components and independent mode bits share storage.
include/kf/gpu_packets.h:67	KfGpuFT4.packed	pad2	u_short	padding		include/kf/gpu_packets.h:67	Format/SDK padding or reserved bytes; no selector use established.
include/kf/gpu_packets.h:68	KfGpuFT4	packed	struct (unnamed struct at include/kf/gpu_packets.h:53:5)	aggregate		include/kf/gpu_packets.h:68;src/game/render_enqueuers.c:304;src/game/render_enqueuers.c:305;src/game/render_enqueuers.c:306;src/game/render_enqueuers.c:307;src/game/render_enqueuers.c:308;src/game/render_enqueuers.c:309;src/game/render_enqueuers.c:310;src/game/render_enqueuers.c:311;src/game/render_enqueuers.c:314;src/game/render_enqueuers.c:623;src/game/render_enqueuers.c:624;src/game/render_enqueuers.c:625;src/game/render_enqueuers.c:626;src/game/render_enqueuers.c:627;src/game/render_enqueuers.c:628;src/game/render_enqueuers.c:629;src/game/render_enqueuers.c:630;src/game/render_enqueuers.c:633;src/game/render_enqueuers.c:841;src/open/render_sprite.c:52;src/open/render_tmd.c:305;src/open/render_tmd.c:306;src/open/render_tmd.c:307;src/open/render_tmd.c:308;src/open/render_tmd.c:309;src/open/render_tmd.c:310;src/open/render_tmd.c:311;src/open/render_tmd.c:312;src/open/render_tmd.c:313;src/open/render_tmd.c:314;src/open/render_tmd.c:318	Nested record/union or record array; project-owned child fields are separately listed. SDK children retain their SDK declarations.
include/kf/gpu_packets.h:72	KfGpuG3	sdk	POLY_G3	aggregate		include/kf/gpu_packets.h:72;src/game/render_enqueuers.c:123;src/game/render_enqueuers.c:136;src/game/render_enqueuers.c:268;src/game/render_enqueuers.c:269;src/game/render_enqueuers.c:282;src/open/render_tmd.c:121;src/open/render_tmd.c:138;src/open/render_tmd.c:270;src/open/render_tmd.c:271;src/open/render_tmd.c:288	Nested record/union or record array; project-owned child fields are separately listed. SDK children retain their SDK declarations.
include/kf/gpu_packets.h:74	KfGpuG3.packed	tag	u_long	packed_gpu		include/kf/gpu_packets.h:74	GPU texture/color/address/coordinate encoding; numeric components and independent mode bits share storage.
include/kf/gpu_packets.h:75	KfGpuG3.packed	color0	CVECTOR	aggregate		include/kf/gpu_packets.h:75;src/game/render_enqueuers.c:129;src/game/render_enqueuers.c:275;src/open/render_tmd.c:128;src/open/render_tmd.c:278	Nested record/union or record array; project-owned child fields are separately listed. SDK children retain their SDK declarations.
include/kf/gpu_packets.h:76	KfGpuG3.packed	xy0	long	packed_gpu		include/kf/gpu_packets.h:76;src/game/render_enqueuers.c:124;src/game/render_enqueuers.c:270;src/open/render_tmd.c:122;src/open/render_tmd.c:272	GPU texture/color/address/coordinate encoding; numeric components and independent mode bits share storage.
include/kf/gpu_packets.h:77	KfGpuG3.packed	color1	CVECTOR	aggregate		include/kf/gpu_packets.h:77;src/game/render_enqueuers.c:129;src/game/render_enqueuers.c:275;src/open/render_tmd.c:129;src/open/render_tmd.c:279	Nested record/union or record array; project-owned child fields are separately listed. SDK children retain their SDK declarations.
include/kf/gpu_packets.h:78	KfGpuG3.packed	xy1	long	packed_gpu		include/kf/gpu_packets.h:78;src/game/render_enqueuers.c:125;src/game/render_enqueuers.c:271;src/open/render_tmd.c:123;src/open/render_tmd.c:273	GPU texture/color/address/coordinate encoding; numeric components and independent mode bits share storage.
include/kf/gpu_packets.h:79	KfGpuG3.packed	color2	CVECTOR	aggregate		include/kf/gpu_packets.h:79;src/game/render_enqueuers.c:129;src/game/render_enqueuers.c:275;src/open/render_tmd.c:129;src/open/render_tmd.c:279	Nested record/union or record array; project-owned child fields are separately listed. SDK children retain their SDK declarations.
include/kf/gpu_packets.h:80	KfGpuG3.packed	xy2	long	packed_gpu		include/kf/gpu_packets.h:80;src/game/render_enqueuers.c:126;src/game/render_enqueuers.c:272;src/open/render_tmd.c:124;src/open/render_tmd.c:274	GPU texture/color/address/coordinate encoding; numeric components and independent mode bits share storage.
include/kf/gpu_packets.h:81	KfGpuG3	packed	struct (unnamed struct at include/kf/gpu_packets.h:73:5)	aggregate		include/kf/gpu_packets.h:81;src/game/render_enqueuers.c:124;src/game/render_enqueuers.c:125;src/game/render_enqueuers.c:126;src/game/render_enqueuers.c:129;src/game/render_enqueuers.c:270;src/game/render_enqueuers.c:271;src/game/render_enqueuers.c:272;src/game/render_enqueuers.c:275;src/open/render_tmd.c:122;src/open/render_tmd.c:123;src/open/render_tmd.c:124;src/open/render_tmd.c:128;src/open/render_tmd.c:129;src/open/render_tmd.c:272;src/open/render_tmd.c:273;src/open/render_tmd.c:274;src/open/render_tmd.c:278;src/open/render_tmd.c:279	Nested record/union or record array; project-owned child fields are separately listed. SDK children retain their SDK declarations.
include/kf/gpu_packets.h:85	KfGpuG4	sdk	POLY_G4	aggregate		include/kf/gpu_packets.h:85;src/game/render_enqueuers.c:155;src/game/render_enqueuers.c:171;src/game/render_enqueuers.c:370;src/game/render_enqueuers.c:371;src/game/render_enqueuers.c:386;src/open/render_tmd.c:154;src/open/render_tmd.c:174;src/open/render_tmd.c:373;src/open/render_tmd.c:374;src/open/render_tmd.c:395	Nested record/union or record array; project-owned child fields are separately listed. SDK children retain their SDK declarations.
include/kf/gpu_packets.h:87	KfGpuG4.packed	tag	u_long	packed_gpu		include/kf/gpu_packets.h:87	GPU texture/color/address/coordinate encoding; numeric components and independent mode bits share storage.
include/kf/gpu_packets.h:88	KfGpuG4.packed	color0	CVECTOR	aggregate		include/kf/gpu_packets.h:88;src/game/render_enqueuers.c:162;src/game/render_enqueuers.c:376;src/open/render_tmd.c:162;src/open/render_tmd.c:380	Nested record/union or record array; project-owned child fields are separately listed. SDK children retain their SDK declarations.
include/kf/gpu_packets.h:89	KfGpuG4.packed	xy0	long	packed_gpu		include/kf/gpu_packets.h:89;src/game/render_enqueuers.c:156;src/game/render_enqueuers.c:372;src/open/render_tmd.c:155;src/open/render_tmd.c:375	GPU texture/color/address/coordinate encoding; numeric components and independent mode bits share storage.
include/kf/gpu_packets.h:90	KfGpuG4.packed	color1	CVECTOR	aggregate		include/kf/gpu_packets.h:90;src/game/render_enqueuers.c:162;src/game/render_enqueuers.c:377;src/open/render_tmd.c:163;src/open/render_tmd.c:382	Nested record/union or record array; project-owned child fields are separately listed. SDK children retain their SDK declarations.
include/kf/gpu_packets.h:91	KfGpuG4.packed	xy1	long	packed_gpu		include/kf/gpu_packets.h:91;src/game/render_enqueuers.c:157;src/game/render_enqueuers.c:373;src/open/render_tmd.c:156;src/open/render_tmd.c:376	GPU texture/color/address/coordinate encoding; numeric components and independent mode bits share storage.
include/kf/gpu_packets.h:92	KfGpuG4.packed	color2	CVECTOR	aggregate		include/kf/gpu_packets.h:92;src/game/render_enqueuers.c:162;src/game/render_enqueuers.c:378;src/open/render_tmd.c:163;src/open/render_tmd.c:384	Nested record/union or record array; project-owned child fields are separately listed. SDK children retain their SDK declarations.
include/kf/gpu_packets.h:93	KfGpuG4.packed	xy2	long	packed_gpu		include/kf/gpu_packets.h:93;src/game/render_enqueuers.c:158;src/game/render_enqueuers.c:374;src/open/render_tmd.c:157;src/open/render_tmd.c:377	GPU texture/color/address/coordinate encoding; numeric components and independent mode bits share storage.
include/kf/gpu_packets.h:94	KfGpuG4.packed	color3	CVECTOR	aggregate		include/kf/gpu_packets.h:94;src/game/render_enqueuers.c:164;src/game/render_enqueuers.c:379;src/open/render_tmd.c:165;src/open/render_tmd.c:386	Nested record/union or record array; project-owned child fields are separately listed. SDK children retain their SDK declarations.
include/kf/gpu_packets.h:95	KfGpuG4.packed	xy3	long	packed_gpu		include/kf/gpu_packets.h:95;src/game/render_enqueuers.c:159;src/game/render_enqueuers.c:375;src/open/render_tmd.c:158;src/open/render_tmd.c:378	GPU texture/color/address/coordinate encoding; numeric components and independent mode bits share storage.
include/kf/gpu_packets.h:96	KfGpuG4	packed	struct (unnamed struct at include/kf/gpu_packets.h:86:5)	aggregate		include/kf/gpu_packets.h:96;src/game/render_enqueuers.c:156;src/game/render_enqueuers.c:157;src/game/render_enqueuers.c:158;src/game/render_enqueuers.c:159;src/game/render_enqueuers.c:162;src/game/render_enqueuers.c:164;src/game/render_enqueuers.c:372;src/game/render_enqueuers.c:373;src/game/render_enqueuers.c:374;src/game/render_enqueuers.c:375;src/game/render_enqueuers.c:376;src/game/render_enqueuers.c:377;src/game/render_enqueuers.c:378;src/game/render_enqueuers.c:379;src/open/render_tmd.c:155;src/open/render_tmd.c:156;src/open/render_tmd.c:157;src/open/render_tmd.c:158;src/open/render_tmd.c:162;src/open/render_tmd.c:163;src/open/render_tmd.c:165;src/open/render_tmd.c:375;src/open/render_tmd.c:376;src/open/render_tmd.c:377;src/open/render_tmd.c:378;src/open/render_tmd.c:380;src/open/render_tmd.c:382;src/open/render_tmd.c:384;src/open/render_tmd.c:386	Nested record/union or record array; project-owned child fields are separately listed. SDK children retain their SDK declarations.
include/kf/gpu_packets.h:100	KfGpuGT3	sdk	POLY_GT3	aggregate		include/kf/gpu_packets.h:100;src/game/render_enqueuers.c:189;src/game/render_enqueuers.c:190;src/game/render_enqueuers.c:191;src/game/render_enqueuers.c:198;src/game/render_enqueuers.c:208;src/game/render_enqueuers.c:510;src/game/render_enqueuers.c:511;src/game/render_enqueuers.c:512;src/game/render_enqueuers.c:519;src/game/render_enqueuers.c:527;src/game/render_enqueuers.c:753;src/game/render_enqueuers.c:754;src/game/render_enqueuers.c:755;src/game/render_enqueuers.c:762;src/game/render_enqueuers.c:773;src/open/render_map.c:94;src/open/render_map.c:103;src/open/render_map.c:114;src/open/render_tmd.c:189;src/open/render_tmd.c:198;src/open/render_tmd.c:212	Nested record/union or record array; project-owned child fields are separately listed. SDK children retain their SDK declarations.
include/kf/gpu_packets.h:102	KfGpuGT3.packed	tag	u_long	packed_gpu		include/kf/gpu_packets.h:102	GPU texture/color/address/coordinate encoding; numeric components and independent mode bits share storage.
include/kf/gpu_packets.h:103	KfGpuGT3.packed	color0	CVECTOR	aggregate		include/kf/gpu_packets.h:103;src/game/render_enqueuers.c:201;src/game/render_enqueuers.c:522;src/game/render_enqueuers.c:765;src/open/render_map.c:106;src/open/render_tmd.c:202	Nested record/union or record array; project-owned child fields are separately listed. SDK children retain their SDK declarations.
include/kf/gpu_packets.h:104	KfGpuGT3.packed	xy0	long	packed_gpu		include/kf/gpu_packets.h:104;src/game/render_enqueuers.c:192;src/game/render_enqueuers.c:513;src/game/render_enqueuers.c:756;src/open/render_map.c:97;src/open/render_tmd.c:192	GPU texture/color/address/coordinate encoding; numeric components and independent mode bits share storage.
include/kf/gpu_packets.h:105	KfGpuGT3.packed	uv0	u_short	packed_gpu		include/kf/gpu_packets.h:105;src/game/render_enqueuers.c:195;src/game/render_enqueuers.c:516;src/game/render_enqueuers.c:759;src/open/render_map.c:100;src/open/render_tmd.c:195	GPU texture/color/address/coordinate encoding; numeric components and independent mode bits share storage.
include/kf/gpu_packets.h:106	KfGpuGT3.packed	clut	u_short	packed_gpu		include/kf/gpu_packets.h:106;src/open/render_map.c:95;src/open/render_tmd.c:190	GPU texture/color/address/coordinate encoding; numeric components and independent mode bits share storage.
include/kf/gpu_packets.h:107	KfGpuGT3.packed	color1	CVECTOR	aggregate		include/kf/gpu_packets.h:107;src/game/render_enqueuers.c:201;src/game/render_enqueuers.c:522;src/game/render_enqueuers.c:766;src/open/render_map.c:107;src/open/render_tmd.c:203	Nested record/union or record array; project-owned child fields are separately listed. SDK children retain their SDK declarations.
include/kf/gpu_packets.h:108	KfGpuGT3.packed	xy1	long	packed_gpu		include/kf/gpu_packets.h:108;src/game/render_enqueuers.c:193;src/game/render_enqueuers.c:514;src/game/render_enqueuers.c:757;src/open/render_map.c:98;src/open/render_tmd.c:193	GPU texture/color/address/coordinate encoding; numeric components and independent mode bits share storage.
include/kf/gpu_packets.h:109	KfGpuGT3.packed	uv1	u_short	packed_gpu		include/kf/gpu_packets.h:109;src/game/render_enqueuers.c:196;src/game/render_enqueuers.c:517;src/game/render_enqueuers.c:760;src/open/render_map.c:101;src/open/render_tmd.c:196	GPU texture/color/address/coordinate encoding; numeric components and independent mode bits share storage.
include/kf/gpu_packets.h:110	KfGpuGT3.packed	tpage	u_short	packed_gpu		include/kf/gpu_packets.h:110;src/open/render_map.c:96;src/open/render_tmd.c:191	GPU texture/color/address/coordinate encoding; numeric components and independent mode bits share storage.
include/kf/gpu_packets.h:111	KfGpuGT3.packed	color2	CVECTOR	aggregate		include/kf/gpu_packets.h:111;src/game/render_enqueuers.c:201;src/game/render_enqueuers.c:522;src/game/render_enqueuers.c:767;src/open/render_map.c:108;src/open/render_tmd.c:203	Nested record/union or record array; project-owned child fields are separately listed. SDK children retain their SDK declarations.
include/kf/gpu_packets.h:112	KfGpuGT3.packed	xy2	long	packed_gpu		include/kf/gpu_packets.h:112;src/game/render_enqueuers.c:194;src/game/render_enqueuers.c:515;src/game/render_enqueuers.c:758;src/open/render_map.c:99;src/open/render_tmd.c:194	GPU texture/color/address/coordinate encoding; numeric components and independent mode bits share storage.
include/kf/gpu_packets.h:113	KfGpuGT3.packed	uv2	u_short	packed_gpu		include/kf/gpu_packets.h:113;src/game/render_enqueuers.c:197;src/game/render_enqueuers.c:518;src/game/render_enqueuers.c:761;src/open/render_map.c:102;src/open/render_tmd.c:197	GPU texture/color/address/coordinate encoding; numeric components and independent mode bits share storage.
include/kf/gpu_packets.h:114	KfGpuGT3.packed	pad2	u_short	padding		include/kf/gpu_packets.h:114	Format/SDK padding or reserved bytes; no selector use established.
include/kf/gpu_packets.h:115	KfGpuGT3	packed	struct (unnamed struct at include/kf/gpu_packets.h:101:5)	aggregate		include/kf/gpu_packets.h:115;src/game/render_enqueuers.c:192;src/game/render_enqueuers.c:193;src/game/render_enqueuers.c:194;src/game/render_enqueuers.c:195;src/game/render_enqueuers.c:196;src/game/render_enqueuers.c:197;src/game/render_enqueuers.c:201;src/game/render_enqueuers.c:513;src/game/render_enqueuers.c:514;src/game/render_enqueuers.c:515;src/game/render_enqueuers.c:516;src/game/render_enqueuers.c:517;src/game/render_enqueuers.c:518;src/game/render_enqueuers.c:522;src/game/render_enqueuers.c:756;src/game/render_enqueuers.c:757;src/game/render_enqueuers.c:758;src/game/render_enqueuers.c:759;src/game/render_enqueuers.c:760;src/game/render_enqueuers.c:761;src/game/render_enqueuers.c:765;src/game/render_enqueuers.c:766;src/game/render_enqueuers.c:767;src/open/render_map.c:95;src/open/render_map.c:96;src/open/render_map.c:97;src/open/render_map.c:98;src/open/render_map.c:99;src/open/render_map.c:100;src/open/render_map.c:101;src/open/render_map.c:102;src/open/render_map.c:106;src/open/render_map.c:107;src/open/render_map.c:108;src/open/render_tmd.c:190;src/open/render_tmd.c:191;src/open/render_tmd.c:192;src/open/render_tmd.c:193;src/open/render_tmd.c:194;src/open/render_tmd.c:195;src/open/render_tmd.c:196;src/open/render_tmd.c:197;src/open/render_tmd.c:202;src/open/render_tmd.c:203	Nested record/union or record array; project-owned child fields are separately listed. SDK children retain their SDK declarations.
include/kf/gpu_packets.h:119	KfGpuGT4	sdk	POLY_GT4	aggregate		include/kf/gpu_packets.h:119;src/game/render_enqueuers.c:227;src/game/render_enqueuers.c:228;src/game/render_enqueuers.c:229;src/game/render_enqueuers.c:238;src/game/render_enqueuers.c:250;src/game/render_enqueuers.c:546;src/game/render_enqueuers.c:547;src/game/render_enqueuers.c:548;src/game/render_enqueuers.c:557;src/game/render_enqueuers.c:567;src/game/render_enqueuers.c:709;src/game/render_enqueuers.c:710;src/game/render_enqueuers.c:711;src/game/render_enqueuers.c:720;src/game/render_enqueuers.c:732;src/open/render_map.c:55;src/open/render_map.c:66;src/open/render_map.c:79;src/open/render_tmd.c:228;src/open/render_tmd.c:239;src/open/render_tmd.c:255	Nested record/union or record array; project-owned child fields are separately listed. SDK children retain their SDK declarations.
include/kf/gpu_packets.h:121	KfGpuGT4.packed	tag	u_long	packed_gpu		include/kf/gpu_packets.h:121	GPU texture/color/address/coordinate encoding; numeric components and independent mode bits share storage.
include/kf/gpu_packets.h:122	KfGpuGT4.packed	color0	CVECTOR	aggregate		include/kf/gpu_packets.h:122;src/game/render_enqueuers.c:241;src/game/render_enqueuers.c:560;src/game/render_enqueuers.c:723;src/open/render_map.c:69;src/open/render_tmd.c:243	Nested record/union or record array; project-owned child fields are separately listed. SDK children retain their SDK declarations.
include/kf/gpu_packets.h:123	KfGpuGT4.packed	xy0	long	packed_gpu		include/kf/gpu_packets.h:123;src/game/render_enqueuers.c:230;src/game/render_enqueuers.c:549;src/game/render_enqueuers.c:712;src/open/render_map.c:58;src/open/render_tmd.c:231	GPU texture/color/address/coordinate encoding; numeric components and independent mode bits share storage.
include/kf/gpu_packets.h:124	KfGpuGT4.packed	uv0	u_short	packed_gpu		include/kf/gpu_packets.h:124;src/game/render_enqueuers.c:234;src/game/render_enqueuers.c:553;src/game/render_enqueuers.c:716;src/open/render_map.c:62;src/open/render_tmd.c:235	GPU texture/color/address/coordinate encoding; numeric components and independent mode bits share storage.
include/kf/gpu_packets.h:125	KfGpuGT4.packed	clut	u_short	packed_gpu		include/kf/gpu_packets.h:125;src/open/render_map.c:56;src/open/render_tmd.c:229	GPU texture/color/address/coordinate encoding; numeric components and independent mode bits share storage.
include/kf/gpu_packets.h:126	KfGpuGT4.packed	color1	CVECTOR	aggregate		include/kf/gpu_packets.h:126;src/game/render_enqueuers.c:241;src/game/render_enqueuers.c:560;src/game/render_enqueuers.c:724;src/open/render_map.c:70;src/open/render_tmd.c:244	Nested record/union or record array; project-owned child fields are separately listed. SDK children retain their SDK declarations.
include/kf/gpu_packets.h:127	KfGpuGT4.packed	xy1	long	packed_gpu		include/kf/gpu_packets.h:127;src/game/render_enqueuers.c:231;src/game/render_enqueuers.c:550;src/game/render_enqueuers.c:713;src/open/render_map.c:59;src/open/render_tmd.c:232	GPU texture/color/address/coordinate encoding; numeric components and independent mode bits share storage.
include/kf/gpu_packets.h:128	KfGpuGT4.packed	uv1	u_short	packed_gpu		include/kf/gpu_packets.h:128;src/game/render_enqueuers.c:235;src/game/render_enqueuers.c:554;src/game/render_enqueuers.c:717;src/open/render_map.c:63;src/open/render_tmd.c:236	GPU texture/color/address/coordinate encoding; numeric components and independent mode bits share storage.
include/kf/gpu_packets.h:129	KfGpuGT4.packed	tpage	u_short	packed_gpu		include/kf/gpu_packets.h:129;src/open/render_map.c:57;src/open/render_tmd.c:230	GPU texture/color/address/coordinate encoding; numeric components and independent mode bits share storage.
include/kf/gpu_packets.h:130	KfGpuGT4.packed	color2	CVECTOR	aggregate		include/kf/gpu_packets.h:130;src/game/render_enqueuers.c:241;src/game/render_enqueuers.c:560;src/game/render_enqueuers.c:725;src/open/render_map.c:71;src/open/render_tmd.c:244	Nested record/union or record array; project-owned child fields are separately listed. SDK children retain their SDK declarations.
include/kf/gpu_packets.h:131	KfGpuGT4.packed	xy2	long	packed_gpu		include/kf/gpu_packets.h:131;src/game/render_enqueuers.c:232;src/game/render_enqueuers.c:551;src/game/render_enqueuers.c:714;src/open/render_map.c:60;src/open/render_tmd.c:233	GPU texture/color/address/coordinate encoding; numeric components and independent mode bits share storage.
include/kf/gpu_packets.h:132	KfGpuGT4.packed	uv2	u_short	packed_gpu		include/kf/gpu_packets.h:132;src/game/render_enqueuers.c:236;src/game/render_enqueuers.c:555;src/game/render_enqueuers.c:718;src/open/render_map.c:64;src/open/render_tmd.c:237	GPU texture/color/address/coordinate encoding; numeric components and independent mode bits share storage.
include/kf/gpu_packets.h:133	KfGpuGT4.packed	pad2	u_short	padding		include/kf/gpu_packets.h:133	Format/SDK padding or reserved bytes; no selector use established.
include/kf/gpu_packets.h:134	KfGpuGT4.packed	color3	CVECTOR	aggregate		include/kf/gpu_packets.h:134;src/game/render_enqueuers.c:243;src/game/render_enqueuers.c:562;src/game/render_enqueuers.c:726;src/open/render_map.c:72;src/open/render_tmd.c:246	Nested record/union or record array; project-owned child fields are separately listed. SDK children retain their SDK declarations.
include/kf/gpu_packets.h:135	KfGpuGT4.packed	xy3	long	packed_gpu		include/kf/gpu_packets.h:135;src/game/render_enqueuers.c:233;src/game/render_enqueuers.c:552;src/game/render_enqueuers.c:715;src/open/render_map.c:61;src/open/render_tmd.c:234	GPU texture/color/address/coordinate encoding; numeric components and independent mode bits share storage.
include/kf/gpu_packets.h:136	KfGpuGT4.packed	uv3	u_short	packed_gpu		include/kf/gpu_packets.h:136;src/game/render_enqueuers.c:237;src/game/render_enqueuers.c:556;src/game/render_enqueuers.c:719;src/open/render_map.c:65;src/open/render_tmd.c:238	GPU texture/color/address/coordinate encoding; numeric components and independent mode bits share storage.
include/kf/gpu_packets.h:137	KfGpuGT4.packed	pad3	u_short	padding		include/kf/gpu_packets.h:137	Format/SDK padding or reserved bytes; no selector use established.
include/kf/gpu_packets.h:138	KfGpuGT4	packed	struct (unnamed struct at include/kf/gpu_packets.h:120:5)	aggregate		include/kf/gpu_packets.h:138;src/game/render_enqueuers.c:230;src/game/render_enqueuers.c:231;src/game/render_enqueuers.c:232;src/game/render_enqueuers.c:233;src/game/render_enqueuers.c:234;src/game/render_enqueuers.c:235;src/game/render_enqueuers.c:236;src/game/render_enqueuers.c:237;src/game/render_enqueuers.c:241;src/game/render_enqueuers.c:243;src/game/render_enqueuers.c:549;src/game/render_enqueuers.c:550;src/game/render_enqueuers.c:551;src/game/render_enqueuers.c:552;src/game/render_enqueuers.c:553;src/game/render_enqueuers.c:554;src/game/render_enqueuers.c:555;src/game/render_enqueuers.c:556;src/game/render_enqueuers.c:560;src/game/render_enqueuers.c:562;src/game/render_enqueuers.c:712;src/game/render_enqueuers.c:713;src/game/render_enqueuers.c:714;src/game/render_enqueuers.c:715;src/game/render_enqueuers.c:716;src/game/render_enqueuers.c:717;src/game/render_enqueuers.c:718;src/game/render_enqueuers.c:719;src/game/render_enqueuers.c:723;src/game/render_enqueuers.c:724;src/game/render_enqueuers.c:725;src/game/render_enqueuers.c:726;src/open/render_map.c:56;src/open/render_map.c:57;src/open/render_map.c:58;src/open/render_map.c:59;src/open/render_map.c:60;src/open/render_map.c:61;src/open/render_map.c:62;src/open/render_map.c:63;src/open/render_map.c:64;src/open/render_map.c:65;src/open/render_map.c:69;src/open/render_map.c:70;src/open/render_map.c:71;src/open/render_map.c:72;src/open/render_tmd.c:229;src/open/render_tmd.c:230;src/open/render_tmd.c:231;src/open/render_tmd.c:232;src/open/render_tmd.c:233;src/open/render_tmd.c:234;src/open/render_tmd.c:235;src/open/render_tmd.c:236;src/open/render_tmd.c:237;src/open/render_tmd.c:238;src/open/render_tmd.c:243;src/open/render_tmd.c:244;src/open/render_tmd.c:246	Nested record/union or record array; project-owned child fields are separately listed. SDK children retain their SDK declarations.
include/kf/item.h:131	KfFloorItemPlacement	base_sprite_index	u16	numeric		include/kf/item.h:131;src/game/item.c:54;src/game/item.c:60;src/game/item.c:64;src/game/item.c:75;src/open/item.c:15;src/open/item.c:21;src/open/item.c:25;src/open/item.c:37	first sprite descriptor index; 0xffff terminates the placement stream
include/kf/item.h:132	KfFloorItemPlacement	facing_and_frame_count	u8	packed_selector_candidate	F7	include/kf/item.h:132;src/game/item.c:65;src/open/item.c:26;docs/patterns/enum-field-review.md#f7	Serialized source of the runtime facing/count byte; retain the numeric count and expose the same typed facing subdomain.
include/kf/item.h:133	KfFloorItemPlacement	unknown_03	u8	unresolved		include/kf/item.h:133;src/game/item.c:66;src/open/item.c:27	Copied to runtime +3 in GAME and OPEN; source pointer is placement+10, load displacement -7. Reviewed values include 8,28,32,64; values alone do not establish flags, scale or units.
include/kf/item.h:134	KfFloorItemPlacement	tile_z	u8	numeric		include/kf/item.h:134;src/game/item.c:68;src/game/item.c:69;src/open/item.c:29;src/open/item.c:31	map tile z (floor-height grid row)
include/kf/item.h:135	KfFloorItemPlacement	tile_x	u8	numeric		include/kf/item.h:135;src/game/item.c:67;src/game/item.c:69;src/open/item.c:28;src/open/item.c:31	map tile x (floor-height grid column)
include/kf/item.h:136	KfFloorItemPlacement	local_z	s16	numeric		include/kf/item.h:136;src/game/item.c:68;src/open/item.c:29	offset within the tile
include/kf/item.h:137	KfFloorItemPlacement	local_x	s16	numeric		include/kf/item.h:137;src/game/item.c:67;src/open/item.c:28	offset within the tile
include/kf/item.h:138	KfFloorItemPlacement	local_y	s16	numeric		include/kf/item.h:138;src/game/item.c:70;src/open/item.c:32	height offset above the floor height grid
include/kf/item.h:142	KfFloorItem	base_sprite_index	u16	numeric		include/kf/item.h:142;src/game/entity_render.c:93;src/game/item.c:64;src/open/entity_render.c:141;src/open/item.c:25	first sprite descriptor index; animation_frame is added by rendering
include/kf/item.h:143	KfFloorItem	facing_and_frame_count	u8	packed_selector_candidate	F7	include/kf/item.h:143;src/game/entity_render.c:79;src/game/entity_render.c:96;src/game/item.c:65;src/game/item.c:72;src/open/entity_render.c:127;src/open/entity_render.c:143;src/open/item.c:26;src/open/item.c:34;docs/patterns/enum-field-review.md#f7	High nibble selects billboard or biased quarter-turn facing; low nibble is frame count. A facing domain can be decoded without converting the whole byte to an enum.
include/kf/item.h:144	KfFloorItem	unknown_03	u8	unresolved		include/kf/item.h:144;src/game/item.c:66;src/open/item.c:27	Copied unchanged from placement +3: GAME load/store 0x80020bf4/0x80020bfc; OPEN 0x8001988c/0x80019894. Runtime base is biased by +20; no behavioral consumer established.
include/kf/item.h:145	KfFloorItem	position_x	s32	numeric		include/kf/item.h:145;src/game/entity_render.c:75;src/game/item.c:67;src/game/render_scene.c:107;src/open/entity_render.c:123;src/open/entity_render.c:194;src/open/item.c:28	world x = tile_x*2000 + local_x
include/kf/item.h:146	KfFloorItem	position_y	s32	numeric		include/kf/item.h:146;src/game/entity_render.c:76;src/game/item.c:70;src/open/entity_render.c:124;src/open/item.c:32	world y = local_y - floor_height*100
include/kf/item.h:147	KfFloorItem	position_z	s32	numeric		include/kf/item.h:147;src/game/entity_render.c:77;src/game/item.c:68;src/game/render_scene.c:104;src/open/entity_render.c:125;src/open/entity_render.c:192;src/open/item.c:29	world z = tile_z*2000 + local_z
include/kf/item.h:148	KfFloorItem	unknown_10	u8[4]	unresolved		include/kf/item.h:148	not written by the loader
include/kf/item.h:149	KfFloorItem	animation_frame	u8	numeric		include/kf/item.h:149;src/game/entity_render.c:93;src/game/entity_render.c:95;src/game/entity_render.c:97;src/game/entity_render.c:99;src/game/item.c:71;src/open/entity_render.c:141;src/open/entity_render.c:142;src/open/entity_render.c:144;src/open/entity_render.c:146;src/open/item.c:33	randomized by the loader, advanced once per render, and wrapped against the packed field's low nibble
include/kf/item.h:150	KfFloorItem	unknown_15	u8[3]	unresolved		include/kf/item.h:150	not written by the loader
include/kf/magic.h:42	KfMagicRecord	learned	KfMagicLearningState	typed_enum		include/kf/magic.h:42;src/game/map_scripts.c:173;src/game/map_scripts.c:174;src/game/map_scripts.c:175;src/game/map_scripts.c:274;src/game/map_scripts.c:275;src/game/map_scripts.c:281;src/game/map_scripts.c:282;src/game/map_scripts.c:420;src/game/menu_panels.c:47;src/game/menu_select.c:243;src/game/player_death.c:358;src/game/player_death.c:359;src/game/player_death.c:362;src/game/player_death.c:363;src/game/player_death.c:366;src/game/player_death.c:367;src/game/player_update.c:395;src/game/save_system.c:380;src/game/save_system.c:631	Same enum type is already enforced by the strict C++ view; this verdict does not certify completeness of its enumerator list.
include/kf/magic.h:43	KfMagicRecord	charge_rate	u8	numeric		include/kf/magic.h:43;src/game/player_update.c:373	fixed6_ratio_step span while charging magic
include/kf/magic.h:44	KfMagicRecord	sounds	SoundRef[2]	aggregate		include/kf/magic.h:44;src/game/effect_dispatch.c:166;src/game/effect_dispatch.c:242;src/game/effect_dispatch.c:309;src/game/effect_dispatch.c:337;src/game/effect_dispatch.c:374;src/game/effect_dispatch.c:585;src/game/effect_pool.c:81;src/game/effect_pool.c:92;src/game/effect_pool.c:112;src/game/effect_pool.c:132;src/game/effect_pool.c:168;src/game/effect_pool.c:191;src/game/effect_pool.c:205;src/game/effect_pool.c:215;src/game/effect_pool.c:225;src/game/effect_pool.c:260;src/game/effect_pool.c:271;src/game/effect_pool.c:322;src/game/effect_pool.c:346;src/game/effect_pool.c:358;src/game/effect_pool.c:377;src/game/effect_pool.c:393;src/game/effect_update.c:86;src/game/effect_update.c:151	Nested record/union or record array; project-owned child fields are separately listed. SDK children retain their SDK declarations.
include/kf/magic.h:45	KfMagicRecord	damage_components	u16[4]	numeric		include/kf/magic.h:45;src/game/effect_dispatch.c:172;src/game/effect_dispatch.c:173;src/game/effect_dispatch.c:174;src/game/effect_dispatch.c:179;src/game/effect_dispatch.c:180;src/game/effect_dispatch.c:189;src/game/effect_dispatch.c:190;src/game/effect_dispatch.c:191;src/game/effect_dispatch.c:204;src/game/effect_dispatch.c:205;src/game/effect_dispatch.c:419;src/game/effect_dispatch.c:465;src/game/effect_dispatch.c:466;src/game/effect_dispatch.c:470;src/game/effect_dispatch.c:471;src/game/effect_dispatch.c:612;src/game/effect_dispatch.c:613;src/game/effect_dispatch.c:616;src/game/effect_dispatch.c:617;src/game/effect_dispatch.c:685;src/game/effect_dispatch.c:686;src/game/effect_dispatch.c:690;src/game/effect_dispatch.c:691;src/game/effect_update.c:73;src/game/effect_update.c:74;src/game/effect_update.c:77;src/game/effect_update.c:78;src/game/effect_update.c:139;src/game/effect_update.c:140;src/game/effect_update.c:143;src/game/effect_update.c:144	four magic damage components, permuted by effect kind
include/kf/magic.h:46	KfMagicRecord	mp_cost	u16	numeric		include/kf/magic.h:46;src/game/menu_panels.c:141;src/game/menu_panels.c:143;src/game/player_update.c:358;src/game/player_update.c:360;src/game/player_update.c:426;src/game/player_update.c:428	compared with and subtracted from vitals.current_mp when casting
include/kf/magic.h:47	KfMagicRecord	unknown_12	u8[2]	unresolved		include/kf/magic.h:47	meaning unresolved
include/kf/magic.h:52	KfMagicTable	entries	KfMagicRecord[24]	aggregate		include/kf/magic.h:52;src/game/effect_dispatch.c:374;src/game/effect_dispatch.c:585;src/game/effect_dispatch.c:609;src/game/effect_pool.c:71;src/game/effect_pool.c:112;src/game/effect_pool.c:132;src/game/effect_pool.c:322;src/game/effect_pool.c:346;src/game/effect_pool.c:358;src/game/effect_pool.c:377;src/game/effect_pool.c:393;src/game/effect_pool.c:445;src/game/map_scripts.c:173;src/game/map_scripts.c:174;src/game/map_scripts.c:175;src/game/map_scripts.c:274;src/game/map_scripts.c:275;src/game/map_scripts.c:281;src/game/map_scripts.c:282;src/game/map_scripts.c:420;src/game/menu_panels.c:47;src/game/menu_panels.c:141;src/game/menu_panels.c:143;src/game/menu_select.c:243;src/game/player_death.c:358;src/game/player_death.c:359;src/game/player_death.c:362;src/game/player_death.c:363;src/game/player_death.c:366;src/game/player_death.c:367;src/game/player_death.c:612;src/game/player_update.c:391;src/game/player_update.c:395;src/game/player_update.c:399;src/game/player_update.c:408;src/game/player_update.c:417;src/game/save_system.c:380;src/game/save_system.c:631	Nested record/union or record array; project-owned child fields are separately listed. SDK children retain their SDK declarations.
include/kf/magic.h:53	KfMagicTable	words	u32[120]	encoded_storage		include/kf/magic.h:53;src/game/magic.c:39;src/game/magic.c:40	Packed/aligned copy or address view of an owning object; type semantic members separately.
include/kf/map_data.h:57	KfMapGrid	cells	u8[100][100]	mixed_domain_candidate	F5	include/kf/map_data.h:57;src/game/actor.c:765;src/game/actor_behavior.c:1057;src/game/collision_grid.c:61;src/game/effect_dispatch.c:247;src/game/effect_dispatch.c:346;src/game/effect_dispatch.c:427;src/game/effect_map_collision.c:35;src/game/effect_map_collision.c:39;src/game/effect_update.c:201;src/game/effect_update.c:280;src/game/game.c:74;src/game/item.c:69;src/game/magic.c:99;src/game/magic.c:159;src/game/map_event.c:76;src/game/map_load.c:104;src/game/map_load.c:123;src/game/map_object.c:362;src/game/map_object.c:383;src/game/map_object.c:395;src/game/map_object_pool.c:55;src/game/map_object_pool.c:56;src/game/map_object_pool.c:57;src/game/map_object_pool.c:58;src/game/map_object_pool.c:62;src/game/map_object_pool.c:226;src/game/map_scripts.c:336;src/game/map_scripts.c:497;src/game/player_core.c:254;src/game/player_core.c:396;src/game/player_core.c:403;src/game/player_core.c:517;src/game/player_core.c:521;src/game/player_core.c:527;src/game/player_update.c:603;src/game/render_map_cells.c:53;src/game/render_map_cells.c:81;src/open/item.c:31;src/open/opening_entity_pool.c:74;src/open/render_map_cells.c:18;src/open/render_map_cells.c:30;docs/patterns/enum-field-review.md#f5	This layout is shared by numeric floor heights, occupancy count/flags and semantic map-attribute IDs. Only map_cell_attribute_grid should acquire a dedicated typed view.
include/kf/map_data.h:58	KfMapGrid	bytes	u8[10000]	mixed_domain_candidate	F5	include/kf/map_data.h:58;src/game/collision.c:78;src/game/collision.c:88;src/game/collision_grid.c:10;docs/patterns/enum-field-review.md#f5	Linear alias of the same mixed-purpose layout; attribute callers compare named pitfall/warp/hidden-door/missing IDs and also index mesh/height tables.
include/kf/map_data.h:59	KfMapGrid	words	u32[2500]	encoded_storage		include/kf/map_data.h:59;src/game/resources.c:173;src/game/resources.c:177;src/game/resources.c:181;src/open/resources.c:168;src/open/resources.c:172;src/open/resources.c:176	Packed/aligned copy or address view of an owning object; type semantic members separately.
include/kf/map_data.h:64	KfMapCollisionGrid	cells	KfMapCellKind[100][100]	typed_enum		include/kf/map_data.h:64;src/game/effect_map_collision.c:80;src/game/effect_map_collision.c:82;src/game/effect_map_collision.c:83;src/game/effect_map_collision.c:85;src/game/effect_map_collision.c:86;src/game/effect_map_collision.c:88;src/game/effect_map_collision.c:89;src/game/effect_map_collision.c:91;src/game/effect_map_collision.c:92;src/game/map_object_pool.c:60;src/game/map_object_pool.c:61;src/game/map_object_pool.c:84;src/game/map_object_pool.c:99;src/game/map_object_pool.c:104;src/game/map_object_pool.c:105;src/game/map_object_pool.c:108;src/game/map_object_pool.c:109;src/game/map_object_pool.c:112;src/game/map_object_pool.c:113;src/game/map_object_pool.c:116;src/game/map_object_pool.c:117;src/game/player_core.c:395;src/game/player_core.c:402;src/game/player_core.c:408;src/game/player_core.c:441;src/game/player_core.c:448;src/game/player_core.c:486	Same enum type is already enforced by the strict C++ view; this verdict does not certify completeness of its enumerator list.
include/kf/map_data.h:65	KfMapCollisionGrid	bytes	KfMapCellKind[10000]	typed_enum		include/kf/map_data.h:65;src/game/collision.c:67;src/game/collision_grid.c:12	Same enum type is already enforced by the strict C++ view; this verdict does not certify completeness of its enumerator list.
include/kf/map_data.h:66	KfMapCollisionGrid	words	u32[2500]	encoded_storage		include/kf/map_data.h:66;src/game/resources.c:183;src/open/resources.c:178	Packed/aligned copy or address view of an owning object; type semantic members separately.
include/kf/map_data.h:70	KfMapOrientationGrid	cells	KfMapOrientation[100][100]	typed_enum		include/kf/map_data.h:70;src/game/effect_map_collision.c:51;src/game/map_object_pool.c:59;src/game/render_map_cells.c:77;src/open/render_map_cells.c:26	Same enum type is already enforced by the strict C++ view; this verdict does not certify completeness of its enumerator list.
include/kf/map_data.h:71	KfMapOrientationGrid	bytes	KfMapOrientation[10000]	typed_enum		include/kf/map_data.h:71;src/game/collision_grid.c:13	Same enum type is already enforced by the strict C++ view; this verdict does not certify completeness of its enumerator list.
include/kf/map_data.h:72	KfMapOrientationGrid	words	u32[2500]	encoded_storage		include/kf/map_data.h:72;src/game/resources.c:179;src/open/resources.c:174	Packed/aligned copy or address view of an owning object; type semantic members separately.
include/kf/memory.h:22	KfMemoryAllocationState	cursor	u8 *	pointer		include/kf/memory.h:22;src/game/memory.c:45;src/game/memory.c:58;src/game/memory.c:59;src/game/memory.c:63;src/game/memory.c:88;src/game/memory.c:115;src/game/memory.c:118;src/game/resources.c:85;src/game/resources.c:195;src/open/opening_controller.c:75;src/open/resources.c:186;src/open/resources.c:212;src/open/resources.c:224;src/open/resources.c:249;src/open/resources.c:291	Address or pointer table; not a finite selector.
include/kf/memory.h:23	KfMemoryAllocationState	stack	u32[17]	encoded_storage		include/kf/memory.h:23;src/game/memory.c:44;src/game/memory.c:101;src/game/memory.c:102;src/game/memory.c:103;src/game/memory.c:110;src/game/memory.c:113;src/game/memory.c:114;src/open/opening_controller.c:74	Packed/aligned copy or address view of an owning object; type semantic members separately.
include/kf/memory.h:27	KfMemoryArena	start	u8 *	pointer		include/kf/memory.h:27;src/game/memory.c:45;src/game/memory.c:53;src/game/memory.c:58;src/open/opening_controller.c:76	Address or pointer table; not a finite selector.
include/kf/memory.h:28	KfMemoryArena	end	u8 *	pointer		include/kf/memory.h:28;src/game/memory.c:54;src/game/memory.c:59;src/game/memory.c:71	Address or pointer table; not a finite selector.
include/kf/memory.h:29	KfMemoryArena	allocation	KfMemoryAllocationState	aggregate		include/kf/memory.h:29;src/game/memory.c:44;src/game/memory.c:45;src/game/memory.c:58;src/game/memory.c:59;src/game/memory.c:63;src/game/memory.c:88;src/game/memory.c:101;src/game/memory.c:102;src/game/memory.c:103;src/game/memory.c:110;src/game/memory.c:113;src/game/memory.c:114;src/game/memory.c:115;src/game/memory.c:118;src/game/resources.c:85;src/game/resources.c:195;src/open/opening_controller.c:59;src/open/opening_controller.c:76;src/open/resources.c:186;src/open/resources.c:212;src/open/resources.c:224;src/open/resources.c:249;src/open/resources.c:291	Nested record/union or record array; project-owned child fields are separately listed. SDK children retain their SDK declarations.
include/kf/notify.h:28	KfNotificationSprite	active	KfNotificationSpriteState	typed_enum		include/kf/notify.h:28;src/game/notify_queue.c:141;src/game/notify_queue.c:142;src/game/notify_queue.c:150;src/game/notify_queue.c:153;src/game/notify_queue.c:156;src/game/notify_queue.c:159;src/game/notify_queue.c:163;src/game/notify_queue.c:168;src/game/notify_queue.c:169;src/game/notify_queue.c:170;src/game/notify_queue.c:171;src/game/notify_queue.c:172;src/game/notify_queue.c:189;src/game/notify_queue.c:190;src/game/notify_queue.c:191;src/game/notify_queue.c:192;src/game/notify_queue.c:193;src/game/notify_queue.c:194;src/game/render_frame.c:136;src/game/render_frame.c:139;src/game/render_frame.c:146	Same enum type is already enforced by the strict C++ view; this verdict does not certify completeness of its enumerator list.
include/kf/notify.h:29	KfNotificationSprite	unknown_01	u8	unresolved		include/kf/notify.h:29	unread byte before the sprite descriptor
include/kf/notify.h:30	KfNotificationSprite	sprite	KfSpriteQuad	aggregate		include/kf/notify.h:30;src/game/notify_queue.c:143;src/game/notify_queue.c:145;src/game/notify_queue.c:152;src/game/notify_queue.c:155;src/game/notify_queue.c:158;src/game/notify_queue.c:161;src/game/notify_queue.c:164;src/game/notify_queue.c:166;src/game/render_frame.c:137;src/game/render_frame.c:140;src/game/render_frame.c:147	Nested record/union or record array; project-owned child fields are separately listed. SDK children retain their SDK declarations.
include/kf/notify.h:38	KfNotificationDigitBuffer	formatted	s16[12]	encoded_content		include/kf/notify.h:38;src/game/notify_queue.c:149	Glyph, text, image or signature content; not a game selector.
include/kf/notify.h:39	KfNotificationDigitBuffer	values	u16[12]	encoded_content		include/kf/notify.h:39;src/game/notify_queue.c:152;src/game/notify_queue.c:155;src/game/notify_queue.c:158;src/game/notify_queue.c:161	Glyph, text, image or signature content; not a game selector.
include/kf/notify.h:44	KfNotificationControl	queue_tail	u8	numeric		include/kf/notify.h:44;src/game/notify_queue.c:21;src/game/notify_queue.c:95;src/game/notify_queue.c:97;src/game/notify_queue.c:98;src/game/notify_queue.c:99;src/game/notify_queue.c:130;src/game/render.c:256	read cursor, advanced modulo eight after the effect finishes
include/kf/notify.h:45	KfNotificationControl	queue_head	u8	numeric		include/kf/notify.h:45;src/game/notify_queue.c:23;src/game/notify_queue.c:64;src/game/render.c:257	write cursor, advanced modulo eight after an enqueue
include/kf/notify.h:46	KfNotificationControl	effect_phase	KfNotificationPhase	typed_enum		include/kf/notify.h:46;src/game/map_scripts.c:516;src/game/map_scripts.c:770;src/game/notify_queue.c:25;src/game/notify_queue.c:101;src/game/notify_queue.c:126;src/game/render.c:255	Same enum type is already enforced by the strict C++ view; this verdict does not certify completeness of its enumerator list.
include/kf/notify.h:47	KfNotificationControl	hold_frames	u8	numeric		include/kf/notify.h:47;src/game/notify_queue.c:27;src/game/notify_queue.c:137;src/game/notify_queue.c:177;src/game/notify_queue.c:178	countdown seeded with fifteen frames
include/kf/notify.h:48	KfNotificationControl	effect_angle_x	u16	numeric		include/kf/notify.h:48;src/game/notify_queue.c:29;src/game/notify_queue.c:136;src/game/notify_queue.c:185;src/game/notify_queue.c:186;src/game/notify_queue.c:188;src/game/render_frame.c:128	notification sprite X rotation advanced by 128 up to 512
include/kf/notify.h:53	KfNotificationState	message_payloads	u16[8]	numeric		include/kf/notify.h:53;src/game/notify_queue.c:68;src/game/notify_queue.c:148	parallel numeric payloads used only by message 0x13
include/kf/notify.h:54	KfNotificationState	control	KfNotificationControl	aggregate		include/kf/notify.h:54;src/game/map_scripts.c:516;src/game/map_scripts.c:770;src/game/notify_queue.c:19;src/game/notify_queue.c:64;src/game/notify_queue.c:94;src/game/notify_queue.c:95;src/game/notify_queue.c:126;src/game/notify_queue.c:130;src/game/notify_queue.c:136;src/game/notify_queue.c:137;src/game/notify_queue.c:177;src/game/notify_queue.c:178;src/game/notify_queue.c:185;src/game/notify_queue.c:186;src/game/notify_queue.c:188;src/game/render.c:255;src/game/render.c:256;src/game/render.c:257;src/game/render_frame.c:128	Nested record/union or record array; project-owned child fields are separately listed. SDK children retain their SDK declarations.
include/kf/open_render.h:29	KfDisplayStateOpen	buffer_index	KfDisplayBuffer	typed_enum		include/kf/open_render.h:29;src/open/display_adjust.c:19;src/open/display_adjust.c:22;src/open/display_adjust.c:23;src/open/display_adjust.c:24;src/open/display_adjust.c:25;src/open/display_adjust.c:55;src/open/render.c:22;src/open/render.c:23;src/open/render.c:24;src/open/render.c:37;src/open/render.c:38;src/open/render_init.c:51	Same enum type is already enforced by the strict C++ view; this verdict does not certify completeness of its enumerator list.
include/kf/open_render.h:30	KfDisplayStateOpen	unknown_01	u8[3]	unresolved		include/kf/open_render.h:30	member of the display_state aggregate
include/kf/open_render.h:31	KfDisplayStateOpen	asset_load_buffer	void *	pointer		include/kf/open_render.h:31;src/open/opening_controller.c:50;src/open/opening_controller.c:55;src/open/render_init.c:54	Address or pointer table; not a finite selector.
include/kf/open_render.h:32	KfDisplayStateOpen	primitive_buffers	KfPrimitiveBuffer[2]	aggregate		include/kf/open_render.h:32;src/open/render.c:23;src/open/render_init.c:55;src/open/render_init.c:57;src/open/render_init.c:58;src/open/render_init.c:60	Nested record/union or record array; project-owned child fields are separately listed. SDK children retain their SDK declarations.
include/kf/open_render.h:33	KfDisplayStateOpen	primitive_buffer	KfPrimitiveBuffer *	pointer		include/kf/open_render.h:33;src/open/opening_render.c:23;src/open/opening_render.c:25;src/open/opening_scenes.c:278;src/open/opening_scenes.c:279;src/open/opening_scenes.c:280;src/open/opening_scenes.c:281;src/open/render.c:23;src/open/render.c:26;src/open/render_init.c:171;src/open/render_init.c:173;src/open/render_init.c:174;src/open/render_init.c:175;src/open/sprite_add_ft4.c:8;src/open/sprite_add_ft4.c:10;src/open/sprite_add_ft4.c:42;src/open/sprite_add_ft4.c:44	Address or pointer table; not a finite selector.
include/kf/open_render.h:34	KfDisplayStateOpen	ordering_tables	KfOrderingTable[2]	aggregate		include/kf/open_render.h:34;src/open/render.c:24	Nested record/union or record array; project-owned child fields are separately listed. SDK children retain their SDK declarations.
include/kf/open_render.h:39	KfTmdStateOpen	slots	KfTmdHeader *[2]	pointer		include/kf/open_render.h:39;src/open/render.c:45;src/open/render.c:213	Address or pointer table; not a finite selector.
include/kf/open_render.h:40	KfTmdStateOpen	current_asset	KfTmdHeader *	pointer		include/kf/open_render.h:40;src/open/render.c:45;src/open/render.c:51;src/open/render.c:64;src/open/render.c:107;src/open/render.c:109;src/open/render.c:115;src/open/render.c:213;src/open/render_map.c:22;src/open/render_map.c:34;src/open/render_tmd.c:20;src/open/render_tmd.c:22;src/open/render_unlit.c:10	Address or pointer table; not a finite selector.
include/kf/open_render.h:45	KfRenderStateOpen	view_matrix	MATRIX	aggregate		include/kf/open_render.h:45;src/open/entity_render.c:48;src/open/entity_render.c:49;src/open/entity_render.c:61;src/open/entity_render.c:121;src/open/entity_render.c:122;src/open/entity_render.c:132;src/open/render.c:82;src/open/render_map_cells.c:44;src/open/render_map_cells.c:45;src/open/render_map_cells.c:48	Nested record/union or record array; project-owned child fields are separately listed. SDK children retain their SDK declarations.
include/kf/open_render.h:46	KfRenderStateOpen	pitch_matrix	MATRIX	aggregate		include/kf/open_render.h:46;src/open/entity_render.c:136;src/open/render.c:86	Nested record/union or record array; project-owned child fields are separately listed. SDK children retain their SDK declarations.
include/kf/open_render.h:47	KfRenderStateOpen	light_matrix	MATRIX	aggregate		include/kf/open_render.h:47;src/open/entity_render.c:60;src/open/opening_scenes.c:718;src/open/render_init.c:72;src/open/render_init.c:73;src/open/render_init.c:74;src/open/render_init.c:75;src/open/render_init.c:76;src/open/render_init.c:77;src/open/render_init.c:78;src/open/render_init.c:79;src/open/render_init.c:80;src/open/render_init.c:82;src/open/render_init.c:86;src/open/render_init.c:90;src/open/render_init.c:94	Nested record/union or record array; project-owned child fields are separately listed. SDK children retain their SDK declarations.
include/kf/open_render.h:48	KfRenderStateOpen	fog_near_distance	s32	numeric		include/kf/open_render.h:48;src/open/matrix.c:58;src/open/matrix.c:65;src/open/render_init.c:162	member of the render_state aggregate
include/kf/open_render.h:49	KfRenderStateOpen	view_position	VECTOR	aggregate		include/kf/open_render.h:49;src/open/entity_render.c:50;src/open/entity_render.c:51;src/open/entity_render.c:52;src/open/entity_render.c:123;src/open/entity_render.c:124;src/open/entity_render.c:125;src/open/render.c:75;src/open/render.c:76;src/open/render.c:77;src/open/render_map_cells.c:30	Nested record/union or record array; project-owned child fields are separately listed. SDK children retain their SDK declarations.
include/kf/open_render.h:50	KfRenderStateOpen	view_rotation	SVECTOR	aggregate		include/kf/open_render.h:50;src/open/render.c:80;src/open/render.c:82;src/open/render.c:85;src/open/render_map_cells.c:69	Nested record/union or record array; project-owned child fields are separately listed. SDK children retain their SDK declarations.
include/kf/open_render.h:51	KfRenderStateOpen	view_cell	struct KfVecXZs	aggregate		include/kf/open_render.h:51;src/open/entity_render.c:154;src/open/entity_render.c:155;src/open/render.c:76;src/open/render.c:77;src/open/render_map_cells.c:72;src/open/render_map_cells.c:73	Nested record/union or record array; project-owned child fields are separately listed. SDK children retain their SDK declarations.
include/kf/open_render.h:52	KfRenderStateOpen	quadrant_matrices	MATRIX[4]	aggregate		include/kf/open_render.h:52;src/open/render_init.c:65;src/open/render_init.c:67;src/open/render_init.c:69;src/open/render_init.c:71;src/open/render_init.c:83;src/open/render_init.c:87;src/open/render_init.c:91;src/open/render_init.c:95;src/open/render_map_cells.c:49	Nested record/union or record array; project-owned child fields are separately listed. SDK children retain their SDK declarations.
include/kf/open_render.h:57	KfSpriteMaterial	clut	u16	packed_gpu		include/kf/open_render.h:57;src/open/entity_render.c:186;src/open/render_sprite.c:36	GPU texture/color/address/coordinate encoding; numeric components and independent mode bits share storage.
include/kf/open_render.h:58	KfSpriteMaterial	tpage	u16	packed_gpu		include/kf/open_render.h:58;src/open/entity_render.c:182;src/open/render_sprite.c:37	GPU texture/color/address/coordinate encoding; numeric components and independent mode bits share storage.
include/kf/open_render.h:59	KfSpriteMaterial	color	CVECTOR	aggregate		include/kf/open_render.h:59;src/open/entity_render.c:183;src/open/entity_render.c:184;src/open/opening_scenes.c:778;src/open/opening_scenes.c:779;src/open/opening_scenes.c:780;src/open/opening_scenes.c:860;src/open/opening_scenes.c:861;src/open/opening_scenes.c:862;src/open/opening_scenes.c:863;src/open/opening_scenes.c:864;src/open/opening_scenes.c:865;src/open/render_sprite.c:47;src/open/render_sprite.c:51;src/open/render_unlit.c:54;src/open/render_unlit.c:55;src/open/render_unlit.c:56	Nested record/union or record array; project-owned child fields are separately listed. SDK children retain their SDK declarations.
include/kf/open_render.h:64	KfFloorItemStateOpen	material	KfSpriteMaterial	aggregate		include/kf/open_render.h:64;src/open/entity_render.c:182;src/open/entity_render.c:183;src/open/entity_render.c:184;src/open/entity_render.c:186;src/open/opening_scenes.c:778;src/open/opening_scenes.c:779;src/open/opening_scenes.c:780;src/open/opening_scenes.c:860;src/open/opening_scenes.c:861;src/open/opening_scenes.c:862;src/open/opening_scenes.c:863;src/open/opening_scenes.c:864;src/open/opening_scenes.c:865;src/open/render_sprite.c:36;src/open/render_sprite.c:37;src/open/render_sprite.c:47;src/open/render_sprite.c:51;src/open/render_unlit.c:54;src/open/render_unlit.c:55;src/open/render_unlit.c:56	Nested record/union or record array; project-owned child fields are separately listed. SDK children retain their SDK declarations.
include/kf/open_render.h:65	KfFloorItemStateOpen	unknown_08	u8[6]	unresolved		include/kf/open_render.h:65	unresolved bytes between the material and floor-item texture selectors
include/kf/open_render.h:66	KfFloorItemStateOpen	texture_clut	u16	packed_gpu		include/kf/open_render.h:66;src/open/entity_render.c:186;src/open/render_init.c:100	GPU texture/color/address/coordinate encoding; numeric components and independent mode bits share storage.
include/kf/open_render.h:67	KfFloorItemStateOpen	texture_tpage	u16	packed_gpu		include/kf/open_render.h:67;src/open/entity_render.c:185;src/open/render_init.c:97	GPU texture/color/address/coordinate encoding; numeric components and independent mode bits share storage.
include/kf/open_render.h:68	KfFloorItemStateOpen	count	u16	numeric		include/kf/open_render.h:68;src/open/entity_render.c:188;src/open/item.c:13;src/open/item.c:16;src/open/render_init.c:61	number of loaded floor-item placements; traversal narrows count-minus-one to s16
include/kf/open_render.h:69	KfFloorItemStateOpen	unknown_14	u8[4]	unresolved		include/kf/open_render.h:69	unresolved bytes before the runtime record pool
include/kf/open_render.h:70	KfFloorItemStateOpen	items	KfFloorItem[64]	aggregate		include/kf/open_render.h:70;src/open/entity_render.c:187;src/open/item.c:19	Nested record/union or record array; project-owned child fields are separately listed. SDK children retain their SDK declarations.
include/kf/open_render.h:75	KfGraphicsRuntimeOpen	display_state	KfDisplayStateOpen	aggregate		include/kf/open_render.h:75;src/open/display_adjust.c:19;src/open/display_adjust.c:22;src/open/display_adjust.c:23;src/open/display_adjust.c:24;src/open/display_adjust.c:25;src/open/display_adjust.c:55;src/open/opening_controller.c:50;src/open/opening_controller.c:55;src/open/opening_render.c:23;src/open/opening_render.c:25;src/open/opening_scenes.c:278;src/open/opening_scenes.c:279;src/open/opening_scenes.c:280;src/open/opening_scenes.c:281;src/open/render.c:22;src/open/render.c:23;src/open/render.c:24;src/open/render.c:26;src/open/render.c:37;src/open/render.c:38;src/open/render_init.c:51;src/open/render_init.c:54;src/open/render_init.c:55;src/open/render_init.c:57;src/open/render_init.c:58;src/open/render_init.c:60;src/open/render_init.c:171;src/open/render_init.c:173;src/open/render_init.c:174;src/open/render_init.c:175;src/open/sprite_add_ft4.c:8;src/open/sprite_add_ft4.c:10;src/open/sprite_add_ft4.c:42;src/open/sprite_add_ft4.c:44	Nested record/union or record array; project-owned child fields are separately listed. SDK children retain their SDK declarations.
include/kf/open_render.h:76	KfGraphicsRuntimeOpen	ordering_table	u32 *	pointer		include/kf/open_render.h:76;src/open/opening_render.c:47;src/open/opening_scenes.c:335;src/open/render.c:24;src/open/render.c:25;src/open/render.c:39;src/open/render_map.c:78;src/open/render_map.c:113;src/open/render_sprite.c:55;src/open/render_tmd.c:73;src/open/render_tmd.c:105;src/open/render_tmd.c:137;src/open/render_tmd.c:173;src/open/render_tmd.c:211;src/open/render_tmd.c:254;src/open/render_tmd.c:287;src/open/render_tmd.c:326;src/open/render_tmd.c:356;src/open/render_tmd.c:394;src/open/render_tmd.c:425;src/open/render_tmd.c:458;src/open/render_unlit.c:93;src/open/sprite_add_ft4.c:34;src/open/sprite_add_ft4.c:58	Address or pointer table; not a finite selector.
include/kf/open_render.h:77	KfGraphicsRuntimeOpen	display_draw_environments	DRAWENV[2]	aggregate		include/kf/open_render.h:77;src/open/display_adjust.c:17;src/open/display_adjust.c:18;src/open/display_adjust.c:23;src/open/display_adjust.c:24;src/open/display_adjust.c:55;src/open/display_adjust.c:56;src/open/display_adjust.c:57;src/open/opening_scenes.c:640;src/open/opening_scenes.c:645;src/open/opening_scenes.c:677;src/open/opening_scenes.c:680;src/open/render.c:37;src/open/render_init.c:109;src/open/render_init.c:120;src/open/render_init.c:129;src/open/render_init.c:137;src/open/render_init.c:138;src/open/render_init.c:139;src/open/render_init.c:140;src/open/render_init.c:141;src/open/render_init.c:142;src/open/render_init.c:143;src/open/render_init.c:144;src/open/render_init.c:145	Nested record/union or record array; project-owned child fields are separately listed. SDK children retain their SDK declarations.
include/kf/open_render.h:78	KfGraphicsRuntimeOpen	display_disp_environments	DISPENV[2]	aggregate		include/kf/open_render.h:78;src/open/display_adjust.c:22;src/open/display_adjust.c:25;src/open/render.c:38;src/open/render_init.c:123;src/open/render_init.c:135;src/open/render_init.c:148	Nested record/union or record array; project-owned child fields are separately listed. SDK children retain their SDK declarations.
include/kf/open_render.h:79	KfGraphicsRuntimeOpen	unknown_20108	u8[8]	unresolved		include/kf/open_render.h:79	unclassified interval within the independently cleared region
include/kf/open_render.h:80	KfGraphicsRuntimeOpen	tmd_state	KfTmdStateOpen	aggregate		include/kf/open_render.h:80;src/open/render.c:45;src/open/render.c:51;src/open/render.c:64;src/open/render.c:107;src/open/render.c:109;src/open/render.c:115;src/open/render.c:213;src/open/render_map.c:22;src/open/render_map.c:34;src/open/render_tmd.c:20;src/open/render_tmd.c:22;src/open/render_unlit.c:10	Nested record/union or record array; project-owned child fields are separately listed. SDK children retain their SDK declarations.
include/kf/open_render.h:81	KfGraphicsRuntimeOpen	unknown_2011c	u8[4]	unresolved		include/kf/open_render.h:81	unclassified interval within the independently cleared region
include/kf/open_render.h:82	KfGraphicsRuntimeOpen	current_tmd_vertices	KfPackedSVector *	pointer		include/kf/open_render.h:82;src/open/render.c:57;src/open/render.c:63;src/open/render.c:238;src/open/render.c:260;src/open/render.c:282;src/open/render.c:302	Address or pointer table; not a finite selector.
include/kf/open_render.h:83	KfGraphicsRuntimeOpen	unknown_20124	u8[20]	unresolved		include/kf/open_render.h:83	unclassified interval within the independently cleared region
include/kf/open_render.h:84	KfGraphicsRuntimeOpen	tmd_projected_vertices	KfScreenVertex[1000]	aggregate		include/kf/open_render.h:84;src/open/render.c:237;src/open/render.c:259;src/open/render.c:281;src/open/render.c:301;src/open/render_map.c:37;src/open/render_tmd.c:31;src/open/render_tmd.c:71;src/open/render_tmd.c:103;src/open/render_tmd.c:135;src/open/render_tmd.c:171;src/open/render_tmd.c:209;src/open/render_tmd.c:252;src/open/render_tmd.c:285;src/open/render_tmd.c:324;src/open/render_tmd.c:354;src/open/render_tmd.c:392;src/open/render_tmd.c:423;src/open/render_tmd.c:456;src/open/render_unlit.c:20;src/open/render_unlit.c:90	Nested record/union or record array; project-owned child fields are separately listed. SDK children retain their SDK declarations.
include/kf/open_render.h:85	KfGraphicsRuntimeOpen	unknown_22078	u8[8040]	unresolved		include/kf/open_render.h:85	unclassified interval within the independently cleared region
include/kf/open_render.h:86	KfGraphicsRuntimeOpen	floor_item_state	KfFloorItemStateOpen	aggregate		include/kf/open_render.h:86;src/open/entity_render.c:182;src/open/entity_render.c:183;src/open/entity_render.c:184;src/open/entity_render.c:185;src/open/entity_render.c:186;src/open/entity_render.c:187;src/open/entity_render.c:188;src/open/item.c:13;src/open/item.c:16;src/open/item.c:19;src/open/opening_scenes.c:778;src/open/opening_scenes.c:779;src/open/opening_scenes.c:780;src/open/opening_scenes.c:860;src/open/opening_scenes.c:861;src/open/opening_scenes.c:862;src/open/opening_scenes.c:863;src/open/opening_scenes.c:864;src/open/opening_scenes.c:865;src/open/render_init.c:61;src/open/render_init.c:97;src/open/render_init.c:100;src/open/render_sprite.c:36;src/open/render_sprite.c:37;src/open/render_sprite.c:47;src/open/render_sprite.c:51;src/open/render_unlit.c:54;src/open/render_unlit.c:55;src/open/render_unlit.c:56	Nested record/union or record array; project-owned child fields are separately listed. SDK children retain their SDK declarations.
include/kf/open_render.h:87	KfGraphicsRuntimeOpen	DAT_8006e040	u32	unresolved		include/kf/open_render.h:87;src/open/render.c:29	Current reconstructed code only clears this field; a zero store does not prove a closed selector domain.
include/kf/open_render.h:88	KfGraphicsRuntimeOpen	DAT_8006e044	u32	unresolved		include/kf/open_render.h:88;src/open/render.c:28	Current reconstructed code only clears this field; a zero store does not prove a closed selector domain.
include/kf/open_render.h:89	KfGraphicsRuntimeOpen	render_state	KfRenderStateOpen	aggregate		include/kf/open_render.h:89;src/open/entity_render.c:48;src/open/entity_render.c:49;src/open/entity_render.c:50;src/open/entity_render.c:51;src/open/entity_render.c:52;src/open/entity_render.c:60;src/open/entity_render.c:61;src/open/entity_render.c:121;src/open/entity_render.c:122;src/open/entity_render.c:123;src/open/entity_render.c:124;src/open/entity_render.c:125;src/open/entity_render.c:132;src/open/entity_render.c:136;src/open/entity_render.c:154;src/open/entity_render.c:155;src/open/matrix.c:58;src/open/matrix.c:65;src/open/opening_scenes.c:718;src/open/render.c:75;src/open/render.c:76;src/open/render.c:77;src/open/render.c:80;src/open/render.c:82;src/open/render.c:85;src/open/render.c:86;src/open/render_init.c:65;src/open/render_init.c:67;src/open/render_init.c:69;src/open/render_init.c:71;src/open/render_init.c:72;src/open/render_init.c:73;src/open/render_init.c:74;src/open/render_init.c:75;src/open/render_init.c:76;src/open/render_init.c:77;src/open/render_init.c:78;src/open/render_init.c:79;src/open/render_init.c:80;src/open/render_init.c:82;src/open/render_init.c:83;src/open/render_init.c:86;src/open/render_init.c:87;src/open/render_init.c:90;src/open/render_init.c:91;src/open/render_init.c:94;src/open/render_init.c:95;src/open/render_init.c:162;src/open/render_map_cells.c:30;src/open/render_map_cells.c:44;src/open/render_map_cells.c:45;src/open/render_map_cells.c:48;src/open/render_map_cells.c:49;src/open/render_map_cells.c:69;src/open/render_map_cells.c:72;src/open/render_map_cells.c:73	Nested record/union or record array; project-owned child fields are separately listed. SDK children retain their SDK declarations.
include/kf/open_render.h:90	KfGraphicsRuntimeOpen	light_quadrant_matrices	MATRIX[4]	aggregate		include/kf/open_render.h:90;src/open/render_init.c:84;src/open/render_init.c:88;src/open/render_init.c:92;src/open/render_init.c:96;src/open/render_map_cells.c:52	Nested record/union or record array; project-owned child fields are separately listed. SDK children retain their SDK declarations.
include/kf/open_render.h:91	KfGraphicsRuntimeOpen	active_cell_window	const KfCellWindow *	pointer		include/kf/open_render.h:91;src/open/entity_render.c:153;src/open/entity_render.c:167;src/open/entity_render.c:190;src/open/render_map_cells.c:67;src/open/render_map_cells.c:71;src/open/render_map_cells.c:72;src/open/render_map_cells.c:73;src/open/render_map_cells.c:76;src/open/render_map_cells.c:80;src/open/render_map_cells.c:90	Address or pointer table; not a finite selector.
include/kf/open_render.h:92	KfGraphicsRuntimeOpen	tmd_projection_shift	s16	numeric		include/kf/open_render.h:92;src/open/opening_scenes.c:773;src/open/render.c:241;src/open/render.c:263;src/open/render_init.c:164	Shift count applied to perspective values by left/right shift; quantitative projection scaling.
include/kf/open_render.h:93	KfGraphicsRuntimeOpen	unknown_24786	u8[2]	unresolved		include/kf/open_render.h:93	unclassified interval within the independently cleared region
include/kf/open_resources.h:34	KfOpeningEntity	object_id	KfOpeningModelId	typed_enum		include/kf/open_resources.h:34;src/open/entity_render.c:66;src/open/entity_render.c:68;src/open/entity_render.c:166;src/open/opening_entity_pool.c:16;src/open/opening_entity_pool.c:31;src/open/opening_entity_pool.c:33;src/open/opening_entity_pool.c:36;src/open/opening_entity_pool.c:56;src/open/opening_entity_pool.c:59;src/open/opening_render_entities.c:16;src/open/opening_scenes.c:410;src/open/opening_scenes.c:456;src/open/opening_scenes.c:763;src/open/opening_scenes.c:834;src/open/opening_scenes.c:836;src/open/opening_scenes.c:859	Same enum type is already enforced by the strict C++ view; this verdict does not certify completeness of its enumerator list.
include/kf/open_resources.h:35	KfOpeningEntity	unknown_01	u8	unresolved		include/kf/open_resources.h:35	meaning unresolved
include/kf/open_resources.h:36	KfOpeningEntity	cell_x	u16	numeric		include/kf/open_resources.h:36;src/open/entity_render.c:171;src/open/opening_entity_pool.c:60	map cell x copied from the placement record
include/kf/open_resources.h:37	KfOpeningEntity	cell_z	u16	numeric		include/kf/open_resources.h:37;src/open/entity_render.c:169;src/open/opening_entity_pool.c:61	map cell z copied from the placement record
include/kf/open_resources.h:38	KfOpeningEntity	unknown_06	u8[2]	unresolved		include/kf/open_resources.h:38	meaning unresolved
include/kf/open_resources.h:39	KfOpeningEntity	position	VECTOR	aggregate		include/kf/open_resources.h:39;src/open/entity_render.c:50;src/open/entity_render.c:51;src/open/entity_render.c:52;src/open/opening_entity_pool.c:65;src/open/opening_entity_pool.c:67;src/open/opening_entity_pool.c:73;src/open/opening_entity_pool.c:78;src/open/opening_scenes.c:95;src/open/opening_scenes.c:411;src/open/opening_scenes.c:762;src/open/opening_scenes.c:831;src/open/opening_scenes.c:832	Nested record/union or record array; project-owned child fields are separately listed. SDK children retain their SDK declarations.
include/kf/open_resources.h:40	KfOpeningEntity	rotation	struct KfEulerAngles	aggregate		include/kf/open_resources.h:40;src/open/entity_render.c:55;src/open/entity_render.c:78;src/open/entity_render.c:82;src/open/opening_entity_pool.c:62;src/open/opening_entity_pool.c:63;src/open/opening_entity_pool.c:64;src/open/opening_scenes.c:215;src/open/opening_scenes.c:216;src/open/opening_scenes.c:223;src/open/opening_scenes.c:226;src/open/opening_scenes.c:227;src/open/opening_scenes.c:412;src/open/opening_scenes.c:413;src/open/opening_scenes.c:414;src/open/opening_scenes.c:439;src/open/opening_scenes.c:440;src/open/opening_scenes.c:492;src/open/opening_scenes.c:493;src/open/opening_scenes.c:511;src/open/opening_scenes.c:512;src/open/opening_scenes.c:513;src/open/opening_scenes.c:599;src/open/opening_scenes.c:600;src/open/opening_scenes.c:629;src/open/opening_scenes.c:630;src/open/opening_scenes.c:631;src/open/opening_scenes.c:858	Nested record/union or record array; project-owned child fields are separately listed. SDK children retain their SDK declarations.
include/kf/open_resources.h:41	KfOpeningEntity	unknown_1e	u16	unresolved		include/kf/open_resources.h:41	meaning unresolved
include/kf/open_resources.h:42	KfOpeningEntity	scale	SVECTOR	aggregate		include/kf/open_resources.h:42;src/open/entity_render.c:56;src/open/entity_render.c:57;src/open/entity_render.c:58;src/open/opening_entity_pool.c:69;src/open/opening_entity_pool.c:70;src/open/opening_entity_pool.c:71;src/open/opening_scenes.c:415;src/open/opening_scenes.c:416;src/open/opening_scenes.c:417;src/open/opening_scenes.c:432;src/open/opening_scenes.c:435	Nested record/union or record array; project-owned child fields are separately listed. SDK children retain their SDK declarations.
include/kf/open_resources.h:46	KfOpeningEntityState	entities	KfOpeningEntity[32]	aggregate		include/kf/open_resources.h:46;src/open/entity_render.c:164;src/open/opening_entity_pool.c:12;src/open/opening_entity_pool.c:48;src/open/opening_render_entities.c:13;src/open/opening_scenes.c:212;src/open/opening_scenes.c:214;src/open/opening_scenes.c:403;src/open/opening_scenes.c:428;src/open/opening_scenes.c:453;src/open/opening_scenes.c:489;src/open/opening_scenes.c:491;src/open/opening_scenes.c:596;src/open/opening_scenes.c:598;src/open/opening_scenes.c:759;src/open/opening_scenes.c:761	Nested record/union or record array; project-owned child fields are separately listed. SDK children retain their SDK declarations.
include/kf/open_resources.h:47	KfOpeningEntityState	unknown_500	u8[10]	unresolved		include/kf/open_resources.h:47	unreferenced gap between the records and controls
include/kf/open_resources.h:48	KfOpeningEntityState	unknown_control_50a	u16	unresolved		include/kf/open_resources.h:48;src/open/opening_entity_pool.c:22	Current reconstructed code only clears this field; a zero store does not prove a closed selector domain.
include/kf/open_resources.h:49	KfOpeningEntityState	unknown_control_50c	u16	unresolved		include/kf/open_resources.h:49;src/open/opening_entity_pool.c:21	Current reconstructed code only clears this field; a zero store does not prove a closed selector domain.
include/kf/open_resources.h:50	KfOpeningEntityState	unknown_control_50e	u16	unresolved		include/kf/open_resources.h:50;src/open/opening_entity_pool.c:20	Current reconstructed code only clears this field; a zero store does not prove a closed selector domain.
include/kf/pool.h:28	KfPoolRecord	state	KfAnimationCacheState	typed_enum		include/kf/pool.h:28;src/game/pool.c:203;src/game/pool.c:214;src/game/pool.c:227;src/game/pool.c:228;src/game/pool.c:237;src/game/pool.c:257;src/game/pool.c:276;src/game/pool.c:290	Same enum type is already enforced by the strict C++ view; this verdict does not certify completeness of its enumerator list.
include/kf/pool.h:29	KfPoolRecord	asset_index	u16	numeric		include/kf/pool.h:29;src/game/pool.c:107;src/game/pool.c:120	registry index used to detect an instance asset change
include/kf/pool.h:30	KfPoolRecord	clip_index	KfEnumStorage<KfAnimationClip, u16>	typed_enum		include/kf/pool.h:30;src/game/pool.c:124;src/game/pool.c:158;src/game/pool.c:185;src/game/pool.c:291	Same enum type is already enforced by the strict C++ view; this verdict does not certify completeness of its enumerator list.
include/kf/pool.h:31	KfPoolRecord	keyframe_index	u16	numeric		include/kf/pool.h:31;src/game/pool.c:158;src/game/pool.c:186	cached keyframe index compared with the binder selection
include/kf/pool.h:32	KfPoolRecord	rest_morph	struct KfMorphObject *	pointer		include/kf/pool.h:32;src/game/pool.c:181;src/game/pool.c:190	Address or pointer table; not a finite selector.
include/kf/pool.h:33	KfPoolRecord	cached_vertices	KfPackedSVector *	pointer		include/kf/pool.h:33;src/game/pool.c:110;src/game/pool.c:112;src/game/pool.c:166;src/game/pool.c:176;src/game/pool.c:188;src/game/pool.c:215;src/game/pool.c:239;src/game/pool.c:240;src/game/pool.c:241	Address or pointer table; not a finite selector.
include/kf/pool.h:34	KfPoolRecord	owner_slot	struct KfPoolRecord **	pointer		include/kf/pool.h:34;src/game/pool.c:108;src/game/pool.c:238	Address or pointer table; not a finite selector.
include/kf/psyq_kernel.h:18	EXEC	pc0	unsigned long	sdk_abi		include/kf/psyq_kernel.h:18	SDK executable context address/size/register word; preserve authentic SDK ABI.
include/kf/psyq_kernel.h:19	EXEC	gp0	unsigned long	sdk_abi		include/kf/psyq_kernel.h:19	SDK executable context address/size/register word; preserve authentic SDK ABI.
include/kf/psyq_kernel.h:20	EXEC	t_addr	unsigned long	sdk_abi		include/kf/psyq_kernel.h:20	SDK executable context address/size/register word; preserve authentic SDK ABI.
include/kf/psyq_kernel.h:21	EXEC	t_size	unsigned long	sdk_abi		include/kf/psyq_kernel.h:21	SDK executable context address/size/register word; preserve authentic SDK ABI.
include/kf/psyq_kernel.h:22	EXEC	d_addr	unsigned long	sdk_abi		include/kf/psyq_kernel.h:22	SDK executable context address/size/register word; preserve authentic SDK ABI.
include/kf/psyq_kernel.h:23	EXEC	d_size	unsigned long	sdk_abi		include/kf/psyq_kernel.h:23	SDK executable context address/size/register word; preserve authentic SDK ABI.
include/kf/psyq_kernel.h:24	EXEC	b_addr	unsigned long	sdk_abi		include/kf/psyq_kernel.h:24	SDK executable context address/size/register word; preserve authentic SDK ABI.
include/kf/psyq_kernel.h:25	EXEC	b_size	unsigned long	sdk_abi		include/kf/psyq_kernel.h:25	SDK executable context address/size/register word; preserve authentic SDK ABI.
include/kf/psyq_kernel.h:26	EXEC	s_addr	unsigned long	sdk_abi		include/kf/psyq_kernel.h:26;src/psx/main.c:32;src/psx/main.c:40	SDK executable context address/size/register word; preserve authentic SDK ABI.
include/kf/psyq_kernel.h:27	EXEC	s_size	unsigned long	sdk_abi		include/kf/psyq_kernel.h:27;src/psx/main.c:33;src/psx/main.c:41	SDK executable context address/size/register word; preserve authentic SDK ABI.
include/kf/psyq_kernel.h:28	EXEC	sp	unsigned long	sdk_abi		include/kf/psyq_kernel.h:28	SDK executable context address/size/register word; preserve authentic SDK ABI.
include/kf/psyq_kernel.h:29	EXEC	fp	unsigned long	sdk_abi		include/kf/psyq_kernel.h:29	SDK executable context address/size/register word; preserve authentic SDK ABI.
include/kf/psyq_kernel.h:30	EXEC	gp	unsigned long	sdk_abi		include/kf/psyq_kernel.h:30	SDK executable context address/size/register word; preserve authentic SDK ABI.
include/kf/psyq_kernel.h:31	EXEC	ret	unsigned long	sdk_abi		include/kf/psyq_kernel.h:31	SDK executable context address/size/register word; preserve authentic SDK ABI.
include/kf/psyq_kernel.h:32	EXEC	base	unsigned long	sdk_abi		include/kf/psyq_kernel.h:32	SDK executable context address/size/register word; preserve authentic SDK ABI.
include/kf/render_types.h:79	KfScreenRect	x	u16	numeric		include/kf/render_types.h:79;src/game/sprite_add_ft4.c:15;src/game/sprite_add_ft4.c:17;src/game/sprite_add_ft4.c:19;src/game/sprite_add_ft4.c:21;src/open/opening_render.c:27;src/open/opening_render.c:29;src/open/opening_render.c:31;src/open/opening_render.c:33;src/open/sprite_add_ft4.c:14;src/open/sprite_add_ft4.c:16;src/open/sprite_add_ft4.c:18;src/open/sprite_add_ft4.c:20;src/open/sprite_add_ft4.c:46;src/open/sprite_add_ft4.c:48;src/open/sprite_add_ft4.c:50;src/open/sprite_add_ft4.c:52	screen X origin
include/kf/render_types.h:80	KfScreenRect	y	u16	numeric		include/kf/render_types.h:80;src/game/sprite_add_ft4.c:16;src/game/sprite_add_ft4.c:18;src/game/sprite_add_ft4.c:20;src/game/sprite_add_ft4.c:22;src/open/opening_render.c:28;src/open/opening_render.c:30;src/open/opening_render.c:32;src/open/opening_render.c:34;src/open/opening_scenes.c:540;src/open/opening_scenes.c:874;src/open/opening_scenes.c:876;src/open/opening_scenes.c:882;src/open/sprite_add_ft4.c:15;src/open/sprite_add_ft4.c:17;src/open/sprite_add_ft4.c:19;src/open/sprite_add_ft4.c:21;src/open/sprite_add_ft4.c:47;src/open/sprite_add_ft4.c:49;src/open/sprite_add_ft4.c:51;src/open/sprite_add_ft4.c:53	screen Y origin; scrolling updates wrap as halfwords and the final-panel stop test reads signed Y
include/kf/render_types.h:81	KfScreenRect	w	u16	numeric		include/kf/render_types.h:81;src/game/sprite_add_ft4.c:17;src/game/sprite_add_ft4.c:21;src/open/opening_render.c:29;src/open/opening_render.c:33;src/open/sprite_add_ft4.c:16;src/open/sprite_add_ft4.c:20;src/open/sprite_add_ft4.c:48;src/open/sprite_add_ft4.c:52	screen width added to X for right vertices
include/kf/render_types.h:82	KfScreenRect	h	u16	numeric		include/kf/render_types.h:82;src/game/sprite_add_ft4.c:20;src/game/sprite_add_ft4.c:22;src/open/opening_render.c:32;src/open/opening_render.c:34;src/open/sprite_add_ft4.c:19;src/open/sprite_add_ft4.c:21;src/open/sprite_add_ft4.c:51;src/open/sprite_add_ft4.c:53	screen height added to Y for lower vertices
include/kf/render_types.h:96	KfSpriteQuad	u	u8	numeric		include/kf/render_types.h:96;src/game/notify_queue.c:143;src/game/notify_queue.c:164;src/game/render_enqueuers.c:832;src/game/render_enqueuers.c:833;src/game/render_sprite.c:27;src/game/render_sprite.c:28;src/open/render_sprite.c:43;src/open/render_sprite.c:44	texture U origin
include/kf/render_types.h:97	KfSpriteQuad	v	u8	numeric		include/kf/render_types.h:97;src/game/notify_queue.c:86;src/game/notify_queue.c:145;src/game/notify_queue.c:166;src/game/render_enqueuers.c:834;src/game/render_enqueuers.c:835;src/game/render_sprite.c:29;src/game/render_sprite.c:30;src/open/render_sprite.c:45;src/open/render_sprite.c:46	texture V origin
include/kf/render_types.h:98	KfSpriteQuad	u_span	u8	numeric		include/kf/render_types.h:98;src/game/render_enqueuers.c:833;src/game/render_sprite.c:28;src/open/render_sprite.c:44	texture U span
include/kf/render_types.h:99	KfSpriteQuad	v_span	u8	numeric		include/kf/render_types.h:99;src/game/render_enqueuers.c:835;src/game/render_sprite.c:30;src/open/render_sprite.c:46	texture V span
include/kf/render_types.h:100	KfSpriteQuad	x	u16	numeric		include/kf/render_types.h:100;src/game/render_enqueuers.c:809;src/game/render_enqueuers.c:810;src/game/render_sprite.c:21;src/game/render_sprite.c:22;src/open/render_sprite.c:24;src/open/render_sprite.c:25	screen X or projected local X
include/kf/render_types.h:101	KfSpriteQuad	y	u16	numeric		include/kf/render_types.h:101;src/game/render_enqueuers.c:811;src/game/render_enqueuers.c:812;src/game/render_sprite.c:23;src/game/render_sprite.c:24;src/open/render_sprite.c:26;src/open/render_sprite.c:27	screen Y or projected local Y
include/kf/render_types.h:102	KfSpriteQuad	w	u16	numeric		include/kf/render_types.h:102;src/game/render_enqueuers.c:810;src/game/render_frame.c:73;src/game/render_frame.c:76;src/game/render_frame.c:79;src/game/render_frame.c:80;src/game/render_sprite.c:22;src/open/render_sprite.c:25	screen width
include/kf/render_types.h:103	KfSpriteQuad	h	u16	numeric		include/kf/render_types.h:103;src/game/render_enqueuers.c:812;src/game/render_sprite.c:24;src/open/render_sprite.c:27	screen height
include/kf/render_types.h:108	KfPrimitiveBuffer	start	u8 *	pointer		include/kf/render_types.h:108;src/game/menu_runtime.c:535;src/game/render.c:198;src/game/render.c:201;src/game/render.c:274;src/open/render.c:26;src/open/render_init.c:55;src/open/render_init.c:58	Address or pointer table; not a finite selector.
include/kf/render_types.h:109	KfPrimitiveBuffer	end	u8 *	pointer		include/kf/render_types.h:109;src/game/render.c:200;src/game/render.c:203;src/game/render_enqueuers.c:52;src/game/render_enqueuers.c:89;src/game/render_enqueuers.c:120;src/game/render_enqueuers.c:152;src/game/render_enqueuers.c:186;src/game/render_enqueuers.c:224;src/game/render_enqueuers.c:265;src/game/render_enqueuers.c:298;src/game/render_enqueuers.c:336;src/game/render_enqueuers.c:367;src/game/render_enqueuers.c:401;src/game/render_enqueuers.c:433;src/game/render_enqueuers.c:507;src/game/render_enqueuers.c:543;src/game/render_enqueuers.c:582;src/game/render_enqueuers.c:617;src/game/render_enqueuers.c:708;src/game/render_enqueuers.c:752;src/game/render_enqueuers.c:821;src/game/render_sprite.c:17;src/open/render_init.c:57;src/open/render_init.c:60;src/open/render_init.c:175	Address or pointer table; not a finite selector.
include/kf/render_types.h:110	KfPrimitiveBuffer	cursor	u8 *	pointer		include/kf/render_types.h:110;src/game/menu_config_panel.c:142;src/game/menu_draw_name_list.c:23;src/game/menu_draw_stats_header.c:21;src/game/menu_draw_status_details.c:35;src/game/menu_draw_window.c:21;src/game/menu_item_detail.c:77;src/game/menu_item_detail.c:167;src/game/menu_item_model_preview.c:55;src/game/menu_list_render.c:35;src/game/menu_map_viewer.c:44;src/game/menu_runtime.c:57;src/game/menu_runtime.c:123;src/game/menu_runtime.c:534;src/game/menu_runtime.c:565;src/game/menu_runtime.c:652;src/game/render.c:274;src/game/render_enqueuers.c:49;src/game/render_enqueuers.c:51;src/game/render_enqueuers.c:52;src/game/render_enqueuers.c:85;src/game/render_enqueuers.c:88;src/game/render_enqueuers.c:89;src/game/render_enqueuers.c:117;src/game/render_enqueuers.c:119;src/game/render_enqueuers.c:120;src/game/render_enqueuers.c:148;src/game/render_enqueuers.c:151;src/game/render_enqueuers.c:152;src/game/render_enqueuers.c:183;src/game/render_enqueuers.c:185;src/game/render_enqueuers.c:186;src/game/render_enqueuers.c:220;src/game/render_enqueuers.c:223;src/game/render_enqueuers.c:224;src/game/render_enqueuers.c:262;src/game/render_enqueuers.c:264;src/game/render_enqueuers.c:265;src/game/render_enqueuers.c:294;src/game/render_enqueuers.c:297;src/game/render_enqueuers.c:298;src/game/render_enqueuers.c:333;src/game/render_enqueuers.c:335;src/game/render_enqueuers.c:336;src/game/render_enqueuers.c:363;src/game/render_enqueuers.c:366;src/game/render_enqueuers.c:367;src/game/render_enqueuers.c:398;src/game/render_enqueuers.c:400;src/game/render_enqueuers.c:401;src/game/render_enqueuers.c:429;src/game/render_enqueuers.c:432;src/game/render_enqueuers.c:433;src/game/render_enqueuers.c:504;src/game/render_enqueuers.c:506;src/game/render_enqueuers.c:507;src/game/render_enqueuers.c:539;src/game/render_enqueuers.c:542;src/game/render_enqueuers.c:543;src/game/render_enqueuers.c:579;src/game/render_enqueuers.c:581;src/game/render_enqueuers.c:582;src/game/render_enqueuers.c:613;src/game/render_enqueuers.c:616;src/game/render_enqueuers.c:617;src/game/render_enqueuers.c:704;src/game/render_enqueuers.c:706;src/game/render_enqueuers.c:707;src/game/render_enqueuers.c:748;src/game/render_enqueuers.c:750;src/game/render_enqueuers.c:751;src/game/render_enqueuers.c:819;src/game/render_enqueuers.c:820;src/game/render_enqueuers.c:821;src/game/render_sprite.c:15;src/game/render_sprite.c:16;src/game/render_sprite.c:17;src/game/save_system.c:753;src/game/sprite_add_ft4.c:9;src/game/sprite_add_ft4.c:11;src/open/opening_render.c:23;src/open/opening_render.c:25;src/open/opening_scenes.c:278;src/open/opening_scenes.c:279;src/open/opening_scenes.c:280;src/open/opening_scenes.c:281;src/open/render.c:26;src/open/render_init.c:171;src/open/render_init.c:173;src/open/render_init.c:174;src/open/sprite_add_ft4.c:8;src/open/sprite_add_ft4.c:10;src/open/sprite_add_ft4.c:42;src/open/sprite_add_ft4.c:44	Address or pointer table; not a finite selector.
include/kf/render_types.h:115	KfOrderingTable	entries	u32[16384]	encoded_storage		include/kf/render_types.h:115;src/game/menu_runtime.c:532;src/game/render.c:111;src/game/render.c:272;src/game/save_system.c:820;src/open/render.c:24	Packed/aligned copy or address view of an owning object; type semantic members separately.
include/kf/render_types.h:126	KfCellWindow	width	u16	numeric		include/kf/render_types.h:126;src/game/render_map_cells.c:145;src/game/render_map_cells.c:155;src/game/render_scene.c:42;src/game/render_scene.c:67;src/game/render_scene.c:71;src/game/render_scene.c:108;src/game/render_scene.c:130;src/game/render_scene.c:150;src/open/entity_render.c:173;src/open/entity_render.c:196;src/open/entity_render.c:197;src/open/render_map_cells.c:80;src/open/render_map_cells.c:90	row width and inner-loop bound
include/kf/render_types.h:127	KfCellWindow	height	u16	numeric		include/kf/render_types.h:127;src/game/render_map_cells.c:141;src/game/render_scene.c:40;src/game/render_scene.c:62;src/game/render_scene.c:106;src/game/render_scene.c:128;src/game/render_scene.c:148;src/open/entity_render.c:170;src/open/entity_render.c:193;src/open/render_map_cells.c:76	row count and outer-loop bound
include/kf/render_types.h:128	KfCellWindow	origin_x	u16	numeric		include/kf/render_types.h:128;src/game/render_map_cells.c:137;src/game/render_scene.c:20;src/open/entity_render.c:155;src/open/render_map_cells.c:73	map-cell x coordinate of the window origin
include/kf/render_types.h:129	KfCellWindow	origin_z	u16	numeric		include/kf/render_types.h:129;src/game/render_map_cells.c:136;src/game/render_scene.c:19;src/open/entity_render.c:154;src/open/render_map_cells.c:72	map-cell z coordinate of the window origin
include/kf/render_types.h:130	KfCellWindow	cells	KfCellVisibility[196]	typed_enum		include/kf/render_types.h:130;src/game/render_map_cells.c:138;src/game/render_scene.c:42;src/game/render_scene.c:71;src/game/render_scene.c:108;src/game/render_scene.c:130;src/game/render_scene.c:150;src/open/entity_render.c:173;src/open/entity_render.c:197;src/open/render_map_cells.c:71	Same enum type is already enforced by the strict C++ view; this verdict does not certify completeness of its enumerator list.
include/kf/resources.h:16	KfResourcePointer	storage	void *	pointer		include/kf/resources.h:16;src/game/resources.c:63;src/game/resources.c:66;src/open/resources.c:163;src/open/resources.c:188;src/open/resources.c:206;src/open/resources.c:226;src/open/resources.c:229;src/open/resources.c:235;src/open/resources.c:252;src/open/resources.c:255;src/open/resources.c:265;src/open/resources.c:278;src/open/resources.c:297	Address or pointer table; not a finite selector.
include/kf/resources.h:17	KfResourcePointer	bytes	u8 *	pointer		include/kf/resources.h:17;src/game/resources.c:68;src/game/resources.c:69;src/game/resources.c:73;src/game/resources.c:75;src/game/resources.c:77;src/game/resources.c:79;src/game/resources.c:82;src/open/resources.c:164;src/open/resources.c:165;src/open/resources.c:166;src/open/resources.c:169;src/open/resources.c:180;src/open/resources.c:182;src/open/resources.c:184;src/open/resources.c:190;src/open/resources.c:192;src/open/resources.c:193;src/open/resources.c:207;src/open/resources.c:208;src/open/resources.c:209;src/open/resources.c:231;src/open/resources.c:233;src/open/resources.c:237;src/open/resources.c:238;src/open/resources.c:256;src/open/resources.c:257;src/open/resources.c:259;src/open/resources.c:261;src/open/resources.c:267;src/open/resources.c:268;src/open/resources.c:280;src/open/resources.c:282;src/open/resources.c:298;src/open/resources.c:299	Address or pointer table; not a finite selector.
include/kf/resources.h:18	KfResourcePointer	tim_data	u_long *	pointer		include/kf/resources.h:18;src/game/resources.c:64;src/open/resources.c:227;src/open/resources.c:253	Address or pointer table; not a finite selector.
include/kf/tmd.h:40	KfPackedSVector	vector	SVECTOR	aggregate		include/kf/tmd.h:40;src/game/pool.c:176;src/game/pool.c:197;src/game/render.c:482;src/game/render.c:504;src/game/render.c:525;src/open/render.c:240;src/open/render.c:262;src/open/render.c:284;src/open/render.c:304	Nested record/union or record array; project-owned child fields are separately listed. SDK children retain their SDK declarations.
include/kf/tmd.h:41	KfPackedSVector	words	u32[2]	encoded_storage		include/kf/tmd.h:41;src/game/pool.c:60;src/game/pool.c:61;src/game/pool.c:193;src/game/pool.c:194;src/game/pool.c:199;src/game/pool.c:200	Packed/aligned copy or address view of an owning object; type semantic members separately.
include/kf/tmd.h:47	KfTmdHeader	id	u32	format_signature		include/kf/tmd.h:47	TMD format signature, not a runtime choice; no reconstructed field access establishes a multi-value domain.
include/kf/tmd.h:48	KfTmdHeader	flags	u32	protocol_flags		include/kf/tmd.h:48	TMD protocol bitfield; current reconstructed code uses the packed format. Any flag type must follow the SDK format rather than invent game states.
include/kf/tmd.h:49	KfTmdHeader	object_count	u32	numeric		include/kf/tmd.h:49;src/game/render.c:353;src/open/render.c:107	word-sized format count; both index-preparation routines intentionally narrow it to u16
include/kf/tmd.h:56	KfTmdObject	vertex_offset	u32	numeric		include/kf/tmd.h:56;src/game/render.c:313;src/open/render.c:65	offset from the TMD object-table base to the vertex array
include/kf/tmd.h:57	KfTmdObject	vertex_count	u32	numeric		include/kf/tmd.h:57;src/game/entity_model_render.c:54;src/game/entity_model_render.c:56;src/game/entity_model_render.c:58;src/game/entity_model_render.c:112;src/game/entity_model_render.c:123;src/game/entity_render.c:148;src/game/entity_render.c:150;src/game/entity_render.c:152;src/game/geometry_render.c:74;src/game/geometry_render.c:75;src/game/geometry_render.c:119;src/game/geometry_render.c:120;src/game/map_event_render.c:44;src/game/map_event_render.c:46;src/game/map_event_render.c:48;src/game/render_enqueuers.c:687;src/open/entity_render.c:87;src/open/entity_render.c:97;src/open/entity_render.c:106;src/open/render_map.c:32	vertex count in the standard object record
include/kf/tmd.h:58	KfTmdObject	normal_offset	u32	numeric		include/kf/tmd.h:58;src/game/render_enqueuers.c:35;src/game/render_enqueuers.c:489;src/game/render_enqueuers.c:686;src/open/render_map.c:23;src/open/render_tmd.c:23	offset from the TMD object-table base to the normal array
include/kf/tmd.h:59	KfTmdObject	normal_count	u32	numeric		include/kf/tmd.h:59	normal count in the standard object record
include/kf/tmd.h:60	KfTmdObject	primitive_offset	u32	numeric		include/kf/tmd.h:60;src/game/render.c:361;src/game/render_enqueuers.c:34;src/game/render_enqueuers.c:488;src/game/render_enqueuers.c:688;src/open/render.c:116;src/open/render_map.c:35;src/open/render_tmd.c:21;src/open/render_unlit.c:11	offset from the TMD object-table base to the primitive stream
include/kf/tmd.h:61	KfTmdObject	primitive_count	u32	numeric		include/kf/tmd.h:61;src/game/render.c:360;src/game/render_enqueuers.c:33;src/game/render_enqueuers.c:487;src/game/render_enqueuers.c:689;src/open/render.c:114;src/open/render_map.c:33;src/open/render_tmd.c:19;src/open/render_unlit.c:9	word-sized count read with lw by all three polygon emitters; both index-preparation routines narrow it to u16
include/kf/tmd.h:62	KfTmdObject	scale	s32	numeric		include/kf/tmd.h:62	standard TMD object scale field
include/kf/tmd.h:67	KfTmdPacketHeader	word	u32	encoded_storage		include/kf/tmd.h:67;src/game/render.c:367;src/game/render.c:369;src/open/render.c:122;src/open/render.c:124	Packed/aligned copy or address view of an owning object; type semantic members separately.
include/kf/tmd.h:69	KfTmdPacketHeader.bytes	output_length	u8	numeric		include/kf/tmd.h:69	Packet word count for GPU output or input-stream traversal; numeric length.
include/kf/tmd.h:70	KfTmdPacketHeader.bytes	input_length	u8	numeric		include/kf/tmd.h:70;src/game/render.c:368;src/open/render.c:123	Packet word count for GPU output or input-stream traversal; numeric length.
include/kf/tmd.h:71	KfTmdPacketHeader.bytes	flag	u8	protocol_flags		include/kf/tmd.h:71	TMD protocol bitfield; current reconstructed code uses the packed format. Any flag type must follow the SDK format rather than invent game states.
include/kf/tmd.h:72	KfTmdPacketHeader.bytes	mode	u8	packed_selector_candidate	F8	include/kf/tmd.h:72;docs/patterns/enum-field-review.md#f8	Primitive mode contains the semitransparency bit. The masked mode dispatch has eight named format codes; model that normalized domain and retain packed transport.
include/kf/tmd.h:73	KfTmdPacketHeader	bytes	struct (unnamed struct at include/kf/tmd.h:68:5)	aggregate		include/kf/tmd.h:73;src/game/render.c:368;src/open/render.c:123	Nested record/union or record array; project-owned child fields are separately listed. SDK children retain their SDK declarations.
include/kf/tmd.h:83	KfTmdF3	r	u8	numeric		include/kf/tmd.h:83;src/open/render_unlit.c:76	Eight-bit RGB intensity component; quantitative color channel.
include/kf/tmd.h:84	KfTmdF3	g	u8	numeric		include/kf/tmd.h:84;src/open/render_unlit.c:77	Eight-bit RGB intensity component; quantitative color channel.
include/kf/tmd.h:85	KfTmdF3	b	u8	numeric		include/kf/tmd.h:85;src/open/render_unlit.c:78	Eight-bit RGB intensity component; quantitative color channel.
include/kf/tmd.h:86	KfTmdF3	mode	u8	packed_selector_candidate	F8	include/kf/tmd.h:86;docs/patterns/enum-field-review.md#f8	Primitive mode contains the semitransparency bit. The masked mode dispatch has eight named format codes; model that normalized domain and retain packed transport.
include/kf/tmd.h:87	KfTmdF3	n0	u16	numeric		include/kf/tmd.h:87;src/game/render.c:375;src/game/render_enqueuers.c:343;src/game/render_enqueuers.c:409;src/open/render.c:130;src/open/render_tmd.c:346;src/open/render_tmd.c:415	Normal/vertex index within the selected TMD object; numeric resource-relative index.
include/kf/tmd.h:88	KfTmdF3	v0	u16	numeric		include/kf/tmd.h:88;src/game/render.c:372;src/game/render_enqueuers.c:328;src/game/render_enqueuers.c:393;src/open/render.c:127;src/open/render_tmd.c:335;src/open/render_tmd.c:403;src/open/render_unlit.c:63	Normal/vertex index within the selected TMD object; numeric resource-relative index.
include/kf/tmd.h:89	KfTmdF3	v1	u16	numeric		include/kf/tmd.h:89;src/game/render.c:373;src/game/render_enqueuers.c:329;src/game/render_enqueuers.c:394;src/open/render.c:128;src/open/render_tmd.c:336;src/open/render_tmd.c:404;src/open/render_unlit.c:64	Normal/vertex index within the selected TMD object; numeric resource-relative index.
include/kf/tmd.h:90	KfTmdF3	v2	u16	numeric		include/kf/tmd.h:90;src/game/render.c:374;src/game/render_enqueuers.c:330;src/game/render_enqueuers.c:395;src/open/render.c:129;src/open/render_tmd.c:337;src/open/render_tmd.c:405;src/open/render_unlit.c:65	Normal/vertex index within the selected TMD object; numeric resource-relative index.
include/kf/tmd.h:94	KfTmdG3	r	u8	numeric		include/kf/tmd.h:94	Eight-bit RGB intensity component; quantitative color channel.
include/kf/tmd.h:95	KfTmdG3	g	u8	numeric		include/kf/tmd.h:95	Eight-bit RGB intensity component; quantitative color channel.
include/kf/tmd.h:96	KfTmdG3	b	u8	numeric		include/kf/tmd.h:96	Eight-bit RGB intensity component; quantitative color channel.
include/kf/tmd.h:97	KfTmdG3	mode	u8	packed_selector_candidate	F8	include/kf/tmd.h:97;docs/patterns/enum-field-review.md#f8	Primitive mode contains the semitransparency bit. The masked mode dispatch has eight named format codes; model that normalized domain and retain packed transport.
include/kf/tmd.h:98	KfTmdG3	n0	u16	numeric		include/kf/tmd.h:98;src/game/render.c:383;src/game/render_enqueuers.c:127;src/game/render_enqueuers.c:273;src/open/render.c:138;src/open/render_tmd.c:125;src/open/render_tmd.c:275	Normal/vertex index within the selected TMD object; numeric resource-relative index.
include/kf/tmd.h:99	KfTmdG3	v0	u16	numeric		include/kf/tmd.h:99;src/game/render.c:380;src/game/render_enqueuers.c:112;src/game/render_enqueuers.c:257;src/open/render.c:135;src/open/render_tmd.c:114;src/open/render_tmd.c:263	Normal/vertex index within the selected TMD object; numeric resource-relative index.
include/kf/tmd.h:100	KfTmdG3	n1	u16	numeric		include/kf/tmd.h:100;src/game/render.c:384;src/game/render_enqueuers.c:127;src/game/render_enqueuers.c:273;src/open/render.c:139;src/open/render_tmd.c:126;src/open/render_tmd.c:276	Normal/vertex index within the selected TMD object; numeric resource-relative index.
include/kf/tmd.h:101	KfTmdG3	v1	u16	numeric		include/kf/tmd.h:101;src/game/render.c:381;src/game/render_enqueuers.c:113;src/game/render_enqueuers.c:258;src/open/render.c:136;src/open/render_tmd.c:115;src/open/render_tmd.c:264	Normal/vertex index within the selected TMD object; numeric resource-relative index.
include/kf/tmd.h:102	KfTmdG3	n2	u16	numeric		include/kf/tmd.h:102;src/game/render.c:385;src/game/render_enqueuers.c:128;src/game/render_enqueuers.c:274;src/open/render.c:140;src/open/render_tmd.c:127;src/open/render_tmd.c:277	Normal/vertex index within the selected TMD object; numeric resource-relative index.
include/kf/tmd.h:103	KfTmdG3	v2	u16	numeric		include/kf/tmd.h:103;src/game/render.c:382;src/game/render_enqueuers.c:114;src/game/render_enqueuers.c:259;src/open/render.c:137;src/open/render_tmd.c:116;src/open/render_tmd.c:265	Normal/vertex index within the selected TMD object; numeric resource-relative index.
include/kf/tmd.h:107	KfTmdF4	r	u8	numeric		include/kf/tmd.h:107	Eight-bit RGB intensity component; quantitative color channel.
include/kf/tmd.h:108	KfTmdF4	g	u8	numeric		include/kf/tmd.h:108	Eight-bit RGB intensity component; quantitative color channel.
include/kf/tmd.h:109	KfTmdF4	b	u8	numeric		include/kf/tmd.h:109	Eight-bit RGB intensity component; quantitative color channel.
include/kf/tmd.h:110	KfTmdF4	mode	u8	packed_selector_candidate	F8	include/kf/tmd.h:110;docs/patterns/enum-field-review.md#f8	Primitive mode contains the semitransparency bit. The masked mode dispatch has eight named format codes; model that normalized domain and retain packed transport.
include/kf/tmd.h:111	KfTmdF4	n0	u16	numeric		include/kf/tmd.h:111;src/game/render.c:412;src/game/render_enqueuers.c:97;src/game/render_enqueuers.c:442;src/open/render.c:167;src/open/render_tmd.c:95;src/open/render_tmd.c:448	Normal/vertex index within the selected TMD object; numeric resource-relative index.
include/kf/tmd.h:112	KfTmdF4	v0	u16	numeric		include/kf/tmd.h:112;src/game/render.c:408;src/game/render_enqueuers.c:80;src/game/render_enqueuers.c:424;src/open/render.c:163;src/open/render_tmd.c:82;src/open/render_tmd.c:434	Normal/vertex index within the selected TMD object; numeric resource-relative index.
include/kf/tmd.h:113	KfTmdF4	v1	u16	numeric		include/kf/tmd.h:113;src/game/render.c:409;src/game/render_enqueuers.c:81;src/game/render_enqueuers.c:425;src/open/render.c:164;src/open/render_tmd.c:83;src/open/render_tmd.c:435	Normal/vertex index within the selected TMD object; numeric resource-relative index.
include/kf/tmd.h:114	KfTmdF4	v2	u16	numeric		include/kf/tmd.h:114;src/game/render.c:410;src/game/render_enqueuers.c:82;src/game/render_enqueuers.c:426;src/open/render.c:165;src/open/render_tmd.c:84;src/open/render_tmd.c:436	Normal/vertex index within the selected TMD object; numeric resource-relative index.
include/kf/tmd.h:115	KfTmdF4	v3	u16	numeric		include/kf/tmd.h:115;src/game/render.c:411;src/game/render_enqueuers.c:87;src/game/render_enqueuers.c:431;src/open/render.c:166;src/open/render_tmd.c:88;src/open/render_tmd.c:440	Normal/vertex index within the selected TMD object; numeric resource-relative index.
include/kf/tmd.h:116	KfTmdF4	pad	u16	padding		include/kf/tmd.h:116	Format/SDK padding or reserved bytes; no selector use established.
include/kf/tmd.h:120	KfTmdG4	r	u8	numeric		include/kf/tmd.h:120	Eight-bit RGB intensity component; quantitative color channel.
include/kf/tmd.h:121	KfTmdG4	g	u8	numeric		include/kf/tmd.h:121	Eight-bit RGB intensity component; quantitative color channel.
include/kf/tmd.h:122	KfTmdG4	b	u8	numeric		include/kf/tmd.h:122	Eight-bit RGB intensity component; quantitative color channel.
include/kf/tmd.h:123	KfTmdG4	mode	u8	packed_selector_candidate	F8	include/kf/tmd.h:123;docs/patterns/enum-field-review.md#f8	Primitive mode contains the semitransparency bit. The masked mode dispatch has eight named format codes; model that normalized domain and retain packed transport.
include/kf/tmd.h:124	KfTmdG4	n0	u16	numeric		include/kf/tmd.h:124;src/game/render.c:421;src/game/render_enqueuers.c:160;src/game/render_enqueuers.c:376;src/open/render.c:176;src/open/render_tmd.c:159;src/open/render_tmd.c:379	Normal/vertex index within the selected TMD object; numeric resource-relative index.
include/kf/tmd.h:125	KfTmdG4	v0	u16	numeric		include/kf/tmd.h:125;src/game/render.c:417;src/game/render_enqueuers.c:143;src/game/render_enqueuers.c:358;src/open/render.c:172;src/open/render_tmd.c:146;src/open/render_tmd.c:365	Normal/vertex index within the selected TMD object; numeric resource-relative index.
include/kf/tmd.h:126	KfTmdG4	n1	u16	numeric		include/kf/tmd.h:126;src/game/render.c:422;src/game/render_enqueuers.c:160;src/game/render_enqueuers.c:377;src/open/render.c:177;src/open/render_tmd.c:160;src/open/render_tmd.c:381	Normal/vertex index within the selected TMD object; numeric resource-relative index.
include/kf/tmd.h:127	KfTmdG4	v1	u16	numeric		include/kf/tmd.h:127;src/game/render.c:418;src/game/render_enqueuers.c:144;src/game/render_enqueuers.c:359;src/open/render.c:173;src/open/render_tmd.c:147;src/open/render_tmd.c:366	Normal/vertex index within the selected TMD object; numeric resource-relative index.
include/kf/tmd.h:128	KfTmdG4	n2	u16	numeric		include/kf/tmd.h:128;src/game/render.c:423;src/game/render_enqueuers.c:161;src/game/render_enqueuers.c:378;src/open/render.c:178;src/open/render_tmd.c:161;src/open/render_tmd.c:383	Normal/vertex index within the selected TMD object; numeric resource-relative index.
include/kf/tmd.h:129	KfTmdG4	v2	u16	numeric		include/kf/tmd.h:129;src/game/render.c:419;src/game/render_enqueuers.c:145;src/game/render_enqueuers.c:360;src/open/render.c:174;src/open/render_tmd.c:148;src/open/render_tmd.c:367	Normal/vertex index within the selected TMD object; numeric resource-relative index.
include/kf/tmd.h:130	KfTmdG4	n3	u16	numeric		include/kf/tmd.h:130;src/game/render.c:424;src/game/render_enqueuers.c:163;src/game/render_enqueuers.c:379;src/open/render.c:179;src/open/render_tmd.c:164;src/open/render_tmd.c:385	Normal/vertex index within the selected TMD object; numeric resource-relative index.
include/kf/tmd.h:131	KfTmdG4	v3	u16	numeric		include/kf/tmd.h:131;src/game/render.c:420;src/game/render_enqueuers.c:150;src/game/render_enqueuers.c:365;src/open/render.c:175;src/open/render_tmd.c:152;src/open/render_tmd.c:371	Normal/vertex index within the selected TMD object; numeric resource-relative index.
include/kf/tmd.h:135	KfTmdFt3	tu0	u8	numeric		include/kf/tmd.h:135	Texture U/V coordinate; numeric texel position.
include/kf/tmd.h:136	KfTmdFt3	tv0	u8	numeric		include/kf/tmd.h:136	Texture U/V coordinate; numeric texel position.
include/kf/tmd.h:137	KfTmdFt3	cba	u16	packed_gpu		include/kf/tmd.h:137;src/game/render_enqueuers.c:56;src/game/render_enqueuers.c:754;src/open/render_map.c:95;src/open/render_tmd.c:54;src/open/render_unlit.c:46	GPU texture/color/address/coordinate encoding; numeric components and independent mode bits share storage.
include/kf/tmd.h:138	KfTmdFt3	tu1	u8	numeric		include/kf/tmd.h:138	Texture U/V coordinate; numeric texel position.
include/kf/tmd.h:139	KfTmdFt3	tv1	u8	numeric		include/kf/tmd.h:139	Texture U/V coordinate; numeric texel position.
include/kf/tmd.h:140	KfTmdFt3	tsb	u16	packed_gpu		include/kf/tmd.h:140;src/game/render_enqueuers.c:57;src/game/render_enqueuers.c:755;src/open/render_map.c:96;src/open/render_tmd.c:55;src/open/render_unlit.c:47	GPU texture/color/address/coordinate encoding; numeric components and independent mode bits share storage.
include/kf/tmd.h:141	KfTmdFt3	tu2	u8	numeric		include/kf/tmd.h:141	Texture U/V coordinate; numeric texel position.
include/kf/tmd.h:142	KfTmdFt3	tv2	u8	numeric		include/kf/tmd.h:142	Texture U/V coordinate; numeric texel position.
include/kf/tmd.h:143	KfTmdFt3	pad	u16	padding		include/kf/tmd.h:143	Format/SDK padding or reserved bytes; no selector use established.
include/kf/tmd.h:144	KfTmdFt3	n0	u16	numeric		include/kf/tmd.h:144;src/game/render.c:393;src/game/render_enqueuers.c:65;src/game/render_enqueuers.c:595;src/game/render_enqueuers.c:763;src/open/render.c:148;src/open/render_map.c:104;src/open/render_tmd.c:63	Normal/vertex index within the selected TMD object; numeric resource-relative index.
include/kf/tmd.h:145	KfTmdFt3	v0	u16	numeric		include/kf/tmd.h:145;src/game/render.c:390;src/game/render_enqueuers.c:44;src/game/render_enqueuers.c:575;src/game/render_enqueuers.c:744;src/open/render.c:145;src/open/render_map.c:87;src/open/render_tmd.c:42;src/open/render_unlit.c:32	Normal/vertex index within the selected TMD object; numeric resource-relative index.
include/kf/tmd.h:146	KfTmdFt3	v1	u16	numeric		include/kf/tmd.h:146;src/game/render.c:391;src/game/render_enqueuers.c:45;src/game/render_enqueuers.c:576;src/game/render_enqueuers.c:745;src/open/render.c:146;src/open/render_map.c:88;src/open/render_tmd.c:43;src/open/render_unlit.c:33	Normal/vertex index within the selected TMD object; numeric resource-relative index.
include/kf/tmd.h:147	KfTmdFt3	v2	u16	numeric		include/kf/tmd.h:147;src/game/render.c:392;src/game/render_enqueuers.c:46;src/game/render_enqueuers.c:577;src/game/render_enqueuers.c:746;src/open/render.c:147;src/open/render_map.c:89;src/open/render_tmd.c:45;src/open/render_unlit.c:35	Normal/vertex index within the selected TMD object; numeric resource-relative index.
include/kf/tmd.h:151	KfTmdGt3	tu0	u8	numeric		include/kf/tmd.h:151	Texture U/V coordinate; numeric texel position.
include/kf/tmd.h:152	KfTmdGt3	tv0	u8	numeric		include/kf/tmd.h:152	Texture U/V coordinate; numeric texel position.
include/kf/tmd.h:153	KfTmdGt3	cba	u16	packed_gpu		include/kf/tmd.h:153;src/game/render_enqueuers.c:190;src/open/render_tmd.c:190	GPU texture/color/address/coordinate encoding; numeric components and independent mode bits share storage.
include/kf/tmd.h:154	KfTmdGt3	tu1	u8	numeric		include/kf/tmd.h:154	Texture U/V coordinate; numeric texel position.
include/kf/tmd.h:155	KfTmdGt3	tv1	u8	numeric		include/kf/tmd.h:155	Texture U/V coordinate; numeric texel position.
include/kf/tmd.h:156	KfTmdGt3	tsb	u16	packed_gpu		include/kf/tmd.h:156;src/game/render_enqueuers.c:191;src/open/render_tmd.c:191	GPU texture/color/address/coordinate encoding; numeric components and independent mode bits share storage.
include/kf/tmd.h:157	KfTmdGt3	tu2	u8	numeric		include/kf/tmd.h:157	Texture U/V coordinate; numeric texel position.
include/kf/tmd.h:158	KfTmdGt3	tv2	u8	numeric		include/kf/tmd.h:158	Texture U/V coordinate; numeric texel position.
include/kf/tmd.h:159	KfTmdGt3	pad	u16	padding		include/kf/tmd.h:159	Format/SDK padding or reserved bytes; no selector use established.
include/kf/tmd.h:160	KfTmdGt3	n0	u16	numeric		include/kf/tmd.h:160;src/game/render.c:401;src/game/render_enqueuers.c:199;src/game/render_enqueuers.c:520;src/open/render.c:156;src/open/render_tmd.c:199	Normal/vertex index within the selected TMD object; numeric resource-relative index.
include/kf/tmd.h:161	KfTmdGt3	v0	u16	numeric		include/kf/tmd.h:161;src/game/render.c:398;src/game/render_enqueuers.c:178;src/game/render_enqueuers.c:500;src/open/render.c:153;src/open/render_tmd.c:182	Normal/vertex index within the selected TMD object; numeric resource-relative index.
include/kf/tmd.h:162	KfTmdGt3	n1	u16	numeric		include/kf/tmd.h:162;src/game/render.c:402;src/game/render_enqueuers.c:199;src/game/render_enqueuers.c:520;src/open/render.c:157;src/open/render_tmd.c:200	Normal/vertex index within the selected TMD object; numeric resource-relative index.
include/kf/tmd.h:163	KfTmdGt3	v1	u16	numeric		include/kf/tmd.h:163;src/game/render.c:399;src/game/render_enqueuers.c:179;src/game/render_enqueuers.c:501;src/open/render.c:154;src/open/render_tmd.c:183	Normal/vertex index within the selected TMD object; numeric resource-relative index.
include/kf/tmd.h:164	KfTmdGt3	n2	u16	numeric		include/kf/tmd.h:164;src/game/render.c:403;src/game/render_enqueuers.c:200;src/game/render_enqueuers.c:521;src/open/render.c:158;src/open/render_tmd.c:201	Normal/vertex index within the selected TMD object; numeric resource-relative index.
include/kf/tmd.h:165	KfTmdGt3	v2	u16	numeric		include/kf/tmd.h:165;src/game/render.c:400;src/game/render_enqueuers.c:180;src/game/render_enqueuers.c:502;src/open/render.c:155;src/open/render_tmd.c:184	Normal/vertex index within the selected TMD object; numeric resource-relative index.
include/kf/tmd.h:169	KfTmdFt4	tu0	u8	numeric		include/kf/tmd.h:169	Texture U/V coordinate; numeric texel position.
include/kf/tmd.h:170	KfTmdFt4	tv0	u8	numeric		include/kf/tmd.h:170	Texture U/V coordinate; numeric texel position.
include/kf/tmd.h:171	KfTmdFt4	cba	u16	packed_gpu		include/kf/tmd.h:171;src/game/render_enqueuers.c:302;src/game/render_enqueuers.c:710;src/open/render_map.c:56;src/open/render_tmd.c:305	GPU texture/color/address/coordinate encoding; numeric components and independent mode bits share storage.
include/kf/tmd.h:172	KfTmdFt4	tu1	u8	numeric		include/kf/tmd.h:172	Texture U/V coordinate; numeric texel position.
include/kf/tmd.h:173	KfTmdFt4	tv1	u8	numeric		include/kf/tmd.h:173	Texture U/V coordinate; numeric texel position.
include/kf/tmd.h:174	KfTmdFt4	tsb	u16	packed_gpu		include/kf/tmd.h:174;src/game/render_enqueuers.c:303;src/game/render_enqueuers.c:711;src/open/render_map.c:57;src/open/render_tmd.c:306	GPU texture/color/address/coordinate encoding; numeric components and independent mode bits share storage.
include/kf/tmd.h:175	KfTmdFt4	tu2	u8	numeric		include/kf/tmd.h:175	Texture U/V coordinate; numeric texel position.
include/kf/tmd.h:176	KfTmdFt4	tv2	u8	numeric		include/kf/tmd.h:176	Texture U/V coordinate; numeric texel position.
include/kf/tmd.h:177	KfTmdFt4	pad0	u16	padding		include/kf/tmd.h:177	Format/SDK padding or reserved bytes; no selector use established.
include/kf/tmd.h:178	KfTmdFt4	tu3	u8	numeric		include/kf/tmd.h:178	Texture U/V coordinate; numeric texel position.
include/kf/tmd.h:179	KfTmdFt4	tv3	u8	numeric		include/kf/tmd.h:179	Texture U/V coordinate; numeric texel position.
include/kf/tmd.h:180	KfTmdFt4	pad1	u16	padding		include/kf/tmd.h:180	Format/SDK padding or reserved bytes; no selector use established.
include/kf/tmd.h:181	KfTmdFt4	n0	u16	numeric		include/kf/tmd.h:181;src/game/render.c:433;src/game/render_enqueuers.c:313;src/game/render_enqueuers.c:632;src/game/render_enqueuers.c:721;src/open/render.c:188;src/open/render_map.c:67;src/open/render_tmd.c:316	Normal/vertex index within the selected TMD object; numeric resource-relative index.
include/kf/tmd.h:182	KfTmdFt4	v0	u16	numeric		include/kf/tmd.h:182;src/game/render.c:429;src/game/render_enqueuers.c:289;src/game/render_enqueuers.c:609;src/game/render_enqueuers.c:700;src/open/render.c:184;src/open/render_map.c:47;src/open/render_tmd.c:296	Normal/vertex index within the selected TMD object; numeric resource-relative index.
include/kf/tmd.h:183	KfTmdFt4	v1	u16	numeric		include/kf/tmd.h:183;src/game/render.c:430;src/game/render_enqueuers.c:290;src/game/render_enqueuers.c:610;src/game/render_enqueuers.c:701;src/open/render.c:185;src/open/render_map.c:48;src/open/render_tmd.c:297	Normal/vertex index within the selected TMD object; numeric resource-relative index.
include/kf/tmd.h:184	KfTmdFt4	v2	u16	numeric		include/kf/tmd.h:184;src/game/render.c:431;src/game/render_enqueuers.c:291;src/game/render_enqueuers.c:611;src/game/render_enqueuers.c:702;src/open/render.c:186;src/open/render_map.c:49;src/open/render_tmd.c:298	Normal/vertex index within the selected TMD object; numeric resource-relative index.
include/kf/tmd.h:185	KfTmdFt4	v3	u16	numeric		include/kf/tmd.h:185;src/game/render.c:432;src/game/render_enqueuers.c:296;src/game/render_enqueuers.c:615;src/game/render_enqueuers.c:705;src/open/render.c:187;src/open/render_map.c:53;src/open/render_tmd.c:302	Normal/vertex index within the selected TMD object; numeric resource-relative index.
include/kf/tmd.h:186	KfTmdFt4	pad2	u16	padding		include/kf/tmd.h:186	Format/SDK padding or reserved bytes; no selector use established.
include/kf/tmd.h:190	KfTmdGt4	tu0	u8	numeric		include/kf/tmd.h:190	Texture U/V coordinate; numeric texel position.
include/kf/tmd.h:191	KfTmdGt4	tv0	u8	numeric		include/kf/tmd.h:191	Texture U/V coordinate; numeric texel position.
include/kf/tmd.h:192	KfTmdGt4	cba	u16	packed_gpu		include/kf/tmd.h:192;src/game/render_enqueuers.c:228;src/open/render_tmd.c:229	GPU texture/color/address/coordinate encoding; numeric components and independent mode bits share storage.
include/kf/tmd.h:193	KfTmdGt4	tu1	u8	numeric		include/kf/tmd.h:193	Texture U/V coordinate; numeric texel position.
include/kf/tmd.h:194	KfTmdGt4	tv1	u8	numeric		include/kf/tmd.h:194	Texture U/V coordinate; numeric texel position.
include/kf/tmd.h:195	KfTmdGt4	tsb	u16	packed_gpu		include/kf/tmd.h:195;src/game/render_enqueuers.c:229;src/open/render_tmd.c:230	GPU texture/color/address/coordinate encoding; numeric components and independent mode bits share storage.
include/kf/tmd.h:196	KfTmdGt4	tu2	u8	numeric		include/kf/tmd.h:196	Texture U/V coordinate; numeric texel position.
include/kf/tmd.h:197	KfTmdGt4	tv2	u8	numeric		include/kf/tmd.h:197	Texture U/V coordinate; numeric texel position.
include/kf/tmd.h:198	KfTmdGt4	pad0	u16	padding		include/kf/tmd.h:198	Format/SDK padding or reserved bytes; no selector use established.
include/kf/tmd.h:199	KfTmdGt4	tu3	u8	numeric		include/kf/tmd.h:199	Texture U/V coordinate; numeric texel position.
include/kf/tmd.h:200	KfTmdGt4	tv3	u8	numeric		include/kf/tmd.h:200	Texture U/V coordinate; numeric texel position.
include/kf/tmd.h:201	KfTmdGt4	pad1	u16	padding		include/kf/tmd.h:201	Format/SDK padding or reserved bytes; no selector use established.
include/kf/tmd.h:202	KfTmdGt4	n0	u16	numeric		include/kf/tmd.h:202;src/game/render.c:442;src/game/render_enqueuers.c:239;src/game/render_enqueuers.c:558;src/open/render.c:197;src/open/render_tmd.c:240	Normal/vertex index within the selected TMD object; numeric resource-relative index.
include/kf/tmd.h:203	KfTmdGt4	v0	u16	numeric		include/kf/tmd.h:203;src/game/render.c:438;src/game/render_enqueuers.c:215;src/game/render_enqueuers.c:535;src/open/render.c:193;src/open/render_tmd.c:220	Normal/vertex index within the selected TMD object; numeric resource-relative index.
include/kf/tmd.h:204	KfTmdGt4	n1	u16	numeric		include/kf/tmd.h:204;src/game/render.c:443;src/game/render_enqueuers.c:239;src/game/render_enqueuers.c:558;src/open/render.c:198;src/open/render_tmd.c:241	Normal/vertex index within the selected TMD object; numeric resource-relative index.
include/kf/tmd.h:205	KfTmdGt4	v1	u16	numeric		include/kf/tmd.h:205;src/game/render.c:439;src/game/render_enqueuers.c:216;src/game/render_enqueuers.c:536;src/open/render.c:194;src/open/render_tmd.c:221	Normal/vertex index within the selected TMD object; numeric resource-relative index.
include/kf/tmd.h:206	KfTmdGt4	n2	u16	numeric		include/kf/tmd.h:206;src/game/render.c:444;src/game/render_enqueuers.c:240;src/game/render_enqueuers.c:559;src/open/render.c:199;src/open/render_tmd.c:242	Normal/vertex index within the selected TMD object; numeric resource-relative index.
include/kf/tmd.h:207	KfTmdGt4	v2	u16	numeric		include/kf/tmd.h:207;src/game/render.c:440;src/game/render_enqueuers.c:217;src/game/render_enqueuers.c:537;src/open/render.c:195;src/open/render_tmd.c:222	Normal/vertex index within the selected TMD object; numeric resource-relative index.
include/kf/tmd.h:208	KfTmdGt4	n3	u16	numeric		include/kf/tmd.h:208;src/game/render.c:445;src/game/render_enqueuers.c:242;src/game/render_enqueuers.c:561;src/open/render.c:200;src/open/render_tmd.c:245	Normal/vertex index within the selected TMD object; numeric resource-relative index.
include/kf/tmd.h:209	KfTmdGt4	v3	u16	numeric		include/kf/tmd.h:209;src/game/render.c:441;src/game/render_enqueuers.c:222;src/game/render_enqueuers.c:541;src/open/render.c:196;src/open/render_tmd.c:226	Normal/vertex index within the selected TMD object; numeric resource-relative index.
include/kf/tmd.h:216	KfTmdPrimitive	f3	KfTmdF3	aggregate		include/kf/tmd.h:216;src/game/render_enqueuers.c:328;src/game/render_enqueuers.c:329;src/game/render_enqueuers.c:330;src/game/render_enqueuers.c:343;src/game/render_enqueuers.c:393;src/game/render_enqueuers.c:394;src/game/render_enqueuers.c:395;src/game/render_enqueuers.c:409;src/open/render_tmd.c:335;src/open/render_tmd.c:336;src/open/render_tmd.c:337;src/open/render_tmd.c:346;src/open/render_tmd.c:403;src/open/render_tmd.c:404;src/open/render_tmd.c:405;src/open/render_tmd.c:415;src/open/render_unlit.c:63;src/open/render_unlit.c:64;src/open/render_unlit.c:65;src/open/render_unlit.c:76;src/open/render_unlit.c:77;src/open/render_unlit.c:78	Nested record/union or record array; project-owned child fields are separately listed. SDK children retain their SDK declarations.
include/kf/tmd.h:217	KfTmdPrimitive	f4	KfTmdF4	aggregate		include/kf/tmd.h:217;src/game/render_enqueuers.c:80;src/game/render_enqueuers.c:81;src/game/render_enqueuers.c:82;src/game/render_enqueuers.c:87;src/game/render_enqueuers.c:97;src/game/render_enqueuers.c:424;src/game/render_enqueuers.c:425;src/game/render_enqueuers.c:426;src/game/render_enqueuers.c:431;src/game/render_enqueuers.c:442;src/open/render_tmd.c:82;src/open/render_tmd.c:83;src/open/render_tmd.c:84;src/open/render_tmd.c:88;src/open/render_tmd.c:95;src/open/render_tmd.c:434;src/open/render_tmd.c:435;src/open/render_tmd.c:436;src/open/render_tmd.c:440;src/open/render_tmd.c:448	Nested record/union or record array; project-owned child fields are separately listed. SDK children retain their SDK declarations.
include/kf/tmd.h:218	KfTmdPrimitive	ft3	KfTmdFt3	aggregate		include/kf/tmd.h:218;src/game/render_enqueuers.c:44;src/game/render_enqueuers.c:45;src/game/render_enqueuers.c:46;src/game/render_enqueuers.c:56;src/game/render_enqueuers.c:57;src/game/render_enqueuers.c:65;src/game/render_enqueuers.c:575;src/game/render_enqueuers.c:576;src/game/render_enqueuers.c:577;src/game/render_enqueuers.c:595;src/game/render_enqueuers.c:744;src/game/render_enqueuers.c:745;src/game/render_enqueuers.c:746;src/game/render_enqueuers.c:754;src/game/render_enqueuers.c:755;src/game/render_enqueuers.c:763;src/open/render_map.c:87;src/open/render_map.c:88;src/open/render_map.c:89;src/open/render_map.c:95;src/open/render_map.c:96;src/open/render_map.c:104;src/open/render_tmd.c:42;src/open/render_tmd.c:43;src/open/render_tmd.c:45;src/open/render_tmd.c:54;src/open/render_tmd.c:55;src/open/render_tmd.c:63;src/open/render_unlit.c:32;src/open/render_unlit.c:33;src/open/render_unlit.c:35;src/open/render_unlit.c:46;src/open/render_unlit.c:47	Nested record/union or record array; project-owned child fields are separately listed. SDK children retain their SDK declarations.
include/kf/tmd.h:219	KfTmdPrimitive	ft4	KfTmdFt4	aggregate		include/kf/tmd.h:219;src/game/render_enqueuers.c:289;src/game/render_enqueuers.c:290;src/game/render_enqueuers.c:291;src/game/render_enqueuers.c:296;src/game/render_enqueuers.c:302;src/game/render_enqueuers.c:303;src/game/render_enqueuers.c:313;src/game/render_enqueuers.c:609;src/game/render_enqueuers.c:610;src/game/render_enqueuers.c:611;src/game/render_enqueuers.c:615;src/game/render_enqueuers.c:632;src/game/render_enqueuers.c:700;src/game/render_enqueuers.c:701;src/game/render_enqueuers.c:702;src/game/render_enqueuers.c:705;src/game/render_enqueuers.c:710;src/game/render_enqueuers.c:711;src/game/render_enqueuers.c:721;src/open/render_map.c:47;src/open/render_map.c:48;src/open/render_map.c:49;src/open/render_map.c:53;src/open/render_map.c:56;src/open/render_map.c:57;src/open/render_map.c:67;src/open/render_tmd.c:296;src/open/render_tmd.c:297;src/open/render_tmd.c:298;src/open/render_tmd.c:302;src/open/render_tmd.c:305;src/open/render_tmd.c:306;src/open/render_tmd.c:316	Nested record/union or record array; project-owned child fields are separately listed. SDK children retain their SDK declarations.
include/kf/tmd.h:220	KfTmdPrimitive	g3	KfTmdG3	aggregate		include/kf/tmd.h:220;src/game/render_enqueuers.c:112;src/game/render_enqueuers.c:113;src/game/render_enqueuers.c:114;src/game/render_enqueuers.c:127;src/game/render_enqueuers.c:128;src/game/render_enqueuers.c:257;src/game/render_enqueuers.c:258;src/game/render_enqueuers.c:259;src/game/render_enqueuers.c:273;src/game/render_enqueuers.c:274;src/open/render_tmd.c:114;src/open/render_tmd.c:115;src/open/render_tmd.c:116;src/open/render_tmd.c:125;src/open/render_tmd.c:126;src/open/render_tmd.c:127;src/open/render_tmd.c:263;src/open/render_tmd.c:264;src/open/render_tmd.c:265;src/open/render_tmd.c:275;src/open/render_tmd.c:276;src/open/render_tmd.c:277	Nested record/union or record array; project-owned child fields are separately listed. SDK children retain their SDK declarations.
include/kf/tmd.h:221	KfTmdPrimitive	g4	KfTmdG4	aggregate		include/kf/tmd.h:221;src/game/render_enqueuers.c:143;src/game/render_enqueuers.c:144;src/game/render_enqueuers.c:145;src/game/render_enqueuers.c:150;src/game/render_enqueuers.c:160;src/game/render_enqueuers.c:161;src/game/render_enqueuers.c:163;src/game/render_enqueuers.c:358;src/game/render_enqueuers.c:359;src/game/render_enqueuers.c:360;src/game/render_enqueuers.c:365;src/game/render_enqueuers.c:376;src/game/render_enqueuers.c:377;src/game/render_enqueuers.c:378;src/game/render_enqueuers.c:379;src/open/render_tmd.c:146;src/open/render_tmd.c:147;src/open/render_tmd.c:148;src/open/render_tmd.c:152;src/open/render_tmd.c:159;src/open/render_tmd.c:160;src/open/render_tmd.c:161;src/open/render_tmd.c:164;src/open/render_tmd.c:365;src/open/render_tmd.c:366;src/open/render_tmd.c:367;src/open/render_tmd.c:371;src/open/render_tmd.c:379;src/open/render_tmd.c:381;src/open/render_tmd.c:383;src/open/render_tmd.c:385	Nested record/union or record array; project-owned child fields are separately listed. SDK children retain their SDK declarations.
include/kf/tmd.h:222	KfTmdPrimitive	gt3	KfTmdGt3	aggregate		include/kf/tmd.h:222;src/game/render_enqueuers.c:178;src/game/render_enqueuers.c:179;src/game/render_enqueuers.c:180;src/game/render_enqueuers.c:190;src/game/render_enqueuers.c:191;src/game/render_enqueuers.c:199;src/game/render_enqueuers.c:200;src/game/render_enqueuers.c:500;src/game/render_enqueuers.c:501;src/game/render_enqueuers.c:502;src/game/render_enqueuers.c:520;src/game/render_enqueuers.c:521;src/open/render_tmd.c:182;src/open/render_tmd.c:183;src/open/render_tmd.c:184;src/open/render_tmd.c:190;src/open/render_tmd.c:191;src/open/render_tmd.c:199;src/open/render_tmd.c:200;src/open/render_tmd.c:201	Nested record/union or record array; project-owned child fields are separately listed. SDK children retain their SDK declarations.
include/kf/tmd.h:223	KfTmdPrimitive	gt4	KfTmdGt4	aggregate		include/kf/tmd.h:223;src/game/render_enqueuers.c:215;src/game/render_enqueuers.c:216;src/game/render_enqueuers.c:217;src/game/render_enqueuers.c:222;src/game/render_enqueuers.c:228;src/game/render_enqueuers.c:229;src/game/render_enqueuers.c:239;src/game/render_enqueuers.c:240;src/game/render_enqueuers.c:242;src/game/render_enqueuers.c:535;src/game/render_enqueuers.c:536;src/game/render_enqueuers.c:537;src/game/render_enqueuers.c:541;src/game/render_enqueuers.c:558;src/game/render_enqueuers.c:559;src/game/render_enqueuers.c:561;src/open/render_tmd.c:220;src/open/render_tmd.c:221;src/open/render_tmd.c:222;src/open/render_tmd.c:226;src/open/render_tmd.c:229;src/open/render_tmd.c:230;src/open/render_tmd.c:240;src/open/render_tmd.c:241;src/open/render_tmd.c:242;src/open/render_tmd.c:245	Nested record/union or record array; project-owned child fields are separately listed. SDK children retain their SDK declarations.
include/kf/tmd.h:224	KfTmdPrimitive	color	CVECTOR	aggregate		include/kf/tmd.h:224;src/game/render_enqueuers.c:97;src/game/render_enqueuers.c:128;src/game/render_enqueuers.c:161;src/game/render_enqueuers.c:163;src/game/render_enqueuers.c:274;src/game/render_enqueuers.c:343;src/game/render_enqueuers.c:376;src/game/render_enqueuers.c:377;src/game/render_enqueuers.c:378;src/game/render_enqueuers.c:379;src/game/render_enqueuers.c:409;src/game/render_enqueuers.c:442;src/open/render_tmd.c:95;src/open/render_tmd.c:127;src/open/render_tmd.c:161;src/open/render_tmd.c:164;src/open/render_tmd.c:277;src/open/render_tmd.c:346;src/open/render_tmd.c:379;src/open/render_tmd.c:381;src/open/render_tmd.c:383;src/open/render_tmd.c:385;src/open/render_tmd.c:415;src/open/render_tmd.c:448	Nested record/union or record array; project-owned child fields are separately listed. SDK children retain their SDK declarations.
include/kf/tmd.h:226	KfTmdPrimitive.texture	uv0	u16	packed_gpu		include/kf/tmd.h:226;src/game/render_enqueuers.c:61;src/game/render_enqueuers.c:195;src/game/render_enqueuers.c:234;src/game/render_enqueuers.c:308;src/game/render_enqueuers.c:516;src/game/render_enqueuers.c:553;src/game/render_enqueuers.c:591;src/game/render_enqueuers.c:627;src/game/render_enqueuers.c:716;src/game/render_enqueuers.c:759;src/open/render_map.c:62;src/open/render_map.c:100;src/open/render_tmd.c:59;src/open/render_tmd.c:195;src/open/render_tmd.c:235;src/open/render_tmd.c:311;src/open/render_unlit.c:51	GPU texture/color/address/coordinate encoding; numeric components and independent mode bits share storage.
include/kf/tmd.h:227	KfTmdPrimitive.texture	clut	u16	packed_gpu		include/kf/tmd.h:227	GPU texture/color/address/coordinate encoding; numeric components and independent mode bits share storage.
include/kf/tmd.h:228	KfTmdPrimitive.texture	uv1	u16	packed_gpu		include/kf/tmd.h:228;src/game/render_enqueuers.c:62;src/game/render_enqueuers.c:196;src/game/render_enqueuers.c:235;src/game/render_enqueuers.c:309;src/game/render_enqueuers.c:517;src/game/render_enqueuers.c:554;src/game/render_enqueuers.c:592;src/game/render_enqueuers.c:628;src/game/render_enqueuers.c:717;src/game/render_enqueuers.c:760;src/open/render_map.c:63;src/open/render_map.c:101;src/open/render_tmd.c:60;src/open/render_tmd.c:196;src/open/render_tmd.c:236;src/open/render_tmd.c:312;src/open/render_unlit.c:52	GPU texture/color/address/coordinate encoding; numeric components and independent mode bits share storage.
include/kf/tmd.h:229	KfTmdPrimitive.texture	tpage	u16	packed_gpu		include/kf/tmd.h:229	GPU texture/color/address/coordinate encoding; numeric components and independent mode bits share storage.
include/kf/tmd.h:230	KfTmdPrimitive.texture	uv2	u16	packed_gpu		include/kf/tmd.h:230;src/game/render_enqueuers.c:63;src/game/render_enqueuers.c:197;src/game/render_enqueuers.c:236;src/game/render_enqueuers.c:310;src/game/render_enqueuers.c:518;src/game/render_enqueuers.c:555;src/game/render_enqueuers.c:593;src/game/render_enqueuers.c:629;src/game/render_enqueuers.c:718;src/game/render_enqueuers.c:761;src/open/render_map.c:64;src/open/render_map.c:102;src/open/render_tmd.c:61;src/open/render_tmd.c:197;src/open/render_tmd.c:237;src/open/render_tmd.c:313;src/open/render_unlit.c:53	GPU texture/color/address/coordinate encoding; numeric components and independent mode bits share storage.
include/kf/tmd.h:231	KfTmdPrimitive.texture	pad0	u16	padding		include/kf/tmd.h:231	Format/SDK padding or reserved bytes; no selector use established.
include/kf/tmd.h:232	KfTmdPrimitive.texture	uv3	u16	packed_gpu		include/kf/tmd.h:232;src/game/render_enqueuers.c:237;src/game/render_enqueuers.c:311;src/game/render_enqueuers.c:556;src/game/render_enqueuers.c:630;src/game/render_enqueuers.c:719;src/open/render_map.c:65;src/open/render_tmd.c:238;src/open/render_tmd.c:314	GPU texture/color/address/coordinate encoding; numeric components and independent mode bits share storage.
include/kf/tmd.h:233	KfTmdPrimitive.texture	pad1	u16	padding		include/kf/tmd.h:233	Format/SDK padding or reserved bytes; no selector use established.
include/kf/tmd.h:234	KfTmdPrimitive	texture	struct (unnamed struct at include/kf/tmd.h:225:5)	aggregate		include/kf/tmd.h:234;src/game/render_enqueuers.c:61;src/game/render_enqueuers.c:62;src/game/render_enqueuers.c:63;src/game/render_enqueuers.c:195;src/game/render_enqueuers.c:196;src/game/render_enqueuers.c:197;src/game/render_enqueuers.c:234;src/game/render_enqueuers.c:235;src/game/render_enqueuers.c:236;src/game/render_enqueuers.c:237;src/game/render_enqueuers.c:308;src/game/render_enqueuers.c:309;src/game/render_enqueuers.c:310;src/game/render_enqueuers.c:311;src/game/render_enqueuers.c:516;src/game/render_enqueuers.c:517;src/game/render_enqueuers.c:518;src/game/render_enqueuers.c:553;src/game/render_enqueuers.c:554;src/game/render_enqueuers.c:555;src/game/render_enqueuers.c:556;src/game/render_enqueuers.c:591;src/game/render_enqueuers.c:592;src/game/render_enqueuers.c:593;src/game/render_enqueuers.c:627;src/game/render_enqueuers.c:628;src/game/render_enqueuers.c:629;src/game/render_enqueuers.c:630;src/game/render_enqueuers.c:716;src/game/render_enqueuers.c:717;src/game/render_enqueuers.c:718;src/game/render_enqueuers.c:719;src/game/render_enqueuers.c:759;src/game/render_enqueuers.c:760;src/game/render_enqueuers.c:761;src/open/render_map.c:62;src/open/render_map.c:63;src/open/render_map.c:64;src/open/render_map.c:65;src/open/render_map.c:100;src/open/render_map.c:101;src/open/render_map.c:102;src/open/render_tmd.c:59;src/open/render_tmd.c:60;src/open/render_tmd.c:61;src/open/render_tmd.c:195;src/open/render_tmd.c:196;src/open/render_tmd.c:197;src/open/render_tmd.c:235;src/open/render_tmd.c:236;src/open/render_tmd.c:237;src/open/render_tmd.c:238;src/open/render_tmd.c:311;src/open/render_tmd.c:312;src/open/render_tmd.c:313;src/open/render_tmd.c:314;src/open/render_unlit.c:51;src/open/render_unlit.c:52;src/open/render_unlit.c:53	Nested record/union or record array; project-owned child fields are separately listed. SDK children retain their SDK declarations.
include/kf/tmd.h:239	KfScreenXY	word	long	encoded_storage		include/kf/tmd.h:239;src/game/render.c:482;src/game/render.c:504;src/game/render_enqueuers.c:48;src/game/render_enqueuers.c:58;src/game/render_enqueuers.c:59;src/game/render_enqueuers.c:60;src/game/render_enqueuers.c:84;src/game/render_enqueuers.c:93;src/game/render_enqueuers.c:94;src/game/render_enqueuers.c:95;src/game/render_enqueuers.c:96;src/game/render_enqueuers.c:116;src/game/render_enqueuers.c:124;src/game/render_enqueuers.c:125;src/game/render_enqueuers.c:126;src/game/render_enqueuers.c:147;src/game/render_enqueuers.c:156;src/game/render_enqueuers.c:157;src/game/render_enqueuers.c:158;src/game/render_enqueuers.c:159;src/game/render_enqueuers.c:182;src/game/render_enqueuers.c:192;src/game/render_enqueuers.c:193;src/game/render_enqueuers.c:194;src/game/render_enqueuers.c:219;src/game/render_enqueuers.c:230;src/game/render_enqueuers.c:231;src/game/render_enqueuers.c:232;src/game/render_enqueuers.c:233;src/game/render_enqueuers.c:261;src/game/render_enqueuers.c:270;src/game/render_enqueuers.c:271;src/game/render_enqueuers.c:272;src/game/render_enqueuers.c:293;src/game/render_enqueuers.c:304;src/game/render_enqueuers.c:305;src/game/render_enqueuers.c:306;src/game/render_enqueuers.c:307;src/game/render_enqueuers.c:332;src/game/render_enqueuers.c:340;src/game/render_enqueuers.c:341;src/game/render_enqueuers.c:342;src/game/render_enqueuers.c:362;src/game/render_enqueuers.c:372;src/game/render_enqueuers.c:373;src/game/render_enqueuers.c:374;src/game/render_enqueuers.c:375;src/game/render_enqueuers.c:397;src/game/render_enqueuers.c:406;src/game/render_enqueuers.c:407;src/game/render_enqueuers.c:408;src/game/render_enqueuers.c:428;src/game/render_enqueuers.c:438;src/game/render_enqueuers.c:439;src/game/render_enqueuers.c:440;src/game/render_enqueuers.c:441;src/game/render_enqueuers.c:503;src/game/render_enqueuers.c:513;src/game/render_enqueuers.c:514;src/game/render_enqueuers.c:515;src/game/render_enqueuers.c:538;src/game/render_enqueuers.c:549;src/game/render_enqueuers.c:550;src/game/render_enqueuers.c:551;src/game/render_enqueuers.c:552;src/game/render_enqueuers.c:578;src/game/render_enqueuers.c:588;src/game/render_enqueuers.c:589;src/game/render_enqueuers.c:590;src/game/render_enqueuers.c:612;src/game/render_enqueuers.c:623;src/game/render_enqueuers.c:624;src/game/render_enqueuers.c:625;src/game/render_enqueuers.c:626;src/game/render_enqueuers.c:703;src/game/render_enqueuers.c:712;src/game/render_enqueuers.c:713;src/game/render_enqueuers.c:714;src/game/render_enqueuers.c:715;src/game/render_enqueuers.c:747;src/game/render_enqueuers.c:756;src/game/render_enqueuers.c:757;src/game/render_enqueuers.c:758;src/open/render.c:240;src/open/render.c:262;src/open/render.c:284;src/open/render_map.c:50;src/open/render_map.c:58;src/open/render_map.c:59;src/open/render_map.c:60;src/open/render_map.c:61;src/open/render_map.c:90;src/open/render_map.c:97;src/open/render_map.c:98;src/open/render_map.c:99;src/open/render_tmd.c:49;src/open/render_tmd.c:56;src/open/render_tmd.c:57;src/open/render_tmd.c:58;src/open/render_tmd.c:85;src/open/render_tmd.c:91;src/open/render_tmd.c:92;src/open/render_tmd.c:93;src/open/render_tmd.c:94;src/open/render_tmd.c:117;src/open/render_tmd.c:122;src/open/render_tmd.c:123;src/open/render_tmd.c:124;src/open/render_tmd.c:149;src/open/render_tmd.c:155;src/open/render_tmd.c:156;src/open/render_tmd.c:157;src/open/render_tmd.c:158;src/open/render_tmd.c:185;src/open/render_tmd.c:192;src/open/render_tmd.c:193;src/open/render_tmd.c:194;src/open/render_tmd.c:223;src/open/render_tmd.c:231;src/open/render_tmd.c:232;src/open/render_tmd.c:233;src/open/render_tmd.c:234;src/open/render_tmd.c:266;src/open/render_tmd.c:272;src/open/render_tmd.c:273;src/open/render_tmd.c:274;src/open/render_tmd.c:299;src/open/render_tmd.c:307;src/open/render_tmd.c:308;src/open/render_tmd.c:309;src/open/render_tmd.c:310;src/open/render_tmd.c:338;src/open/render_tmd.c:343;src/open/render_tmd.c:344;src/open/render_tmd.c:345;src/open/render_tmd.c:368;src/open/render_tmd.c:375;src/open/render_tmd.c:376;src/open/render_tmd.c:377;src/open/render_tmd.c:378;src/open/render_tmd.c:406;src/open/render_tmd.c:412;src/open/render_tmd.c:413;src/open/render_tmd.c:414;src/open/render_tmd.c:437;src/open/render_tmd.c:444;src/open/render_tmd.c:445;src/open/render_tmd.c:446;src/open/render_tmd.c:447;src/open/render_unlit.c:39;src/open/render_unlit.c:40;src/open/render_unlit.c:48;src/open/render_unlit.c:49;src/open/render_unlit.c:50;src/open/render_unlit.c:66;src/open/render_unlit.c:67;src/open/render_unlit.c:73;src/open/render_unlit.c:74;src/open/render_unlit.c:75	Packed/aligned copy or address view of an owning object; type semantic members separately.
include/kf/tmd.h:240	KfScreenXY	vector	DVECTOR	aggregate		include/kf/tmd.h:240;src/game/render.c:526;src/game/render.c:527;src/open/render.c:305;src/open/render.c:306	Nested record/union or record array; project-owned child fields are separately listed. SDK children retain their SDK declarations.
include/kf/tmd.h:245	KfScreenVertex	sxy	KfScreenXY	aggregate		include/kf/tmd.h:245;src/game/render.c:482;src/game/render.c:504;src/game/render.c:526;src/game/render.c:527;src/game/render_enqueuers.c:48;src/game/render_enqueuers.c:58;src/game/render_enqueuers.c:59;src/game/render_enqueuers.c:60;src/game/render_enqueuers.c:84;src/game/render_enqueuers.c:93;src/game/render_enqueuers.c:94;src/game/render_enqueuers.c:95;src/game/render_enqueuers.c:96;src/game/render_enqueuers.c:116;src/game/render_enqueuers.c:124;src/game/render_enqueuers.c:125;src/game/render_enqueuers.c:126;src/game/render_enqueuers.c:147;src/game/render_enqueuers.c:156;src/game/render_enqueuers.c:157;src/game/render_enqueuers.c:158;src/game/render_enqueuers.c:159;src/game/render_enqueuers.c:182;src/game/render_enqueuers.c:192;src/game/render_enqueuers.c:193;src/game/render_enqueuers.c:194;src/game/render_enqueuers.c:219;src/game/render_enqueuers.c:230;src/game/render_enqueuers.c:231;src/game/render_enqueuers.c:232;src/game/render_enqueuers.c:233;src/game/render_enqueuers.c:261;src/game/render_enqueuers.c:270;src/game/render_enqueuers.c:271;src/game/render_enqueuers.c:272;src/game/render_enqueuers.c:293;src/game/render_enqueuers.c:304;src/game/render_enqueuers.c:305;src/game/render_enqueuers.c:306;src/game/render_enqueuers.c:307;src/game/render_enqueuers.c:332;src/game/render_enqueuers.c:340;src/game/render_enqueuers.c:341;src/game/render_enqueuers.c:342;src/game/render_enqueuers.c:362;src/game/render_enqueuers.c:372;src/game/render_enqueuers.c:373;src/game/render_enqueuers.c:374;src/game/render_enqueuers.c:375;src/game/render_enqueuers.c:397;src/game/render_enqueuers.c:406;src/game/render_enqueuers.c:407;src/game/render_enqueuers.c:408;src/game/render_enqueuers.c:428;src/game/render_enqueuers.c:438;src/game/render_enqueuers.c:439;src/game/render_enqueuers.c:440;src/game/render_enqueuers.c:441;src/game/render_enqueuers.c:503;src/game/render_enqueuers.c:513;src/game/render_enqueuers.c:514;src/game/render_enqueuers.c:515;src/game/render_enqueuers.c:538;src/game/render_enqueuers.c:549;src/game/render_enqueuers.c:550;src/game/render_enqueuers.c:551;src/game/render_enqueuers.c:552;src/game/render_enqueuers.c:578;src/game/render_enqueuers.c:588;src/game/render_enqueuers.c:589;src/game/render_enqueuers.c:590;src/game/render_enqueuers.c:612;src/game/render_enqueuers.c:623;src/game/render_enqueuers.c:624;src/game/render_enqueuers.c:625;src/game/render_enqueuers.c:626;src/game/render_enqueuers.c:703;src/game/render_enqueuers.c:712;src/game/render_enqueuers.c:713;src/game/render_enqueuers.c:714;src/game/render_enqueuers.c:715;src/game/render_enqueuers.c:747;src/game/render_enqueuers.c:756;src/game/render_enqueuers.c:757;src/game/render_enqueuers.c:758;src/open/render.c:240;src/open/render.c:262;src/open/render.c:284;src/open/render.c:305;src/open/render.c:306;src/open/render_map.c:50;src/open/render_map.c:58;src/open/render_map.c:59;src/open/render_map.c:60;src/open/render_map.c:61;src/open/render_map.c:90;src/open/render_map.c:97;src/open/render_map.c:98;src/open/render_map.c:99;src/open/render_tmd.c:49;src/open/render_tmd.c:56;src/open/render_tmd.c:57;src/open/render_tmd.c:58;src/open/render_tmd.c:85;src/open/render_tmd.c:91;src/open/render_tmd.c:92;src/open/render_tmd.c:93;src/open/render_tmd.c:94;src/open/render_tmd.c:117;src/open/render_tmd.c:122;src/open/render_tmd.c:123;src/open/render_tmd.c:124;src/open/render_tmd.c:149;src/open/render_tmd.c:155;src/open/render_tmd.c:156;src/open/render_tmd.c:157;src/open/render_tmd.c:158;src/open/render_tmd.c:185;src/open/render_tmd.c:192;src/open/render_tmd.c:193;src/open/render_tmd.c:194;src/open/render_tmd.c:223;src/open/render_tmd.c:231;src/open/render_tmd.c:232;src/open/render_tmd.c:233;src/open/render_tmd.c:234;src/open/render_tmd.c:266;src/open/render_tmd.c:272;src/open/render_tmd.c:273;src/open/render_tmd.c:274;src/open/render_tmd.c:299;src/open/render_tmd.c:307;src/open/render_tmd.c:308;src/open/render_tmd.c:309;src/open/render_tmd.c:310;src/open/render_tmd.c:338;src/open/render_tmd.c:343;src/open/render_tmd.c:344;src/open/render_tmd.c:345;src/open/render_tmd.c:368;src/open/render_tmd.c:375;src/open/render_tmd.c:376;src/open/render_tmd.c:377;src/open/render_tmd.c:378;src/open/render_tmd.c:406;src/open/render_tmd.c:412;src/open/render_tmd.c:413;src/open/render_tmd.c:414;src/open/render_tmd.c:437;src/open/render_tmd.c:444;src/open/render_tmd.c:445;src/open/render_tmd.c:446;src/open/render_tmd.c:447;src/open/render_unlit.c:39;src/open/render_unlit.c:40;src/open/render_unlit.c:48;src/open/render_unlit.c:49;src/open/render_unlit.c:50;src/open/render_unlit.c:66;src/open/render_unlit.c:67;src/open/render_unlit.c:73;src/open/render_unlit.c:74;src/open/render_unlit.c:75	Nested record/union or record array; project-owned child fields are separately listed. SDK children retain their SDK declarations.
include/kf/tmd.h:246	KfScreenVertex	sz	s16	numeric		include/kf/tmd.h:246;src/game/render.c:485;src/game/render.c:507;src/game/render.c:529;src/game/render_enqueuers.c:67;src/game/render_enqueuers.c:99;src/game/render_enqueuers.c:130;src/game/render_enqueuers.c:165;src/game/render_enqueuers.c:202;src/game/render_enqueuers.c:244;src/game/render_enqueuers.c:276;src/game/render_enqueuers.c:315;src/game/render_enqueuers.c:345;src/game/render_enqueuers.c:380;src/game/render_enqueuers.c:411;src/game/render_enqueuers.c:444;src/game/render_enqueuers.c:523;src/game/render_enqueuers.c:563;src/game/render_enqueuers.c:597;src/game/render_enqueuers.c:634;src/game/render_enqueuers.c:727;src/game/render_enqueuers.c:768;src/open/render.c:243;src/open/render.c:265;src/open/render.c:287;src/open/render.c:308;src/open/render_map.c:73;src/open/render_map.c:109;src/open/render_tmd.c:66;src/open/render_tmd.c:98;src/open/render_tmd.c:130;src/open/render_tmd.c:166;src/open/render_tmd.c:204;src/open/render_tmd.c:247;src/open/render_tmd.c:280;src/open/render_tmd.c:319;src/open/render_tmd.c:349;src/open/render_tmd.c:387;src/open/render_tmd.c:418;src/open/render_tmd.c:451;src/open/render_unlit.c:84	projection depth read with lh for ordering-table arithmetic
include/kf/tmd.h:247	KfScreenVertex	p2	s16	numeric		include/kf/tmd.h:247;src/game/render.c:483;src/game/render.c:505;src/game/render.c:528;src/game/render_enqueuers.c:66;src/game/render_enqueuers.c:98;src/game/render_enqueuers.c:128;src/game/render_enqueuers.c:161;src/game/render_enqueuers.c:163;src/game/render_enqueuers.c:200;src/game/render_enqueuers.c:240;src/game/render_enqueuers.c:242;src/game/render_enqueuers.c:314;src/game/render_enqueuers.c:344;src/game/render_enqueuers.c:376;src/game/render_enqueuers.c:377;src/game/render_enqueuers.c:378;src/game/render_enqueuers.c:379;src/game/render_enqueuers.c:410;src/game/render_enqueuers.c:443;src/game/render_enqueuers.c:521;src/game/render_enqueuers.c:559;src/game/render_enqueuers.c:561;src/game/render_enqueuers.c:596;src/game/render_enqueuers.c:633;src/game/render_enqueuers.c:723;src/game/render_enqueuers.c:724;src/game/render_enqueuers.c:725;src/game/render_enqueuers.c:726;src/game/render_enqueuers.c:765;src/game/render_enqueuers.c:766;src/game/render_enqueuers.c:767;src/open/render.c:241;src/open/render.c:263;src/open/render.c:285;src/open/render.c:307;src/open/render_map.c:69;src/open/render_map.c:70;src/open/render_map.c:71;src/open/render_map.c:72;src/open/render_map.c:106;src/open/render_map.c:107;src/open/render_map.c:108;src/open/render_tmd.c:64;src/open/render_tmd.c:96;src/open/render_tmd.c:128;src/open/render_tmd.c:162;src/open/render_tmd.c:165;src/open/render_tmd.c:202;src/open/render_tmd.c:243;src/open/render_tmd.c:246;src/open/render_tmd.c:317;src/open/render_tmd.c:347;src/open/render_tmd.c:380;src/open/render_tmd.c:382;src/open/render_tmd.c:384;src/open/render_tmd.c:386;src/open/render_tmd.c:416;src/open/render_tmd.c:449	doubled perspective term, or view-space z on the non-perspective path, read with lh for depth cueing
src/game/display_play_transition.c:8	FadeUv	v	u8[8]	numeric		src/game/display_play_transition.c:8;src/game/display_play_transition.c:62	Count, coordinate, extent, interpolation quantity or resource-relative index.
src/game/menu_item_drop.c:267	menu_save_panel.status	operation	KfSaveResult	typed_enum		src/game/menu_item_drop.c:267;src/game/menu_item_drop.c:272;src/game/menu_item_drop.c:273;src/game/menu_item_drop.c:329;src/game/menu_item_drop.c:339;src/game/menu_item_drop.c:343	Same enum type is already enforced by the strict C++ view; this verdict does not certify completeness of its enumerator list.
src/game/menu_item_drop.c:268	menu_save_panel.status	cleanup	KfSaveCleanupResult	typed_enum		src/game/menu_item_drop.c:268;src/game/menu_item_drop.c:300;src/game/menu_item_drop.c:301	Same enum type is already enforced by the strict C++ view; this verdict does not certify completeness of its enumerator list.
src/game/player_warp.c:39	player_warp_shimmer.scratch	position	VECTOR	aggregate		src/game/player_warp.c:39;src/game/player_warp.c:60;src/game/player_warp.c:61;src/game/player_warp.c:62	Nested record/union or record array; project-owned child fields are separately listed. SDK children retain their SDK declarations.
src/game/player_warp.c:40	player_warp_shimmer.scratch	direction	SVECTOR	aggregate		src/game/player_warp.c:40;src/game/player_warp.c:69	Nested record/union or record array; project-owned child fields are separately listed. SDK children retain their SDK declarations.
src/game/pool.c:17	KfAnimClip	keyframe_count	u16	numeric		src/game/pool.c:17;src/game/pool.c:132	Count, coordinate, extent, interpolation quantity or resource-relative index.
src/game/pool.c:18	KfAnimClip	unknown_02	u16	unresolved		src/game/pool.c:18	No selector semantics established by current source.
src/game/pool.c:19	KfAnimClip	keyframes	u32[1]	numeric		src/game/pool.c:19;src/game/pool.c:134	Offsets/indices in the selected asset object/keyframe tables; meanings vary with the asset.
src/game/pool.c:24	KfAnimKeyframe	reverse	u16	selector_candidate	F1	src/game/pool.c:24;src/game/pool.c:145;docs/patterns/enum-field-review.md#f1	Forward at zero; nonzero selects 4096-fraction. All 813 shipped keyframes encode zero; a nonzero enumerator value remains unproved.
src/game/pool.c:25	KfAnimKeyframe	duration	u16	numeric		src/game/pool.c:25;src/game/pool.c:139;src/game/pool.c:142	Phase span used for cumulative range selection and division; numeric interpolation quantity.
src/game/pool.c:26	KfAnimKeyframe	rest_index	u16	numeric		src/game/pool.c:26;src/game/pool.c:182	Offsets/indices in the selected asset object/keyframe tables; meanings vary with the asset.
src/game/pool.c:27	KfAnimKeyframe	morph_count	u16	numeric		src/game/pool.c:27;src/game/pool.c:168	Count, coordinate, extent, interpolation quantity or resource-relative index.
src/game/pool.c:28	KfAnimKeyframe	morph_indices	u16[1]	numeric		src/game/pool.c:28;src/game/pool.c:170	Offsets/indices in the selected asset object/keyframe tables; meanings vary with the asset.
src/game/pool.c:33	KfMorphRange	base_vertex	u32	numeric		src/game/pool.c:33;src/game/pool.c:176;src/game/pool.c:192	Count, coordinate, extent, interpolation quantity or resource-relative index.
src/game/pool.c:34	KfMorphRange	vertex_count	u32	numeric		src/game/pool.c:34;src/game/pool.c:177;src/game/pool.c:198	Count, coordinate, extent, interpolation quantity or resource-relative index.
src/game/pool.c:38	KfMorphPrefix	range	KfMorphRange	aggregate		src/game/pool.c:38;src/game/pool.c:176;src/game/pool.c:177;src/game/pool.c:192;src/game/pool.c:198	Nested record/union or record array; project-owned child fields are separately listed. SDK children retain their SDK declarations.
src/game/pool.c:39	KfMorphPrefix	vector	SVECTOR	aggregate		src/game/pool.c:39;src/game/pool.c:197	Nested record/union or record array; project-owned child fields are separately listed. SDK children retain their SDK declarations.
src/game/pool.c:45	KfMorphObject	tmd_object_index	u32	numeric		src/game/pool.c:45	Format object index; current retail path selects object zero instead of reading it. No semantic selector domain established.
src/game/pool.c:46	KfMorphObject	prefix	KfMorphPrefix	aggregate		src/game/pool.c:46;src/game/pool.c:176;src/game/pool.c:177;src/game/pool.c:192;src/game/pool.c:197;src/game/pool.c:198	Nested record/union or record array; project-owned child fields are separately listed. SDK children retain their SDK declarations.
src/game/pool.c:47	KfMorphObject	deltas	SVECTOR[1]	aggregate		src/game/pool.c:47;src/game/pool.c:177	Nested record/union or record array; project-owned child fields are separately listed. SDK children retain their SDK declarations.
src/open/opening_scenes.c:380	KfOpeningTransformSnapshot	position	VECTOR	aggregate		src/open/opening_scenes.c:380;src/open/opening_scenes.c:406;src/open/opening_scenes.c:407;src/open/opening_scenes.c:408	Nested record/union or record array; project-owned child fields are separately listed. SDK children retain their SDK declarations.
src/open/opening_scenes.c:381	KfOpeningTransformSnapshot	rotation	SVECTOR	aggregate		src/open/opening_scenes.c:381	Nested record/union or record array; project-owned child fields are separately listed. SDK children retain their SDK declarations.
src/open/render_map.c:7	KfMapGpuPrimitive	triangle	KfGpuGT3	aggregate		src/open/render_map.c:7;src/open/render_map.c:94;src/open/render_map.c:95;src/open/render_map.c:96;src/open/render_map.c:97;src/open/render_map.c:98;src/open/render_map.c:99;src/open/render_map.c:100;src/open/render_map.c:101;src/open/render_map.c:102;src/open/render_map.c:103;src/open/render_map.c:106;src/open/render_map.c:107;src/open/render_map.c:108;src/open/render_map.c:114	Nested record/union or record array; project-owned child fields are separately listed. SDK children retain their SDK declarations.
src/open/render_map.c:8	KfMapGpuPrimitive	quad	KfGpuGT4	aggregate		src/open/render_map.c:8;src/open/render_map.c:55;src/open/render_map.c:56;src/open/render_map.c:57;src/open/render_map.c:58;src/open/render_map.c:59;src/open/render_map.c:60;src/open/render_map.c:61;src/open/render_map.c:62;src/open/render_map.c:63;src/open/render_map.c:64;src/open/render_map.c:65;src/open/render_map.c:66;src/open/render_map.c:69;src/open/render_map.c:70;src/open/render_map.c:71;src/open/render_map.c:72;src/open/render_map.c:79	Nested record/union or record array; project-owned child fields are separately listed. SDK children retain their SDK declarations.
