# MANUALLY REVIEWED - all current project array declarations; Clang provides coverage, semantic dispositions follow declaration/use review.
declaration	kind	owner	name	datatype	dimensions	verdict	finding	evidence	note
include/kf/audio.h:53	FIELD_DECL	KfAudioVoiceSlots	voice_ids	s16[10]	10	numeric		include/kf/audio.h:53;src/game/audio.c:42;src/game/audio.c:280;src/game/audio.c:282;src/game/audio.c:292;src/open/audio.c:45;src/open/audio_play_voice.c:17;src/open/audio_play_voice.c:19;src/open/audio_play_voice.c:29	SDK handle or bank-relative program/tone/note number; numeric API domain.
include/kf/audio.h:54	FIELD_DECL	KfAudioVoiceSlots	vab_ids	s16[10]	10	numeric		include/kf/audio.h:54;src/game/audio.c:283;src/game/audio.c:288;src/open/audio_play_voice.c:20;src/open/audio_play_voice.c:25	SDK handle or bank-relative program/tone/note number; numeric API domain.
include/kf/audio.h:55	FIELD_DECL	KfAudioVoiceSlots	programs	s16[10]	10	numeric		include/kf/audio.h:55;src/game/audio.c:284;src/game/audio.c:289;src/open/audio_play_voice.c:21;src/open/audio_play_voice.c:26	SDK handle or bank-relative program/tone/note number; numeric API domain.
include/kf/audio.h:56	FIELD_DECL	KfAudioVoiceSlots	tones	s16[10]	10	numeric		include/kf/audio.h:56;src/game/audio.c:285;src/game/audio.c:290;src/open/audio_play_voice.c:22;src/open/audio_play_voice.c:27	SDK handle or bank-relative program/tone/note number; numeric API domain.
include/kf/audio.h:57	FIELD_DECL	KfAudioVoiceSlots	notes	s16[10]	10	numeric		include/kf/audio.h:57;src/game/audio.c:286;src/game/audio.c:291;src/open/audio_play_voice.c:23;src/open/audio_play_voice.c:28	SDK handle or bank-relative program/tone/note number; numeric API domain.
include/kf/audio.h:63	FIELD_DECL	KfAudioState	unknown_06	u8[2]	2	unresolved		include/kf/audio.h:63	padding or unresolved
include/kf/audio.h:66	FIELD_DECL	KfAudioState	unknown_0e	u8[2]	2	unresolved		include/kf/audio.h:66	padding or unresolved
include/kf/audio.h:73	VAR_DECL	file_scope	audio_sequence_table	char[]	?	sdk_storage		include/kf/audio.h:73;src/game/audio.c:29	SsSetTableSize sequence workspace sized by the pinned SDK SS_SEQ_TABSIZ; not a game ID list.
include/kf/cd_file.h:24	VAR_DECL	file_scope	cd_path_buffer	char[80]	80	encoded_content		include/kf/cd_file.h:24;src/game/cd_file.c:22;src/game/cd_file.c:93;src/game/render.c:80;src/game/render.c:81;src/game/render.c:83;src/open/resources.c:51;src/open/resources.c:90	Filename, path template, debug text or number-formatting character buffer; byte positions hold character encodings.
include/kf/game_actor.h:214	FIELD_DECL	KfActorActionParameters	effect_codes	KfActorEffectCode[3]	3	typed_enum		include/kf/game_actor.h:214;src/game/actor_behavior.c:161;src/game/actor_behavior.c:169;src/game/actor_behavior.c:177;src/game/actor_behavior.c:695	Elements retain their declared enum domain in strict C++20, including field-width wrappers.
include/kf/game_actor.h:215	FIELD_DECL	KfActorActionParameters	effect_chances	u8[3]	3	numeric		include/kf/game_actor.h:215;src/game/actor_behavior.c:162;src/game/actor_behavior.c:170;src/game/actor_behavior.c:178	Three numeric probability thresholds; not a selector.
include/kf/game_actor.h:220	TYPEDEF_DECL	file_scope	check_actor_action_parameters_size	char[1]	1	layout_assertion		include/kf/game_actor.h:220	Compile-time size, alignment or offset assertion; no runtime elements.
include/kf/game_actor.h:222	TYPEDEF_DECL	file_scope	check_actor_action_drop_offset	char[1]	1	layout_assertion		include/kf/game_actor.h:222	Compile-time size, alignment or offset assertion; no runtime elements.
include/kf/game_actor.h:249	FIELD_DECL	KfActorDefinition	action_animations	KfAnimationClip[16]	16	typed_enum		include/kf/game_actor.h:249;src/game/actor.c:284;src/game/actor.c:389;src/game/actor.c:393;src/game/actor_behavior.c:140;src/game/actor_behavior.c:144;src/game/actor_behavior.c:149;src/game/actor_behavior.c:157;src/game/actor_behavior.c:165;src/game/actor_behavior.c:173;src/game/actor_behavior.c:181;src/game/actor_behavior.c:189;src/game/actor_behavior.c:199;src/game/actor_behavior.c:207;src/game/actor_behavior.c:216;src/game/actor_behavior.c:231;src/game/actor_behavior.c:235;src/game/actor_behavior.c:288;src/game/actor_behavior.c:690;src/game/actor_behavior.c:868;src/game/actor_behavior.c:876;src/game/actor_behavior.c:877;src/game/actor_behavior.c:891;src/game/actor_behavior.c:892;src/game/actor_behavior.c:926;src/game/actor_behavior.c:946;src/game/actor_behavior.c:987;src/game/actor_behavior.c:988;src/game/actor_behavior.c:1012;src/game/actor_behavior.c:1054;src/game/actor_behavior.c:1119;src/game/actor_behavior.c:1143;src/game/actor_behavior.c:1167;src/game/actor_behavior.c:1203;src/game/actor_behavior.c:1204;src/game/actor_behavior.c:1223;src/game/actor_behavior.c:1229;src/game/actor_behavior.c:1246;src/game/map_load.c:176;src/game/map_load.c:177;src/game/map_load.c:178;src/game/map_load.c:179;src/game/map_load.c:180;src/game/map_scripts.c:202;src/game/map_scripts.c:203;src/game/map_scripts.c:204;src/game/map_scripts.c:205;src/game/map_scripts.c:206	Elements retain their declared enum domain in strict C++20, including field-width wrappers.
include/kf/game_actor.h:251	FIELD_DECL	KfActorDefinition	sounds	SoundRef[3]	3	sdk_audio		include/kf/game_actor.h:251;src/game/actor_behavior.c:930;src/game/actor_behavior.c:950;src/game/actor_behavior.c:1016;src/game/actor_behavior.c:1073;src/game/actor_behavior.c:1123;src/game/actor_behavior.c:1250	SDK program, tone and note numbers passed to sound APIs; numerical handles/pitch, not game selectors.
include/kf/game_actor.h:252	FIELD_DECL	KfActorDefinition	attachment_offsets	struct KfVec3s[2]	2	aggregate		include/kf/game_actor.h:252;src/game/actor_behavior.c:525;src/game/actor_behavior.c:526;src/game/actor_behavior.c:527	Nested record/union or record array; project-owned child fields are separately listed. SDK children retain their SDK declarations.
include/kf/game_actor.h:255	FIELD_DECL	KfActorDefinition	unknown_38	u8[2]	2	unresolved		include/kf/game_actor.h:255	meaning unresolved
include/kf/game_actor.h:256	FIELD_DECL	KfActorDefinition	action_animation_steps	u16[16]	16	numeric		include/kf/game_actor.h:256;src/game/actor_behavior.c:693;src/game/actor_behavior.c:828;src/game/actor_behavior.c:836;src/game/actor_behavior.c:871;src/game/actor_behavior.c:885;src/game/actor_behavior.c:921;src/game/actor_behavior.c:929;src/game/actor_behavior.c:949;src/game/actor_behavior.c:1006;src/game/actor_behavior.c:1015;src/game/actor_behavior.c:1018;src/game/actor_behavior.c:1122;src/game/actor_behavior.c:1125;src/game/actor_behavior.c:1189;src/game/actor_behavior.c:1232;src/game/actor_behavior.c:1241;src/game/actor_behavior.c:1249	animation step per action index; the boss death sequence keys effects on entry 4
include/kf/game_actor.h:257	FIELD_DECL	KfActorDefinition	action_animation_phases	u16[16]	16	numeric		include/kf/game_actor.h:257;src/game/actor_behavior.c:694;src/game/actor_behavior.c:930;src/game/actor_behavior.c:950;src/game/actor_behavior.c:1016;src/game/actor_behavior.c:1073;src/game/actor_behavior.c:1123;src/game/actor_behavior.c:1250	animation phase threshold per action index
include/kf/game_actor.h:264	FIELD_DECL	KfActorDefinition	attack_components	u16[3]	3	numeric		include/kf/game_actor.h:264;src/game/actor.c:506;src/game/actor.c:507;src/game/actor.c:508	three attack components
include/kf/game_actor.h:265	FIELD_DECL	KfActorDefinition	defenses	u16[5]	5	numeric		include/kf/game_actor.h:265;src/game/actor.c:348;src/game/actor.c:352;src/game/actor.c:356;src/game/actor.c:360;src/game/actor.c:364	five defense components
include/kf/game_actor.h:270	FIELD_DECL	KfActorDefinitionTable	entries	KfActorDefinition[12]	12	aggregate		include/kf/game_actor.h:270;src/game/actor.c:165;src/game/actor.c:278;src/game/actor.c:326;src/game/actor.c:435;src/game/actor.c:632;src/game/actor.c:654;src/game/collision.c:114;src/game/effect_dispatch.c:515;src/game/entity_model_render.c:48;src/game/map_load.c:176;src/game/map_load.c:177;src/game/map_load.c:178;src/game/map_load.c:179;src/game/map_load.c:180;src/game/map_scripts.c:202;src/game/map_scripts.c:203;src/game/map_scripts.c:204;src/game/map_scripts.c:205;src/game/map_scripts.c:206	Nested record/union or record array; project-owned child fields are separately listed. SDK children retain their SDK declarations.
include/kf/game_actor.h:271	FIELD_DECL	KfActorDefinitionTable	words	u32[456]	456	encoded_storage		include/kf/game_actor.h:271;src/game/actor_pool.c:88;src/game/actor_pool.c:89	Packed/aligned copy or address view of an owning object; type semantic members separately.
include/kf/game_actor.h:273	TYPEDEF_DECL	file_scope	check_actor_definition_table_size	char[1]	1	layout_assertion		include/kf/game_actor.h:273	Compile-time size, alignment or offset assertion; no runtime elements.
include/kf/game_actor.h:300	FIELD_DECL	KfActorPlacement	unknown_07	u8[3]	3	unresolved		include/kf/game_actor.h:300	not read by the loader
include/kf/game_actor.h:303	FIELD_DECL	KfActorPlacement	unknown_0e	u8[2]	2	unresolved		include/kf/game_actor.h:303	not read by the loader
include/kf/game_actor.h:319	FIELD_DECL	KfActor	unknown_0c	u8[2]	2	unresolved		include/kf/game_actor.h:319	meaning unresolved
include/kf/game_actor.h:338	FIELD_DECL	KfActor	unknown_46	u8[2]	2	unresolved		include/kf/game_actor.h:338	meaning unresolved
include/kf/game_actor.h:341	TYPEDEF_DECL	file_scope	check_actor_size	char[1]	1	layout_assertion		include/kf/game_actor.h:341	Compile-time size, alignment or offset assertion; no runtime elements.
include/kf/game_actor.h:345	TYPEDEF_DECL	file_scope	check_actor_position	char[1]	1	layout_assertion		include/kf/game_actor.h:345	Compile-time size, alignment or offset assertion; no runtime elements.
include/kf/game_actor.h:346	TYPEDEF_DECL	file_scope	check_actor_rotation	char[1]	1	layout_assertion		include/kf/game_actor.h:346	Compile-time size, alignment or offset assertion; no runtime elements.
include/kf/game_actor.h:347	TYPEDEF_DECL	file_scope	check_actor_rotation_pad	char[1]	1	layout_assertion		include/kf/game_actor.h:347	Compile-time size, alignment or offset assertion; no runtime elements.
include/kf/game_actor.h:348	TYPEDEF_DECL	file_scope	check_actor_animation_cache	char[1]	1	layout_assertion		include/kf/game_actor.h:348	Compile-time size, alignment or offset assertion; no runtime elements.
include/kf/game_actor.h:367	FIELD_DECL	KfActorState	actors	KfActor[128]	128	aggregate		include/kf/game_actor.h:367;src/game/actor.c:89;src/game/actor.c:206;src/game/actor.c:229;src/game/actor.c:252;src/game/actor.c:277;src/game/actor.c:325;src/game/actor.c:416;src/game/actor.c:527;src/game/actor.c:615;src/game/actor.c:653;src/game/actor.c:869;src/game/actor_pool.c:15;src/game/actor_pool.c:40;src/game/collision.c:113;src/game/map_events.c:217;src/game/map_load.c:68;src/game/map_load.c:145;src/game/map_scripts.c:85;src/game/map_scripts.c:122;src/game/player_update.c:465;src/game/render_scene.c:51	Nested record/union or record array; project-owned child fields are separately listed. SDK children retain their SDK declarations.
include/kf/game_actor.h:377	VAR_DECL	file_scope	actor_action_profiles	KfActorActionProfile[25]	25	numeric		include/kf/game_actor.h:377	Five halfword distances and random-selection weights; the row selector has its own effect-code domain.
include/kf/game_actor.h:380	VAR_DECL	file_scope	boss_death_phase_sounds	SoundRef[4]	4	sdk_audio		include/kf/game_actor.h:380;src/game/actor_behavior.c:814;src/game/actor_behavior.c:815;src/game/actor_behavior.c:816	SDK program, tone and note numbers passed to sound APIs; numerical handles/pitch, not game selectors.
include/kf/game_cd.h:25	FIELD_DECL	KfCdFileEntry	name	u8[12]	12	encoded_content		include/kf/game_cd.h:25	Glyph, text, image or signature content; not a game selector.
include/kf/game_cd.h:34	VAR_DECL	file_scope	cd_file_table	KfCdFileEntry[80]	80	sdk_record		include/kf/game_cd.h:34;src/game/cd_file.c:66;src/game/cd_file.c:68;src/game/cd_file.c:69;src/game/cd_file.c:70;src/game/cd_file.c:75;src/game/item.c:121;src/game/item.c:122;src/game/item.c:123;src/game/item.c:124	Resource filename, SDK disc location and byte extent; binary I/O descriptor.
include/kf/game_collision.h:53	FIELD_DECL	KfCollisionTarget	unknown_1a	u8[6]	6	unresolved		include/kf/game_collision.h:53	unaccessed tail before the next independently referenced state
include/kf/game_collision.h:67	VAR_DECL	file_scope	map_cell_attribute_height_table	s16[255]	255	numeric_geometry		include/kf/game_collision.h:67;src/game/actor_behavior.c:1057;src/game/effect_map_collision.c:41;src/game/magic.c:98	Signed height values looked up using typed map attributes and consumed in collision geometry.
include/kf/game_collision.h:68	VAR_DECL	file_scope	map_cell_height_records	KfCellHeightRecord[7]	7	numeric_geometry		include/kf/game_collision.h:68	Cell-height coefficients and geometric dimensions evaluated arithmetically.
include/kf/game_effect.h:280	TYPEDEF_DECL	file_scope	check_effect_render_id_size	char[1]	1	layout_assertion		include/kf/game_effect.h:280	Compile-time size, alignment or offset assertion; no runtime elements.
include/kf/game_effect.h:308	TYPEDEF_DECL	file_scope	check_effect_record_size	char[1]	1	layout_assertion		include/kf/game_effect.h:308	Compile-time size, alignment or offset assertion; no runtime elements.
include/kf/game_effect.h:309	TYPEDEF_DECL	file_scope	check_effect_rotation_size	char[1]	1	layout_assertion		include/kf/game_effect.h:309	Compile-time size, alignment or offset assertion; no runtime elements.
include/kf/game_effect.h:310	TYPEDEF_DECL	file_scope	check_effect_position	char[1]	1	layout_assertion		include/kf/game_effect.h:310	Compile-time size, alignment or offset assertion; no runtime elements.
include/kf/game_effect.h:311	TYPEDEF_DECL	file_scope	check_effect_rotation	char[1]	1	layout_assertion		include/kf/game_effect.h:311	Compile-time size, alignment or offset assertion; no runtime elements.
include/kf/game_effect.h:312	TYPEDEF_DECL	file_scope	check_effect_rotation_vector	char[1]	1	layout_assertion		include/kf/game_effect.h:312	Compile-time size, alignment or offset assertion; no runtime elements.
include/kf/game_effect.h:313	TYPEDEF_DECL	file_scope	check_effect_rotation_angles	char[1]	1	layout_assertion		include/kf/game_effect.h:313	Compile-time size, alignment or offset assertion; no runtime elements.
include/kf/game_effect.h:314	TYPEDEF_DECL	file_scope	check_effect_rotation_angle_y	char[1]	1	layout_assertion		include/kf/game_effect.h:314	Compile-time size, alignment or offset assertion; no runtime elements.
include/kf/game_effect.h:315	TYPEDEF_DECL	file_scope	check_effect_rotation_angle_z	char[1]	1	layout_assertion		include/kf/game_effect.h:315	Compile-time size, alignment or offset assertion; no runtime elements.
include/kf/game_effect.h:316	TYPEDEF_DECL	file_scope	check_effect_rotation_y	char[1]	1	layout_assertion		include/kf/game_effect.h:316	Compile-time size, alignment or offset assertion; no runtime elements.
include/kf/game_effect.h:317	TYPEDEF_DECL	file_scope	check_effect_rotation_z	char[1]	1	layout_assertion		include/kf/game_effect.h:317	Compile-time size, alignment or offset assertion; no runtime elements.
include/kf/game_effect.h:318	TYPEDEF_DECL	file_scope	check_effect_rotation_pad	char[1]	1	layout_assertion		include/kf/game_effect.h:318	Compile-time size, alignment or offset assertion; no runtime elements.
include/kf/game_effect.h:319	TYPEDEF_DECL	file_scope	check_effect_direction	char[1]	1	layout_assertion		include/kf/game_effect.h:319	Compile-time size, alignment or offset assertion; no runtime elements.
include/kf/game_effect.h:320	TYPEDEF_DECL	file_scope	check_effect_direction_pad	char[1]	1	layout_assertion		include/kf/game_effect.h:320	Compile-time size, alignment or offset assertion; no runtime elements.
include/kf/game_effect.h:321	TYPEDEF_DECL	file_scope	check_effect_visual	char[1]	1	layout_assertion		include/kf/game_effect.h:321	Compile-time size, alignment or offset assertion; no runtime elements.
include/kf/game_effect.h:322	TYPEDEF_DECL	file_scope	check_effect_control	char[1]	1	layout_assertion		include/kf/game_effect.h:322	Compile-time size, alignment or offset assertion; no runtime elements.
include/kf/game_effect.h:323	TYPEDEF_DECL	file_scope	check_effect_control_high_byte	char[1]	1	layout_assertion		include/kf/game_effect.h:323	Compile-time size, alignment or offset assertion; no runtime elements.
include/kf/game_effect.h:324	TYPEDEF_DECL	file_scope	check_effect_propagation	char[1]	1	layout_assertion		include/kf/game_effect.h:324	Compile-time size, alignment or offset assertion; no runtime elements.
include/kf/game_effect.h:331	FIELD_DECL	KfEffectState	records	KfEffectRecord[48]	48	aggregate		include/kf/game_effect.h:331;src/game/actor.c:878;src/game/effect_dispatch.c:412;src/game/effect_pool.c:8;src/game/effect_pool.c:35;src/game/effect_update.c:261;src/game/magic.c:27;src/game/magic.c:173;src/game/map_object.c:509;src/game/map_object.c:518;src/game/map_object.c:523;src/game/map_object.c:539;src/game/map_object_pool.c:242;src/game/map_object_pool.c:259;src/game/map_object_pool.c:270;src/game/map_object_pool.c:278;src/game/player_use_item.c:142;src/game/render_scene.c:118	Nested record/union or record array; project-owned child fields are separately listed. SDK children retain their SDK declarations.
include/kf/game_effect.h:336	VAR_DECL	file_scope	effect_swing_probe_offsets	SVECTOR[2]	2	numeric_geometry		include/kf/game_effect.h:336	SDK vector coordinates/rotation/displacements and padding; quantitative geometry.
include/kf/game_equipment.h:64	FIELD_DECL	KfArmorRecord	unknown_12	u8[10]	10	unresolved		include/kf/game_equipment.h:64	meaning unresolved
include/kf/game_equipment.h:73	FIELD_DECL	KfWeaponRecord	attack_components	u16[5]	5	numeric		include/kf/game_equipment.h:73;src/game/player_death.c:276;src/game/player_death.c:277;src/game/player_death.c:278;src/game/player_death.c:279;src/game/player_death.c:280	five outgoing damage components copied into player combat state
include/kf/game_equipment.h:78	FIELD_DECL	KfWeaponRecord	unknown_14	u8[8]	8	unresolved		include/kf/game_equipment.h:78	meaning unresolved
include/kf/game_equipment.h:84	TYPEDEF_DECL	file_scope	check_weapon_record_size	char[1]	1	layout_assertion		include/kf/game_equipment.h:84	Compile-time size, alignment or offset assertion; no runtime elements.
include/kf/game_equipment.h:88	TYPEDEF_DECL	file_scope	check_weapon_projection_distance	char[1]	1	layout_assertion		include/kf/game_equipment.h:88	Compile-time size, alignment or offset assertion; no runtime elements.
include/kf/game_equipment.h:89	TYPEDEF_DECL	file_scope	check_weapon_attack_z_offset	char[1]	1	layout_assertion		include/kf/game_equipment.h:89	Compile-time size, alignment or offset assertion; no runtime elements.
include/kf/game_equipment.h:90	TYPEDEF_DECL	file_scope	check_weapon_render_translation	char[1]	1	layout_assertion		include/kf/game_equipment.h:90	Compile-time size, alignment or offset assertion; no runtime elements.
include/kf/game_equipment.h:91	TYPEDEF_DECL	file_scope	check_weapon_unknown_22	char[1]	1	layout_assertion		include/kf/game_equipment.h:91	Compile-time size, alignment or offset assertion; no runtime elements.
include/kf/game_equipment.h:92	TYPEDEF_DECL	file_scope	check_weapon_render_rotation	char[1]	1	layout_assertion		include/kf/game_equipment.h:92	Compile-time size, alignment or offset assertion; no runtime elements.
include/kf/game_equipment.h:97	FIELD_DECL	KfWeaponTable	entries	KfWeaponRecord[16]	16	aggregate		include/kf/game_equipment.h:97;src/game/equipment.c:18;src/game/player_core.c:118;src/game/player_death.c:275	Nested record/union or record array; project-owned child fields are separately listed. SDK children retain their SDK declarations.
include/kf/game_equipment.h:98	FIELD_DECL	KfWeaponTable	words	u32[176]	176	encoded_storage		include/kf/game_equipment.h:98;src/game/equipment.c:8;src/game/equipment.c:9	Packed/aligned copy or address view of an owning object; type semantic members separately.
include/kf/game_equipment.h:102	FIELD_DECL	KfArmorTable	entries	KfArmorRecord[42]	42	aggregate		include/kf/game_equipment.h:102;src/game/player_core.c:78;src/game/player_core.c:84;src/game/player_core.c:90;src/game/player_core.c:96;src/game/player_core.c:102;src/game/player_death.c:283;src/game/player_death.c:293;src/game/player_death.c:303;src/game/player_death.c:313;src/game/player_death.c:323	Nested record/union or record array; project-owned child fields are separately listed. SDK children retain their SDK declarations.
include/kf/game_equipment.h:103	FIELD_DECL	KfArmorTable	words	u32[294]	294	encoded_storage		include/kf/game_equipment.h:103;src/game/equipment.c:28;src/game/equipment.c:29	Packed/aligned copy or address view of an owning object; type semantic members separately.
include/kf/game_equipment.h:106	TYPEDEF_DECL	file_scope	check_weapon_table_size	char[1]	1	layout_assertion		include/kf/game_equipment.h:106	Compile-time size, alignment or offset assertion; no runtime elements.
include/kf/game_equipment.h:107	TYPEDEF_DECL	file_scope	check_armor_table_size	char[1]	1	layout_assertion		include/kf/game_equipment.h:107	Compile-time size, alignment or offset assertion; no runtime elements.
include/kf/game_graphics.h:15	FIELD_DECL	KfGraphicsRuntimeGame	display_draw_environments	DRAWENV[2]	2	aggregate		include/kf/game_graphics.h:15;src/game/display_play_transition.c:39;src/game/display_play_transition.c:40;src/game/menu_runtime.c:544;src/game/render.c:108;src/game/render.c:109;src/game/render.c:110;src/game/render.c:121;src/game/render.c:122;src/game/render.c:158;src/game/render.c:164;src/game/render.c:169;src/game/render.c:170;src/game/render.c:171;src/game/render.c:172;src/game/render.c:173;src/game/render.c:174;src/game/render.c:175;src/game/render.c:176;src/game/render.c:177;src/game/render.c:285;src/game/save_system.c:817;src/game/save_system.c:818;src/game/save_system.c:819;src/game/save_system.c:842;src/game/save_system.c:843	Nested record/union or record array; project-owned child fields are separately listed. SDK children retain their SDK declarations.
include/kf/game_graphics.h:16	FIELD_DECL	KfGraphicsRuntimeGame	display_disp_environments	DISPENV[2]	2	aggregate		include/kf/game_graphics.h:16;src/game/menu_runtime.c:545;src/game/render.c:161;src/game/render.c:167;src/game/render.c:178;src/game/render.c:286	Nested record/union or record array; project-owned child fields are separately listed. SDK children retain their SDK declarations.
include/kf/game_graphics.h:17	FIELD_DECL	KfGraphicsRuntimeGame	unknown_20108	u8[8]	8	unresolved		include/kf/game_graphics.h:17	unresolved storage interval; no original array capacity or padding role claimed
include/kf/game_graphics.h:19	FIELD_DECL	KfGraphicsRuntimeGame	unknown_registry_20134	u8[240]	240	pointer_storage		include/kf/game_graphics.h:19;src/game/asset_registry.c:18;src/game/asset_registry.c:29;src/game/asset_registry.c:37;src/game/map_scripts.c:532;src/game/pool.c:75	Accessed through KfAssetHeader ** as the asset-pointer registry; pointer ownership needs a structural view, not an enum.
include/kf/game_graphics.h:21	FIELD_DECL	KfGraphicsRuntimeGame	pool_records	KfPoolRecord[12]	12	aggregate		include/kf/game_graphics.h:21;src/game/pool.c:210;src/game/pool.c:223;src/game/pool.c:253;src/game/pool.c:272;src/game/pool.c:286	Nested record/union or record array; project-owned child fields are separately listed. SDK children retain their SDK declarations.
include/kf/game_graphics.h:22	FIELD_DECL	KfGraphicsRuntimeGame	unknown_projection_morph_20318	u8[16008]	16008	numeric_storage		include/kf/game_graphics.h:22;src/game/pool.c:188;src/game/pool.c:192;src/game/pool.c:202;src/game/render.c:479;src/game/render.c:501;src/game/render.c:522;src/game/render_enqueuers.c:37;src/game/render_enqueuers.c:70;src/game/render_enqueuers.c:102;src/game/render_enqueuers.c:133;src/game/render_enqueuers.c:168;src/game/render_enqueuers.c:205;src/game/render_enqueuers.c:247;src/game/render_enqueuers.c:279;src/game/render_enqueuers.c:318;src/game/render_enqueuers.c:348;src/game/render_enqueuers.c:383;src/game/render_enqueuers.c:414;src/game/render_enqueuers.c:447;src/game/render_enqueuers.c:491;src/game/render_enqueuers.c:691	Projected-vertex and morph-scratch views; current consumers perform geometry arithmetic, not selector dispatch.
include/kf/game_graphics.h:23	FIELD_DECL	KfGraphicsRuntimeGame	effect5_texture_pages	u16[3]	3	packed_gpu		include/kf/game_graphics.h:23;src/game/entity_model_render.c:65;src/game/render.c:136;src/game/render.c:139;src/game/render.c:142	GPU texture/color/address/coordinate encoding; numeric components and independent mode bits share storage.
include/kf/game_graphics.h:24	FIELD_DECL	KfGraphicsRuntimeGame	unknown_241a6	u8[10]	10	unresolved		include/kf/game_graphics.h:24	unresolved storage interval; no original array capacity or padding role claimed
include/kf/game_graphics.h:25	FIELD_DECL	KfGraphicsRuntimeGame	effect5_texture_cluts	u16[3]	3	packed_gpu		include/kf/game_graphics.h:25;src/game/entity_model_render.c:66;src/game/render.c:145;src/game/render.c:146;src/game/render.c:147	GPU texture/color/address/coordinate encoding; numeric components and independent mode bits share storage.
include/kf/game_graphics.h:26	FIELD_DECL	KfGraphicsRuntimeGame	unknown_241b6	u8[10]	10	unresolved		include/kf/game_graphics.h:26	unresolved storage interval; no original array capacity or padding role claimed
include/kf/game_graphics.h:38	FIELD_DECL	KfGraphicsRuntimeGame	notification_message_ids	KfNotificationId[8]	8	typed_enum		include/kf/game_graphics.h:38;src/game/notify_queue.c:65;src/game/notify_queue.c:66;src/game/notify_queue.c:95;src/game/notify_queue.c:97;src/game/notify_queue.c:99;src/game/notify_queue.c:131;src/game/render.c:258	Elements retain their declared enum domain in strict C++20, including field-width wrappers.
include/kf/game_graphics.h:43	FIELD_DECL	KfGraphicsRuntimeGame	unknown_241fa	u8[6]	6	unresolved		include/kf/game_graphics.h:43	unresolved storage interval; no original array capacity or padding role claimed
include/kf/game_graphics.h:44	FIELD_DECL	KfGraphicsRuntimeGame	floor_items	KfFloorItem[64]	64	typed_record	A2	include/kf/game_graphics.h:44;src/game/item.c:58;src/game/render_scene.c:100	Floor-item records now carry KfFloorItemSpriteId for their fixed-bank selector; animation_frame and position remain numerical.
include/kf/game_graphics.h:48	FIELD_DECL	KfGraphicsRuntimeGame	light_quadrant_matrices	MATRIX[4]	4	numeric_matrix		include/kf/game_graphics.h:48;src/game/render.c:228;src/game/render.c:232;src/game/render.c:236;src/game/render.c:240;src/game/render_map_cells.c:105	SDK matrix coefficients/translation; arithmetic interpolation and matrix multiplication accept quantities. KF_FIXED12_ONE names numeric Q12 unity.
include/kf/game_graphics.h:59	TYPEDEF_DECL	file_scope	check_game_graphics_display_state	char[1]	1	layout_assertion		include/kf/game_graphics.h:59	Compile-time size, alignment or offset assertion; no runtime elements.
include/kf/game_graphics.h:60	TYPEDEF_DECL	file_scope	check_game_graphics_display_draw_environments	char[1]	1	layout_assertion		include/kf/game_graphics.h:60	Compile-time size, alignment or offset assertion; no runtime elements.
include/kf/game_graphics.h:61	TYPEDEF_DECL	file_scope	check_game_graphics_display_disp_environments	char[1]	1	layout_assertion		include/kf/game_graphics.h:61	Compile-time size, alignment or offset assertion; no runtime elements.
include/kf/game_graphics.h:62	TYPEDEF_DECL	file_scope	check_game_graphics_unknown_20108	char[1]	1	layout_assertion		include/kf/game_graphics.h:62	Compile-time size, alignment or offset assertion; no runtime elements.
include/kf/game_graphics.h:63	TYPEDEF_DECL	file_scope	check_game_graphics_tmd_state	char[1]	1	layout_assertion		include/kf/game_graphics.h:63	Compile-time size, alignment or offset assertion; no runtime elements.
include/kf/game_graphics.h:64	TYPEDEF_DECL	file_scope	check_game_graphics_unknown_registry_20134	char[1]	1	layout_assertion		include/kf/game_graphics.h:64	Compile-time size, alignment or offset assertion; no runtime elements.
include/kf/game_graphics.h:65	TYPEDEF_DECL	file_scope	check_game_graphics_current_tmd_vertices	char[1]	1	layout_assertion		include/kf/game_graphics.h:65	Compile-time size, alignment or offset assertion; no runtime elements.
include/kf/game_graphics.h:66	TYPEDEF_DECL	file_scope	check_game_graphics_pool_records	char[1]	1	layout_assertion		include/kf/game_graphics.h:66	Compile-time size, alignment or offset assertion; no runtime elements.
include/kf/game_graphics.h:67	TYPEDEF_DECL	file_scope	check_game_graphics_unknown_projection_morph_20318	char[1]	1	layout_assertion		include/kf/game_graphics.h:67	Compile-time size, alignment or offset assertion; no runtime elements.
include/kf/game_graphics.h:68	TYPEDEF_DECL	file_scope	check_game_graphics_effect5_texture_pages	char[1]	1	layout_assertion		include/kf/game_graphics.h:68	Compile-time size, alignment or offset assertion; no runtime elements.
include/kf/game_graphics.h:69	TYPEDEF_DECL	file_scope	check_game_graphics_unknown_241a6	char[1]	1	layout_assertion		include/kf/game_graphics.h:69	Compile-time size, alignment or offset assertion; no runtime elements.
include/kf/game_graphics.h:70	TYPEDEF_DECL	file_scope	check_game_graphics_effect5_texture_cluts	char[1]	1	layout_assertion		include/kf/game_graphics.h:70	Compile-time size, alignment or offset assertion; no runtime elements.
include/kf/game_graphics.h:71	TYPEDEF_DECL	file_scope	check_game_graphics_unknown_241b6	char[1]	1	layout_assertion		include/kf/game_graphics.h:71	Compile-time size, alignment or offset assertion; no runtime elements.
include/kf/game_graphics.h:72	TYPEDEF_DECL	file_scope	check_game_graphics_active_render_clut	char[1]	1	layout_assertion		include/kf/game_graphics.h:72	Compile-time size, alignment or offset assertion; no runtime elements.
include/kf/game_graphics.h:73	TYPEDEF_DECL	file_scope	check_game_graphics_active_render_tpage	char[1]	1	layout_assertion		include/kf/game_graphics.h:73	Compile-time size, alignment or offset assertion; no runtime elements.
include/kf/game_graphics.h:74	TYPEDEF_DECL	file_scope	check_game_graphics_active_render_color	char[1]	1	layout_assertion		include/kf/game_graphics.h:74	Compile-time size, alignment or offset assertion; no runtime elements.
include/kf/game_graphics.h:75	TYPEDEF_DECL	file_scope	check_game_graphics_hud_clut	char[1]	1	layout_assertion		include/kf/game_graphics.h:75	Compile-time size, alignment or offset assertion; no runtime elements.
include/kf/game_graphics.h:76	TYPEDEF_DECL	file_scope	check_game_graphics_hud_tpage	char[1]	1	layout_assertion		include/kf/game_graphics.h:76	Compile-time size, alignment or offset assertion; no runtime elements.
include/kf/game_graphics.h:77	TYPEDEF_DECL	file_scope	check_game_graphics_hud_brightness	char[1]	1	layout_assertion		include/kf/game_graphics.h:77	Compile-time size, alignment or offset assertion; no runtime elements.
include/kf/game_graphics.h:78	TYPEDEF_DECL	file_scope	check_game_graphics_unknown_241cd	char[1]	1	layout_assertion		include/kf/game_graphics.h:78	Compile-time size, alignment or offset assertion; no runtime elements.
include/kf/game_graphics.h:79	TYPEDEF_DECL	file_scope	check_game_graphics_notification_text_clut	char[1]	1	layout_assertion		include/kf/game_graphics.h:79	Compile-time size, alignment or offset assertion; no runtime elements.
include/kf/game_graphics.h:80	TYPEDEF_DECL	file_scope	check_game_graphics_notification_text_tpage	char[1]	1	layout_assertion		include/kf/game_graphics.h:80	Compile-time size, alignment or offset assertion; no runtime elements.
include/kf/game_graphics.h:81	TYPEDEF_DECL	file_scope	check_game_graphics_notification_digit_clut	char[1]	1	layout_assertion		include/kf/game_graphics.h:81	Compile-time size, alignment or offset assertion; no runtime elements.
include/kf/game_graphics.h:82	TYPEDEF_DECL	file_scope	check_game_graphics_notification_digit_tpage	char[1]	1	layout_assertion		include/kf/game_graphics.h:82	Compile-time size, alignment or offset assertion; no runtime elements.
include/kf/game_graphics.h:83	TYPEDEF_DECL	file_scope	check_game_graphics_notification_message_ids	char[1]	1	layout_assertion		include/kf/game_graphics.h:83	Compile-time size, alignment or offset assertion; no runtime elements.
include/kf/game_graphics.h:84	TYPEDEF_DECL	file_scope	check_game_graphics_notification_state	char[1]	1	layout_assertion		include/kf/game_graphics.h:84	Compile-time size, alignment or offset assertion; no runtime elements.
include/kf/game_graphics.h:85	TYPEDEF_DECL	file_scope	check_game_graphics_floor_item_clut	char[1]	1	layout_assertion		include/kf/game_graphics.h:85	Compile-time size, alignment or offset assertion; no runtime elements.
include/kf/game_graphics.h:86	TYPEDEF_DECL	file_scope	check_game_graphics_floor_item_tpage	char[1]	1	layout_assertion		include/kf/game_graphics.h:86	Compile-time size, alignment or offset assertion; no runtime elements.
include/kf/game_graphics.h:87	TYPEDEF_DECL	file_scope	check_game_graphics_floor_item_count	char[1]	1	layout_assertion		include/kf/game_graphics.h:87	Compile-time size, alignment or offset assertion; no runtime elements.
include/kf/game_graphics.h:88	TYPEDEF_DECL	file_scope	check_game_graphics_unknown_241fa	char[1]	1	layout_assertion		include/kf/game_graphics.h:88	Compile-time size, alignment or offset assertion; no runtime elements.
include/kf/game_graphics.h:89	TYPEDEF_DECL	file_scope	check_game_graphics_floor_items	char[1]	1	layout_assertion		include/kf/game_graphics.h:89	Compile-time size, alignment or offset assertion; no runtime elements.
include/kf/game_graphics.h:90	TYPEDEF_DECL	file_scope	check_game_graphics_DAT_80095698	char[1]	1	layout_assertion		include/kf/game_graphics.h:90	Compile-time size, alignment or offset assertion; no runtime elements.
include/kf/game_graphics.h:91	TYPEDEF_DECL	file_scope	check_game_graphics_DAT_8009569c	char[1]	1	layout_assertion		include/kf/game_graphics.h:91	Compile-time size, alignment or offset assertion; no runtime elements.
include/kf/game_graphics.h:92	TYPEDEF_DECL	file_scope	check_game_graphics_render_state	char[1]	1	layout_assertion		include/kf/game_graphics.h:92	Compile-time size, alignment or offset assertion; no runtime elements.
include/kf/game_graphics.h:93	TYPEDEF_DECL	file_scope	check_game_graphics_light_quadrant_matrices	char[1]	1	layout_assertion		include/kf/game_graphics.h:93	Compile-time size, alignment or offset assertion; no runtime elements.
include/kf/game_graphics.h:94	TYPEDEF_DECL	file_scope	check_game_graphics_active_cell_window	char[1]	1	layout_assertion		include/kf/game_graphics.h:94	Compile-time size, alignment or offset assertion; no runtime elements.
include/kf/game_graphics.h:96	TYPEDEF_DECL	file_scope	check_game_graphics_active_color	char[1]	1	layout_assertion		include/kf/game_graphics.h:96	Compile-time size, alignment or offset assertion; no runtime elements.
include/kf/game_graphics.h:103	TYPEDEF_DECL	file_scope	check_game_graphics_size	char[1]	1	layout_assertion		include/kf/game_graphics.h:103	Compile-time size, alignment or offset assertion; no runtime elements.
include/kf/game_map.h:78	FIELD_DECL	KfMapFloorScript	bytes	u8[10]	10	encoded_storage		include/kf/game_map.h:78	Serialized/word-copy alias of typed or partially recovered object state; do not replace the complete byte stream with one enum.
include/kf/game_map.h:86	FIELD_DECL	KfMapSavedFloor	records	u8[1690]	1690	encoded_storage		include/kf/game_map.h:86	Serialized/word-copy alias of typed or partially recovered object state; do not replace the complete byte stream with one enum.
include/kf/game_map.h:91	FIELD_DECL	KfMapSavedWorld	words	u32[2125]	2125	encoded_storage		include/kf/game_map.h:91;src/game/save_system.c:375;src/game/save_system.c:626	Packed/aligned copy or address view of an owning object; type semantic members separately.
include/kf/game_map.h:92	FIELD_DECL	KfMapSavedWorld	bytes	u8[8500]	8500	encoded_storage		include/kf/game_map.h:92;src/game/map_events.c:184;src/game/map_load.c:39;src/game/player_death.c:111	Serialized/word-copy alias of typed or partially recovered object state; do not replace the complete byte stream with one enum.
include/kf/game_map.h:93	FIELD_DECL	KfMapSavedWorld	floors	KfMapSavedFloor[5]	5	aggregate		include/kf/game_map.h:93;src/game/actor.c:332;src/game/actor_behavior.c:821;src/game/map_load.c:139;src/game/map_load.c:142;src/game/map_load.c:148;src/game/map_load.c:153;src/game/map_load.c:161;src/game/map_load.c:164;src/game/map_load.c:172;src/game/map_load.c:175;src/game/map_load.c:185;src/game/map_load.c:188;src/game/map_object.c:475;src/game/map_object.c:573;src/game/map_object.c:584;src/game/map_object.c:587;src/game/map_scripts.c:101;src/game/map_scripts.c:106;src/game/map_scripts.c:110;src/game/map_scripts.c:119;src/game/map_scripts.c:133;src/game/map_scripts.c:137;src/game/map_scripts.c:145;src/game/map_scripts.c:191;src/game/map_scripts.c:216;src/game/map_scripts.c:217;src/game/map_scripts.c:246;src/game/map_scripts.c:394;src/game/player_death.c:161;src/game/player_warp.c:193;src/game/player_warp.c:250	Nested record/union or record array; project-owned child fields are separately listed. SDK children retain their SDK declarations.
include/kf/game_map.h:288	TYPEDEF_DECL	file_scope	check_map_object_parameter_size	char[1]	1	layout_assertion		include/kf/game_map.h:288	Compile-time size, alignment or offset assertion; no runtime elements.
include/kf/game_map.h:302	FIELD_DECL	KfMapObjectHingedContainer	item_ids	KfObjectId[4]	4	typed_enum		include/kf/game_map.h:302;src/game/map_scripts.c:582;src/game/map_scripts.c:608	Elements retain their declared enum domain in strict C++20, including field-width wrappers.
include/kf/game_map.h:310	FIELD_DECL	KfMapObjectLink	item_ids	KfObjectId[4]	4	typed_enum		include/kf/game_map.h:310;src/game/map_scripts.c:644	Elements retain their declared enum domain in strict C++20, including field-width wrappers.
include/kf/game_map.h:311	FIELD_DECL	KfMapObjectLink	words	u32[2]	2	encoded_storage		include/kf/game_map.h:311;src/game/map_object_pool.c:167;src/game/map_object_pool.c:229	Packed/aligned copy or address view of an owning object; type semantic members separately.
include/kf/game_map.h:312	FIELD_DECL	KfMapObjectLink	bytes	u8[8]	8	encoded_storage		include/kf/game_map.h:312;src/game/map_events.c:261;src/game/map_load.c:88	Serialized/word-copy alias of typed or partially recovered object state; do not replace the complete byte stream with one enum.
include/kf/game_map.h:315	TYPEDEF_DECL	file_scope	check_map_object_spawn_size	char[1]	1	layout_assertion		include/kf/game_map.h:315	Compile-time size, alignment or offset assertion; no runtime elements.
include/kf/game_map.h:316	TYPEDEF_DECL	file_scope	check_map_object_link_fields_size	char[1]	1	layout_assertion		include/kf/game_map.h:316	Compile-time size, alignment or offset assertion; no runtime elements.
include/kf/game_map.h:317	TYPEDEF_DECL	file_scope	check_map_object_hinged_container_size	char[1]	1	layout_assertion		include/kf/game_map.h:317	Compile-time size, alignment or offset assertion; no runtime elements.
include/kf/game_map.h:322	TYPEDEF_DECL	file_scope	check_map_link_link_id	char[1]	1	layout_assertion		include/kf/game_map.h:322	Compile-time size, alignment or offset assertion; no runtime elements.
include/kf/game_map.h:323	TYPEDEF_DECL	file_scope	check_map_link_action_parameter	char[1]	1	layout_assertion		include/kf/game_map.h:323	Compile-time size, alignment or offset assertion; no runtime elements.
include/kf/game_map.h:324	TYPEDEF_DECL	file_scope	check_map_link_spawn	char[1]	1	layout_assertion		include/kf/game_map.h:324	Compile-time size, alignment or offset assertion; no runtime elements.
include/kf/game_map.h:325	TYPEDEF_DECL	file_scope	check_map_link_vertical_velocity	char[1]	1	layout_assertion		include/kf/game_map.h:325	Compile-time size, alignment or offset assertion; no runtime elements.
include/kf/game_map.h:326	TYPEDEF_DECL	file_scope	check_map_link_linked_notification	char[1]	1	layout_assertion		include/kf/game_map.h:326	Compile-time size, alignment or offset assertion; no runtime elements.
include/kf/game_map.h:327	TYPEDEF_DECL	file_scope	check_map_link_default_notification	char[1]	1	layout_assertion		include/kf/game_map.h:327	Compile-time size, alignment or offset assertion; no runtime elements.
include/kf/game_map.h:348	FIELD_DECL	KfMapObjectDefinition	unknown_06	u8[2]	2	unresolved		include/kf/game_map.h:348	meaning unresolved
include/kf/game_map.h:352	FIELD_DECL	KfMapObjectDefinitionTable	entries	KfMapObjectDefinition[160]	160	aggregate		include/kf/game_map.h:352;src/game/collision.c:128;src/game/entity_model_render.c:98;src/game/map_events.c:239;src/game/map_object.c:68;src/game/map_object.c:227;src/game/map_object.c:230;src/game/map_object.c:244;src/game/map_object_pool.c:78;src/game/map_object_pool.c:127;src/game/map_object_pool.c:230;src/game/map_object_pool.c:343;src/game/map_scripts.c:567;src/game/map_scripts.c:711	Nested record/union or record array; project-owned child fields are separately listed. SDK children retain their SDK declarations.
include/kf/game_map.h:353	FIELD_DECL	KfMapObjectDefinitionTable	words	u32[320]	320	encoded_storage		include/kf/game_map.h:353;src/game/map_object_pool.c:184;src/game/map_object_pool.c:185	Packed/aligned copy or address view of an owning object; type semantic members separately.
include/kf/game_map.h:355	TYPEDEF_DECL	file_scope	check_map_object_definition_table_size	char[1]	1	layout_assertion		include/kf/game_map.h:355	Compile-time size, alignment or offset assertion; no runtime elements.
include/kf/game_map.h:363	FIELD_DECL	KfMapObject	unknown_06	u8[2]	2	unresolved		include/kf/game_map.h:363	meaning unresolved
include/kf/game_map.h:373	TYPEDEF_DECL	file_scope	check_map_object_link_offset	char[1]	1	layout_assertion		include/kf/game_map.h:373	Compile-time size, alignment or offset assertion; no runtime elements.
include/kf/game_map.h:375	TYPEDEF_DECL	file_scope	check_map_placement_link_offset	char[1]	1	layout_assertion		include/kf/game_map.h:375	Compile-time size, alignment or offset assertion; no runtime elements.
include/kf/game_map.h:450	FIELD_DECL	KfDialoguePageLimits	last_page	u8[5]	5	numeric		include/kf/game_map.h:450;src/game/map_events.c:137;src/game/map_events.c:210;src/game/map_load.c:61;src/game/map_scripts.c:406;src/game/map_scripts.c:423;src/game/map_scripts.c:437;src/game/map_scripts.c:456	Per-stage last-page bounds; dialogue iteration compares and increments numerical page counters.
include/kf/game_map.h:510	TYPEDEF_DECL	file_scope	check_map_object_size	char[1]	1	layout_assertion		include/kf/game_map.h:510	Compile-time size, alignment or offset assertion; no runtime elements.
include/kf/game_map.h:511	TYPEDEF_DECL	file_scope	check_map_cell_size	char[1]	1	layout_assertion		include/kf/game_map.h:511	Compile-time size, alignment or offset assertion; no runtime elements.
include/kf/game_map.h:512	TYPEDEF_DECL	file_scope	check_dialogue_state_size	char[1]	1	layout_assertion		include/kf/game_map.h:512	Compile-time size, alignment or offset assertion; no runtime elements.
include/kf/game_map.h:513	TYPEDEF_DECL	file_scope	check_map_event_size	char[1]	1	layout_assertion		include/kf/game_map.h:513	Compile-time size, alignment or offset assertion; no runtime elements.
include/kf/game_map.h:517	TYPEDEF_DECL	file_scope	check_map_transform_object_position	char[1]	1	layout_assertion		include/kf/game_map.h:517	Compile-time size, alignment or offset assertion; no runtime elements.
include/kf/game_map.h:518	TYPEDEF_DECL	file_scope	check_map_transform_object_position_pad	char[1]	1	layout_assertion		include/kf/game_map.h:518	Compile-time size, alignment or offset assertion; no runtime elements.
include/kf/game_map.h:519	TYPEDEF_DECL	file_scope	check_map_transform_object_rotation	char[1]	1	layout_assertion		include/kf/game_map.h:519	Compile-time size, alignment or offset assertion; no runtime elements.
include/kf/game_map.h:520	TYPEDEF_DECL	file_scope	check_map_transform_object_rotation_pad	char[1]	1	layout_assertion		include/kf/game_map.h:520	Compile-time size, alignment or offset assertion; no runtime elements.
include/kf/game_map.h:521	TYPEDEF_DECL	file_scope	check_map_transform_event_dialogue	char[1]	1	layout_assertion		include/kf/game_map.h:521	Compile-time size, alignment or offset assertion; no runtime elements.
include/kf/game_map.h:522	TYPEDEF_DECL	file_scope	check_map_transform_event_dialogue_stage	char[1]	1	layout_assertion		include/kf/game_map.h:522	Compile-time size, alignment or offset assertion; no runtime elements.
include/kf/game_map.h:523	TYPEDEF_DECL	file_scope	check_map_transform_event_dialogue_page	char[1]	1	layout_assertion		include/kf/game_map.h:523	Compile-time size, alignment or offset assertion; no runtime elements.
include/kf/game_map.h:524	TYPEDEF_DECL	file_scope	check_map_transform_event_dialogue_delay	char[1]	1	layout_assertion		include/kf/game_map.h:524	Compile-time size, alignment or offset assertion; no runtime elements.
include/kf/game_map.h:525	TYPEDEF_DECL	file_scope	check_map_transform_event_position	char[1]	1	layout_assertion		include/kf/game_map.h:525	Compile-time size, alignment or offset assertion; no runtime elements.
include/kf/game_map.h:526	TYPEDEF_DECL	file_scope	check_map_transform_event_position_pad	char[1]	1	layout_assertion		include/kf/game_map.h:526	Compile-time size, alignment or offset assertion; no runtime elements.
include/kf/game_map.h:527	TYPEDEF_DECL	file_scope	check_map_transform_event_rotation	char[1]	1	layout_assertion		include/kf/game_map.h:527	Compile-time size, alignment or offset assertion; no runtime elements.
include/kf/game_map.h:528	TYPEDEF_DECL	file_scope	check_map_transform_event_rotation_pad	char[1]	1	layout_assertion		include/kf/game_map.h:528	Compile-time size, alignment or offset assertion; no runtime elements.
include/kf/game_map.h:529	TYPEDEF_DECL	file_scope	check_map_transform_event_animation_cache	char[1]	1	layout_assertion		include/kf/game_map.h:529	Compile-time size, alignment or offset assertion; no runtime elements.
include/kf/game_map.h:535	FIELD_DECL	KfMapObjectState	objects	KfMapObject[190]	190	aggregate		include/kf/game_map.h:535;src/game/collision.c:127;src/game/map_events.c:231;src/game/map_events.c:238;src/game/map_events.c:271;src/game/map_events.c:279;src/game/map_load.c:76;src/game/map_load.c:87;src/game/map_load.c:95;src/game/map_load.c:114;src/game/map_object.c:57;src/game/map_object.c:116;src/game/map_object.c:213;src/game/map_object.c:242;src/game/map_object.c:265;src/game/map_object.c:285;src/game/map_object_pool.c:163;src/game/map_object_pool.c:205;src/game/map_object_pool.c:335;src/game/map_scripts.c:127;src/game/map_scripts.c:148;src/game/map_scripts.c:566;src/game/map_scripts.c:709;src/game/player_use_item.c:84;src/game/player_use_item.c:127;src/game/render_scene.c:33	Nested record/union or record array; project-owned child fields are separately listed. SDK children retain their SDK declarations.
include/kf/game_map.h:540	FIELD_DECL	KfMapRuntimeState	events	KfMapEvent[8]	8	aggregate		include/kf/game_map.h:540;src/game/collision.c:143;src/game/game.c:34;src/game/map_event.c:51;src/game/map_event.c:132;src/game/map_event.c:169;src/game/map_events.c:101;src/game/map_events.c:102;src/game/map_events.c:104;src/game/map_events.c:112;src/game/map_events.c:204;src/game/map_load.c:55;src/game/map_load.c:157;src/game/map_load.c:173;src/game/map_load.c:204;src/game/map_scripts.c:159;src/game/map_scripts.c:162;src/game/map_scripts.c:235;src/game/map_scripts.c:236;src/game/map_scripts.c:245;src/game/map_scripts.c:262;src/game/map_scripts.c:264;src/game/map_scripts.c:279;src/game/map_scripts.c:391;src/game/map_scripts.c:403;src/game/map_scripts.c:404;src/game/map_scripts.c:406;src/game/map_scripts.c:410;src/game/map_scripts.c:411;src/game/map_scripts.c:412;src/game/map_scripts.c:413;src/game/map_scripts.c:418;src/game/map_scripts.c:419;src/game/map_scripts.c:423;src/game/map_scripts.c:426;src/game/map_scripts.c:427;src/game/map_scripts.c:428;src/game/map_scripts.c:429;src/game/map_scripts.c:434;src/game/map_scripts.c:435;src/game/map_scripts.c:437;src/game/map_scripts.c:441;src/game/map_scripts.c:442;src/game/map_scripts.c:443;src/game/map_scripts.c:444;src/game/map_scripts.c:519;src/game/player_warp.c:271;src/game/player_warp.c:272;src/game/render_scene.c:141	Nested record/union or record array; project-owned child fields are separately listed. SDK children retain their SDK declarations.
include/kf/game_map.h:548	VAR_DECL	file_scope	map_copy_regions	KfMapCopyRegion[5]	5	numeric_geometry		include/kf/game_map.h:548	Rectangle coordinates and extents; selecting a row uses the existing KfMapCopyRegionId API.
include/kf/game_map.h:565	VAR_DECL	file_scope	map_resource_path	char[12]	12	encoded_content		include/kf/game_map.h:565;src/game/resources.c:91;src/game/resources.c:99;src/game/resources.c:100;src/game/resources.c:122;src/game/resources.c:123;src/game/resources.c:124	Filename, path template, debug text or number-formatting character buffer; byte positions hold character encodings.
include/kf/game_math.h:51	TYPEDEF_DECL	file_scope	check_rotation_size	char[1]	1	layout_assertion		include/kf/game_math.h:51	Compile-time size, alignment or offset assertion; no runtime elements.
include/kf/game_math.h:52	TYPEDEF_DECL	file_scope	check_euler_angles_size	char[1]	1	layout_assertion		include/kf/game_math.h:52	Compile-time size, alignment or offset assertion; no runtime elements.
include/kf/game_menu.h:300	FIELD_DECL	MenuGlyphRow	codes	s16[10]	10	encoded_content		include/kf/game_menu.h:300;src/game/item.c:242;src/game/item.c:251;src/game/item.c:398;src/game/item.c:520;src/game/item.c:521;src/game/item.c:522;src/game/item.c:525;src/game/item.c:526;src/game/item.c:527;src/game/item.c:528;src/game/menu.c:184;src/game/menu.c:191;src/game/menu.c:199;src/game/menu.c:208;src/game/menu_config_panel.c:40;src/game/menu_config_panel.c:41;src/game/menu_config_panel.c:42;src/game/menu_config_panel.c:45;src/game/menu_config_panel.c:46;src/game/menu_config_panel.c:47;src/game/menu_config_panel.c:48;src/game/menu_draw_stats_header.c:25;src/game/menu_draw_stats_header.c:26;src/game/menu_draw_stats_header.c:27;src/game/menu_draw_stats_header.c:28;src/game/menu_draw_stats_header.c:31;src/game/menu_draw_stats_header.c:32;src/game/menu_draw_stats_header.c:33;src/game/menu_draw_stats_header.c:34;src/game/menu_draw_stats_header.c:38;src/game/menu_draw_stats_header.c:39;src/game/menu_draw_stats_header.c:40;src/game/menu_draw_stats_header.c:41;src/game/menu_draw_stats_header.c:45;src/game/menu_draw_stats_header.c:46;src/game/menu_draw_stats_header.c:47;src/game/menu_draw_stats_header.c:51;src/game/menu_draw_stats_header.c:52;src/game/menu_draw_stats_header.c:53;src/game/menu_draw_stats_header.c:57;src/game/menu_draw_stats_header.c:61;src/game/menu_draw_stats_header.c:62;src/game/menu_draw_stats_header.c:63;src/game/menu_draw_stats_header.c:67;src/game/menu_draw_stats_header.c:68;src/game/menu_draw_stats_header.c:69;src/game/menu_draw_stats_header.c:70;src/game/menu_draw_stats_header.c:71;src/game/menu_draw_stats_header.c:77;src/game/menu_draw_stats_header.c:81;src/game/menu_draw_stats_header.c:102;src/game/menu_draw_stats_header.c:103;src/game/menu_draw_stats_header.c:104;src/game/menu_draw_stats_header.c:105;src/game/menu_draw_stats_header.c:106;src/game/menu_draw_stats_header.c:111;src/game/menu_draw_stats_header.c:116;src/game/menu_draw_stats_header.c:118;src/game/menu_draw_stats_header.c:119;src/game/menu_draw_stats_header.c:123;src/game/menu_draw_stats_header.c:128;src/game/menu_draw_stats_header.c:130;src/game/menu_draw_stats_header.c:131;src/game/menu_draw_stats_header.c:135;src/game/menu_draw_stats_header.c:139;src/game/menu_draw_stats_header.c:140;src/game/menu_draw_stats_header.c:141;src/game/menu_draw_stats_header.c:142;src/game/menu_draw_stats_header.c:143;src/game/menu_draw_stats_header.c:144;src/game/menu_draw_stats_header.c:147;src/game/menu_draw_stats_header.c:148;src/game/menu_draw_stats_header.c:152;src/game/menu_draw_stats_header.c:156;src/game/menu_draw_stats_header.c:160;src/game/menu_draw_stats_header.c:164;src/game/menu_draw_stats_header.c:170;src/game/menu_draw_status_details.c:41;src/game/menu_draw_status_details.c:42;src/game/menu_draw_status_details.c:43;src/game/menu_draw_status_details.c:44;src/game/menu_draw_status_details.c:47;src/game/menu_draw_status_details.c:48;src/game/menu_draw_status_details.c:49;src/game/menu_draw_status_details.c:50;src/game/menu_draw_status_details.c:54;src/game/menu_draw_status_details.c:55;src/game/menu_draw_status_details.c:56;src/game/menu_draw_status_details.c:57;src/game/menu_draw_status_details.c:61;src/game/menu_draw_status_details.c:62;src/game/menu_draw_status_details.c:63;src/game/menu_draw_status_details.c:67;src/game/menu_draw_status_details.c:71;src/game/menu_draw_status_details.c:72;src/game/menu_draw_status_details.c:73;src/game/menu_draw_status_details.c:77;src/game/menu_draw_status_details.c:78;src/game/menu_draw_status_details.c:79;src/game/menu_draw_status_details.c:80;src/game/menu_draw_status_details.c:81;src/game/menu_draw_status_details.c:85;src/game/menu_draw_status_details.c:86;src/game/menu_draw_status_details.c:87;src/game/menu_draw_status_details.c:91;src/game/menu_draw_status_details.c:92;src/game/menu_draw_status_details.c:96;src/game/menu_draw_status_details.c:97;src/game/menu_draw_status_details.c:98;src/game/menu_draw_status_details.c:99;src/game/menu_draw_status_details.c:100;src/game/menu_draw_status_details.c:101;src/game/menu_draw_status_details.c:105;src/game/menu_draw_status_details.c:106;src/game/menu_draw_status_details.c:107;src/game/menu_draw_status_details.c:113;src/game/menu_draw_status_details.c:117;src/game/menu_draw_status_details.c:141;src/game/menu_draw_status_details.c:142;src/game/menu_draw_status_details.c:143;src/game/menu_draw_status_details.c:144;src/game/menu_draw_status_details.c:145;src/game/menu_draw_status_details.c:150;src/game/menu_draw_status_details.c:152;src/game/menu_draw_status_details.c:153;src/game/menu_draw_status_details.c:157;src/game/menu_draw_status_details.c:162;src/game/menu_draw_status_details.c:164;src/game/menu_draw_status_details.c:165;src/game/menu_draw_status_details.c:169;src/game/menu_draw_status_details.c:173;src/game/menu_draw_status_details.c:174;src/game/menu_draw_status_details.c:175;src/game/menu_draw_status_details.c:176;src/game/menu_draw_status_details.c:177;src/game/menu_draw_status_details.c:178;src/game/menu_draw_status_details.c:181;src/game/menu_draw_status_details.c:182;src/game/menu_draw_status_details.c:186;src/game/menu_draw_status_details.c:190;src/game/menu_draw_status_details.c:194;src/game/menu_draw_status_details.c:198;src/game/menu_draw_status_details.c:204;src/game/menu_draw_status_details.c:207;src/game/menu_draw_status_details.c:210;src/game/menu_draw_status_details.c:220;src/game/menu_draw_status_details.c:227;src/game/menu_draw_status_details.c:232;src/game/menu_draw_status_details.c:233;src/game/menu_draw_status_details.c:234;src/game/menu_draw_status_details.c:235;src/game/menu_draw_status_details.c:238;src/game/menu_draw_status_details.c:239;src/game/menu_draw_status_details.c:240;src/game/menu_draw_status_details.c:241;src/game/menu_draw_status_details.c:245;src/game/menu_draw_status_details.c:246;src/game/menu_draw_status_details.c:250;src/game/menu_draw_status_details.c:251;src/game/menu_draw_status_details.c:255;src/game/menu_draw_status_details.c:256;src/game/menu_draw_status_details.c:257;src/game/menu_draw_status_details.c:258;src/game/menu_draw_status_details.c:259;src/game/menu_draw_status_details.c:263;src/game/menu_draw_status_details.c:267;src/game/menu_draw_status_details.c:268;src/game/menu_draw_status_details.c:269;src/game/menu_draw_status_details.c:270;src/game/menu_draw_status_details.c:274;src/game/menu_draw_status_details.c:275;src/game/menu_draw_status_details.c:276;src/game/menu_draw_status_details.c:277;src/game/menu_draw_status_details.c:281;src/game/menu_draw_status_details.c:282;src/game/menu_draw_status_details.c:286;src/game/menu_draw_status_details.c:287;src/game/menu_draw_status_details.c:291;src/game/menu_draw_status_details.c:292;src/game/menu_draw_status_details.c:296;src/game/menu_draw_status_details.c:297;src/game/menu_draw_status_details.c:298;src/game/menu_draw_status_details.c:299;src/game/menu_draw_status_details.c:300;src/game/menu_draw_status_details.c:304;src/game/menu_draw_status_details.c:310;src/game/menu_draw_status_details.c:313;src/game/menu_draw_status_details.c:316;src/game/menu_draw_status_details.c:319;src/game/menu_draw_status_details.c:322;src/game/menu_draw_status_details.c:325;src/game/menu_draw_status_details.c:328;src/game/menu_draw_status_details.c:331;src/game/menu_draw_status_details.c:334;src/game/menu_draw_status_details.c:337;src/game/menu_draw_status_details.c:340;src/game/menu_item_detail.c:84;src/game/menu_item_detail.c:85;src/game/menu_item_detail.c:100;src/game/menu_item_detail.c:104;src/game/menu_item_detail.c:105;src/game/menu_item_detail.c:106;src/game/menu_item_detail.c:107;src/game/menu_item_detail.c:108;src/game/menu_item_detail.c:112;src/game/menu_item_detail.c:113;src/game/menu_item_detail.c:114;src/game/menu_item_detail.c:119;src/game/menu_item_detail.c:129;src/game/menu_item_detail.c:208;src/game/menu_item_detail.c:209;src/game/menu_item_detail.c:210;src/game/menu_item_detail.c:211;src/game/menu_item_detail.c:215;src/game/menu_item_detail.c:219;src/game/menu_item_detail.c:220;src/game/menu_item_detail.c:221;src/game/menu_item_detail.c:226;src/game/menu_item_detail.c:230;src/game/menu_item_detail.c:231;src/game/menu_item_detail.c:232;src/game/menu_item_detail.c:237;src/game/menu_item_detail.c:240;src/game/menu_item_detail.c:241;src/game/menu_item_detail.c:246;src/game/menu_item_detail.c:250;src/game/menu_item_detail.c:251;src/game/menu_item_detail.c:252;src/game/menu_item_detail.c:257;src/game/menu_item_detail.c:260;src/game/menu_item_detail.c:261;src/game/menu_item_detail.c:266;src/game/menu_item_drop.c:57;src/game/menu_item_model_preview.c:59;src/game/menu_item_model_preview.c:61;src/game/menu_item_model_preview.c:66;src/game/menu_item_model_preview.c:67;src/game/menu_item_model_preview.c:68;src/game/menu_item_model_preview.c:73;src/game/menu_list_interact.c:40;src/game/menu_list_interact.c:41;src/game/menu_list_interact.c:43;src/game/menu_list_interact.c:44;src/game/menu_list_interact.c:45;src/game/menu_list_interact.c:46;src/game/menu_list_interact.c:49;src/game/menu_list_interact.c:50;src/game/menu_list_interact.c:52;src/game/menu_list_interact.c:53;src/game/menu_list_interact.c:55;src/game/menu_list_interact.c:56;src/game/menu_list_interact.c:58;src/game/menu_list_interact.c:59;src/game/menu_list_interact.c:61;src/game/menu_list_interact.c:64;src/game/menu_list_interact.c:65;src/game/menu_list_interact.c:66;src/game/menu_list_interact.c:68;src/game/menu_list_interact.c:69;src/game/menu_list_interact.c:70;src/game/menu_list_interact.c:72;src/game/menu_list_render.c:53;src/game/menu_list_render.c:62;src/game/menu_list_render.c:64;src/game/menu_list_render.c:66;src/game/menu_list_render.c:67;src/game/menu_panels.c:49;src/game/menu_runtime.c:34;src/game/menu_runtime.c:127;src/game/menu_runtime.c:294;src/game/menu_runtime.c:309;src/game/menu_runtime.c:320;src/game/menu_runtime.c:343;src/game/menu_runtime.c:382;src/game/menu_runtime.c:396;src/game/menu_runtime.c:398;src/game/menu_runtime.c:400;src/game/menu_runtime.c:402;src/game/menu_runtime.c:577;src/game/menu_select.c:80;src/game/menu_select.c:245;src/game/menu_two_option_prompt.c:39;src/game/menu_two_option_prompt.c:40;src/game/menu_two_option_prompt.c:41;src/game/menu_two_option_prompt.c:44;src/game/menu_two_option_prompt.c:45;src/game/menu_two_option_prompt.c:46;src/game/menu_two_option_prompt.c:47	Glyph, text, image or signature content; not a game selector.
include/kf/game_menu.h:313	TYPEDEF_DECL	file_scope	check_menu_point_size	char[1]	1	layout_assertion		include/kf/game_menu.h:313	Compile-time size, alignment or offset assertion; no runtime elements.
include/kf/game_menu.h:314	TYPEDEF_DECL	file_scope	check_menu_glyph_row_size	char[1]	1	layout_assertion		include/kf/game_menu.h:314	Compile-time size, alignment or offset assertion; no runtime elements.
include/kf/game_menu.h:315	TYPEDEF_DECL	file_scope	check_menu_glyph_size	char[1]	1	layout_assertion		include/kf/game_menu.h:315	Compile-time size, alignment or offset assertion; no runtime elements.
include/kf/game_menu.h:316	TYPEDEF_DECL	file_scope	check_menu_glyph_alignment	char[1]	1	layout_assertion		include/kf/game_menu.h:316	Compile-time size, alignment or offset assertion; no runtime elements.
include/kf/game_menu.h:317	TYPEDEF_DECL	file_scope	check_menu_glyph_prefix	char[1]	1	layout_assertion		include/kf/game_menu.h:317	Compile-time size, alignment or offset assertion; no runtime elements.
include/kf/game_menu.h:325	FIELD_DECL	MenuWindowLayout	rows	MenuGlyphString[10]	10	aggregate		include/kf/game_menu.h:325;src/game/menu_draw_window.c:32;src/game/menu_draw_window.c:35;src/game/menu_draw_window.c:38;src/game/menu_draw_window.c:40;src/game/menu_item_detail.c:124;src/game/menu_item_detail.c:125;src/game/menu_item_detail.c:127;src/game/menu_item_detail.c:128;src/game/menu_runtime.c:34;src/game/menu_runtime.c:577	Nested record/union or record array; project-owned child fields are separately listed. SDK children retain their SDK declarations.
include/kf/game_menu.h:370	FIELD_DECL	KfMenuAssets	background_quads	POLY_FT4[2][4]	2x4	sdk_record		include/kf/game_menu.h:370;src/game/menu_config_panel.c:164;src/game/menu_config_panel.c:166;src/game/menu_config_panel.c:168;src/game/menu_config_panel.c:170;src/game/menu_map_viewer.c:105;src/game/menu_map_viewer.c:107;src/game/menu_map_viewer.c:109;src/game/menu_map_viewer.c:111;src/game/menu_runtime.c:221;src/game/menu_runtime.c:224;src/game/menu_runtime.c:227;src/game/menu_runtime.c:230;src/game/menu_runtime.c:508;src/game/menu_runtime.c:511;src/game/menu_runtime.c:514;src/game/menu_runtime.c:517	Authentic SDK GPU packet array; positions, UVs, colors and packed GPU fields retain the SDK ABI.
include/kf/game_menu.h:371	FIELD_DECL	KfMenuAssets	mid_depth_quads	POLY_FT4[2]	2	sdk_record		include/kf/game_menu.h:371;src/game/menu_item_detail.c:145	Authentic SDK GPU packet array; positions, UVs, colors and packed GPU fields retain the SDK ABI.
include/kf/game_menu.h:372	FIELD_DECL	KfMenuAssets	foreground_quads	POLY_FT4[2]	2	sdk_record		include/kf/game_menu.h:372;src/game/menu_item_detail.c:153	Authentic SDK GPU packet array; positions, UVs, colors and packed GPU fields retain the SDK ABI.
include/kf/game_menu.h:373	FIELD_DECL	KfMenuAssets	dialog_quads	POLY_F4[2][6]	2x6	aggregate		include/kf/game_menu.h:373;src/game/menu_item_detail.c:175;src/game/menu_item_detail.c:177;src/game/menu_item_detail.c:181;src/game/menu_item_detail.c:183;src/game/menu_item_detail.c:187;src/game/menu_item_detail.c:189;src/game/menu_item_detail.c:193;src/game/menu_item_detail.c:195;src/game/menu_item_detail.c:197	Nested record/union or record array; project-owned child fields are separately listed. SDK children retain their SDK declarations.
include/kf/game_menu.h:381	FIELD_DECL	KfMenuAssets	list_tiles	MenuTileSprite[4]	4	aggregate		include/kf/game_menu.h:381;src/game/menu_list_render.c:75;src/game/menu_list_render.c:102;src/game/menu_list_render.c:104;src/game/menu_list_render.c:132	Nested record/union or record array; project-owned child fields are separately listed. SDK children retain their SDK declarations.
include/kf/game_menu.h:404	TYPEDEF_DECL	file_scope	check_menu_list_layout	char[1]	1	layout_assertion		include/kf/game_menu.h:404	Compile-time size, alignment or offset assertion; no runtime elements.
include/kf/game_menu.h:434	VAR_DECL	file_scope	menu_window_layouts	MenuWindowLayout[9]	9	aggregate		include/kf/game_menu.h:434;src/game/menu_draw_window.c:20;src/game/menu_item_detail.c:124;src/game/menu_item_detail.c:125;src/game/menu_item_detail.c:127;src/game/menu_item_detail.c:128;src/game/menu_runtime.c:577	Structured window and glyph rows; numerical positions/extents and encoded glyph content follow the complete field review.
include/kf/game_menu.h:435	VAR_DECL	file_scope	item_name_rows	MenuGlyphRow[80]	80	encoded_content		include/kf/game_menu.h:435;src/game/menu.c:184;src/game/menu.c:191;src/game/menu.c:199;src/game/menu.c:208;src/game/menu_draw_name_list.c:29;src/game/menu_draw_name_list.c:41;src/game/menu_draw_name_list.c:47;src/game/menu_draw_name_list.c:53;src/game/menu_draw_name_list.c:59;src/game/menu_draw_name_list.c:65;src/game/menu_draw_name_list.c:71;src/game/menu_item_detail.c:83;src/game/menu_item_drop.c:57;src/game/menu_item_model_preview.c:59;src/game/menu_runtime.c:122;src/game/menu_select.c:80	Glyph/text content, including terminators, copied and formatted as an encoded string.
include/kf/game_menu.h:436	VAR_DECL	file_scope	magic_name_rows	MenuGlyphRow[9]	9	encoded_content		include/kf/game_menu.h:436;src/game/menu_draw_name_list.c:35;src/game/menu_panels.c:49;src/game/menu_select.c:245	Glyph/text content, including terminators, copied and formatted as an encoded string.
include/kf/game_menu.h:437	VAR_DECL	file_scope	item_buy_prices	u16[80][2]	80x2	numeric		include/kf/game_menu.h:437;src/game/menu_item_detail.c:94	Prices indexed by item and shop; compared with, added to or subtracted from numerical gold.
include/kf/game_menu.h:438	VAR_DECL	file_scope	item_sell_prices	u16[80][2]	80x2	numeric		include/kf/game_menu.h:438;src/game/menu_item_detail.c:97	Prices indexed by item and shop; compared with, added to or subtracted from numerical gold.
include/kf/game_player.h:165	FIELD_DECL	KfPlayerMotionState	words	u32[3]	3	encoded_storage		include/kf/game_player.h:165;src/game/player_warp.c:182;src/game/player_warp.c:199;src/game/player_warp.c:209;src/game/player_warp.c:223;src/game/player_warp.c:240	Packed/aligned copy or address view of an owning object; type semantic members separately.
include/kf/game_player.h:199	FIELD_DECL	KfPlayerState	unknown_3a	u8[2]	2	unresolved		include/kf/game_player.h:199	unresolved bytes
include/kf/game_player.h:212	FIELD_DECL	KfPlayerState	unknown_54	u8[4]	4	unresolved		include/kf/game_player.h:212	unresolved bytes
include/kf/game_player.h:215	FIELD_DECL	KfPlayerState	unknown_5d	u8[3]	3	unresolved		include/kf/game_player.h:215	unresolved bytes
include/kf/game_player.h:218	FIELD_DECL	KfPlayerState	unknown_65	u8[3]	3	unresolved		include/kf/game_player.h:218	unresolved bytes
include/kf/game_player.h:222	FIELD_DECL	KfPlayerState	unknown_72	u8[2]	2	unresolved		include/kf/game_player.h:222	unresolved bytes
include/kf/game_player.h:227	FIELD_DECL	KfPlayerState	unknown_7b	u8[1]	1	unresolved		include/kf/game_player.h:227	unresolved bytes
include/kf/game_player.h:251	FIELD_DECL	KfPlayerState	unknown_ce	u8[6]	6	unresolved		include/kf/game_player.h:251	unresolved bytes
include/kf/game_player.h:258	FIELD_DECL	KfPlayerState	unknown_df	u8[1]	1	unresolved		include/kf/game_player.h:258	unresolved bytes
include/kf/game_player.h:261	TYPEDEF_DECL	file_scope	check_player_state_size	char[1]	1	layout_assertion		include/kf/game_player.h:261	Compile-time size, alignment or offset assertion; no runtime elements.
include/kf/game_player.h:262	TYPEDEF_DECL	file_scope	check_player_motion_size	char[1]	1	layout_assertion		include/kf/game_player.h:262	Compile-time size, alignment or offset assertion; no runtime elements.
include/kf/game_player.h:266	TYPEDEF_DECL	file_scope	check_player_motion_word	char[1]	1	layout_assertion		include/kf/game_player.h:266	Compile-time size, alignment or offset assertion; no runtime elements.
include/kf/game_player.h:267	TYPEDEF_DECL	file_scope	check_player_motion_pitch	char[1]	1	layout_assertion		include/kf/game_player.h:267	Compile-time size, alignment or offset assertion; no runtime elements.
include/kf/game_player.h:268	TYPEDEF_DECL	file_scope	check_player_motion_cell_z	char[1]	1	layout_assertion		include/kf/game_player.h:268	Compile-time size, alignment or offset assertion; no runtime elements.
include/kf/game_player.h:269	TYPEDEF_DECL	file_scope	check_player_motion_cell_x	char[1]	1	layout_assertion		include/kf/game_player.h:269	Compile-time size, alignment or offset assertion; no runtime elements.
include/kf/game_player.h:270	TYPEDEF_DECL	file_scope	check_player_motion_previous_cell	char[1]	1	layout_assertion		include/kf/game_player.h:270	Compile-time size, alignment or offset assertion; no runtime elements.
include/kf/game_player.h:283	VAR_DECL	file_scope	player_sound_refs	SoundRef[3]	3	sdk_audio		include/kf/game_player.h:283;src/game/player_core.c:137	SDK program, tone and note numbers passed to sound APIs; numerical handles/pitch, not game selectors.
include/kf/game_player.h:284	VAR_DECL	file_scope	floor_entry_cells	KfFloorEntryCell[5]	5	numeric_geometry		include/kf/game_player.h:284	Tile X/Z coordinates selected by the existing floor domain.
include/kf/game_player.h:287	VAR_DECL	file_scope	player_level_growth_table	KfPlayerLevelGrowth[40]	40	numeric		include/kf/game_player.h:287;src/game/player_death.c:89;src/game/player_death.c:90;src/game/player_death.c:91;src/game/player_death.c:92;src/game/player_death.c:93;src/game/player_death.c:94;src/game/player_death.c:95;src/game/player_death.c:428;src/game/player_death.c:429;src/game/player_death.c:431;src/game/player_death.c:432;src/game/player_death.c:433;src/game/player_death.c:434;src/game/player_death.c:436;src/game/player_death.c:437;src/game/player_death.c:439;src/game/resources.c:81;src/game/resources.c:83	Level-dependent numerical stat increments, selected by a numerical level.
include/kf/game_render.h:110	FIELD_DECL	KfEffectSprite	unknown_0c	u8[2]	2	unresolved		include/kf/game_render.h:110	unread bytes before the rotation vector
include/kf/game_render.h:112	FIELD_DECL	KfEffectSprite	unknown_16	u8[2]	2	unresolved		include/kf/game_render.h:112	unread bytes before animation_cache
include/kf/game_render.h:119	FIELD_DECL	KfDisplayState	unknown_01	u8[3]	3	unresolved		include/kf/game_render.h:119	member of the display_state aggregate
include/kf/game_render.h:121	FIELD_DECL	KfDisplayState	primitive_buffers	KfPrimitiveBuffer[2]	2	aggregate		include/kf/game_render.h:121;src/game/menu_runtime.c:530;src/game/render.c:198;src/game/render.c:200;src/game/render.c:201;src/game/render.c:203;src/game/render.c:270	Nested record/union or record array; project-owned child fields are separately listed. SDK children retain their SDK declarations.
include/kf/game_render.h:123	FIELD_DECL	KfDisplayState	ordering_tables	KfOrderingTable[2]	2	aggregate		include/kf/game_render.h:123;src/game/menu_runtime.c:532;src/game/render.c:111;src/game/render.c:272;src/game/save_system.c:820	Nested record/union or record array; project-owned child fields are separately listed. SDK children retain their SDK declarations.
include/kf/game_render.h:129	FIELD_DECL	KfTmdState	slots	KfTmdHeader *[8]	8	pointer		include/kf/game_render.h:129;src/game/render.c:293;src/game/render.c:458	Address or pointer table; not a finite selector.
include/kf/game_render.h:144	FIELD_DECL	KfRenderState	quadrant_matrices	MATRIX[4]	4	numeric_matrix		include/kf/game_render.h:144;src/game/render.c:208;src/game/render.c:210;src/game/render.c:212;src/game/render.c:214;src/game/render.c:227;src/game/render.c:231;src/game/render.c:235;src/game/render.c:239;src/game/render_map_cells.c:102	SDK matrix coefficients/translation; arithmetic interpolation and matrix multiplication accept quantities. KF_FIXED12_ONE names numeric Q12 unity.
include/kf/game_render.h:147	VAR_DECL	file_scope	color_matrix_table	MATRIX[7]	7	numeric_matrix		include/kf/game_render.h:147;src/game/lighting_presets.c:17;src/game/lighting_presets.c:29;src/game/lighting_presets.c:39;src/game/map_load.c:223;src/game/map_scripts.c:233;src/game/map_scripts.c:249;src/game/player_death_fade.c:24;src/game/player_death_fade.c:25;src/game/player_death_fade.c:26;src/game/player_death_fade.c:78;src/game/player_death_fade.c:79;src/game/player_death_fade.c:80;src/game/player_death_fade.c:81;src/game/player_death_fade.c:86;src/game/player_death_fade.c:90;src/game/player_update.c:516;src/game/render.c:129	SDK matrix coefficients/translation; arithmetic interpolation and matrix multiplication accept quantities. KF_FIXED12_ONE names numeric Q12 unity.
include/kf/game_render.h:149	VAR_DECL	file_scope	render_cell_windows	KfCellWindow[16]	16	typed_record		include/kf/game_render.h:149;src/game/render_map_cells.c:135	Grid dimensions and origin remain numerical; cells already use KfCellVisibility.
include/kf/game_render.h:150	VAR_DECL	file_scope	floor_item_sprites	KfSpriteQuad[7]	7	numeric_geometry	A2	include/kf/game_render.h:150	All eight members are UV origins/spans and quad coordinates/dimensions. Fixed-bank selection is represented separately by KfFloorItemSpriteId or KfEffectBillboardId.
include/kf/game_render.h:151	VAR_DECL	file_scope	effect_billboard_sprites	KfSpriteQuad[22]	22	numeric_geometry		include/kf/game_render.h:151	All eight members are UV origins/spans and quad coordinates/dimensions. Fixed-bank selection is represented separately by KfFloorItemSpriteId or KfEffectBillboardId.
include/kf/game_render.h:152	VAR_DECL	file_scope	effect_sprites	KfEffectSprite[2]	2	typed_record		include/kf/game_render.h:152;src/game/geometry_render.c:102	State and animation clip already use enum domains. asset_variant is the numerical binder phase; other members are geometry, scale, padding and a cache pointer.
include/kf/game_render.h:153	VAR_DECL	file_scope	hud_sprites	KfHudSprite[14]	14	typed_record		include/kf/game_render.h:153;src/game/render_frame.c:58;src/game/render_frame.c:60;src/game/render_frame.c:61;src/game/render_frame.c:62;src/game/render_frame.c:65;src/game/render_frame.c:66;src/game/render_frame.c:67;src/game/render_frame.c:68;src/game/render_frame.c:69;src/game/render_frame.c:70;src/game/render_frame.c:71;src/game/render_frame.c:72;src/game/render_frame.c:73;src/game/render_frame.c:76;src/game/render_frame.c:79;src/game/render_frame.c:80;src/game/render_frame.c:83;src/game/render_frame.c:85;src/game/render_frame.c:89;src/game/render_frame.c:92;src/game/render_frame.c:93;src/game/render_frame.c:94;src/game/render_frame.c:95;src/game/render_frame.c:96;src/game/render_frame.c:97;src/game/render_frame.c:98;src/game/render_frame.c:99;src/game/render_frame.c:102	Each row already carries KfHudSpriteState; its nested KfSpriteQuad stores numerical geometry.
include/kf/game_render.h:154	VAR_DECL	file_scope	render_light_matrices	MATRIX[6]	6	numeric_matrix		include/kf/game_render.h:154;src/game/entity_model_render.c:42;src/game/geometry_render.c:60;src/game/render_frame.c:57;src/game/render_frame.c:117;src/game/render_scene.c:91;src/game/render_scene.c:117	SDK matrix coefficients/translation; arithmetic interpolation and matrix multiplication accept quantities. KF_FIXED12_ONE names numeric Q12 unity.
include/kf/game_save.h:94	FIELD_DECL	KfPsxSaveHeader	magic	u8[2]	2	encoded_content		include/kf/game_save.h:94;src/game/save_system.c:665;src/game/save_system.c:666	Glyph, text, image or signature content; not a game selector.
include/kf/game_save.h:97	FIELD_DECL	KfPsxSaveHeader	title	u8[64]	64	encoded_content		include/kf/game_save.h:97;src/game/save_system.c:669	Glyph, text, image or signature content; not a game selector.
include/kf/game_save.h:98	FIELD_DECL	KfPsxSaveHeader	zero_pad	u8[28]	28	padding		include/kf/game_save.h:98	Format/SDK padding or reserved bytes; no selector use established.
include/kf/game_save.h:99	FIELD_DECL	KfPsxSaveHeader	clut	u16[16]	16	packed_gpu		include/kf/game_save.h:99;src/game/save_system.c:671;src/game/save_system.c:672	GPU texture/color/address/coordinate encoding; numeric components and independent mode bits share storage.
include/kf/game_save.h:101	FIELD_DECL	KfPsxSaveHeader	icon_frames	u8[3][128]	3x128	encoded_content		include/kf/game_save.h:101;src/game/save_system.c:673;src/game/save_system.c:674;src/game/save_system.c:676;src/game/save_system.c:677;src/game/save_system.c:679;src/game/save_system.c:680	Glyph, text, image or signature content; not a game selector.
include/kf/game_save.h:116	FIELD_DECL	KfSaveDirectory	slot_ids	KfEnumStorage<KfSaveSlotId, u8>[4]	4	typed_enum		include/kf/game_save.h:116;src/game/save_system.c:88;src/game/save_system.c:353;src/game/save_system.c:360;src/game/save_system.c:368;src/game/save_system.c:403;src/game/save_system.c:404;src/game/save_system.c:561	Elements retain their declared enum domain in strict C++20, including field-width wrappers.
include/kf/game_save.h:117	FIELD_DECL	KfSaveDirectory	reserved	u8[28]	28	padding		include/kf/game_save.h:117	Format/SDK padding or reserved bytes; no selector use established.
include/kf/game_save.h:118	FIELD_DECL	KfSaveDirectory	summaries	KfSaveSlotSummary[4]	4	typed_record		include/kf/game_save.h:118;src/game/save_system.c:93;src/game/save_system.c:94;src/game/save_system.c:95;src/game/save_system.c:96;src/game/save_system.c:97;src/game/save_system.c:98;src/game/save_system.c:405;src/game/save_system.c:406;src/game/save_system.c:408;src/game/save_system.c:409;src/game/save_system.c:410;src/game/save_system.c:411;src/game/save_system.c:590;src/game/save_system.c:591;src/game/save_system.c:592;src/game/save_system.c:593;src/game/save_system.c:594;src/game/save_system.c:595;src/game/save_system.c:596;src/game/save_system.c:597;src/game/save_system.c:598;src/game/save_system.c:599;src/game/save_system.c:600;src/game/save_system.c:601	Saved summaries carry KfFloorId in a word-sized enum wrapper; experience and HP/MP remain numerical.
include/kf/game_save.h:132	FIELD_DECL	KfSavePayload	player_state	u32[56]	56	encoded_storage		include/kf/game_save.h:132;src/game/save_system.c:373;src/game/save_system.c:374;src/game/save_system.c:624;src/game/save_system.c:625	Serialized/word-copy alias of typed or partially recovered object state; do not replace the complete byte stream with one enum.
include/kf/game_save.h:133	FIELD_DECL	KfSavePayload	unknown_0e0	u8[556]	556	unresolved		include/kf/game_save.h:133	not touched by the write/read pair
include/kf/game_save.h:135	FIELD_DECL	KfSavePayload	item_stock	u8[3][80]	3x80	numeric		include/kf/game_save.h:135;src/game/save_system.c:377;src/game/save_system.c:378;src/game/save_system.c:628;src/game/save_system.c:629	Serialized quantities for player and shops; runtime stacks and Gold Cross stock are decremented.
include/kf/game_save.h:136	FIELD_DECL	KfSavePayload	magic_flags	KfMagicLearningState[24]	24	typed_enum		include/kf/game_save.h:136;src/game/save_system.c:380;src/game/save_system.c:631	Elements retain their declared enum domain in strict C++20, including field-width wrappers.
include/kf/game_save.h:137	FIELD_DECL	KfSavePayload	unknown_2548	u8[56]	56	unresolved		include/kf/game_save.h:137	not touched by the write/read pair
include/kf/game_save.h:146	TYPEDEF_DECL	file_scope	check_save_workspace_size	char[1]	1	layout_assertion		include/kf/game_save.h:146	Compile-time size, alignment or offset assertion; no runtime elements.
include/kf/game_save.h:147	TYPEDEF_DECL	file_scope	check_save_workspace_payload	char[1]	1	layout_assertion		include/kf/game_save.h:147	Compile-time size, alignment or offset assertion; no runtime elements.
include/kf/game_save.h:153	TYPEDEF_DECL	file_scope	check_psx_save_header_magic	char[1]	1	layout_assertion		include/kf/game_save.h:153	Compile-time size, alignment or offset assertion; no runtime elements.
include/kf/game_save.h:154	TYPEDEF_DECL	file_scope	check_psx_save_header_icon_type	char[1]	1	layout_assertion		include/kf/game_save.h:154	Compile-time size, alignment or offset assertion; no runtime elements.
include/kf/game_save.h:155	TYPEDEF_DECL	file_scope	check_psx_save_header_block_count	char[1]	1	layout_assertion		include/kf/game_save.h:155	Compile-time size, alignment or offset assertion; no runtime elements.
include/kf/game_save.h:156	TYPEDEF_DECL	file_scope	check_psx_save_header_title	char[1]	1	layout_assertion		include/kf/game_save.h:156	Compile-time size, alignment or offset assertion; no runtime elements.
include/kf/game_save.h:157	TYPEDEF_DECL	file_scope	check_psx_save_header_zero_pad	char[1]	1	layout_assertion		include/kf/game_save.h:157	Compile-time size, alignment or offset assertion; no runtime elements.
include/kf/game_save.h:158	TYPEDEF_DECL	file_scope	check_psx_save_header_clut	char[1]	1	layout_assertion		include/kf/game_save.h:158	Compile-time size, alignment or offset assertion; no runtime elements.
include/kf/game_save.h:159	TYPEDEF_DECL	file_scope	check_psx_save_header_icon_frames	char[1]	1	layout_assertion		include/kf/game_save.h:159	Compile-time size, alignment or offset assertion; no runtime elements.
include/kf/game_save.h:164	TYPEDEF_DECL	file_scope	check_save_summary_experience	char[1]	1	layout_assertion		include/kf/game_save.h:164	Compile-time size, alignment or offset assertion; no runtime elements.
include/kf/game_save.h:165	TYPEDEF_DECL	file_scope	check_save_summary_current_floor	char[1]	1	layout_assertion		include/kf/game_save.h:165	Compile-time size, alignment or offset assertion; no runtime elements.
include/kf/game_save.h:166	TYPEDEF_DECL	file_scope	check_save_summary_current_hp	char[1]	1	layout_assertion		include/kf/game_save.h:166	Compile-time size, alignment or offset assertion; no runtime elements.
include/kf/game_save.h:167	TYPEDEF_DECL	file_scope	check_save_summary_maximum_hp	char[1]	1	layout_assertion		include/kf/game_save.h:167	Compile-time size, alignment or offset assertion; no runtime elements.
include/kf/game_save.h:168	TYPEDEF_DECL	file_scope	check_save_summary_current_mp	char[1]	1	layout_assertion		include/kf/game_save.h:168	Compile-time size, alignment or offset assertion; no runtime elements.
include/kf/game_save.h:169	TYPEDEF_DECL	file_scope	check_save_summary_maximum_mp	char[1]	1	layout_assertion		include/kf/game_save.h:169	Compile-time size, alignment or offset assertion; no runtime elements.
include/kf/game_save.h:174	VAR_DECL	file_scope	memory_card_message_path_template	char[]	?	encoded_content		include/kf/game_save.h:174	Filename, path template, debug text or number-formatting character buffer; byte positions hold character encodings.
include/kf/game_save.h:176	VAR_DECL	file_scope	memory_card_root_path	const char[]	?	encoded_content		include/kf/game_save.h:176;src/game/save_system.c:262	Filename, path template, debug text or number-formatting character buffer; byte positions hold character encodings.
include/kf/game_save.h:179	VAR_DECL	file_scope	save_main_file_path	const char[]	?	encoded_content		include/kf/game_save.h:179;src/game/save_system.c:332;src/game/save_system.c:338;src/game/save_system.c:383;src/game/save_system.c:413;src/game/save_system.c:485;src/game/save_system.c:570	Filename, path template, debug text or number-formatting character buffer; byte positions hold character encodings.
include/kf/game_save.h:181	VAR_DECL	file_scope	save_temporary_file_path	const char[]	?	encoded_content		include/kf/game_save.h:181;src/game/save_system.c:341;src/game/save_system.c:343;src/game/save_system.c:773;src/game/save_system.c:775	Filename, path template, debug text or number-formatting character buffer; byte positions hold character encodings.
include/kf/game_state.h:31	VAR_DECL	file_scope	talk_image_path_template	char[]	?	encoded_content		include/kf/game_state.h:31;src/game/save_system.c:853;src/game/save_system.c:855;src/game/save_system.c:856;src/game/save_system.c:857;src/game/save_system.c:858;src/game/save_system.c:859;src/game/save_system.c:860	Filename, path template, debug text or number-formatting character buffer; byte positions hold character encodings.
include/kf/item.h:204	FIELD_DECL	KfFloorItem	unknown_10	u8[4]	4	unresolved		include/kf/item.h:204	not written by the loader
include/kf/item.h:206	FIELD_DECL	KfFloorItem	unknown_15	u8[3]	3	unresolved		include/kf/item.h:206	not written by the loader
include/kf/item.h:210	VAR_DECL	file_scope	item_stock	u8[3][80]	3x80	numeric		include/kf/item.h:210;src/game/item.c:237;src/game/item.c:240;src/game/item.c:249;src/game/item.c:354;src/game/item.c:383;src/game/item.c:514;src/game/item.c:583;src/game/map_load.c:184;src/game/map_scripts.c:215;src/game/map_scripts.c:273;src/game/map_scripts.c:310;src/game/map_scripts.c:403;src/game/map_scripts.c:405;src/game/map_scripts.c:407;src/game/map_scripts.c:418;src/game/map_scripts.c:421;src/game/map_scripts.c:434;src/game/map_scripts.c:436;src/game/map_scripts.c:438;src/game/menu.c:180;src/game/menu_item_detail.c:119;src/game/menu_item_drop.c:43;src/game/menu_item_model_preview.c:73;src/game/menu_select.c:45;src/game/player_use_item.c:132;src/game/player_use_item.c:179;src/game/player_use_item.c:180;src/game/save_system.c:377;src/game/save_system.c:628	Inventory quantities or copied stock counts; decrement for equipment exclusion, purchase, sale or drop proves numerical use.
include/kf/magic.h:44	FIELD_DECL	KfMagicRecord	sounds	SoundRef[2]	2	sdk_audio		include/kf/magic.h:44;src/game/effect_dispatch.c:166;src/game/effect_dispatch.c:242;src/game/effect_dispatch.c:309;src/game/effect_dispatch.c:338;src/game/effect_dispatch.c:375;src/game/effect_dispatch.c:586;src/game/effect_pool.c:81;src/game/effect_pool.c:92;src/game/effect_pool.c:112;src/game/effect_pool.c:132;src/game/effect_pool.c:168;src/game/effect_pool.c:191;src/game/effect_pool.c:205;src/game/effect_pool.c:215;src/game/effect_pool.c:225;src/game/effect_pool.c:260;src/game/effect_pool.c:271;src/game/effect_pool.c:322;src/game/effect_pool.c:346;src/game/effect_pool.c:358;src/game/effect_pool.c:377;src/game/effect_pool.c:393;src/game/effect_update.c:86;src/game/effect_update.c:151	SDK program, tone and note numbers passed to sound APIs; numerical handles/pitch, not game selectors.
include/kf/magic.h:45	FIELD_DECL	KfMagicRecord	damage_components	u16[4]	4	numeric		include/kf/magic.h:45;src/game/effect_dispatch.c:172;src/game/effect_dispatch.c:173;src/game/effect_dispatch.c:174;src/game/effect_dispatch.c:179;src/game/effect_dispatch.c:180;src/game/effect_dispatch.c:189;src/game/effect_dispatch.c:190;src/game/effect_dispatch.c:191;src/game/effect_dispatch.c:204;src/game/effect_dispatch.c:205;src/game/effect_dispatch.c:420;src/game/effect_dispatch.c:466;src/game/effect_dispatch.c:467;src/game/effect_dispatch.c:471;src/game/effect_dispatch.c:472;src/game/effect_dispatch.c:613;src/game/effect_dispatch.c:614;src/game/effect_dispatch.c:617;src/game/effect_dispatch.c:618;src/game/effect_dispatch.c:686;src/game/effect_dispatch.c:687;src/game/effect_dispatch.c:691;src/game/effect_dispatch.c:692;src/game/effect_update.c:73;src/game/effect_update.c:74;src/game/effect_update.c:77;src/game/effect_update.c:78;src/game/effect_update.c:139;src/game/effect_update.c:140;src/game/effect_update.c:143;src/game/effect_update.c:144	four magic damage components, permuted by effect kind
include/kf/magic.h:47	FIELD_DECL	KfMagicRecord	unknown_12	u8[2]	2	unresolved		include/kf/magic.h:47	meaning unresolved
include/kf/magic.h:52	FIELD_DECL	KfMagicTable	entries	KfMagicRecord[24]	24	aggregate		include/kf/magic.h:52;src/game/effect_dispatch.c:375;src/game/effect_dispatch.c:586;src/game/effect_dispatch.c:610;src/game/effect_pool.c:71;src/game/effect_pool.c:112;src/game/effect_pool.c:132;src/game/effect_pool.c:322;src/game/effect_pool.c:346;src/game/effect_pool.c:358;src/game/effect_pool.c:377;src/game/effect_pool.c:393;src/game/effect_pool.c:445;src/game/map_scripts.c:173;src/game/map_scripts.c:174;src/game/map_scripts.c:175;src/game/map_scripts.c:274;src/game/map_scripts.c:275;src/game/map_scripts.c:281;src/game/map_scripts.c:282;src/game/map_scripts.c:420;src/game/menu_panels.c:47;src/game/menu_panels.c:141;src/game/menu_panels.c:143;src/game/menu_select.c:243;src/game/player_death.c:358;src/game/player_death.c:359;src/game/player_death.c:362;src/game/player_death.c:363;src/game/player_death.c:366;src/game/player_death.c:367;src/game/player_death.c:612;src/game/player_update.c:391;src/game/player_update.c:395;src/game/player_update.c:399;src/game/player_update.c:408;src/game/player_update.c:417;src/game/save_system.c:380;src/game/save_system.c:631	Nested record/union or record array; project-owned child fields are separately listed. SDK children retain their SDK declarations.
include/kf/magic.h:53	FIELD_DECL	KfMagicTable	words	u32[120]	120	encoded_storage		include/kf/magic.h:53;src/game/magic.c:39;src/game/magic.c:40	Packed/aligned copy or address view of an owning object; type semantic members separately.
include/kf/magic.h:56	TYPEDEF_DECL	file_scope	check_magic_table_size	char[1]	1	layout_assertion		include/kf/magic.h:56	Compile-time size, alignment or offset assertion; no runtime elements.
include/kf/map_data.h:158	FIELD_DECL	KfMapGrid	cells	u8[100][100]	100x100	numeric_storage		include/kf/map_data.h:158;src/game/actor.c:765;src/game/collision_grid.c:61;src/game/effect_dispatch.c:247;src/game/effect_dispatch.c:347;src/game/effect_dispatch.c:428;src/game/effect_map_collision.c:35;src/game/effect_update.c:201;src/game/effect_update.c:280;src/game/item.c:69;src/game/magic.c:159;src/game/map_event.c:76;src/game/map_load.c:104;src/game/map_load.c:123;src/game/map_object.c:362;src/game/map_object.c:383;src/game/map_object.c:395;src/game/map_object_pool.c:57;src/game/map_object_pool.c:58;src/game/map_object_pool.c:62;src/game/map_object_pool.c:226;src/game/map_scripts.c:336;src/game/player_core.c:254;src/game/player_core.c:396;src/game/player_core.c:403;src/game/player_core.c:517;src/game/render_map_cells.c:84;src/open/item.c:31;src/open/opening_entity_pool.c:74;src/open/render_map_cells.c:33	Height values and occupancy counts/flags share this generic grid; semantic attributes, collision kinds and orientations already own dedicated enum grids.
include/kf/map_data.h:159	FIELD_DECL	KfMapGrid	bytes	u8[10000]	10000	numeric_storage		include/kf/map_data.h:159;src/game/collision.c:88;src/game/collision_grid.c:10	Height values and occupancy counts/flags share this generic grid; semantic attributes, collision kinds and orientations already own dedicated enum grids.
include/kf/map_data.h:160	FIELD_DECL	KfMapGrid	words	u32[2500]	2500	encoded_storage		include/kf/map_data.h:160;src/game/resources.c:177;src/game/resources.c:181;src/open/resources.c:172;src/open/resources.c:176	Packed/aligned copy or address view of an owning object; type semantic members separately.
include/kf/map_data.h:162	TYPEDEF_DECL	file_scope	check_map_grid_size	char[1]	1	layout_assertion		include/kf/map_data.h:162	Compile-time size, alignment or offset assertion; no runtime elements.
include/kf/map_data.h:165	FIELD_DECL	KfMapAttributeGrid	cells	KfMapAttribute[100][100]	100x100	typed_enum		include/kf/map_data.h:165;src/game/actor_behavior.c:1056;src/game/effect_map_collision.c:39;src/game/game.c:74;src/game/magic.c:99;src/game/map_object_pool.c:55;src/game/map_object_pool.c:56;src/game/map_scripts.c:497;src/game/player_core.c:521;src/game/player_core.c:527;src/game/player_update.c:603;src/game/render_map_cells.c:56;src/open/render_map_cells.c:21	Elements retain their declared enum domain in strict C++20, including field-width wrappers.
include/kf/map_data.h:166	FIELD_DECL	KfMapAttributeGrid	bytes	KfMapAttribute[10000]	10000	typed_enum		include/kf/map_data.h:166;src/game/collision.c:78	Elements retain their declared enum domain in strict C++20, including field-width wrappers.
include/kf/map_data.h:167	FIELD_DECL	KfMapAttributeGrid	words	u32[2500]	2500	encoded_storage		include/kf/map_data.h:167;src/game/resources.c:173;src/open/resources.c:168	Aligned whole-table copy alias; semantic element access uses the enum cells/bytes.
include/kf/map_data.h:169	TYPEDEF_DECL	file_scope	check_map_attribute_grid_size	char[1]	1	layout_assertion		include/kf/map_data.h:169	Compile-time size, alignment or offset assertion; no runtime elements.
include/kf/map_data.h:173	FIELD_DECL	KfMapCollisionGrid	cells	KfMapCellKind[100][100]	100x100	typed_enum		include/kf/map_data.h:173;src/game/effect_map_collision.c:80;src/game/effect_map_collision.c:82;src/game/effect_map_collision.c:83;src/game/effect_map_collision.c:85;src/game/effect_map_collision.c:86;src/game/effect_map_collision.c:88;src/game/effect_map_collision.c:89;src/game/effect_map_collision.c:91;src/game/effect_map_collision.c:92;src/game/map_object_pool.c:60;src/game/map_object_pool.c:61;src/game/map_object_pool.c:84;src/game/map_object_pool.c:99;src/game/map_object_pool.c:104;src/game/map_object_pool.c:105;src/game/map_object_pool.c:108;src/game/map_object_pool.c:109;src/game/map_object_pool.c:112;src/game/map_object_pool.c:113;src/game/map_object_pool.c:116;src/game/map_object_pool.c:117;src/game/player_core.c:395;src/game/player_core.c:402;src/game/player_core.c:408;src/game/player_core.c:441;src/game/player_core.c:448;src/game/player_core.c:486	Elements retain their declared enum domain in strict C++20, including field-width wrappers.
include/kf/map_data.h:174	FIELD_DECL	KfMapCollisionGrid	bytes	KfMapCellKind[10000]	10000	typed_enum		include/kf/map_data.h:174;src/game/collision.c:67;src/game/collision_grid.c:12	Elements retain their declared enum domain in strict C++20, including field-width wrappers.
include/kf/map_data.h:175	FIELD_DECL	KfMapCollisionGrid	words	u32[2500]	2500	encoded_storage		include/kf/map_data.h:175;src/game/resources.c:183;src/open/resources.c:178	Packed/aligned copy or address view of an owning object; type semantic members separately.
include/kf/map_data.h:179	FIELD_DECL	KfMapOrientationGrid	cells	KfMapOrientation[100][100]	100x100	typed_enum		include/kf/map_data.h:179;src/game/effect_map_collision.c:51;src/game/map_object_pool.c:59;src/game/render_map_cells.c:80;src/open/render_map_cells.c:29	Elements retain their declared enum domain in strict C++20, including field-width wrappers.
include/kf/map_data.h:180	FIELD_DECL	KfMapOrientationGrid	bytes	KfMapOrientation[10000]	10000	typed_enum		include/kf/map_data.h:180;src/game/collision_grid.c:13	Elements retain their declared enum domain in strict C++20, including field-width wrappers.
include/kf/map_data.h:181	FIELD_DECL	KfMapOrientationGrid	words	u32[2500]	2500	encoded_storage		include/kf/map_data.h:181;src/game/resources.c:179;src/open/resources.c:174	Packed/aligned copy or address view of an owning object; type semantic members separately.
include/kf/map_data.h:184	TYPEDEF_DECL	file_scope	check_map_collision_grid_size	char[1]	1	layout_assertion		include/kf/map_data.h:184	Compile-time size, alignment or offset assertion; no runtime elements.
include/kf/map_data.h:185	TYPEDEF_DECL	file_scope	check_map_orientation_grid_size	char[1]	1	layout_assertion		include/kf/map_data.h:185	Compile-time size, alignment or offset assertion; no runtime elements.
include/kf/memory.h:23	FIELD_DECL	KfMemoryAllocationState	stack	u32[17]	17	encoded_storage		include/kf/memory.h:23;src/game/memory.c:44;src/game/memory.c:101;src/game/memory.c:102;src/game/memory.c:103;src/game/memory.c:110;src/game/memory.c:113;src/game/memory.c:114;src/open/opening_controller.c:74	Packed/aligned copy or address view of an owning object; type semantic members separately.
include/kf/memory.h:32	TYPEDEF_DECL	file_scope	KfMemoryAllocationStateSizeCheck	char[1]	1	layout_assertion		include/kf/memory.h:32	Compile-time size, alignment or offset assertion; no runtime elements.
include/kf/memory.h:34	TYPEDEF_DECL	file_scope	KfMemoryArenaSizeCheck	char[1]	1	layout_assertion		include/kf/memory.h:34	Compile-time size, alignment or offset assertion; no runtime elements.
include/kf/memory.h:36	TYPEDEF_DECL	file_scope	KfMemoryArenaAllocationOffsetCheck	char[1]	1	layout_assertion		include/kf/memory.h:36	Compile-time size, alignment or offset assertion; no runtime elements.
include/kf/memory.h:38	TYPEDEF_DECL	file_scope	KfMemoryStackOffsetCheck	char[1]	1	layout_assertion		include/kf/memory.h:38	Compile-time size, alignment or offset assertion; no runtime elements.
include/kf/notify.h:38	FIELD_DECL	KfNotificationDigitBuffer	formatted	s16[12]	12	encoded_content		include/kf/notify.h:38;src/game/notify_queue.c:149	Glyph, text, image or signature content; not a game selector.
include/kf/notify.h:39	FIELD_DECL	KfNotificationDigitBuffer	values	u16[12]	12	encoded_content		include/kf/notify.h:39;src/game/notify_queue.c:152;src/game/notify_queue.c:155;src/game/notify_queue.c:158;src/game/notify_queue.c:161	Glyph, text, image or signature content; not a game selector.
include/kf/notify.h:53	FIELD_DECL	KfNotificationState	message_payloads	u16[8]	8	numeric		include/kf/notify.h:53;src/game/notify_queue.c:68;src/game/notify_queue.c:148	Only the GOLD notification writes this parallel array; its value is formatted as a decimal gold amount. Message IDs live in a separate typed array.
include/kf/notify.h:57	VAR_DECL	file_scope	notification_sprites	KfNotificationSprite[6]	6	typed_record		include/kf/notify.h:57;src/game/render_frame.c:135;src/game/render_frame.c:139	Each row already carries KfNotificationSpriteState; sprite coordinates and UVs remain quantities.
include/kf/open_audio.h:6	VAR_DECL	file_scope	audio_sequence_table	char[]	?	sdk_storage		include/kf/open_audio.h:6	SsSetTableSize sequence workspace sized by the pinned SDK SS_SEQ_TABSIZ; not a game ID list.
include/kf/open_controller.h:9	VAR_DECL	file_scope	opening_initial_tim_path	char[6]	6	encoded_content		include/kf/open_controller.h:9	Filename, path template, debug text or number-formatting character buffer; byte positions hold character encodings.
include/kf/open_opening_scenes.h:24	VAR_DECL	file_scope	opening_scene0_camera_path	KfCameraPathPoint[17]	17	numeric_geometry		include/kf/open_opening_scenes.h:24	Timed camera positions/rotations are interpolated; record components are numerical motion data.
include/kf/open_opening_scenes.h:25	VAR_DECL	file_scope	opening_scene3_camera_path	KfCameraPathPoint[3]	3	numeric_geometry		include/kf/open_opening_scenes.h:25	Timed camera positions/rotations are interpolated; record components are numerical motion data.
include/kf/open_opening_scenes.h:26	VAR_DECL	file_scope	opening_ending_camera_path	KfCameraPathPoint[9]	9	numeric_geometry		include/kf/open_opening_scenes.h:26	Timed camera positions/rotations are interpolated; record components are numerical motion data.
include/kf/open_opening_scenes.h:28	VAR_DECL	file_scope	opening_scene3_overlay_rects	KfScreenRect[2]	2	numeric_geometry		include/kf/open_opening_scenes.h:28	Screen rectangle positions and dimensions; no categorical element.
include/kf/open_opening_scenes.h:29	VAR_DECL	file_scope	opening_scene3_overlay_uv	u8[8]	8	packed_gpu		include/kf/open_opening_scenes.h:29	Interleaved U/V/span descriptor bytes passed to sprite_add_ft4; numerical texture coordinates, with odd bytes unclassified.
include/kf/open_render.h:30	FIELD_DECL	KfDisplayStateOpen	unknown_01	u8[3]	3	unresolved		include/kf/open_render.h:30	member of the display_state aggregate
include/kf/open_render.h:32	FIELD_DECL	KfDisplayStateOpen	primitive_buffers	KfPrimitiveBuffer[2]	2	aggregate		include/kf/open_render.h:32;src/open/render.c:23;src/open/render_init.c:55;src/open/render_init.c:57;src/open/render_init.c:58;src/open/render_init.c:60	Nested record/union or record array; project-owned child fields are separately listed. SDK children retain their SDK declarations.
include/kf/open_render.h:34	FIELD_DECL	KfDisplayStateOpen	ordering_tables	KfOrderingTable[2]	2	aggregate		include/kf/open_render.h:34;src/open/render.c:24	Nested record/union or record array; project-owned child fields are separately listed. SDK children retain their SDK declarations.
include/kf/open_render.h:39	FIELD_DECL	KfTmdStateOpen	slots	KfTmdHeader *[2]	2	pointer		include/kf/open_render.h:39;src/open/render.c:45;src/open/render.c:213	Address or pointer table; not a finite selector.
include/kf/open_render.h:52	FIELD_DECL	KfRenderStateOpen	quadrant_matrices	MATRIX[4]	4	numeric_matrix		include/kf/open_render.h:52;src/open/render_init.c:65;src/open/render_init.c:67;src/open/render_init.c:69;src/open/render_init.c:71;src/open/render_init.c:83;src/open/render_init.c:87;src/open/render_init.c:91;src/open/render_init.c:95;src/open/render_map_cells.c:52	SDK matrix coefficients/translation; arithmetic interpolation and matrix multiplication accept quantities. KF_FIXED12_ONE names numeric Q12 unity.
include/kf/open_render.h:65	FIELD_DECL	KfFloorItemStateOpen	unknown_08	u8[6]	6	unresolved		include/kf/open_render.h:65	unresolved bytes between the material and floor-item texture selectors
include/kf/open_render.h:69	FIELD_DECL	KfFloorItemStateOpen	unknown_14	u8[4]	4	unresolved		include/kf/open_render.h:69	unresolved bytes before the runtime record pool
include/kf/open_render.h:70	FIELD_DECL	KfFloorItemStateOpen	items	KfFloorItem[64]	64	typed_record	A2	include/kf/open_render.h:70;src/open/entity_render.c:187;src/open/item.c:19	Floor-item records now carry KfFloorItemSpriteId for their fixed-bank selector; animation_frame and position remain numerical.
include/kf/open_render.h:77	FIELD_DECL	KfGraphicsRuntimeOpen	display_draw_environments	DRAWENV[2]	2	aggregate		include/kf/open_render.h:77;src/open/display_adjust.c:17;src/open/display_adjust.c:18;src/open/display_adjust.c:23;src/open/display_adjust.c:24;src/open/display_adjust.c:55;src/open/display_adjust.c:56;src/open/display_adjust.c:57;src/open/opening_scenes.c:640;src/open/opening_scenes.c:645;src/open/opening_scenes.c:677;src/open/opening_scenes.c:680;src/open/render.c:37;src/open/render_init.c:109;src/open/render_init.c:120;src/open/render_init.c:129;src/open/render_init.c:137;src/open/render_init.c:138;src/open/render_init.c:139;src/open/render_init.c:140;src/open/render_init.c:141;src/open/render_init.c:142;src/open/render_init.c:143;src/open/render_init.c:144;src/open/render_init.c:145	Nested record/union or record array; project-owned child fields are separately listed. SDK children retain their SDK declarations.
include/kf/open_render.h:78	FIELD_DECL	KfGraphicsRuntimeOpen	display_disp_environments	DISPENV[2]	2	aggregate		include/kf/open_render.h:78;src/open/display_adjust.c:22;src/open/display_adjust.c:25;src/open/render.c:38;src/open/render_init.c:123;src/open/render_init.c:135;src/open/render_init.c:148	Nested record/union or record array; project-owned child fields are separately listed. SDK children retain their SDK declarations.
include/kf/open_render.h:79	FIELD_DECL	KfGraphicsRuntimeOpen	unknown_20108	u8[8]	8	unresolved		include/kf/open_render.h:79	unclassified interval within the independently cleared region
include/kf/open_render.h:81	FIELD_DECL	KfGraphicsRuntimeOpen	unknown_2011c	u8[4]	4	unresolved		include/kf/open_render.h:81	unclassified interval within the independently cleared region
include/kf/open_render.h:83	FIELD_DECL	KfGraphicsRuntimeOpen	unknown_20124	u8[20]	20	unresolved		include/kf/open_render.h:83	unclassified interval within the independently cleared region
include/kf/open_render.h:84	FIELD_DECL	KfGraphicsRuntimeOpen	tmd_projected_vertices	KfScreenVertex[1000]	1000	aggregate		include/kf/open_render.h:84;src/open/render.c:237;src/open/render.c:259;src/open/render.c:281;src/open/render.c:301;src/open/render_map.c:37;src/open/render_tmd.c:31;src/open/render_tmd.c:71;src/open/render_tmd.c:103;src/open/render_tmd.c:135;src/open/render_tmd.c:171;src/open/render_tmd.c:209;src/open/render_tmd.c:252;src/open/render_tmd.c:285;src/open/render_tmd.c:324;src/open/render_tmd.c:354;src/open/render_tmd.c:392;src/open/render_tmd.c:423;src/open/render_tmd.c:456;src/open/render_unlit.c:20;src/open/render_unlit.c:90	Nested record/union or record array; project-owned child fields are separately listed. SDK children retain their SDK declarations.
include/kf/open_render.h:85	FIELD_DECL	KfGraphicsRuntimeOpen	unknown_22078	u8[8040]	8040	unresolved		include/kf/open_render.h:85	unclassified interval within the independently cleared region
include/kf/open_render.h:90	FIELD_DECL	KfGraphicsRuntimeOpen	light_quadrant_matrices	MATRIX[4]	4	numeric_matrix		include/kf/open_render.h:90;src/open/render_init.c:84;src/open/render_init.c:88;src/open/render_init.c:92;src/open/render_init.c:96;src/open/render_map_cells.c:55	SDK matrix coefficients/translation; arithmetic interpolation and matrix multiplication accept quantities. KF_FIXED12_ONE names numeric Q12 unity.
include/kf/open_render.h:93	FIELD_DECL	KfGraphicsRuntimeOpen	unknown_24786	u8[2]	2	unresolved		include/kf/open_render.h:93	unclassified interval within the independently cleared region
include/kf/open_render.h:99	TYPEDEF_DECL	file_scope	check_display_state	char[1]	1	layout_assertion		include/kf/open_render.h:99	Compile-time size, alignment or offset assertion; no runtime elements.
include/kf/open_render.h:100	TYPEDEF_DECL	file_scope	check_ordering_table	char[1]	1	layout_assertion		include/kf/open_render.h:100	Compile-time size, alignment or offset assertion; no runtime elements.
include/kf/open_render.h:101	TYPEDEF_DECL	file_scope	check_display_draw_environments	char[1]	1	layout_assertion		include/kf/open_render.h:101	Compile-time size, alignment or offset assertion; no runtime elements.
include/kf/open_render.h:102	TYPEDEF_DECL	file_scope	check_display_disp_environments	char[1]	1	layout_assertion		include/kf/open_render.h:102	Compile-time size, alignment or offset assertion; no runtime elements.
include/kf/open_render.h:103	TYPEDEF_DECL	file_scope	check_unknown_20108	char[1]	1	layout_assertion		include/kf/open_render.h:103	Compile-time size, alignment or offset assertion; no runtime elements.
include/kf/open_render.h:104	TYPEDEF_DECL	file_scope	check_tmd_state	char[1]	1	layout_assertion		include/kf/open_render.h:104	Compile-time size, alignment or offset assertion; no runtime elements.
include/kf/open_render.h:105	TYPEDEF_DECL	file_scope	check_unknown_2011c	char[1]	1	layout_assertion		include/kf/open_render.h:105	Compile-time size, alignment or offset assertion; no runtime elements.
include/kf/open_render.h:106	TYPEDEF_DECL	file_scope	check_current_tmd_vertices	char[1]	1	layout_assertion		include/kf/open_render.h:106	Compile-time size, alignment or offset assertion; no runtime elements.
include/kf/open_render.h:107	TYPEDEF_DECL	file_scope	check_unknown_20124	char[1]	1	layout_assertion		include/kf/open_render.h:107	Compile-time size, alignment or offset assertion; no runtime elements.
include/kf/open_render.h:108	TYPEDEF_DECL	file_scope	check_tmd_projected_vertices	char[1]	1	layout_assertion		include/kf/open_render.h:108	Compile-time size, alignment or offset assertion; no runtime elements.
include/kf/open_render.h:109	TYPEDEF_DECL	file_scope	check_unknown_22078	char[1]	1	layout_assertion		include/kf/open_render.h:109	Compile-time size, alignment or offset assertion; no runtime elements.
include/kf/open_render.h:110	TYPEDEF_DECL	file_scope	check_floor_item_state	char[1]	1	layout_assertion		include/kf/open_render.h:110	Compile-time size, alignment or offset assertion; no runtime elements.
include/kf/open_render.h:111	TYPEDEF_DECL	file_scope	check_DAT_8006e040	char[1]	1	layout_assertion		include/kf/open_render.h:111	Compile-time size, alignment or offset assertion; no runtime elements.
include/kf/open_render.h:112	TYPEDEF_DECL	file_scope	check_DAT_8006e044	char[1]	1	layout_assertion		include/kf/open_render.h:112	Compile-time size, alignment or offset assertion; no runtime elements.
include/kf/open_render.h:113	TYPEDEF_DECL	file_scope	check_render_state	char[1]	1	layout_assertion		include/kf/open_render.h:113	Compile-time size, alignment or offset assertion; no runtime elements.
include/kf/open_render.h:114	TYPEDEF_DECL	file_scope	check_light_quadrant_matrices	char[1]	1	layout_assertion		include/kf/open_render.h:114	Compile-time size, alignment or offset assertion; no runtime elements.
include/kf/open_render.h:115	TYPEDEF_DECL	file_scope	check_active_cell_window	char[1]	1	layout_assertion		include/kf/open_render.h:115	Compile-time size, alignment or offset assertion; no runtime elements.
include/kf/open_render.h:116	TYPEDEF_DECL	file_scope	check_tmd_projection_shift	char[1]	1	layout_assertion		include/kf/open_render.h:116	Compile-time size, alignment or offset assertion; no runtime elements.
include/kf/open_render.h:117	TYPEDEF_DECL	file_scope	check_unknown_24786	char[1]	1	layout_assertion		include/kf/open_render.h:117	Compile-time size, alignment or offset assertion; no runtime elements.
include/kf/open_render.h:120	VAR_DECL	file_scope	color_matrix_table	MATRIX[5]	5	numeric_matrix		include/kf/open_render.h:120;src/open/opening_scenes.c:254;src/open/opening_scenes.c:255;src/open/opening_scenes.c:499;src/open/opening_scenes.c:500;src/open/opening_scenes.c:570;src/open/opening_scenes.c:571;src/open/opening_scenes.c:612;src/open/opening_scenes.c:613;src/open/opening_scenes.c:684;src/open/opening_scenes.c:685;src/open/opening_scenes.c:791;src/open/opening_scenes.c:792;src/open/opening_scenes.c:802;src/open/opening_scenes.c:803	SDK matrix coefficients/translation; arithmetic interpolation and matrix multiplication accept quantities. KF_FIXED12_ONE names numeric Q12 unity.
include/kf/open_render.h:121	VAR_DECL	file_scope	floor_item_sprites	KfSpriteQuad[7]	7	numeric_geometry	A2	include/kf/open_render.h:121	All eight members are UV origins/spans and quad coordinates/dimensions. Fixed-bank selection is represented separately by KfFloorItemSpriteId or KfEffectBillboardId.
include/kf/open_render.h:126	VAR_DECL	file_scope	render_cell_windows	KfCellWindow[16]	16	typed_record		include/kf/open_render.h:126;src/open/render_init.c:52	Grid dimensions and origin remain numerical; cells already use KfCellVisibility.
include/kf/open_resources.h:38	FIELD_DECL	KfOpeningEntity	unknown_06	u8[2]	2	unresolved		include/kf/open_resources.h:38	meaning unresolved
include/kf/open_resources.h:46	FIELD_DECL	KfOpeningEntityState	entities	KfOpeningEntity[32]	32	aggregate		include/kf/open_resources.h:46;src/open/entity_render.c:164;src/open/opening_entity_pool.c:12;src/open/opening_entity_pool.c:48;src/open/opening_render_entities.c:13;src/open/opening_scenes.c:212;src/open/opening_scenes.c:214;src/open/opening_scenes.c:403;src/open/opening_scenes.c:428;src/open/opening_scenes.c:453;src/open/opening_scenes.c:489;src/open/opening_scenes.c:491;src/open/opening_scenes.c:596;src/open/opening_scenes.c:598;src/open/opening_scenes.c:759;src/open/opening_scenes.c:761	Nested record/union or record array; project-owned child fields are separately listed. SDK children retain their SDK declarations.
include/kf/open_resources.h:47	FIELD_DECL	KfOpeningEntityState	unknown_500	u8[10]	10	unresolved		include/kf/open_resources.h:47	unreferenced gap between the records and controls
include/kf/overlay.h:24	TYPEDEF_DECL	file_scope	check_overlay_arguments_size	char[1]	1	layout_assertion		include/kf/overlay.h:24	Compile-time size, alignment or offset assertion; no runtime elements.
include/kf/overlay.h:26	TYPEDEF_DECL	file_scope	check_overlay_arguments_result_offset	char[1]	1	layout_assertion		include/kf/overlay.h:26	Compile-time size, alignment or offset assertion; no runtime elements.
include/kf/render_types.h:115	FIELD_DECL	KfOrderingTable	entries	u32[16384]	16384	encoded_storage		include/kf/render_types.h:115;src/game/menu_runtime.c:532;src/game/render.c:111;src/game/render.c:272;src/game/save_system.c:820;src/open/render.c:24	Packed/aligned copy or address view of an owning object; type semantic members separately.
include/kf/render_types.h:130	FIELD_DECL	KfCellWindow	cells	KfCellVisibility[196]	196	typed_enum		include/kf/render_types.h:130;src/game/render_map_cells.c:141;src/game/render_scene.c:42;src/game/render_scene.c:71;src/game/render_scene.c:108;src/game/render_scene.c:130;src/game/render_scene.c:150;src/open/entity_render.c:173;src/open/entity_render.c:197;src/open/render_map_cells.c:74	Elements retain their declared enum domain in strict C++20, including field-width wrappers.
include/kf/resources.h:21	TYPEDEF_DECL	file_scope	check_resource_pointer_size	char[1]	1	layout_assertion		include/kf/resources.h:21	Compile-time size, alignment or offset assertion; no runtime elements.
include/kf/tmd.h:61	FIELD_DECL	KfPackedSVector	words	u32[2]	2	encoded_storage		include/kf/tmd.h:61;src/game/pool.c:60;src/game/pool.c:61;src/game/pool.c:193;src/game/pool.c:194;src/game/pool.c:199;src/game/pool.c:200	Packed/aligned copy or address view of an owning object; type semantic members separately.
include/kf/tmd.h:63	TYPEDEF_DECL	file_scope	check_packed_svector_size	char[1]	1	layout_assertion		include/kf/tmd.h:63	Compile-time size, alignment or offset assertion; no runtime elements.
include/kf/tmd.h:71	TYPEDEF_DECL	file_scope	check_tmd_header_size	char[1]	1	layout_assertion		include/kf/tmd.h:71	Compile-time size, alignment or offset assertion; no runtime elements.
include/kf/tmd.h:95	TYPEDEF_DECL	file_scope	check_tmd_packet_header_size	char[1]	1	layout_assertion		include/kf/tmd.h:95	Compile-time size, alignment or offset assertion; no runtime elements.
include/kf/tmd.h:270	TYPEDEF_DECL	file_scope	check_screen_xy_size	char[1]	1	layout_assertion		include/kf/tmd.h:270	Compile-time size, alignment or offset assertion; no runtime elements.
include/kf/tmd.h:271	TYPEDEF_DECL	file_scope	check_screen_vertex_size	char[1]	1	layout_assertion		include/kf/tmd.h:271	Compile-time size, alignment or offset assertion; no runtime elements.
src/game/actor.c:46	VAR_DECL	file_scope	actor_action_profiles	KfActorActionProfile[25]	25	numeric		src/game/actor.c:46;src/game/actor.c:834	Five halfword distances and random-selection weights; the row selector has its own effect-code domain.
src/game/actor.c:79	VAR_DECL	file_scope	boss_death_phase_sounds	SoundRef[4]	4	sdk_audio		src/game/actor.c:79	SDK program, tone and note numbers passed to sound APIs; numerical handles/pitch, not game selectors.
src/game/audio.c:67	VAR_DECL	audio_play_map_sequence	path	char[20]	20	encoded_content		src/game/audio.c:67;src/game/audio.c:71;src/game/audio.c:72;src/game/audio.c:73	Filename, path template, debug text or number-formatting character buffer; byte positions hold character encodings.
src/game/cd_file.c:12	VAR_DECL	file_scope	cd_path_prefix	char[5]	5	encoded_content		src/game/cd_file.c:12;src/game/cd_file.c:26;src/game/cd_file.c:97	Filename, path template, debug text or number-formatting character buffer; byte positions hold character encodings.
src/game/cd_file.c:14	VAR_DECL	file_scope	cd_version_suffix	char[3]	3	encoded_content		src/game/cd_file.c:14;src/game/cd_file.c:28;src/game/cd_file.c:99	Filename, path template, debug text or number-formatting character buffer; byte positions hold character encodings.
src/game/collision.c:11	VAR_DECL	file_scope	map_cell_attribute_height_table	s16[255]	255	numeric_geometry		src/game/collision.c:11;src/game/collision.c:82;src/game/collision.c:83	Signed height values looked up using typed map attributes and consumed in collision geometry.
src/game/debug_text.c:20	VAR_DECL	file_scope	format_number_buffer	char[24]	24	encoded_content		src/game/debug_text.c:20;src/game/debug_text.c:33;src/game/debug_text.c:51;src/game/debug_text.c:59;src/game/debug_text.c:76	Filename, path template, debug text or number-formatting character buffer; byte positions hold character encodings.
src/game/display_play_transition.c:8	FIELD_DECL	FadeUv	v	u8[8]	8	packed_gpu		src/game/display_play_transition.c:8;src/game/display_play_transition.c:62	Interleaved U/V/span descriptor bytes; even positions carry texture coordinates and odd positions remain unclassified.
src/game/display_play_transition.c:24	VAR_DECL	file_scope	fade_screen_path	char[7]	7	encoded_content		src/game/display_play_transition.c:24;src/game/display_play_transition.c:43	Filename, path template, debug text or number-formatting character buffer; byte positions hold character encodings.
src/game/effect_dispatch.c:104	VAR_DECL	file_scope	effect_swing_probe_offsets	SVECTOR[2]	2	numeric_geometry		src/game/effect_dispatch.c:104;src/game/effect_dispatch.c:789;src/game/effect_dispatch.c:793	SDK vector coordinates/rotation/displacements and padding; quantitative geometry.
src/game/effect_map_collision.c:8	VAR_DECL	file_scope	map_cell_height_records	KfCellHeightRecord[7]	7	numeric_geometry		src/game/effect_map_collision.c:8;src/game/effect_map_collision.c:49	Cell-height coefficients and geometric dimensions evaluated arithmetically.
src/game/effect_pool.c:6	TYPEDEF_DECL	file_scope	effect_state_alignment	char[1]	1	layout_assertion		src/game/effect_pool.c:6	Compile-time size, alignment or offset assertion; no runtime elements.
src/game/effect_pool.c:7	TYPEDEF_DECL	file_scope	effect_state_records_offset	char[1]	1	layout_assertion		src/game/effect_pool.c:7	Compile-time size, alignment or offset assertion; no runtime elements.
src/game/effect_pool.c:9	TYPEDEF_DECL	file_scope	effect_state_current_magic_offset	char[1]	1	layout_assertion		src/game/effect_pool.c:9	Compile-time size, alignment or offset assertion; no runtime elements.
src/game/effect_pool.c:11	TYPEDEF_DECL	file_scope	effect_state_current_record_offset	char[1]	1	layout_assertion		src/game/effect_pool.c:11	Compile-time size, alignment or offset assertion; no runtime elements.
src/game/effect_update.c:28	VAR_DECL	file_scope	floor_deform_segments	KfFloorDeformSegment[5]	5	numeric_geometry		src/game/effect_update.c:28;src/game/effect_update.c:172	Coordinate ranges, modulo-256 steps, counts and interpolated heights.
src/game/entity_render.c:19	VAR_DECL	file_scope	floor_item_sprites	KfSpriteQuad[7]	7	numeric_geometry	A2	src/game/entity_render.c:19;src/game/entity_render.c:93	All eight members are UV origins/spans and quad coordinates/dimensions. Fixed-bank selection is represented separately by KfFloorItemSpriteId or KfEffectBillboardId.
src/game/entity_render.c:30	VAR_DECL	file_scope	effect_billboard_sprites	KfSpriteQuad[22]	22	numeric_geometry		src/game/entity_render.c:30;src/game/entity_render.c:138	All eight members are UV origins/spans and quad coordinates/dimensions. Fixed-bank selection is represented separately by KfFloorItemSpriteId or KfEffectBillboardId.
src/game/geometry_render.c:16	VAR_DECL	file_scope	hud_sprites	KfHudSprite[14]	14	typed_record		src/game/geometry_render.c:16	Each row already carries KfHudSpriteState; its nested KfSpriteQuad stores numerical geometry.
src/game/item.c:26	VAR_DECL	file_scope	menu_window_layouts	MenuWindowLayout[9]	9	aggregate		src/game/item.c:26;src/game/item.c:100;src/game/item.c:101	Structured window and glyph rows; numerical positions/extents and encoded glyph content follow the complete field review.
src/game/item.c:29	VAR_DECL	file_scope	item_name_rows	MenuGlyphRow[80]	80	encoded_content		src/game/item.c:29;src/game/item.c:102;src/game/item.c:103;src/game/item.c:242;src/game/item.c:251;src/game/item.c:398	Glyph/text content, including terminators, copied and formatted as an encoded string.
src/game/item.c:32	VAR_DECL	file_scope	magic_name_rows	MenuGlyphRow[9]	9	encoded_content		src/game/item.c:32;src/game/item.c:104;src/game/item.c:105	Glyph/text content, including terminators, copied and formatted as an encoded string.
src/game/item.c:35	VAR_DECL	file_scope	item_buy_prices	u16[80][2]	80x2	numeric		src/game/item.c:35;src/game/item.c:106;src/game/item.c:107;src/game/item.c:332;src/game/item.c:353	Prices indexed by item and shop; compared with, added to or subtracted from numerical gold.
src/game/item.c:38	VAR_DECL	file_scope	item_sell_prices	u16[80][2]	80x2	numeric		src/game/item.c:38;src/game/item.c:108;src/game/item.c:494	Prices indexed by item and shop; compared with, added to or subtracted from numerical gold.
src/game/item.c:89	VAR_DECL	item_load_database	name	char[40]	40	encoded_content		src/game/item.c:89;src/game/item.c:116;src/game/item.c:117;src/game/item.c:119;src/game/item.c:120;src/game/item.c:121	Filename, path template, debug text or number-formatting character buffer; byte positions hold character encodings.
src/game/item.c:221	VAR_DECL	item_menu_buy	entries	s16[80][10]	80x10	encoded_content		src/game/item.c:221;src/game/item.c:242;src/game/item.c:251;src/game/item.c:260	Local glyph rows copied from item/magic names and passed as encoded strings to menu rendering.
src/game/item.c:222	VAR_DECL	item_menu_buy	available	u8[80]	80	numeric		src/game/item.c:222;src/game/item.c:243;src/game/item.c:252	Inventory quantities or copied stock counts; decrement for equipment exclusion, purchase, sale or drop proves numerical use.
src/game/item.c:223	VAR_DECL	item_menu_buy	index	KfObjectId[80]	80	typed_enum		src/game/item.c:223;src/game/item.c:244;src/game/item.c:253;src/game/item.c:265;src/game/item.c:267;src/game/item.c:275;src/game/item.c:279;src/game/item.c:328;src/game/item.c:332;src/game/item.c:345	Elements retain their declared enum domain in strict C++20, including field-width wrappers.
src/game/item.c:367	VAR_DECL	item_menu_sell	entries	s16[80][10]	80x10	encoded_content		src/game/item.c:367;src/game/item.c:398;src/game/item.c:407	Local glyph rows copied from item/magic names and passed as encoded strings to menu rendering.
src/game/item.c:368	VAR_DECL	item_menu_sell	available	u8[80]	80	numeric		src/game/item.c:368;src/game/item.c:387;src/game/item.c:395;src/game/item.c:396	Inventory quantities or copied stock counts; decrement for equipment exclusion, purchase, sale or drop proves numerical use.
src/game/item.c:369	VAR_DECL	item_menu_sell	index	KfObjectId[80]	80	typed_enum		src/game/item.c:369;src/game/item.c:399;src/game/item.c:412;src/game/item.c:414;src/game/item.c:421;src/game/item.c:426;src/game/item.c:460;src/game/item.c:475;src/game/item.c:487	Elements retain their declared enum domain in strict C++20, including field-width wrappers.
src/game/lighting.c:16	VAR_DECL	file_scope	color_matrix_table	MATRIX[7]	7	numeric_matrix		src/game/lighting.c:16	SDK matrix coefficients/translation; arithmetic interpolation and matrix multiplication accept quantities. KF_FIXED12_ONE names numeric Q12 unity.
src/game/map_object_pool.c:24	VAR_DECL	file_scope	map_copy_regions	KfMapCopyRegion[5]	5	numeric_geometry		src/game/map_object_pool.c:24;src/game/map_object_pool.c:46	Rectangle coordinates and extents; selecting a row uses the existing KfMapCopyRegionId API.
src/game/map_scripts.c:62	VAR_DECL	file_scope	map_floor5_camera_path	KfCameraPathPoint[2]	2	numeric_geometry		src/game/map_scripts.c:62;src/game/map_scripts.c:313	Timed camera positions/rotations are interpolated; record components are numerical motion data.
src/game/map_scripts.c:76	VAR_DECL	file_scope	map_screen_image_path	char[16]	16	encoded_content		src/game/map_scripts.c:76;src/game/map_scripts.c:469;src/game/map_scripts.c:471;src/game/map_scripts.c:473;src/game/map_scripts.c:474;src/game/map_scripts.c:475	Filename, path template, debug text or number-formatting character buffer; byte positions hold character encodings.
src/game/menu.c:164	VAR_DECL	menu_use_item_panel	labels	s16[50][10]	50x10	encoded_content		src/game/menu.c:164;src/game/menu.c:184;src/game/menu.c:191;src/game/menu.c:199;src/game/menu.c:208;src/game/menu.c:216	Local glyph rows copied from item/magic names and passed as encoded strings to menu rendering.
src/game/menu.c:165	VAR_DECL	menu_use_item_panel	counts	u8[56]	56	numeric		src/game/menu.c:165;src/game/menu.c:185;src/game/menu.c:192;src/game/menu.c:200;src/game/menu.c:209;src/game/menu.c:217	Inventory quantities or copied stock counts; decrement for equipment exclusion, purchase, sale or drop proves numerical use.
src/game/menu.c:166	VAR_DECL	menu_use_item_panel	codes	KfObjectId[56]	56	typed_enum		src/game/menu.c:166;src/game/menu.c:186;src/game/menu.c:193;src/game/menu.c:201;src/game/menu.c:210;src/game/menu.c:221;src/game/menu.c:223;src/game/menu.c:231;src/game/menu.c:235;src/game/menu.c:269;src/game/menu.c:284;src/game/menu.c:288;src/game/menu.c:290;src/game/menu.c:292;src/game/menu.c:304	Elements retain their declared enum domain in strict C++20, including field-width wrappers.
src/game/menu_config_panel.c:25	VAR_DECL	menu_config_panel	states	KfPlayerOption[4]	4	typed_enum		src/game/menu_config_panel.c:25;src/game/menu_config_panel.c:49;src/game/menu_config_panel.c:50;src/game/menu_config_panel.c:51;src/game/menu_config_panel.c:52;src/game/menu_config_panel.c:53;src/game/menu_config_panel.c:56;src/game/menu_config_panel.c:62;src/game/menu_config_panel.c:102;src/game/menu_config_panel.c:109;src/game/menu_config_panel.c:114;src/game/menu_config_panel.c:115;src/game/menu_config_panel.c:116;src/game/menu_config_panel.c:117	Elements retain their declared enum domain in strict C++20, including field-width wrappers.
src/game/menu_item_drop.c:25	VAR_DECL	menu_drop_item	labels	s16[80][10]	80x10	encoded_content		src/game/menu_item_drop.c:25;src/game/menu_item_drop.c:57;src/game/menu_item_drop.c:66	Local glyph rows copied from item/magic names and passed as encoded strings to menu rendering.
src/game/menu_item_drop.c:26	VAR_DECL	menu_drop_item	counts	u8[80]	80	numeric		src/game/menu_item_drop.c:26;src/game/menu_item_drop.c:46;src/game/menu_item_drop.c:54;src/game/menu_item_drop.c:55	Inventory quantities or copied stock counts; decrement for equipment exclusion, purchase, sale or drop proves numerical use.
src/game/menu_item_drop.c:27	VAR_DECL	menu_drop_item	codes	KfObjectId[80]	80	typed_enum		src/game/menu_item_drop.c:27;src/game/menu_item_drop.c:58;src/game/menu_item_drop.c:71;src/game/menu_item_drop.c:73;src/game/menu_item_drop.c:80;src/game/menu_item_drop.c:85;src/game/menu_item_drop.c:119;src/game/menu_item_drop.c:134;src/game/menu_item_drop.c:146	Elements retain their declared enum domain in strict C++20, including field-width wrappers.
src/game/menu_item_drop.c:260	VAR_DECL	menu_save_panel	summaries	KfSaveSlotSummary[3]	3	typed_record		src/game/menu_item_drop.c:260;src/game/menu_item_drop.c:272;src/game/menu_item_drop.c:278;src/game/menu_item_drop.c:291;src/game/menu_item_drop.c:306;src/game/menu_item_drop.c:316;src/game/menu_item_drop.c:325;src/game/menu_item_drop.c:335;src/game/menu_item_drop.c:340;src/game/menu_item_drop.c:347;src/game/menu_item_drop.c:390	Saved summaries carry KfFloorId in a word-sized enum wrapper; experience and HP/MP remain numerical.
src/game/menu_item_drop.c:408	VAR_DECL	menu_load_panel	summaries	KfSaveSlotSummary[3]	3	typed_record		src/game/menu_item_drop.c:408;src/game/menu_item_drop.c:416;src/game/menu_item_drop.c:421;src/game/menu_item_drop.c:434;src/game/menu_item_drop.c:442;src/game/menu_item_drop.c:450;src/game/menu_item_drop.c:458;src/game/menu_item_drop.c:493;src/game/menu_item_drop.c:505	Saved summaries carry KfFloorId in a word-sized enum wrapper; experience and HP/MP remain numerical.
src/game/menu_map_viewer.c:32	VAR_DECL	menu_map_viewer	poly_bg	POLY_FT4[2]	2	sdk_record		src/game/menu_map_viewer.c:32;src/game/menu_map_viewer.c:49;src/game/menu_map_viewer.c:50;src/game/menu_map_viewer.c:51;src/game/menu_map_viewer.c:52;src/game/menu_map_viewer.c:53;src/game/menu_map_viewer.c:54;src/game/menu_map_viewer.c:55;src/game/menu_map_viewer.c:56;src/game/menu_map_viewer.c:57;src/game/menu_map_viewer.c:58;src/game/menu_map_viewer.c:59;src/game/menu_map_viewer.c:60;src/game/menu_map_viewer.c:61;src/game/menu_map_viewer.c:62;src/game/menu_map_viewer.c:63;src/game/menu_map_viewer.c:64;src/game/menu_map_viewer.c:65;src/game/menu_map_viewer.c:66;src/game/menu_map_viewer.c:67;src/game/menu_map_viewer.c:68;src/game/menu_map_viewer.c:69;src/game/menu_map_viewer.c:70;src/game/menu_map_viewer.c:71;src/game/menu_map_viewer.c:72;src/game/menu_map_viewer.c:103	Authentic SDK GPU packet array; positions, UVs, colors and packed GPU fields retain the SDK ABI.
src/game/menu_map_viewer.c:33	VAR_DECL	menu_map_viewer	poly_marker	POLY_FT4[2]	2	sdk_record		src/game/menu_map_viewer.c:33;src/game/menu_map_viewer.c:74;src/game/menu_map_viewer.c:75;src/game/menu_map_viewer.c:76;src/game/menu_map_viewer.c:77;src/game/menu_map_viewer.c:78;src/game/menu_map_viewer.c:79;src/game/menu_map_viewer.c:80;src/game/menu_map_viewer.c:81;src/game/menu_map_viewer.c:82;src/game/menu_map_viewer.c:83;src/game/menu_map_viewer.c:84;src/game/menu_map_viewer.c:85;src/game/menu_map_viewer.c:86;src/game/menu_map_viewer.c:87;src/game/menu_map_viewer.c:88;src/game/menu_map_viewer.c:89;src/game/menu_map_viewer.c:90;src/game/menu_map_viewer.c:91;src/game/menu_map_viewer.c:92;src/game/menu_map_viewer.c:93;src/game/menu_map_viewer.c:94;src/game/menu_map_viewer.c:95;src/game/menu_map_viewer.c:96;src/game/menu_map_viewer.c:101	Authentic SDK GPU packet array; positions, UVs, colors and packed GPU fields retain the SDK ABI.
src/game/menu_map_viewer.c:34	VAR_DECL	menu_map_viewer	path	char[16]	16	encoded_content		src/game/menu_map_viewer.c:34;src/game/menu_map_viewer.c:41;src/game/menu_map_viewer.c:42;src/game/menu_map_viewer.c:45	Filename, path template, debug text or number-formatting character buffer; byte positions hold character encodings.
src/game/menu_panels.c:31	VAR_DECL	menu_magic_panel	labels	s16[10][10]	10x10	encoded_content		src/game/menu_panels.c:31;src/game/menu_panels.c:49;src/game/menu_panels.c:56	Local glyph rows copied from item/magic names and passed as encoded strings to menu rendering.
src/game/menu_panels.c:32	VAR_DECL	menu_magic_panel	codes	KfEffectKind[16]	16	typed_enum		src/game/menu_panels.c:32;src/game/menu_panels.c:50;src/game/menu_panels.c:61;src/game/menu_panels.c:71;src/game/menu_panels.c:75;src/game/menu_panels.c:110;src/game/menu_panels.c:125	Elements retain their declared enum domain in strict C++20, including field-width wrappers.
src/game/menu_runtime.c:33	TYPEDEF_DECL	file_scope	menu_window_row_codes_offset	char[1]	1	layout_assertion		src/game/menu_runtime.c:33	Compile-time size, alignment or offset assertion; no runtime elements.
src/game/menu_runtime.c:641	VAR_DECL	menu_load_item_texture	name	char[16]	16	encoded_content		src/game/menu_runtime.c:641;src/game/menu_runtime.c:648;src/game/menu_runtime.c:650;src/game/menu_runtime.c:651;src/game/menu_runtime.c:653	Filename, path template, debug text or number-formatting character buffer; byte positions hold character encodings.
src/game/menu_select.c:28	VAR_DECL	menu_equip_select	labels	s16[20][10]	20x10	encoded_content		src/game/menu_select.c:28;src/game/menu_select.c:82;src/game/menu_select.c:87;src/game/menu_select.c:88;src/game/menu_select.c:89;src/game/menu_select.c:90;src/game/menu_select.c:97	Local glyph rows copied from item/magic names and passed as encoded strings to menu rendering.
src/game/menu_select.c:29	VAR_DECL	menu_equip_select	codes	KfObjectId[20]	20	typed_enum		src/game/menu_select.c:29;src/game/menu_select.c:83;src/game/menu_select.c:91;src/game/menu_select.c:101;src/game/menu_select.c:108;src/game/menu_select.c:112;src/game/menu_select.c:146;src/game/menu_select.c:161;src/game/menu_select.c:173	Elements retain their declared enum domain in strict C++20, including field-width wrappers.
src/game/menu_select.c:228	VAR_DECL	menu_spell_select	labels	s16[20][10]	20x10	encoded_content		src/game/menu_select.c:228;src/game/menu_select.c:245;src/game/menu_select.c:250;src/game/menu_select.c:251;src/game/menu_select.c:252;src/game/menu_select.c:253;src/game/menu_select.c:260	Local glyph rows copied from item/magic names and passed as encoded strings to menu rendering.
src/game/menu_select.c:229	VAR_DECL	menu_spell_select	codes	KfEffectKind[20]	20	typed_enum		src/game/menu_select.c:229;src/game/menu_select.c:246;src/game/menu_select.c:254;src/game/menu_select.c:265;src/game/menu_select.c:267;src/game/menu_select.c:275;src/game/menu_select.c:315;src/game/menu_select.c:330;src/game/menu_select.c:341;src/game/menu_select.c:348;src/game/menu_select.c:349	Elements retain their declared enum domain in strict C++20, including field-width wrappers.
src/game/notify_queue.c:18	TYPEDEF_DECL	file_scope	notification_control_offset	char[1]	1	layout_assertion		src/game/notify_queue.c:18	Compile-time size, alignment or offset assertion; no runtime elements.
src/game/notify_queue.c:20	TYPEDEF_DECL	file_scope	notification_tail_offset	char[1]	1	layout_assertion		src/game/notify_queue.c:20	Compile-time size, alignment or offset assertion; no runtime elements.
src/game/notify_queue.c:22	TYPEDEF_DECL	file_scope	notification_head_offset	char[1]	1	layout_assertion		src/game/notify_queue.c:22	Compile-time size, alignment or offset assertion; no runtime elements.
src/game/notify_queue.c:24	TYPEDEF_DECL	file_scope	notification_phase_offset	char[1]	1	layout_assertion		src/game/notify_queue.c:24	Compile-time size, alignment or offset assertion; no runtime elements.
src/game/notify_queue.c:26	TYPEDEF_DECL	file_scope	notification_hold_offset	char[1]	1	layout_assertion		src/game/notify_queue.c:26	Compile-time size, alignment or offset assertion; no runtime elements.
src/game/notify_queue.c:28	TYPEDEF_DECL	file_scope	notification_angle_offset	char[1]	1	layout_assertion		src/game/notify_queue.c:28	Compile-time size, alignment or offset assertion; no runtime elements.
src/game/notify_queue.c:32	VAR_DECL	file_scope	notification_sprites	KfNotificationSprite[6]	6	typed_record		src/game/notify_queue.c:32;src/game/notify_queue.c:139;src/game/notify_queue.c:142;src/game/notify_queue.c:143;src/game/notify_queue.c:145;src/game/notify_queue.c:150;src/game/notify_queue.c:153;src/game/notify_queue.c:156;src/game/notify_queue.c:159;src/game/notify_queue.c:163;src/game/notify_queue.c:164;src/game/notify_queue.c:166;src/game/notify_queue.c:168;src/game/notify_queue.c:169;src/game/notify_queue.c:170;src/game/notify_queue.c:171;src/game/notify_queue.c:172;src/game/notify_queue.c:189;src/game/notify_queue.c:190;src/game/notify_queue.c:191;src/game/notify_queue.c:192;src/game/notify_queue.c:193;src/game/notify_queue.c:194	Each row already carries KfNotificationSpriteState; sprite coordinates and UVs remain quantities.
src/game/player_core.c:46	VAR_DECL	file_scope	weapon_image_path_template	char[16]	16	encoded_content		src/game/player_core.c:46;src/game/player_core.c:119;src/game/player_core.c:120;src/game/player_core.c:121	Filename, path template, debug text or number-formatting character buffer; byte positions hold character encodings.
src/game/player_core.c:49	VAR_DECL	file_scope	floor_entry_cells	KfFloorEntryCell[5]	5	numeric_geometry		src/game/player_core.c:49;src/game/player_core.c:585	Tile X/Z coordinates selected by the existing floor domain.
src/game/player_death.c:33	VAR_DECL	file_scope	player_sound_refs	SoundRef[3]	3	sdk_audio		src/game/player_death.c:33;src/game/player_death.c:55;src/game/player_death.c:460	SDK program, tone and note numbers passed to sound APIs; numerical handles/pitch, not game selectors.
src/game/player_death.c:40	VAR_DECL	file_scope	item_stock	u8[3][80]	3x80	numeric		src/game/player_death.c:40;src/game/player_death.c:116;src/game/player_death.c:117;src/game/player_death.c:121;src/game/player_death.c:122;src/game/player_death.c:123;src/game/player_death.c:124;src/game/player_death.c:125;src/game/player_death.c:126;src/game/player_death.c:127;src/game/player_death.c:128;src/game/player_death.c:129;src/game/player_death.c:130;src/game/player_death.c:131;src/game/player_death.c:132;src/game/player_death.c:133;src/game/player_death.c:134;src/game/player_death.c:135;src/game/player_death.c:136;src/game/player_death.c:137;src/game/player_death.c:138;src/game/player_death.c:139;src/game/player_death.c:140;src/game/player_death.c:141;src/game/player_death.c:142;src/game/player_death.c:143;src/game/player_death.c:144;src/game/player_death.c:145;src/game/player_death.c:146;src/game/player_death.c:147;src/game/player_death.c:148;src/game/player_death.c:149;src/game/player_death.c:150;src/game/player_death.c:151;src/game/player_death.c:152;src/game/player_death.c:153;src/game/player_death.c:161;src/game/player_death.c:162	Inventory quantities or copied stock counts; decrement for equipment exclusion, purchase, sale or drop proves numerical use.
src/game/player_update.c:74	VAR_DECL	file_scope	player_damage_camera_offsets	SVECTOR[8]	8	numeric_geometry		src/game/player_update.c:74;src/game/player_update.c:532;src/game/player_update.c:537	SDK vector coordinates/rotation/displacements and padding; quantitative geometry.
src/game/player_use_item.c:25	VAR_DECL	file_scope	enemy_info_image_path_template	char[14]	14	encoded_content		src/game/player_use_item.c:25;src/game/player_use_item.c:35;src/game/player_use_item.c:36;src/game/player_use_item.c:37;src/game/player_use_item.c:38	Filename, path template, debug text or number-formatting character buffer; byte positions hold character encodings.
src/game/player_use_item.c:28	VAR_DECL	file_scope	person_image_path_template	char[15]	15	encoded_content		src/game/player_use_item.c:28;src/game/player_use_item.c:46;src/game/player_use_item.c:47;src/game/player_use_item.c:48	Filename, path template, debug text or number-formatting character buffer; byte positions hold character encodings.
src/game/player_warp.c:35	VAR_DECL	player_warp_shimmer	effects	KfEffectRecord *[4]	4	pointer_table		src/game/player_warp.c:35;src/game/player_warp.c:64;src/game/player_warp.c:80;src/game/player_warp.c:103	Array elements are object/string addresses; selected row identity is separate from element type.
src/game/pool.c:19	FIELD_DECL	KfAnimClip	keyframes	u32[1]	1	numeric		src/game/pool.c:19;src/game/pool.c:134	Offsets/indices in the selected asset object/keyframe tables; meanings vary with the asset.
src/game/pool.c:28	FIELD_DECL	KfAnimKeyframe	morph_indices	u16[1]	1	numeric		src/game/pool.c:28;src/game/pool.c:170	Offsets/indices in the selected asset object/keyframe tables; meanings vary with the asset.
src/game/pool.c:41	TYPEDEF_DECL	file_scope	check_morph_prefix_size	char[1]	1	layout_assertion		src/game/pool.c:41	Compile-time size, alignment or offset assertion; no runtime elements.
src/game/pool.c:47	FIELD_DECL	KfMorphObject	deltas	SVECTOR[1]	1	numeric_geometry		src/game/pool.c:47;src/game/pool.c:177	SDK vector coordinates/rotation/displacements and padding; quantitative geometry.
src/game/render.c:39	VAR_DECL	file_scope	system_screen_path	char[7]	7	encoded_content		src/game/render.c:39;src/game/render.c:80	Filename, path template, debug text or number-formatting character buffer; byte positions hold character encodings.
src/game/render_enqueuers.c:797	VAR_DECL	render_enqueue_sprite	corners	SVECTOR[4]	4	numeric_geometry		src/game/render_enqueuers.c:797;src/game/render_enqueuers.c:809;src/game/render_enqueuers.c:810;src/game/render_enqueuers.c:811;src/game/render_enqueuers.c:812;src/game/render_enqueuers.c:813;src/game/render_enqueuers.c:816	SDK vector coordinates/rotation/displacements and padding; quantitative geometry.
src/game/render_frame.c:30	VAR_DECL	file_scope	effect_sprites	KfEffectSprite[2]	2	typed_record		src/game/render_frame.c:30;src/game/render_frame.c:105;src/game/render_frame.c:107	State and animation clip already use enum domains. asset_variant is the numerical binder phase; other members are geometry, scale, padding and a cache pointer.
src/game/resources.c:21	VAR_DECL	file_scope	map_mix_tim_filename	char[8]	8	encoded_content		src/game/resources.c:21;src/game/resources.c:164	Filename, path template, debug text or number-formatting character buffer; byte positions hold character encodings.
src/game/resources.c:24	VAR_DECL	file_scope	render_cell_windows	KfCellWindow[16]	16	typed_record		src/game/resources.c:24;src/game/resources.c:70;src/game/resources.c:71	Grid dimensions and origin remain numerical; cells already use KfCellVisibility.
src/game/save_system.c:129	VAR_DECL	memory_card_initialize	buffer	u8[128]	128	encoded_storage		src/game/save_system.c:129;src/game/save_system.c:131	Memory-card directory/header transfer buffer; its bytes are checked as encoded data.
src/game/save_system.c:662	VAR_DECL	save_file_initialize_buffers	image	u8[2048]	2048	encoded_content		src/game/save_system.c:662;src/game/save_system.c:670;src/game/save_system.c:671;src/game/save_system.c:673;src/game/save_system.c:675;src/game/save_system.c:676;src/game/save_system.c:678;src/game/save_system.c:679	Sector-sized image/palette input used to populate the memory-card save icon.
src/game/save_system.c:744	VAR_DECL	menu_load_message_image	path	char[16]	16	encoded_content		src/game/save_system.c:744;src/game/save_system.c:750;src/game/save_system.c:751;src/game/save_system.c:752;src/game/save_system.c:754	Filename, path template, debug text or number-formatting character buffer; byte positions hold character encodings.
src/open/audio.c:20	VAR_DECL	file_scope	audio_sequence_table	char[344]	344	sdk_storage		src/open/audio.c:20;src/open/audio.c:32	SsSetTableSize sequence workspace sized by the pinned SDK SS_SEQ_TABSIZ; not a game ID list.
src/open/entity_render.c:19	VAR_DECL	file_scope	floor_item_sprites	KfSpriteQuad[7]	7	numeric_geometry	A2	src/open/entity_render.c:19;src/open/entity_render.c:141	All eight members are UV origins/spans and quad coordinates/dimensions. Fixed-bank selection is represented separately by KfFloorItemSpriteId or KfEffectBillboardId.
src/open/format.c:12	VAR_DECL	file_scope	format_number_storage	char[19]	19	encoded_content		src/open/format.c:12;src/open/format.c:18;src/open/format.c:36;src/open/format.c:44;src/open/format.c:61	Filename, path template, debug text or number-formatting character buffer; byte positions hold character encodings.
src/open/matrix_rotation.c:8	VAR_DECL	file_scope	debug_matrix_label	const char[16]	16	encoded_content		src/open/matrix_rotation.c:8;src/open/matrix_rotation.c:76	Filename, path template, debug text or number-formatting character buffer; byte positions hold character encodings.
src/open/opening_controller.c:22	VAR_DECL	file_scope	opening_initial_tim_path	char[6]	6	encoded_content		src/open/opening_controller.c:22;src/open/opening_controller.c:51	Filename, path template, debug text or number-formatting character buffer; byte positions hold character encodings.
src/open/opening_fade.c:9	VAR_DECL	file_scope	opening_fade_uv	u8[8]	8	packed_gpu		src/open/opening_fade.c:9;src/open/opening_fade.c:38	Interleaved U/V/span descriptor bytes passed to sprite_add_ft4; numerical texture coordinates, with odd bytes unclassified.
src/open/opening_scenes.c:94	TYPEDEF_DECL	file_scope	KfOpeningEntityPositionOffsetCheck	char[1]	1	layout_assertion		src/open/opening_scenes.c:94	Compile-time size, alignment or offset assertion; no runtime elements.
src/open/opening_scenes.c:98	VAR_DECL	file_scope	opening_scene0_camera_path	KfCameraPathPoint[17]	17	numeric_geometry		src/open/opening_scenes.c:98;src/open/opening_scenes.c:217	Timed camera positions/rotations are interpolated; record components are numerical motion data.
src/open/opening_scenes.c:119	VAR_DECL	file_scope	opening_scene3_camera_path	KfCameraPathPoint[3]	3	numeric_geometry		src/open/opening_scenes.c:119;src/open/opening_scenes.c:494	Timed camera positions/rotations are interpolated; record components are numerical motion data.
src/open/opening_scenes.c:126	VAR_DECL	file_scope	opening_ending_camera_path	KfCameraPathPoint[9]	9	numeric_geometry		src/open/opening_scenes.c:126;src/open/opening_scenes.c:601	Timed camera positions/rotations are interpolated; record components are numerical motion data.
src/open/opening_scenes.c:139	VAR_DECL	file_scope	opening_ending_scroll_camera_path	KfCameraPathPoint[3]	3	numeric_geometry		src/open/opening_scenes.c:139;src/open/opening_scenes.c:764	Timed camera positions/rotations are interpolated; record components are numerical motion data.
src/open/opening_scenes.c:149	VAR_DECL	file_scope	opening_scene3_overlay_rects	KfScreenRect[2]	2	numeric_geometry		src/open/opening_scenes.c:149;src/open/opening_scenes.c:539	Screen rectangle positions and dimensions; no categorical element.
src/open/opening_scenes.c:155	VAR_DECL	file_scope	opening_ending_scroll_panels	KfScreenRect[9]	9	numeric_geometry		src/open/opening_scenes.c:155;src/open/opening_scenes.c:870;src/open/opening_scenes.c:874	Screen rectangle positions and dimensions; no categorical element.
src/open/opening_scenes.c:168	VAR_DECL	file_scope	opening_scene3_overlay_uv	u8[8]	8	packed_gpu		src/open/opening_scenes.c:168;src/open/opening_scenes.c:546	Interleaved U/V/span descriptor bytes passed to sprite_add_ft4; numerical texture coordinates, with odd bytes unclassified.
src/open/opening_scenes.c:174	VAR_DECL	file_scope	opening_ending_scroll_backgrounds	KfScreenRect[2]	2	numeric_geometry		src/open/opening_scenes.c:174;src/open/opening_scenes.c:852;src/open/opening_scenes.c:854	Screen rectangle positions and dimensions; no categorical element.
src/open/opening_scenes.c:197	VAR_DECL	file_scope	opening_ending_scroll_uv	u8[8]	8	packed_gpu		src/open/opening_scenes.c:197;src/open/opening_scenes.c:883	Interleaved U/V/span descriptor bytes passed to sprite_add_ft4; numerical texture coordinates, with odd bytes unclassified.
src/open/opening_scenes.c:468	VAR_DECL	opening_scene3_run	texture_pages	u32[2]	2	packed_gpu		src/open/opening_scenes.c:468;src/open/opening_scenes.c:479;src/open/opening_scenes.c:483;src/open/opening_scenes.c:547	SDK tpage/CLUT packed encodings returned by texture loading; numerical GPU material transport.
src/open/opening_scenes.c:470	VAR_DECL	opening_scene3_run	cluts	u32[6]	6	packed_gpu		src/open/opening_scenes.c:470;src/open/opening_scenes.c:482;src/open/opening_scenes.c:486;src/open/opening_scenes.c:548	SDK tpage/CLUT packed encodings returned by texture loading; numerical GPU material transport.
src/open/opening_scenes.c:701	VAR_DECL	opening_ending_scroll_run	texture_pages	u32[9]	9	packed_gpu		src/open/opening_scenes.c:701;src/open/opening_scenes.c:721;src/open/opening_scenes.c:725;src/open/opening_scenes.c:729;src/open/opening_scenes.c:733;src/open/opening_scenes.c:737;src/open/opening_scenes.c:741;src/open/opening_scenes.c:745;src/open/opening_scenes.c:749;src/open/opening_scenes.c:753;src/open/opening_scenes.c:884	SDK tpage/CLUT packed encodings returned by texture loading; numerical GPU material transport.
src/open/opening_scenes.c:702	VAR_DECL	opening_ending_scroll_run	cluts	u32[9]	9	packed_gpu		src/open/opening_scenes.c:702;src/open/opening_scenes.c:724;src/open/opening_scenes.c:728;src/open/opening_scenes.c:732;src/open/opening_scenes.c:736;src/open/opening_scenes.c:740;src/open/opening_scenes.c:744;src/open/opening_scenes.c:748;src/open/opening_scenes.c:752;src/open/opening_scenes.c:756;src/open/opening_scenes.c:884	SDK tpage/CLUT packed encodings returned by texture loading; numerical GPU material transport.
src/open/render_init.c:17	VAR_DECL	file_scope	color_matrix_table	MATRIX[5]	5	numeric_matrix		src/open/render_init.c:17;src/open/render_init.c:42	SDK matrix coefficients/translation; arithmetic interpolation and matrix multiplication accept quantities. KF_FIXED12_ONE names numeric Q12 unity.
src/open/render_map_cells.c:7	VAR_DECL	file_scope	render_cell_windows	KfCellWindow[16]	16	typed_record		src/open/render_map_cells.c:7;src/open/render_map_cells.c:71	Grid dimensions and origin remain numerical; cells already use KfCellVisibility.
src/open/render_sprite.c:12	VAR_DECL	render_enqueue_sprite	corners	SVECTOR[4]	4	numeric_geometry		src/open/render_sprite.c:12;src/open/render_sprite.c:24;src/open/render_sprite.c:25;src/open/render_sprite.c:26;src/open/render_sprite.c:27;src/open/render_sprite.c:28;src/open/render_sprite.c:31	SDK vector coordinates/rotation/displacements and padding; quantitative geometry.
src/open/resources.c:24	VAR_DECL	file_scope	cd_path_prefix	char[5]	5	encoded_content		src/open/resources.c:24;src/open/resources.c:54;src/open/resources.c:93	Filename, path template, debug text or number-formatting character buffer; byte positions hold character encodings.
src/open/resources.c:26	VAR_DECL	file_scope	cd_version_suffix	char[3]	3	encoded_content		src/open/resources.c:26;src/open/resources.c:56;src/open/resources.c:95	Filename, path template, debug text or number-formatting character buffer; byte positions hold character encodings.
src/open/resources.c:28	VAR_DECL	file_scope	opening_ending_sequence_path	char[8]	8	encoded_content		src/open/resources.c:28;src/open/resources.c:264	Filename, path template, debug text or number-formatting character buffer; byte positions hold character encodings.
src/psx/main.c:8	VAR_DECL	file_scope	overlay_path_GAME	const char[20]	20	encoded_content		src/psx/main.c:8;src/psx/main.c:14	Filename, path template, debug text or number-formatting character buffer; byte positions hold character encodings.
src/psx/main.c:9	VAR_DECL	file_scope	overlay_path_OPEN	const char[20]	20	encoded_content		src/psx/main.c:9;src/psx/main.c:13	Filename, path template, debug text or number-formatting character buffer; byte positions hold character encodings.
src/psx/main.c:12	VAR_DECL	file_scope	overlay_path_table	const char *[2]	2	pointer_table		src/psx/main.c:12;src/psx/main.c:30;src/psx/main.c:38	Array elements are object/string addresses; selected row identity is separate from element type.
