# Reviewed SDK ownership evidence; see docs/patterns/sdk-data-ownership.md.
# Retail and native reference sites may belong to a consumer distinct from the defining module.
# Field seeds retain unresolved private names/types/extents; ownership alone is supported.
image	va	size	owner	basis	library	module	section	retail_site	sdk_site	referent	consumer_library	consumer_module	paired_site	decoded_target	note
GAME.EXE	0x8005630c	0x4	libcd_bios	native-relocation	LIBCD.LIB	BIOS	.data	0x8003acb4	0x48	CD_comstr	LIBCD.LIB	SYS	0x8003acb8	0x8005630c	matched native reference establishes module ownership; private identity and complete layout remain WIP
GAME.EXE	0x80056310	0x4	libcd_bios	initialized-section	LIBCD.LIB	BIOS	.data	0x8003acb4	0x48	.data base 0x8005630c, extent 0x214	LIBCD.LIB	SYS	0x8003acb8	0x8005630c	fixed initialized bytes and native relocations reviewed
GAME.EXE	0x80056314	0x4	libcd_bios	initialized-section	LIBCD.LIB	BIOS	.data	0x8003acb4	0x48	.data base 0x8005630c, extent 0x214	LIBCD.LIB	SYS	0x8003acb8	0x8005630c	fixed initialized bytes and native relocations reviewed
GAME.EXE	0x80056318	0x4	libcd_bios	initialized-section	LIBCD.LIB	BIOS	.data	0x8003acb4	0x48	.data base 0x8005630c, extent 0x214	LIBCD.LIB	SYS	0x8003acb8	0x8005630c	fixed initialized bytes and native relocations reviewed
GAME.EXE	0x8005631c	0x4	libcd_bios	initialized-section	LIBCD.LIB	BIOS	.data	0x8003acb4	0x48	.data base 0x8005630c, extent 0x214	LIBCD.LIB	SYS	0x8003acb8	0x8005630c	fixed initialized bytes and native relocations reviewed
GAME.EXE	0x80056320	0x4	libcd_bios	initialized-section	LIBCD.LIB	BIOS	.data	0x8003acb4	0x48	.data base 0x8005630c, extent 0x214	LIBCD.LIB	SYS	0x8003acb8	0x8005630c	fixed initialized bytes and native relocations reviewed
GAME.EXE	0x80056324	0x4	libcd_bios	initialized-section	LIBCD.LIB	BIOS	.data	0x8003acb4	0x48	.data base 0x8005630c, extent 0x214	LIBCD.LIB	SYS	0x8003acb8	0x8005630c	fixed initialized bytes and native relocations reviewed
GAME.EXE	0x80056328	0x4	libcd_bios	initialized-section	LIBCD.LIB	BIOS	.data	0x8003acb4	0x48	.data base 0x8005630c, extent 0x214	LIBCD.LIB	SYS	0x8003acb8	0x8005630c	fixed initialized bytes and native relocations reviewed
GAME.EXE	0x8005632c	0x4	libcd_bios	initialized-section	LIBCD.LIB	BIOS	.data	0x8003acb4	0x48	.data base 0x8005630c, extent 0x214	LIBCD.LIB	SYS	0x8003acb8	0x8005630c	fixed initialized bytes and native relocations reviewed
GAME.EXE	0x80056330	0x4	libcd_bios	initialized-section	LIBCD.LIB	BIOS	.data	0x8003acb4	0x48	.data base 0x8005630c, extent 0x214	LIBCD.LIB	SYS	0x8003acb8	0x8005630c	fixed initialized bytes and native relocations reviewed
GAME.EXE	0x80056334	0x4	libcd_bios	initialized-section	LIBCD.LIB	BIOS	.data	0x8003acb4	0x48	.data base 0x8005630c, extent 0x214	LIBCD.LIB	SYS	0x8003acb8	0x8005630c	fixed initialized bytes and native relocations reviewed
GAME.EXE	0x80056338	0x4	libcd_bios	initialized-section	LIBCD.LIB	BIOS	.data	0x8003acb4	0x48	.data base 0x8005630c, extent 0x214	LIBCD.LIB	SYS	0x8003acb8	0x8005630c	fixed initialized bytes and native relocations reviewed
GAME.EXE	0x8005633c	0x4	libcd_bios	initialized-section	LIBCD.LIB	BIOS	.data	0x8003acb4	0x48	.data base 0x8005630c, extent 0x214	LIBCD.LIB	SYS	0x8003acb8	0x8005630c	fixed initialized bytes and native relocations reviewed
GAME.EXE	0x80056340	0x4	libcd_bios	initialized-section	LIBCD.LIB	BIOS	.data	0x8003acb4	0x48	.data base 0x8005630c, extent 0x214	LIBCD.LIB	SYS	0x8003acb8	0x8005630c	fixed initialized bytes and native relocations reviewed
GAME.EXE	0x80056344	0x4	libcd_bios	initialized-section	LIBCD.LIB	BIOS	.data	0x8003acb4	0x48	.data base 0x8005630c, extent 0x214	LIBCD.LIB	SYS	0x8003acb8	0x8005630c	fixed initialized bytes and native relocations reviewed
GAME.EXE	0x80056348	0x4	libcd_bios	initialized-section	LIBCD.LIB	BIOS	.data	0x8003acb4	0x48	.data base 0x8005630c, extent 0x214	LIBCD.LIB	SYS	0x8003acb8	0x8005630c	fixed initialized bytes and native relocations reviewed
GAME.EXE	0x8005634c	0x4	libcd_bios	initialized-section	LIBCD.LIB	BIOS	.data	0x8003acb4	0x48	.data base 0x8005630c, extent 0x214	LIBCD.LIB	SYS	0x8003acb8	0x8005630c	fixed initialized bytes and native relocations reviewed
GAME.EXE	0x80056350	0x4	libcd_bios	initialized-section	LIBCD.LIB	BIOS	.data	0x8003acb4	0x48	.data base 0x8005630c, extent 0x214	LIBCD.LIB	SYS	0x8003acb8	0x8005630c	fixed initialized bytes and native relocations reviewed
GAME.EXE	0x80056354	0x4	libcd_bios	initialized-section	LIBCD.LIB	BIOS	.data	0x8003acb4	0x48	.data base 0x8005630c, extent 0x214	LIBCD.LIB	SYS	0x8003acb8	0x8005630c	fixed initialized bytes and native relocations reviewed
GAME.EXE	0x80056358	0x4	libcd_bios	initialized-section	LIBCD.LIB	BIOS	.data	0x8003acb4	0x48	.data base 0x8005630c, extent 0x214	LIBCD.LIB	SYS	0x8003acb8	0x8005630c	fixed initialized bytes and native relocations reviewed
GAME.EXE	0x8005635c	0x4	libcd_bios	initialized-section	LIBCD.LIB	BIOS	.data	0x8003acb4	0x48	.data base 0x8005630c, extent 0x214	LIBCD.LIB	SYS	0x8003acb8	0x8005630c	fixed initialized bytes and native relocations reviewed
GAME.EXE	0x80056360	0x4	libcd_bios	initialized-section	LIBCD.LIB	BIOS	.data	0x8003acb4	0x48	.data base 0x8005630c, extent 0x214	LIBCD.LIB	SYS	0x8003acb8	0x8005630c	fixed initialized bytes and native relocations reviewed
GAME.EXE	0x80056364	0x4	libcd_bios	initialized-section	LIBCD.LIB	BIOS	.data	0x8003acb4	0x48	.data base 0x8005630c, extent 0x214	LIBCD.LIB	SYS	0x8003acb8	0x8005630c	fixed initialized bytes and native relocations reviewed
GAME.EXE	0x80056368	0x4	libcd_bios	initialized-section	LIBCD.LIB	BIOS	.data	0x8003acb4	0x48	.data base 0x8005630c, extent 0x214	LIBCD.LIB	SYS	0x8003acb8	0x8005630c	fixed initialized bytes and native relocations reviewed
GAME.EXE	0x8005636c	0x4	libcd_bios	initialized-section	LIBCD.LIB	BIOS	.data	0x8003acb4	0x48	.data base 0x8005630c, extent 0x214	LIBCD.LIB	SYS	0x8003acb8	0x8005630c	fixed initialized bytes and native relocations reviewed
GAME.EXE	0x80056370	0x4	libcd_bios	initialized-section	LIBCD.LIB	BIOS	.data	0x8003acb4	0x48	.data base 0x8005630c, extent 0x214	LIBCD.LIB	SYS	0x8003acb8	0x8005630c	fixed initialized bytes and native relocations reviewed
GAME.EXE	0x80056374	0x4	libcd_bios	initialized-section	LIBCD.LIB	BIOS	.data	0x8003acb4	0x48	.data base 0x8005630c, extent 0x214	LIBCD.LIB	SYS	0x8003acb8	0x8005630c	fixed initialized bytes and native relocations reviewed
GAME.EXE	0x80056378	0x4	libcd_bios	initialized-section	LIBCD.LIB	BIOS	.data	0x8003acb4	0x48	.data base 0x8005630c, extent 0x214	LIBCD.LIB	SYS	0x8003acb8	0x8005630c	fixed initialized bytes and native relocations reviewed
GAME.EXE	0x8005637c	0x4	libcd_bios	initialized-section	LIBCD.LIB	BIOS	.data	0x8003acb4	0x48	.data base 0x8005630c, extent 0x214	LIBCD.LIB	SYS	0x8003acb8	0x8005630c	fixed initialized bytes and native relocations reviewed
GAME.EXE	0x80056380	0x4	libcd_bios	native-relocation	LIBCD.LIB	BIOS	.data	0x8003acec	0x80	CD_intstr	LIBCD.LIB	SYS	0x8003acf0	0x80056380	matched native reference establishes module ownership; private identity and complete layout remain WIP
GAME.EXE	0x80056384	0x4	libcd_bios	initialized-section	LIBCD.LIB	BIOS	.data	0x8003acb4	0x48	.data base 0x8005630c, extent 0x214	LIBCD.LIB	SYS	0x8003acb8	0x8005630c	fixed initialized bytes and native relocations reviewed
GAME.EXE	0x80056388	0x4	libcd_bios	initialized-section	LIBCD.LIB	BIOS	.data	0x8003acb4	0x48	.data base 0x8005630c, extent 0x214	LIBCD.LIB	SYS	0x8003acb8	0x8005630c	fixed initialized bytes and native relocations reviewed
GAME.EXE	0x8005638c	0x4	libcd_bios	initialized-section	LIBCD.LIB	BIOS	.data	0x8003acb4	0x48	.data base 0x8005630c, extent 0x214	LIBCD.LIB	SYS	0x8003acb8	0x8005630c	fixed initialized bytes and native relocations reviewed
GAME.EXE	0x80056390	0x4	libcd_bios	initialized-section	LIBCD.LIB	BIOS	.data	0x8003acb4	0x48	.data base 0x8005630c, extent 0x214	LIBCD.LIB	SYS	0x8003acb8	0x8005630c	fixed initialized bytes and native relocations reviewed
GAME.EXE	0x80056394	0x4	libcd_bios	initialized-section	LIBCD.LIB	BIOS	.data	0x8003acb4	0x48	.data base 0x8005630c, extent 0x214	LIBCD.LIB	SYS	0x8003acb8	0x8005630c	fixed initialized bytes and native relocations reviewed
GAME.EXE	0x80056398	0x4	libcd_bios	initialized-section	LIBCD.LIB	BIOS	.data	0x8003acb4	0x48	.data base 0x8005630c, extent 0x214	LIBCD.LIB	SYS	0x8003acb8	0x8005630c	fixed initialized bytes and native relocations reviewed
GAME.EXE	0x8005639c	0x4	libcd_bios	initialized-section	LIBCD.LIB	BIOS	.data	0x8003acb4	0x48	.data base 0x8005630c, extent 0x214	LIBCD.LIB	SYS	0x8003acb8	0x8005630c	fixed initialized bytes and native relocations reviewed
GAME.EXE	0x80056560	0x4	libspu_s_srmp	native-relocation-in-matched-block	LIBSPU.LIB	S_SRMP	.data	0x8003ea40	0x90	_spu_rev_startaddr	LIBSPU.LIB	S_INI	0x8003ea44	0x80056560	matched native reference establishes module ownership; private identity and complete layout remain WIP
GAME.EXE	0x800569dc	0x4	libgte_cor	native-relocation	LIBGTE.LIB	COR	.data	0x8004c178	0x7c8	.data	LIBGTE.LIB	COR	0x8004c17c	0x800569dc	matched native reference establishes module ownership; private identity and complete layout remain WIP
GAME.EXE	0x800569e0	0x4	libgte_cor	initialized-section	LIBGTE.LIB	COR	.data	0x8004bbb4	0x204	.data base 0x800569dc, extent 0x64	LIBGTE.LIB	COR	0x8004bbb8	0x80056a0c	fixed initialized bytes and native relocations reviewed
GAME.EXE	0x80056a44	0x4	libgte_msc	native-relocation	LIBGTE.LIB	MSC	.data	0x8004c584	0x340	.data + 0x4	LIBGTE.LIB	MSC	0x8004c588	0x80056a44	matched native reference establishes module ownership; private identity and complete layout remain WIP
GAME.EXE	0x80056a4c	0x4	libgte_msc	native-relocation	LIBGTE.LIB	MSC	.data	0x8004c574	0x330	.data + 0xc	LIBGTE.LIB	MSC	0x8004c578	0x80056a4c	matched native reference establishes module ownership; private identity and complete layout remain WIP
GAME.EXE	0x80056a50	0x4	libgte_msc	native-relocation	LIBGTE.LIB	MSC	.data	0x8004c57c	0x338	.data + 0x10	LIBGTE.LIB	MSC	0x8004c580	0x80056a50	matched native reference establishes module ownership; private identity and complete layout remain WIP
GAME.EXE	0x80057acc	0x4	libgpu_sprintf	native-relocation	LIBGPU.LIB	SPRINTF	.data	0x80054dbc	0x9c	.data	LIBGPU.LIB	SPRINTF	0x80054dc0	0x80057acc	matched native reference establishes module ownership; private identity and complete layout remain WIP
GAME.EXE	0x80057ad0	0x4	libgpu_sprintf	initialized-section	LIBGPU.LIB	SPRINTF	.data	0x80054dbc	0x9c	.data base 0x80057acc, extent 0xc	LIBGPU.LIB	SPRINTF	0x80054dc0	0x80057acc	fixed initialized bytes and native relocations reviewed
GAME.EXE	0x80057ad4	0x4	libgpu_sprintf	initialized-section	LIBGPU.LIB	SPRINTF	.data	0x80054dbc	0x9c	.data base 0x80057acc, extent 0xc	LIBGPU.LIB	SPRINTF	0x80054dc0	0x80057acc	fixed initialized bytes and native relocations reviewed
GAME.EXE	0x80057ba4	0x4	libcd_bios	native-relocation	LIBCD.LIB	BIOS	.sdata	0x8003ac8c	0x20	CD_debug	LIBCD.LIB	SYS	0x8003ac90	0x80057ba4	matched native reference establishes module ownership; private identity and complete layout remain WIP
GAME.EXE	0x80057bff	0x1	libcd_bios	native-relocation	LIBCD.LIB	BIOS	.sdata	0x8003ba84	0x62c	.sdata + 0x64	LIBCD.LIB	BIOS	0x8003ba88	0x80057bff	matched native reference establishes module ownership; private identity and complete layout remain WIP
GAME.EXE	0x80057c00	0x4	libcd_bios	native-relocation	LIBCD.LIB	BIOS	.sdata	0x8003bd14	0x8bc	.sdata + 0x60	LIBCD.LIB	BIOS	0x8003bd18	0x80057c00	matched native reference establishes module ownership; private identity and complete layout remain WIP
GAME.EXE	0x80057c04	0x4	libcd_bios	initialized-section	LIBCD.LIB	BIOS	.sdata	0x8003ac8c	0x20	.sdata base 0x80057ba0, extent 0xa4	LIBCD.LIB	SYS	0x8003ac90	0x80057ba4	fixed initialized bytes and native relocations reviewed
GAME.EXE	0x80057c08	0x4	libcd_bios	native-relocation	LIBCD.LIB	BIOS	.sdata	0x8003c1bc	0xca4	.sdata + 0x68	LIBCD.LIB	BIOS	0x8003c1c0	0x80057c08	matched native reference establishes module ownership; private identity and complete layout remain WIP
GAME.EXE	0x80057c0c	0x4	libcd_bios	native-relocation	LIBCD.LIB	BIOS	.sdata	0x8003c204	0xcec	.sdata + 0x6c	LIBCD.LIB	BIOS	0x8003c208	0x80057c0c	matched native reference establishes module ownership; private identity and complete layout remain WIP
GAME.EXE	0x80057c10	0x4	libcd_bios	native-relocation	LIBCD.LIB	BIOS	.sdata	0x8003c1cc	0xcb4	.sdata + 0x70	LIBCD.LIB	BIOS	0x8003c1d0	0x80057c10	matched native reference establishes module ownership; private identity and complete layout remain WIP
GAME.EXE	0x80057c14	0x4	libcd_bios	native-relocation	LIBCD.LIB	BIOS	.sdata	0x8003c1e0	0xcc8	.sdata + 0x74	LIBCD.LIB	BIOS	0x8003c1e4	0x80057c14	matched native reference establishes module ownership; private identity and complete layout remain WIP
GAME.EXE	0x80057c18	0x4	libcd_bios	native-relocation-in-matched-block	LIBCD.LIB	BIOS	.sdata	0x8003b99c	0x548	.sdata + 0x78	LIBCD.LIB	BIOS	0x8003b9a0	0x80057c18	matched native reference establishes module ownership; private identity and complete layout remain WIP
GAME.EXE	0x80057c2c	0x4	libcd_bios	native-relocation	LIBCD.LIB	BIOS	.sdata	0x8003c2d8	0xdc0	.sdata + 0x8c	LIBCD.LIB	BIOS	0x8003c2dc	0x80057c2c	matched native reference establishes module ownership; private identity and complete layout remain WIP
GAME.EXE	0x80057c30	0x4	libcd_bios	native-relocation	LIBCD.LIB	BIOS	.sdata	0x8003c2ec	0xdd4	.sdata + 0x90	LIBCD.LIB	BIOS	0x8003c2f0	0x80057c30	matched native reference establishes module ownership; private identity and complete layout remain WIP
GAME.EXE	0x80057c34	0x4	libcd_bios	native-relocation	LIBCD.LIB	BIOS	.sdata	0x8003c2fc	0xde4	.sdata + 0x94	LIBCD.LIB	BIOS	0x8003c300	0x80057c34	matched native reference establishes module ownership; private identity and complete layout remain WIP
GAME.EXE	0x80057c38	0x4	libcd_bios	native-relocation	LIBCD.LIB	BIOS	.sdata	0x8003c328	0xe10	.sdata + 0x98	LIBCD.LIB	BIOS	0x8003c32c	0x80057c38	matched native reference establishes module ownership; private identity and complete layout remain WIP
GAME.EXE	0x80057c3c	0x4	libcd_bios	native-relocation	LIBCD.LIB	BIOS	.sdata	0x8003c338	0xe20	.sdata + 0x9c	LIBCD.LIB	BIOS	0x8003c33c	0x80057c3c	matched native reference establishes module ownership; private identity and complete layout remain WIP
GAME.EXE	0x80057c40	0x4	libcd_bios	native-relocation	LIBCD.LIB	BIOS	.sdata	0x8003c250	0xd38	.sdata + 0xa0	LIBCD.LIB	BIOS	0x8003c254	0x80057c40	matched native reference establishes module ownership; private identity and complete layout remain WIP
GAME.EXE	0x80057c44	0x4	libcd_iso9660	native-relocation-in-matched-block	LIBCD.LIB	ISO9660	.sdata	0x8003c828	0x18	.sdata	LIBCD.LIB	ISO9660	0x8003c82c	0x80057c44	matched native reference establishes module ownership; private identity and complete layout remain WIP
GAME.EXE	0x80057c50	0x4	libcd_cdrom	native-relocation	LIBCD.LIB	CDROM	.sdata	0x8003d74c	0x480	.sdata	LIBCD.LIB	CDROM	0x8003d750	0x80057c50	matched native reference establishes module ownership; private identity and complete layout remain WIP
GAME.EXE	0x80057c54	0x4	libcd_cdrom	native-relocation	LIBCD.LIB	CDROM	.sdata	0x8003d7b4	0x4e8	.sdata + 0x4	LIBCD.LIB	CDROM	0x8003d7b8	0x80057c54	matched native reference establishes module ownership; private identity and complete layout remain WIP
GAME.EXE	0x80057c58	0x4	libcd_cdrom	initialized-section	LIBCD.LIB	CDROM	.sdata	0x8003d6ec	0x420	.sdata base 0x80057c50, extent 0x6c	LIBCD.LIB	CDROM	0x8003d6f0	0x80057c70	fixed initialized bytes and native relocations reviewed
GAME.EXE	0x80057c5c	0x4	libcd_cdrom	native-relocation	LIBCD.LIB	CDROM	.sdata	0x8003d75c	0x490	.sdata + 0xc	LIBCD.LIB	CDROM	0x8003d760	0x80057c5c	matched native reference establishes module ownership; private identity and complete layout remain WIP
GAME.EXE	0x80057c60	0x4	libcd_cdrom	native-relocation	LIBCD.LIB	CDROM	.sdata	0x8003d910	0x644	.sdata + 0x10	LIBCD.LIB	CDROM	0x8003d914	0x80057c60	matched native reference establishes module ownership; private identity and complete layout remain WIP
GAME.EXE	0x80057c64	0x4	libcd_cdrom	native-relocation	LIBCD.LIB	CDROM	.sdata	0x8003d924	0x658	.sdata + 0x14	LIBCD.LIB	CDROM	0x8003d928	0x80057c64	matched native reference establishes module ownership; private identity and complete layout remain WIP
GAME.EXE	0x80057c68	0x4	libcd_cdrom	native-relocation	LIBCD.LIB	CDROM	.sdata	0x8003d854	0x588	.sdata + 0x18	LIBCD.LIB	CDROM	0x8003d858	0x80057c68	matched native reference establishes module ownership; private identity and complete layout remain WIP
GAME.EXE	0x80057c6c	0x4	libcd_cdrom	native-relocation	LIBCD.LIB	CDROM	.sdata	0x8003d864	0x598	.sdata + 0x1c	LIBCD.LIB	CDROM	0x8003d868	0x80057c6c	matched native reference establishes module ownership; private identity and complete layout remain WIP
GAME.EXE	0x80057c70	0x4	libcd_cdrom	native-relocation	LIBCD.LIB	CDROM	.sdata	0x8003d6ec	0x420	.sdata + 0x20	LIBCD.LIB	CDROM	0x8003d6f0	0x80057c70	matched native reference establishes module ownership; private identity and complete layout remain WIP
GAME.EXE	0x80057c74	0x4	libcd_cdrom	initialized-section	LIBCD.LIB	CDROM	.sdata	0x8003d6ec	0x420	.sdata base 0x80057c50, extent 0x6c	LIBCD.LIB	CDROM	0x8003d6f0	0x80057c70	fixed initialized bytes and native relocations reviewed
GAME.EXE	0x80057c78	0x4	libcd_cdrom	initialized-section	LIBCD.LIB	CDROM	.sdata	0x8003d6ec	0x420	.sdata base 0x80057c50, extent 0x6c	LIBCD.LIB	CDROM	0x8003d6f0	0x80057c70	fixed initialized bytes and native relocations reviewed
GAME.EXE	0x80057c7c	0x4	libcd_cdrom	initialized-section	LIBCD.LIB	CDROM	.sdata	0x8003d6ec	0x420	.sdata base 0x80057c50, extent 0x6c	LIBCD.LIB	CDROM	0x8003d6f0	0x80057c70	fixed initialized bytes and native relocations reviewed
GAME.EXE	0x80057c80	0x4	libcd_cdrom	native-relocation	LIBCD.LIB	CDROM	.sdata	0x8003d848	0x57c	.sdata + 0x30	LIBCD.LIB	CDROM	0x8003d84c	0x80057c80	matched native reference establishes module ownership; private identity and complete layout remain WIP
GAME.EXE	0x80057c84	0x4	libcd_cdrom	initialized-section	LIBCD.LIB	CDROM	.sdata	0x8003d6ec	0x420	.sdata base 0x80057c50, extent 0x6c	LIBCD.LIB	CDROM	0x8003d6f0	0x80057c70	fixed initialized bytes and native relocations reviewed
GAME.EXE	0x80057c88	0x4	libcd_cdrom	initialized-section	LIBCD.LIB	CDROM	.sdata	0x8003d6ec	0x420	.sdata base 0x80057c50, extent 0x6c	LIBCD.LIB	CDROM	0x8003d6f0	0x80057c70	fixed initialized bytes and native relocations reviewed
GAME.EXE	0x80057c8c	0x4	libcd_cdrom	initialized-section	LIBCD.LIB	CDROM	.sdata	0x8003d6ec	0x420	.sdata base 0x80057c50, extent 0x6c	LIBCD.LIB	CDROM	0x8003d6f0	0x80057c70	fixed initialized bytes and native relocations reviewed
GAME.EXE	0x80057c94	0x4	libcd_cdrom	native-relocation	LIBCD.LIB	CDROM	.sdata	0x8003d820	0x554	.sdata + 0x44	LIBCD.LIB	CDROM	0x8003d824	0x80057c94	matched native reference establishes module ownership; private identity and complete layout remain WIP
GAME.EXE	0x80057c98	0x4	libcd_cdrom	native-relocation	LIBCD.LIB	CDROM	.sdata	0x8003d838	0x56c	.sdata + 0x48	LIBCD.LIB	CDROM	0x8003d83c	0x80057c98	matched native reference establishes module ownership; private identity and complete layout remain WIP
GAME.EXE	0x80057cbc	0x4	libspu_s_ini	native-relocation	LIBSPU.LIB	S_INI	.sdata	0x8003eafc	0x16c	.sdata	LIBSPU.LIB	S_INI	0x8003eb00	0x80057cbc	matched native reference establishes module ownership; private identity and complete layout remain WIP
GAME.EXE	0x80057cc8	0x4	libspu_spu	native-relocation	LIBSPU.LIB	SPU	.sdata	0x8003ec54	0x100	.sdata	LIBSPU.LIB	SPU	0x8003ec58	0x80057cc8	matched native reference establishes module ownership; private identity and complete layout remain WIP
GAME.EXE	0x80057ccc	0x4	libspu_spu	native-relocation	LIBSPU.LIB	SPU	.sdata	0x80040fb8	0x1da0	.sdata + 0x4	LIBSPU.LIB	SPU	0x80040fbc	0x80057ccc	matched native reference establishes module ownership; private identity and complete layout remain WIP
GAME.EXE	0x80057cd0	0x4	libspu_spu	native-relocation	LIBSPU.LIB	SPU	.sdata	0x80040fd8	0x1dc0	.sdata + 0x8	LIBSPU.LIB	SPU	0x80040fdc	0x80057cd0	matched native reference establishes module ownership; private identity and complete layout remain WIP
GAME.EXE	0x80057cd4	0x4	libspu_spu	native-relocation	LIBSPU.LIB	SPU	.sdata	0x80041018	0x1e00	.sdata + 0xc	LIBSPU.LIB	SPU	0x8004101c	0x80057cd4	matched native reference establishes module ownership; private identity and complete layout remain WIP
GAME.EXE	0x80057cd8	0x4	libspu_spu	native-relocation	LIBSPU.LIB	SPU	.sdata	0x8003ec14	0xc0	.sdata + 0x10	LIBSPU.LIB	SPU	0x8003ec18	0x80057cd8	matched native reference establishes module ownership; private identity and complete layout remain WIP
GAME.EXE	0x80057cdc	0x4	libspu_spu	native-relocation	LIBSPU.LIB	SPU	.sdata	0x80040f74	0x1d5c	.sdata + 0x14	LIBSPU.LIB	SPU	0x80040f78	0x80057cdc	matched native reference establishes module ownership; private identity and complete layout remain WIP
GAME.EXE	0x80057ce0	0x4	libspu_spu	native-relocation	LIBSPU.LIB	SPU	.sdata	0x8003eb5c	0x0	.sdata + 0x18	LIBSPU.LIB	SPU	0x8003eb60	0x80057ce0	matched native reference establishes module ownership; private identity and complete layout remain WIP
GAME.EXE	0x80057ce4	0x4	libspu_s_srmp	native-relocation-in-matched-block	LIBSPU.LIB	S_SRMP	.sdata	0x800414a8	0x400	.sdata	LIBSPU.LIB	S_SRMP	0x800414ac	0x80057ce4	matched native reference establishes module ownership; private identity and complete layout remain WIP
GAME.EXE	0x80057ce8	0x4	libspu_s_m_int	native-relocation	LIBSPU.LIB	S_M_INT	.sdata	0x80041874	0x310	.sdata	LIBSPU.LIB	S_M_INT	0x80041878	0x80057ce8	matched native reference establishes module ownership; private identity and complete layout remain WIP
GAME.EXE	0x80057cec	0x4	libspu_s_m_int	native-relocation	LIBSPU.LIB	S_M_INT	.sdata	0x80041898	0x334	.sdata + 0x4	LIBSPU.LIB	S_M_INT	0x8004189c	0x80057cec	matched native reference establishes module ownership; private identity and complete layout remain WIP
GAME.EXE	0x80057cf0	0x4	libspu_s_m_int	native-relocation	LIBSPU.LIB	S_M_INT	.sdata	0x80041564	0x0	.sdata + 0x8	LIBSPU.LIB	S_M_INT	0x80041568	0x80057cf0	matched native reference establishes module ownership; private identity and complete layout remain WIP
GAME.EXE	0x80057cf4	0x2	libsnd_vmanager	native-relocation	LIBSND.LIB	VMANAGER	.sdata	0x800438ec	0x1608	.sdata	LIBSND.LIB	VMANAGER	0x800438f0	0x80057cf4	matched native reference establishes module ownership; private identity and complete layout remain WIP
GAME.EXE	0x80057cf8	0x4	libsnd_vmanager	native-relocation	LIBSND.LIB	VMANAGER	.sdata	0x800434c0	0x11d8	.sdata + 0x4	LIBSND.LIB	VMANAGER	0x800434c4	0x80057cf8	matched native reference establishes module ownership; private identity and complete layout remain WIP
GAME.EXE	0x80057cfc	0x2	libsnd_vmanager	native-relocation	LIBSND.LIB	VMANAGER	.sdata	0x8004235c	0x14	.sdata + 0x8	LIBSND.LIB	VMANAGER	0x80042360	0x80057cfc	matched native reference establishes module ownership; private identity and complete layout remain WIP
GAME.EXE	0x80057cfe	0x2	libsnd_vmanager	native-relocation	LIBSND.LIB	VMANAGER	.sdata	0x8004237c	0x34	.sdata + 0xa	LIBSND.LIB	VMANAGER	0x80042380	0x80057cfe	matched native reference establishes module ownership; private identity and complete layout remain WIP
GAME.EXE	0x80057d0c	0x4	libetc_intr	reviewed-retail-family	LIBETC.LIB	INTR		ResetCallback		0x80057d0c	LIBETC.LIB	INTR			initialization flag read and written by ResetCallback/StopCallback
GAME.EXE	0x80057d10	0x4	libetc_intr	reviewed-retail-family	LIBETC.LIB	INTR		intInit		0x80057d10	LIBETC.LIB	INTR			interrupt register-address group; raw four-word native/retail comparison; intInit uses the group
GAME.EXE	0x80057d14	0x4	libetc_intr	reviewed-retail-family	LIBETC.LIB	INTR		intInit		0x80057d10	LIBETC.LIB	INTR			interrupt register-address group; raw four-word native/retail comparison; intInit uses the group
GAME.EXE	0x80057d18	0x4	libetc_intr	reviewed-retail-family	LIBETC.LIB	INTR		intInit		0x80057d10	LIBETC.LIB	INTR			interrupt register-address group; raw four-word native/retail comparison; intInit uses the group
GAME.EXE	0x80057d1c	0x4	libetc_intr	reviewed-retail-family	LIBETC.LIB	INTR		intInit		0x80057d10	LIBETC.LIB	INTR			interrupt register-address group; raw four-word native/retail comparison; intInit uses the group
GAME.EXE	0x80057d24	0x4	libetc_intr	reviewed-retail-family	LIBETC.LIB	INTR		critical_section_set		0x80057d24	LIBETC.LIB	INTR			retail LIBETC interrupt-tail helper reads and writes the saved critical-section state
GAME.EXE	0x80057d28	0x4	libgpu_sys	native-relocation	LIBGPU.LIB	SYS	.sdata	0x8005085c	0x348	.sdata	LIBGPU.LIB	SYS	0x80050860	0x80057d28	matched native reference establishes module ownership; private identity and complete layout remain WIP
GAME.EXE	0x80057d2c	0x4	libgpu_sys	native-relocation	LIBGPU.LIB	SYS	.sdata	0x800507f0	0x2dc	.sdata + 0x4	LIBGPU.LIB	SYS	0x800507f4	0x80057d2c	matched native reference establishes module ownership; private identity and complete layout remain WIP
GAME.EXE	0x80057d38	0x4	libgpu_sys	native-relocation	LIBGPU.LIB	SYS	.sdata	0x800507e8	0x2d4	.sdata + 0x10	LIBGPU.LIB	SYS	0x800507ec	0x80057d38	matched native reference establishes module ownership; private identity and complete layout remain WIP
GAME.EXE	0x80057d44	0x4	libgpu_sys	native-relocation	LIBGPU.LIB	SYS	.sdata	0x800526a4	0x2198	.sdata + 0x1c	LIBGPU.LIB	SYS	0x800526a8	0x80057d44	matched native reference establishes module ownership; private identity and complete layout remain WIP
GAME.EXE	0x80057d48	0x4	libgpu_sys	native-relocation	LIBGPU.LIB	SYS	.sdata	0x80052690	0x2184	.sdata + 0x20	LIBGPU.LIB	SYS	0x80052694	0x80057d48	matched native reference establishes module ownership; private identity and complete layout remain WIP
GAME.EXE	0x80057d4c	0x4	libgpu_sys	native-relocation	LIBGPU.LIB	SYS	.sdata	0x80051d88	0x1874	.sdata + 0x24	LIBGPU.LIB	SYS	0x80051d8c	0x80057d4c	matched native reference establishes module ownership; private identity and complete layout remain WIP
GAME.EXE	0x80057d50	0x4	libgpu_sys	native-relocation	LIBGPU.LIB	SYS	.sdata	0x80051d18	0x1804	.sdata + 0x28	LIBGPU.LIB	SYS	0x80051d1c	0x80057d50	matched native reference establishes module ownership; private identity and complete layout remain WIP
GAME.EXE	0x80057d54	0x4	libgpu_sys	native-relocation	LIBGPU.LIB	SYS	.sdata	0x80051e3c	0x1928	.sdata + 0x2c	LIBGPU.LIB	SYS	0x80051e40	0x80057d54	matched native reference establishes module ownership; private identity and complete layout remain WIP
GAME.EXE	0x80057d58	0x4	libgpu_sys	native-relocation	LIBGPU.LIB	SYS	.sdata	0x80051e4c	0x1938	.sdata + 0x30	LIBGPU.LIB	SYS	0x80051e50	0x80057d58	matched native reference establishes module ownership; private identity and complete layout remain WIP
GAME.EXE	0x80057d5c	0x4	libgpu_sys	native-relocation	LIBGPU.LIB	SYS	.sdata	0x80051e60	0x194c	.sdata + 0x34	LIBGPU.LIB	SYS	0x80051e64	0x80057d5c	matched native reference establishes module ownership; private identity and complete layout remain WIP
GAME.EXE	0x80057d60	0x4	libgpu_sys	native-relocation	LIBGPU.LIB	SYS	.sdata	0x8005191c	0x1408	.sdata + 0x38	LIBGPU.LIB	SYS	0x80051920	0x80057d60	matched native reference establishes module ownership; private identity and complete layout remain WIP
GAME.EXE	0x80057d64	0x4	libgpu_sys	native-relocation	LIBGPU.LIB	SYS	.sdata	0x80051930	0x141c	.sdata + 0x3c	LIBGPU.LIB	SYS	0x80051934	0x80057d64	matched native reference establishes module ownership; private identity and complete layout remain WIP
GAME.EXE	0x80057d68	0x4	libgpu_sys	native-relocation	LIBGPU.LIB	SYS	.sdata	0x80051908	0x13f4	.sdata + 0x40	LIBGPU.LIB	SYS	0x8005190c	0x80057d68	matched native reference establishes module ownership; private identity and complete layout remain WIP
GAME.EXE	0x80057d6c	0x4	libgpu_sys	native-relocation	LIBGPU.LIB	SYS	.sdata	0x800518bc	0x13a8	.sdata + 0x44	LIBGPU.LIB	SYS	0x800518c0	0x80057d6c	matched native reference establishes module ownership; private identity and complete layout remain WIP
GAME.EXE	0x80057d70	0x4	libgpu_sys	native-relocation-in-matched-block	LIBGPU.LIB	SYS	.sdata	0x800522a4	0x1db4	.sdata + 0x48	LIBGPU.LIB	SYS	0x800522a8	0x80057d70	matched native reference establishes module ownership; private identity and complete layout remain WIP
GAME.EXE	0x80057d74	0x4	libgpu_sys	native-relocation-in-matched-block	LIBGPU.LIB	SYS	.sdata	0x80052458	0x1f4c	.sdata + 0x4c	LIBGPU.LIB	SYS	0x8005245c	0x80057d74	matched native reference establishes module ownership; private identity and complete layout remain WIP
GAME.EXE	0x80057e54	0x4	libgpu_vsync	reviewed-retail-family	LIBGPU.LIB	VSYNC		VSync		0x80057e54	LIBGPU.LIB	VSYNC			three hardware-register pointers and two runtime words; retail VSync accesses; native revision has a different group size
GAME.EXE	0x80057e58	0x4	libgpu_vsync	reviewed-retail-family	LIBGPU.LIB	VSYNC		VSync		0x80057e54	LIBGPU.LIB	VSYNC			three hardware-register pointers and two runtime words; retail VSync accesses; native revision has a different group size
GAME.EXE	0x80057e5c	0x4	libgpu_vsync	reviewed-retail-family	LIBGPU.LIB	VSYNC		VSync		0x80057e54	LIBGPU.LIB	VSYNC			three hardware-register pointers and two runtime words; retail VSync accesses; native revision has a different group size
GAME.EXE	0x80057e60	0x4	libgpu_vsync	reviewed-retail-family	LIBGPU.LIB	VSYNC		VSync		0x80057e54	LIBGPU.LIB	VSYNC			three hardware-register pointers and two runtime words; retail VSync accesses; native revision has a different group size
GAME.EXE	0x80057e64	0x4	libgpu_vsync	reviewed-retail-family	LIBGPU.LIB	VSYNC		VSync		0x80057e54	LIBGPU.LIB	VSYNC			three hardware-register pointers and two runtime words; retail VSync accesses; native revision has a different group size
GAME.EXE	0x80057eb0	0x1	libcd_sys	native-relocation	LIBCD.LIB	SYS	.sbss	0x8003ae44	0x1d8	.sbss	LIBCD.LIB	SYS	0x8003ae48	0x80057eb0	matched native reference establishes module ownership; private identity and complete layout remain WIP
GAME.EXE	0x80057eb1	0x1	libcd_sys	native-relocation	LIBCD.LIB	SYS	.sbss	0x8003ae54	0x1e8	.sbss + 0x1	LIBCD.LIB	SYS	0x8003ae58	0x80057eb1	matched native reference establishes module ownership; private identity and complete layout remain WIP
GAME.EXE	0x80057eb2	0x1	libcd_sys	native-relocation	LIBCD.LIB	SYS	.sbss	0x8003ae64	0x1f8	.sbss + 0x2	LIBCD.LIB	SYS	0x8003ae68	0x80057eb2	matched native reference establishes module ownership; private identity and complete layout remain WIP
GAME.EXE	0x80057eb8	0x1	libcd_bios	native-relocation	LIBCD.LIB	BIOS	.sbss	0x8003b51c	0x64	.sbss	LIBCD.LIB	BIOS	0x8003b520	0x80057eb8	matched native reference establishes module ownership; private identity and complete layout remain WIP
GAME.EXE	0x80057eb9	0x1	libcd_bios	native-relocation-in-matched-block	LIBCD.LIB	BIOS	.sbss	0x8003b8fc	0x4a8	.sbss + 0x1	LIBCD.LIB	BIOS	0x8003b900	0x80057eb9	matched native reference establishes module ownership; private identity and complete layout remain WIP
GAME.EXE	0x80057eba	0x1	libcd_bios	native-relocation-in-matched-block	LIBCD.LIB	BIOS	.sbss	0x8003b960	0x50c	.sbss + 0x2	LIBCD.LIB	BIOS	0x8003b964	0x80057eba	matched native reference establishes module ownership; private identity and complete layout remain WIP
GAME.EXE	0x80057ebb	0x1	libcd_bios	native-relocation-in-matched-block	LIBCD.LIB	BIOS	.sbss	0x8003b940	0x4ec	.sbss + 0x3	LIBCD.LIB	BIOS	0x8003b944	0x80057ebb	matched native reference establishes module ownership; private identity and complete layout remain WIP
GAME.EXE	0x80057ebc	0x1	libcd_bios	native-relocation	LIBCD.LIB	BIOS	.sbss	0x8003bcb8	0x860	.sbss + 0x4	LIBCD.LIB	BIOS	0x8003bcbc	0x80057ebc	matched native reference establishes module ownership; private identity and complete layout remain WIP
GAME.EXE	0x80057ebd	0x1	libcd_bios	native-relocation	LIBCD.LIB	BIOS	.sbss	0x8003ba48	0x5f0	.sbss + 0x5	LIBCD.LIB	BIOS	0x8003ba4c	0x80057ebd	matched native reference establishes module ownership; private identity and complete layout remain WIP
GAME.EXE	0x80057ebf	0x1	libcd_bios	native-object-field	LIBCD.LIB	BIOS	.sbss	0x8003b51c	0x64	Intr at 0x80057eb8	LIBCD.LIB	BIOS	0x8003b520	0x80057eb8	field inside individually bound native object; seed width retained; no blanket section-base inference
GAME.EXE	0x80057ec0	0x4	libcd_bios	native-relocation	LIBCD.LIB	BIOS	.sbss	0x8003c394	0xe7c	.sbss + 0x18	LIBCD.LIB	BIOS	0x8003c398	0x80057ec0	matched native reference establishes module ownership; private identity and complete layout remain WIP
GAME.EXE	0x80057ec8	0x4	libcd_bios	native-relocation	LIBCD.LIB	BIOS	.sbss	0x8003c38c	0xe74	.sbss + 0x20	LIBCD.LIB	BIOS	0x8003c390	0x80057ec8	matched native reference establishes module ownership; private identity and complete layout remain WIP
GAME.EXE	0x80057ed0	0x4	libcd_bios	native-relocation	LIBCD.LIB	BIOS	.sbss	0x8003c414	0xefc	.sbss + 0x28	LIBCD.LIB	BIOS	0x8003c418	0x80057ed0	matched native reference establishes module ownership; private identity and complete layout remain WIP
GAME.EXE	0x80057ed8	0x4	libcd_iso9660	native-relocation	LIBCD.LIB	ISO9660	.sbss	0x8003cd48	0x53c	.sbss	LIBCD.LIB	ISO9660	0x8003cd4c	0x80057ed8	matched native reference establishes module ownership; private identity and complete layout remain WIP
GAME.EXE	0x80057ee0	0x4	libcd_iso9660	native-relocation-in-matched-block	LIBCD.LIB	ISO9660	.sbss	0x8003c9e8	0x1d8	.sbss + 0x8	LIBCD.LIB	ISO9660	0x8003c9ec	0x80057ee0	matched native reference establishes module ownership; private identity and complete layout remain WIP
GAME.EXE	0x80057ee8	0x4	libcd_iso9660	native-relocation	LIBCD.LIB	ISO9660	.sbss	0x8003cd50	0x544	.sbss + 0x10	LIBCD.LIB	ISO9660	0x8003cd54	0x80057ee8	matched native reference establishes module ownership; private identity and complete layout remain WIP
GAME.EXE	0x80057ef8	0x4	libcd_iso9660	native-relocation-in-matched-block	LIBCD.LIB	ISO9660	.sbss	0x8003ca28	0x218	.sbss + 0x20	LIBCD.LIB	ISO9660	0x8003ca2c	0x80057ef8	matched native reference establishes module ownership; private identity and complete layout remain WIP
GAME.EXE	0x80057f80	0x4	libsnd_ssinit	native-relocation	LIBSND.LIB	SSINIT	.sbss	0x8003e914	0x5cc	.sbss	LIBSND.LIB	SSINIT	0x8003e918	0x80057f80	matched native reference establishes module ownership; private identity and complete layout remain WIP
GAME.EXE	0x80057f88	0x4	libspu_spu	native-relocation	LIBSPU.LIB	SPU	.sbss	0x8003ec7c	0x128	.sbss	LIBSPU.LIB	SPU	0x8003ec80	0x80057f88	matched native reference establishes module ownership; private identity and complete layout remain WIP
GAME.EXE	0x80057f90	0x2	libspu_spu	native-relocation	LIBSPU.LIB	SPU	.sbss	0x8003ec3c	0xe8	.sbss + 0x8	LIBSPU.LIB	SPU	0x8003ec40	0x80057f90	matched native reference establishes module ownership; private identity and complete layout remain WIP
GAME.EXE	0x80057f98	0x4	libspu_spu	native-relocation	LIBSPU.LIB	SPU	.sbss	0x8003ec2c	0xd8	.sbss + 0x10	LIBSPU.LIB	SPU	0x8003ec30	0x80057f98	matched native reference establishes module ownership; private identity and complete layout remain WIP
GAME.EXE	0x80057fa0	0x4	libspu_spu	native-relocation	LIBSPU.LIB	SPU	.sbss	0x8003ec34	0xe0	.sbss + 0x18	LIBSPU.LIB	SPU	0x8003ec38	0x80057fa0	matched native reference establishes module ownership; private identity and complete layout remain WIP
GAME.EXE	0x80057fa8	0x4	libspu_spu	native-relocation	LIBSPU.LIB	SPU	.sbss	0x80040ca0	0x1b50	.sbss + 0x20	LIBSPU.LIB	SPU	0x80040ca4	0x80057fa8	matched native reference establishes module ownership; private identity and complete layout remain WIP
GAME.EXE	0x80057fb0	0x4	libspu_spu	native-relocation	LIBSPU.LIB	SPU	.sbss	0x80040f5c	0x1d44	.sbss + 0x28	LIBSPU.LIB	SPU	0x80040f60	0x80057fb0	matched native reference establishes module ownership; private identity and complete layout remain WIP
GAME.EXE	0x80057fb8	0x4	libspu_spu	native-relocation	LIBSPU.LIB	SPU	.sbss	0x80040f64	0x1d4c	.sbss + 0x30	LIBSPU.LIB	SPU	0x80040f68	0x80057fb8	matched native reference establishes module ownership; private identity and complete layout remain WIP
GAME.EXE	0x80057fc0	0x4	libspu_spu	native-relocation	LIBSPU.LIB	SPU	.sbss	0x80040f84	0x1d6c	.sbss + 0x38	LIBSPU.LIB	SPU	0x80040f88	0x80057fc0	matched native reference establishes module ownership; private identity and complete layout remain WIP
GAME.EXE	0x80057fd0	0x4	libspu_s_m_int	native-relocation	LIBSPU.LIB	S_M_INT	.sbss	0x800418b4	0x350	.sbss	LIBSPU.LIB	S_M_INT	0x800418b8	0x80057fd0	matched native reference establishes module ownership; private identity and complete layout remain WIP
GAME.EXE	0x80057fd8	0x4	libspu_s_m_int	native-relocation	LIBSPU.LIB	S_M_INT	.sbss	0x80041584	0x20	.sbss + 0x8	LIBSPU.LIB	S_M_INT	0x80041588	0x80057fd8	matched native reference establishes module ownership; private identity and complete layout remain WIP
GAME.EXE	0x80057fe0	0x1	libsnd_vmanager	native-relocation	LIBSND.LIB	VMANAGER	.bss	0x800435e0	0x12f8	spuVmMaxVoice	LIBSND.LIB	VMANAGER	0x800435e4	0x80057fe0	matched native reference establishes module ownership; private identity and complete layout remain WIP
GAME.EXE	0x80057fe8	0x2	libsnd_vmanager	native-relocation	LIBSND.LIB	VMANAGER	.sbss	0x80044624	0x2448	.sbss	LIBSND.LIB	VMANAGER	0x80044628	0x80057fe8	matched native reference establishes module ownership; private identity and complete layout remain WIP
GAME.EXE	0x80057ff0	0x2	libsnd_vmanager	native-relocation	LIBSND.LIB	VMANAGER	.sbss	0x8004308c	0xd44	.sbss + 0x8	LIBSND.LIB	VMANAGER	0x80043090	0x80057ff0	matched native reference establishes module ownership; private identity and complete layout remain WIP
GAME.EXE	0x80057ff8	0x4	libsnd_vmanager	reviewed-retail-family	LIBSND.LIB	VMANAGER		SpuVmInit/SpuVmAlloc/SpuVmFlush		0x80057ff8	LIBSND.LIB	VMANAGER			three voice-mask words initialized, allocated and flushed by VMANAGER
GAME.EXE	0x80058000	0x4	libsnd_vmanager	reviewed-retail-family	LIBSND.LIB	VMANAGER		SpuVmInit/SpuVmAlloc/SpuVmFlush		0x80057ff8	LIBSND.LIB	VMANAGER			three voice-mask words initialized, allocated and flushed by VMANAGER
GAME.EXE	0x80058008	0x4	libsnd_vmanager	reviewed-retail-family	LIBSND.LIB	VMANAGER		SpuVmInit/SpuVmAlloc/SpuVmFlush		0x80057ff8	LIBSND.LIB	VMANAGER			three voice-mask words initialized, allocated and flushed by VMANAGER
GAME.EXE	0x800598f0	0x1	libcd_bios	native-object-field	LIBCD.LIB	BIOS	.bss	0x8003bab0	0x658	Result at 0x800598b8	LIBCD.LIB	BIOS	0x8003bab4	0x800598e0	field inside individually bound native object; seed width retained; no blanket section-base inference
GAME.EXE	0x800598f1	0x1	libcd_bios	native-object-field	LIBCD.LIB	BIOS	.bss	0x8003bab0	0x658	Result at 0x800598b8	LIBCD.LIB	BIOS	0x8003bab4	0x800598e0	field inside individually bound native object; seed width retained; no blanket section-base inference
GAME.EXE	0x800598f8	0x4	libcd_iso9660	native-relocation-in-matched-block	LIBCD.LIB	ISO9660	.bss	0x8003ca00	0x1f0	.bss	LIBCD.LIB	ISO9660	0x8003ca04	0x800598f8	matched native reference establishes module ownership; private identity and complete layout remain WIP
GAME.EXE	0x800598fc	0x4	libcd_iso9660	native-object-field	LIBCD.LIB	ISO9660	.bss	0x8003ca00	0x1f0	file at 0x800598f8	LIBCD.LIB	ISO9660	0x8003ca04	0x800598f8	field inside individually bound native object; seed width retained; no blanket section-base inference
GAME.EXE	0x80059900	0x4	libcd_iso9660	native-object-field	LIBCD.LIB	ISO9660	.bss	0x8003ca00	0x1f0	file at 0x800598f8	LIBCD.LIB	ISO9660	0x8003ca04	0x800598f8	field inside individually bound native object; seed width retained; no blanket section-base inference
GAME.EXE	0x80059904	0x4	libcd_iso9660	native-object-field	LIBCD.LIB	ISO9660	.bss	0x8003ca00	0x1f0	file at 0x800598f8	LIBCD.LIB	ISO9660	0x8003ca04	0x800598f8	field inside individually bound native object; seed width retained; no blanket section-base inference
GAME.EXE	0x80059908	0x4	libcd_iso9660	native-object-field	LIBCD.LIB	ISO9660	.bss	0x8003ca00	0x1f0	file at 0x800598f8	LIBCD.LIB	ISO9660	0x8003ca04	0x800598f8	field inside individually bound native object; seed width retained; no blanket section-base inference
GAME.EXE	0x80059910	0x4	libcd_iso9660	native-object-field	LIBCD.LIB	ISO9660	.bss	0x8003ca00	0x1f0	file at 0x800598f8	LIBCD.LIB	ISO9660	0x8003ca04	0x800598f8	field inside individually bound native object; seed width retained; no blanket section-base inference
GAME.EXE	0x8005a3d9	0x1	libcd_iso9660	native-relocation-in-matched-block	LIBCD.LIB	ISO9660	.bss	0x8003c884	0x74	.bss + 0xb81	LIBCD.LIB	ISO9660	0x8003c888	0x8005a3d9	matched native reference establishes module ownership; private identity and complete layout remain WIP
GAME.EXE	0x8005a3da	0x1	libcd_iso9660	native-object-field	LIBCD.LIB	ISO9660	.bss	0x8003c884	0x74	work1 at 0x8005a3d8	LIBCD.LIB	ISO9660	0x8003c888	0x8005a3d9	field inside individually bound native object; seed width retained; no blanket section-base inference
GAME.EXE	0x8005a3db	0x1	libcd_iso9660	native-object-field	LIBCD.LIB	ISO9660	.bss	0x8003c884	0x74	work1 at 0x8005a3d8	LIBCD.LIB	ISO9660	0x8003c888	0x8005a3d9	field inside individually bound native object; seed width retained; no blanket section-base inference
GAME.EXE	0x8005a3dc	0x1	libcd_iso9660	native-object-field	LIBCD.LIB	ISO9660	.bss	0x8003c884	0x74	work1 at 0x8005a3d8	LIBCD.LIB	ISO9660	0x8003c888	0x8005a3d9	field inside individually bound native object; seed width retained; no blanket section-base inference
GAME.EXE	0x8005a3dd	0x1	libcd_iso9660	native-object-field	LIBCD.LIB	ISO9660	.bss	0x8003c884	0x74	work1 at 0x8005a3d8	LIBCD.LIB	ISO9660	0x8003c888	0x8005a3d9	field inside individually bound native object; seed width retained; no blanket section-base inference
GAME.EXE	0x8005a4d8	0x4	libcd_iso9660	native-relocation	LIBCD.LIB	ISO9660	.bss	0x8003cb1c	0x310	.bss + 0xc80	LIBCD.LIB	ISO9660	0x8003cb20	0x8005a4d8	matched native reference establishes module ownership; private identity and complete layout remain WIP
GAME.EXE	0x8005a4dc	0x4	libcd_iso9660	native-object-field	LIBCD.LIB	ISO9660	.bss	0x8003cb1c	0x310	load_buf at 0x8005a4d8	LIBCD.LIB	ISO9660	0x8003cb20	0x8005a4d8	field inside individually bound native object; seed width retained; no blanket section-base inference
GAME.EXE	0x8005a4e0	0x4	libcd_iso9660	native-object-field	LIBCD.LIB	ISO9660	.bss	0x8003cb1c	0x310	load_buf at 0x8005a4d8	LIBCD.LIB	ISO9660	0x8003cb20	0x8005a4d8	field inside individually bound native object; seed width retained; no blanket section-base inference
GAME.EXE	0x8005a4e4	0x4	libcd_iso9660	native-object-field	LIBCD.LIB	ISO9660	.bss	0x8003cb1c	0x310	load_buf at 0x8005a4d8	LIBCD.LIB	ISO9660	0x8003cb20	0x8005a4d8	field inside individually bound native object; seed width retained; no blanket section-base inference
GAME.EXE	0x8005a4f8	0x1	libcd_iso9660	native-object-field	LIBCD.LIB	ISO9660	.bss	0x8003cb1c	0x310	load_buf at 0x8005a4d8	LIBCD.LIB	ISO9660	0x8003cb20	0x8005a4d8	field inside individually bound native object; seed width retained; no blanket section-base inference
GAME.EXE	0x8005acd8	0x2	libsnd_vmanager	reviewed-retail-family	LIBSND.LIB	VMANAGER		SpuVmInit		0x8005acd8	LIBSND.LIB	VMANAGER			24 voice records; native _svm_voice relocation family; CD_cachefile reference is exclusive load_buf end
GAME.EXE	0x8005acda	0x2	libsnd_vmanager	reviewed-retail-family	LIBSND.LIB	VMANAGER		SpuVmInit		0x8005acd8	LIBSND.LIB	VMANAGER			24 voice records; native _svm_voice relocation family; CD_cachefile reference is exclusive load_buf end
GAME.EXE	0x8005acdc	0x2	libsnd_vmanager	reviewed-retail-family	LIBSND.LIB	VMANAGER		SpuVmInit		0x8005acd8	LIBSND.LIB	VMANAGER			24 voice records; native _svm_voice relocation family; CD_cachefile reference is exclusive load_buf end
GAME.EXE	0x8005acde	0x2	libsnd_vmanager	reviewed-retail-family	LIBSND.LIB	VMANAGER		SpuVmInit		0x8005acd8	LIBSND.LIB	VMANAGER			24 voice records; native _svm_voice relocation family; CD_cachefile reference is exclusive load_buf end
GAME.EXE	0x8005ace0	0x2	libsnd_vmanager	reviewed-retail-family	LIBSND.LIB	VMANAGER		SpuVmInit		0x8005acd8	LIBSND.LIB	VMANAGER			24 voice records; native _svm_voice relocation family; CD_cachefile reference is exclusive load_buf end
GAME.EXE	0x8005ace2	0x2	libsnd_vmanager	reviewed-retail-family	LIBSND.LIB	VMANAGER		SpuVmInit		0x8005acd8	LIBSND.LIB	VMANAGER			24 voice records; native _svm_voice relocation family; CD_cachefile reference is exclusive load_buf end
GAME.EXE	0x8005ace4	0x2	libsnd_vmanager	reviewed-retail-family	LIBSND.LIB	VMANAGER		SpuVmInit		0x8005acd8	LIBSND.LIB	VMANAGER			24 voice records; native _svm_voice relocation family; CD_cachefile reference is exclusive load_buf end
GAME.EXE	0x8005ace6	0x2	libsnd_vmanager	reviewed-retail-family	LIBSND.LIB	VMANAGER		SpuVmInit		0x8005acd8	LIBSND.LIB	VMANAGER			24 voice records; native _svm_voice relocation family; CD_cachefile reference is exclusive load_buf end
GAME.EXE	0x8005ace8	0x2	libsnd_vmanager	reviewed-retail-family	LIBSND.LIB	VMANAGER		SpuVmInit		0x8005acd8	LIBSND.LIB	VMANAGER			24 voice records; native _svm_voice relocation family; CD_cachefile reference is exclusive load_buf end
GAME.EXE	0x8005acea	0x2	libsnd_vmanager	reviewed-retail-family	LIBSND.LIB	VMANAGER		SpuVmInit		0x8005acd8	LIBSND.LIB	VMANAGER			24 voice records; native _svm_voice relocation family; CD_cachefile reference is exclusive load_buf end
GAME.EXE	0x8005acec	0x2	libsnd_vmanager	reviewed-retail-family	LIBSND.LIB	VMANAGER		SpuVmInit		0x8005acd8	LIBSND.LIB	VMANAGER			24 voice records; native _svm_voice relocation family; CD_cachefile reference is exclusive load_buf end
GAME.EXE	0x8005acef	0x1	libsnd_vmanager	reviewed-retail-family	LIBSND.LIB	VMANAGER		SpuVmInit		0x8005acd8	LIBSND.LIB	VMANAGER			24 voice records; native _svm_voice relocation family; CD_cachefile reference is exclusive load_buf end
GAME.EXE	0x8005acf0	0x2	libsnd_vmanager	reviewed-retail-family	LIBSND.LIB	VMANAGER		SpuVmInit		0x8005acd8	LIBSND.LIB	VMANAGER			24 voice records; native _svm_voice relocation family; CD_cachefile reference is exclusive load_buf end
GAME.EXE	0x8005acf2	0x2	libsnd_vmanager	reviewed-retail-family	LIBSND.LIB	VMANAGER		SpuVmInit		0x8005acd8	LIBSND.LIB	VMANAGER			24 voice records; native _svm_voice relocation family; CD_cachefile reference is exclusive load_buf end
GAME.EXE	0x8005acf6	0x2	libsnd_vmanager	reviewed-retail-family	LIBSND.LIB	VMANAGER		SpuVmInit		0x8005acd8	LIBSND.LIB	VMANAGER			24 voice records; native _svm_voice relocation family; CD_cachefile reference is exclusive load_buf end
GAME.EXE	0x8005acfa	0x2	libsnd_vmanager	reviewed-retail-family	LIBSND.LIB	VMANAGER		SpuVmInit		0x8005acd8	LIBSND.LIB	VMANAGER			24 voice records; native _svm_voice relocation family; CD_cachefile reference is exclusive load_buf end
GAME.EXE	0x8005ad02	0x2	libsnd_vmanager	reviewed-retail-family	LIBSND.LIB	VMANAGER		SpuVmInit		0x8005acd8	LIBSND.LIB	VMANAGER			24 voice records; native _svm_voice relocation family; CD_cachefile reference is exclusive load_buf end
GAME.EXE	0x8005ad04	0x2	libsnd_vmanager	reviewed-retail-family	LIBSND.LIB	VMANAGER		SpuVmInit		0x8005acd8	LIBSND.LIB	VMANAGER			24 voice records; native _svm_voice relocation family; CD_cachefile reference is exclusive load_buf end
GAME.EXE	0x8005ad07	0x1	libsnd_vmanager	reviewed-retail-family	LIBSND.LIB	VMANAGER		SpuVmInit		0x8005acd8	LIBSND.LIB	VMANAGER			24 voice records; native _svm_voice relocation family; CD_cachefile reference is exclusive load_buf end
GAME.EXE	0x8005af18	0x2	libsnd_vmanager	native-relocation-in-matched-block	LIBSND.LIB	VMANAGER	.bss	0x80042560	0x21c	.bss + 0x240	LIBSND.LIB	VMANAGER	0x80042564	0x8005af18	matched native reference establishes module ownership; private identity and complete layout remain WIP
GAME.EXE	0x8005af1a	0x2	libsnd_vmanager	native-relocation-in-matched-block	LIBSND.LIB	VMANAGER	.bss	0x80042570	0x22c	.bss + 0x242	LIBSND.LIB	VMANAGER	0x80042574	0x8005af1a	matched native reference establishes module ownership; private identity and complete layout remain WIP
GAME.EXE	0x8005af1c	0x2	libsnd_vmanager	native-relocation-in-matched-block	LIBSND.LIB	VMANAGER	.bss	0x80042580	0x23c	.bss + 0x244	LIBSND.LIB	VMANAGER	0x80042584	0x8005af1c	matched native reference establishes module ownership; private identity and complete layout remain WIP
GAME.EXE	0x8005af1e	0x2	libsnd_vmanager	native-relocation-in-matched-block	LIBSND.LIB	VMANAGER	.bss	0x80042590	0x24c	.bss + 0x246	LIBSND.LIB	VMANAGER	0x80042594	0x8005af1e	matched native reference establishes module ownership; private identity and complete layout remain WIP
GAME.EXE	0x8005af20	0x2	libsnd_vmanager	native-object-field	LIBSND.LIB	VMANAGER	.bss	0x80042560	0x21c	acc at 0x8005af18	LIBSND.LIB	VMANAGER	0x80042564	0x8005af18	field inside individually bound native object; seed width retained; no blanket section-base inference
GAME.EXE	0x8005af22	0x2	libsnd_vmanager	native-object-field	LIBSND.LIB	VMANAGER	.bss	0x80042560	0x21c	acc at 0x8005af18	LIBSND.LIB	VMANAGER	0x80042564	0x8005af18	field inside individually bound native object; seed width retained; no blanket section-base inference
GAME.EXE	0x8005af24	0x2	libsnd_vmanager	native-object-field	LIBSND.LIB	VMANAGER	.bss	0x80042560	0x21c	acc at 0x8005af18	LIBSND.LIB	VMANAGER	0x80042564	0x8005af18	field inside individually bound native object; seed width retained; no blanket section-base inference
GAME.EXE	0x8005af26	0x2	libsnd_vmanager	native-object-field	LIBSND.LIB	VMANAGER	.bss	0x80042560	0x21c	acc at 0x8005af18	LIBSND.LIB	VMANAGER	0x80042564	0x8005af18	field inside individually bound native object; seed width retained; no blanket section-base inference
GAME.EXE	0x8005b020	0x1	libsnd_vmanager	native-relocation	LIBSND.LIB	VMANAGER	.bss	0x800438d0	0x15ec	.bss + 0x348	LIBSND.LIB	VMANAGER	0x800438d4	0x8005b020	matched native reference establishes module ownership; private identity and complete layout remain WIP
GAME.EXE	0x8005b021	0x1	libsnd_vmanager	native-object-field	LIBSND.LIB	VMANAGER	.bss	0x800438d0	0x15ec	_svm_vab_used at 0x8005b020	LIBSND.LIB	VMANAGER	0x800438d4	0x8005b020	field inside individually bound native object; seed width retained; no blanket section-base inference
GAME.EXE	0x8005b070	0x4	libsnd_vmanager	native-relocation	LIBSND.LIB	VMANAGER	.bss	0x8004601c	0x3a5c	.bss + 0x398	LIBSND.LIB	VMANAGER	0x80046020	0x8005b070	matched native reference establishes module ownership; private identity and complete layout remain WIP
GAME.EXE	0x8005b074	0x4	libsnd_vmanager	native-relocation	LIBSND.LIB	VMANAGER	.bss	0x80046030	0x3a70	.bss + 0x39c	LIBSND.LIB	VMANAGER	0x80046034	0x8005b074	matched native reference establishes module ownership; private identity and complete layout remain WIP
GAME.EXE	0x8005b078	0x2	libsnd_vmanager	native-relocation	LIBSND.LIB	VMANAGER	.bss	0x800460f8	0x3b38	.bss + 0x3a0	LIBSND.LIB	VMANAGER	0x800460fc	0x8005b078	matched native reference establishes module ownership; private identity and complete layout remain WIP
GAME.EXE	0x8005b07a	0x2	libsnd_vmanager	native-relocation	LIBSND.LIB	VMANAGER	.bss	0x80046100	0x3b40	.bss + 0x3a2	LIBSND.LIB	VMANAGER	0x80046104	0x8005b07a	matched native reference establishes module ownership; private identity and complete layout remain WIP
GAME.EXE	0x8005b088	0x1	libsnd_vmanager	native-relocation-in-matched-block	LIBSND.LIB	VMANAGER	.bss	0x8004368c	0x13a4	.bss + 0x3c6	LIBSND.LIB	VMANAGER	0x80043690	0x8005b088	matched native reference establishes module ownership; private identity and complete layout remain WIP
GAME.EXE	0x8005b089	0x1	libsnd_vmanager	native-relocation	LIBSND.LIB	VMANAGER	.bss	0x80043940	0x165c	.bss + 0x3b1	LIBSND.LIB	VMANAGER	0x80043944	0x8005b089	matched native reference establishes module ownership; private identity and complete layout remain WIP
GAME.EXE	0x8005b08a	0x1	libsnd_vmanager	native-relocation	LIBSND.LIB	VMANAGER	.bss	0x80042da0	0xa14	.bss + 0x3b2	LIBSND.LIB	VMANAGER	0x80042da4	0x8005b08a	matched native reference establishes module ownership; private identity and complete layout remain WIP
GAME.EXE	0x8005b08b	0x1	libsnd_vmanager	native-relocation-in-matched-block	LIBSND.LIB	VMANAGER	.bss	0x80045034	0x2a58	.bss + 0x3b3	LIBSND.LIB	VMANAGER	0x80045038	0x8005b08b	matched native reference establishes module ownership; private identity and complete layout remain WIP
GAME.EXE	0x8005b08c	0x1	libsnd_vmanager	native-relocation-in-matched-block	LIBSND.LIB	VMANAGER	.bss	0x8004295c	0x570	.bss + 0x3b4	LIBSND.LIB	VMANAGER	0x80042960	0x8005b08c	matched native reference establishes module ownership; private identity and complete layout remain WIP
GAME.EXE	0x8005b08d	0x1	libsnd_vmanager	native-relocation-in-matched-block	LIBSND.LIB	VMANAGER	.bss	0x80042b04	0x718	.bss + 0x3b5	LIBSND.LIB	VMANAGER	0x80042b08	0x8005b08d	matched native reference establishes module ownership; private identity and complete layout remain WIP
GAME.EXE	0x8005b08f	0x1	libsnd_vmanager	native-relocation	LIBSND.LIB	VMANAGER	.bss	0x80043978	0x1694	.bss + 0x3b7	LIBSND.LIB	VMANAGER	0x8004397c	0x8005b08f	matched native reference establishes module ownership; private identity and complete layout remain WIP
GAME.EXE	0x8005b092	0x1	libsnd_vmanager	native-relocation-in-matched-block	LIBSND.LIB	VMANAGER	.bss	0x800429a8	0x5bc	.bss + 0x3ba	LIBSND.LIB	VMANAGER	0x800429ac	0x8005b092	matched native reference establishes module ownership; private identity and complete layout remain WIP
GAME.EXE	0x8005b093	0x1	libsnd_vmanager	native-relocation-in-matched-block	LIBSND.LIB	VMANAGER	.bss	0x80042ac0	0x6d4	.bss + 0x3bb	LIBSND.LIB	VMANAGER	0x80042ac4	0x8005b093	matched native reference establishes module ownership; private identity and complete layout remain WIP
GAME.EXE	0x8005b094	0x1	libsnd_vmanager	native-relocation-in-matched-block	LIBSND.LIB	VMANAGER	.bss	0x80043a58	0x1778	.bss + 0x3b0	LIBSND.LIB	VMANAGER	0x80043a5c	0x8005b094	matched native reference establishes module ownership; private identity and complete layout remain WIP
GAME.EXE	0x8005b095	0x1	libsnd_vmanager	native-relocation	LIBSND.LIB	VMANAGER	.bss	0x80044d68	0x278c	.bss + 0x3bc	LIBSND.LIB	VMANAGER	0x80044d6c	0x8005b095	matched native reference establishes module ownership; private identity and complete layout remain WIP
GAME.EXE	0x8005b096	0x1	libsnd_vmanager	native-relocation-in-matched-block	LIBSND.LIB	VMANAGER	.bss	0x800429b8	0x5cc	.bss + 0x3bd	LIBSND.LIB	VMANAGER	0x800429bc	0x8005b096	matched native reference establishes module ownership; private identity and complete layout remain WIP
GAME.EXE	0x8005b097	0x1	libsnd_vmanager	native-relocation-in-matched-block	LIBSND.LIB	VMANAGER	.bss	0x80042a7c	0x690	.bss + 0x3be	LIBSND.LIB	VMANAGER	0x80042a80	0x8005b097	matched native reference establishes module ownership; private identity and complete layout remain WIP
GAME.EXE	0x8005b098	0x1	libsnd_vmanager	native-relocation	LIBSND.LIB	VMANAGER	.bss	0x800435d0	0x12e8	.bss + 0x3bf	LIBSND.LIB	VMANAGER	0x800435d4	0x8005b098	matched native reference establishes module ownership; private identity and complete layout remain WIP
GAME.EXE	0x8005b099	0x1	libsnd_vmanager	native-relocation	LIBSND.LIB	VMANAGER	.bss	0x80042da8	0xa1c	.bss + 0x3c0	LIBSND.LIB	VMANAGER	0x80042dac	0x8005b099	matched native reference establishes module ownership; private identity and complete layout remain WIP
GAME.EXE	0x8005b09a	0x1	libsnd_vmanager	native-relocation	LIBSND.LIB	VMANAGER	.bss	0x80042db0	0xa24	.bss + 0x3c1	LIBSND.LIB	VMANAGER	0x80042db4	0x8005b09a	matched native reference establishes module ownership; private identity and complete layout remain WIP
GAME.EXE	0x8005b09b	0x1	libsnd_vmanager	native-relocation-in-matched-block	LIBSND.LIB	VMANAGER	.bss	0x800451ec	0x2c10	.bss + 0x3c2	LIBSND.LIB	VMANAGER	0x800451f0	0x8005b09b	matched native reference establishes module ownership; private identity and complete layout remain WIP
GAME.EXE	0x8005b09c	0x1	libsnd_vmanager	native-relocation-in-matched-block	LIBSND.LIB	VMANAGER	.bss	0x80045200	0x2c24	.bss + 0x3c3	LIBSND.LIB	VMANAGER	0x80045204	0x8005b09c	matched native reference establishes module ownership; private identity and complete layout remain WIP
GAME.EXE	0x8005b09d	0x1	libsnd_vmanager	native-relocation-in-matched-block	LIBSND.LIB	VMANAGER	.bss	0x800451dc	0x2c00	.bss + 0x3c4	LIBSND.LIB	VMANAGER	0x800451e0	0x8005b09d	matched native reference establishes module ownership; private identity and complete layout remain WIP
GAME.EXE	0x8005b09e	0x2	libsnd_vmanager	native-relocation-in-matched-block	LIBSND.LIB	VMANAGER	.bss	0x8004518c	0x2bb0	.bss + 0x3c8	LIBSND.LIB	VMANAGER	0x80045190	0x8005b09e	matched native reference establishes module ownership; private identity and complete layout remain WIP
GAME.EXE	0x8005b0a0	0x2	libsnd_vmanager	native-relocation	LIBSND.LIB	VMANAGER	.bss	0x800435ec	0x1304	.bss + 0x3ca	LIBSND.LIB	VMANAGER	0x800435f0	0x8005b0a0	matched native reference establishes module ownership; private identity and complete layout remain WIP
GAME.EXE	0x8005b0a2	0x2	libsnd_vmanager	native-relocation-in-matched-block	LIBSND.LIB	VMANAGER	.bss	0x80042ff8	0xcb0	.bss + 0x3cc	LIBSND.LIB	VMANAGER	0x80042ffc	0x8005b0a2	matched native reference establishes module ownership; private identity and complete layout remain WIP
GAME.EXE	0x8005b0a4	0x2	libsnd_vmanager	native-relocation-in-matched-block	LIBSND.LIB	VMANAGER	.bss	0x80042f3c	0xbc4	.bss + 0x3ce	LIBSND.LIB	VMANAGER	0x80042f40	0x8005b0a4	matched native reference establishes module ownership; private identity and complete layout remain WIP
GAME.EXE	0x8005b0ac	0x4	libsnd_vmanager	native-object-field	LIBSND.LIB	VMANAGER	.bss	0x80043910	0x162c	_svm_vab_vh at 0x8005b0a8	LIBSND.LIB	VMANAGER	0x80043914	0x8005b0a8	field inside individually bound native object; seed width retained; no blanket section-base inference
GAME.EXE	0x800632a4	0x4	libetc_intr	reviewed-retail-family	LIBETC.LIB	INTR		intInit		0x800632a4	LIBETC.LIB	INTR			interior rtc_point stack-pointer slot installed before HookEntryInt; native rtc_point.32 + 4
GAME.EXE	0x800642d0	0x4	libetc_intr	native-object-field	LIBETC.LIB	INTR	.bss	0x8005001c	0x694	DMACallback at 0x800642d0	LIBETC.LIB	INTR	0x80050020	0x800642e8	field inside individually bound native object; seed width retained; no blanket section-base inference
GAME.EXE	0x800642d4	0x4	libetc_intr	native-object-field	LIBETC.LIB	INTR	.bss	0x8005001c	0x694	DMACallback at 0x800642d0	LIBETC.LIB	INTR	0x80050020	0x800642e8	field inside individually bound native object; seed width retained; no blanket section-base inference
GAME.EXE	0x800642e4	0x4	libetc_intr	native-object-field	LIBETC.LIB	INTR	.bss	0x8005001c	0x694	DMACallback at 0x800642d0	LIBETC.LIB	INTR	0x80050020	0x800642e8	field inside individually bound native object; seed width retained; no blanket section-base inference
GAME.EXE	0x800642e8	0x4	libetc_intr	native-relocation	LIBETC.LIB	INTR	.bss	0x8005001c	0x694	.bss + 0x10048	LIBETC.LIB	INTR	0x80050020	0x800642e8	matched native reference establishes module ownership; private identity and complete layout remain WIP
GAME.EXE	0x800642f0	0x4	libetc_intr	native-object-field	LIBETC.LIB	INTR	.bss	0x8005003c	0x6b4	IntCallback at 0x800642f0	LIBETC.LIB	INTR	0x80050040	0x80064318	field inside individually bound native object; seed width retained; no blanket section-base inference
GAME.EXE	0x800642f4	0x4	libetc_intr	native-object-field	LIBETC.LIB	INTR	.bss	0x8005003c	0x6b4	IntCallback at 0x800642f0	LIBETC.LIB	INTR	0x80050040	0x80064318	field inside individually bound native object; seed width retained; no blanket section-base inference
GAME.EXE	0x80064314	0x4	libetc_intr	native-object-field	LIBETC.LIB	INTR	.bss	0x8005003c	0x6b4	IntCallback at 0x800642f0	LIBETC.LIB	INTR	0x80050040	0x80064318	field inside individually bound native object; seed width retained; no blanket section-base inference
GAME.EXE	0x80064318	0x4	libetc_intr	native-relocation	LIBETC.LIB	INTR	.bss	0x8005003c	0x6b4	.bss + 0x10078	LIBETC.LIB	INTR	0x80050040	0x80064318	matched native reference establishes module ownership; private identity and complete layout remain WIP
GAME.EXE	0x80065070	0x2	libsnd_vmanager	native-relocation-in-matched-block	LIBSND.LIB	VMANAGER	.bss	0x800425b4	0x270	_svm_okon1	LIBSND.LIB	VMANAGER	0x800425b8	0x80065070	matched native reference establishes module ownership; private identity and complete layout remain WIP
GAME.EXE	0x80065078	0x2	libsnd_vmanager	native-relocation-in-matched-block	LIBSND.LIB	VMANAGER	.bss	0x800425bc	0x278	_svm_okon2	LIBSND.LIB	VMANAGER	0x800425c0	0x80065078	matched native reference establishes module ownership; private identity and complete layout remain WIP
GAME.EXE	0x80065080	0x4	libspu_s_ini	native-relocation	LIBSPU.LIB	S_INI	.bss	0x800418fc	0x398	_spu_rev_reserve_wa	LIBSPU.LIB	S_M_INT	0x80041900	0x80065080	matched native reference establishes module ownership; private identity and complete layout remain WIP
GAME.EXE	0x80065088	0x2	libsnd_vmanager	native-relocation-in-matched-block	LIBSND.LIB	VMANAGER	.bss	0x800425cc	0x288	_svm_orev1	LIBSND.LIB	VMANAGER	0x800425d0	0x80065088	matched native reference establishes module ownership; private identity and complete layout remain WIP
GAME.EXE	0x80065090	0x2	libsnd_vmanager	native-relocation-in-matched-block	LIBSND.LIB	VMANAGER	.bss	0x800425d4	0x290	_svm_orev2	LIBSND.LIB	VMANAGER	0x800425d8	0x80065090	matched native reference establishes module ownership; private identity and complete layout remain WIP
GAME.EXE	0x80065290	0x4	libspu_s_ini	native-relocation	LIBSPU.LIB	S_INI	.bss	0x800465a4	0x24	_spu_inTransfer	LIBSPU.LIB	S_ITC	0x800465a8	0x80065290	matched native reference establishes module ownership; private identity and complete layout remain WIP
GAME.EXE	0x80065298	0x4	libspu_s_ini	native-relocation	LIBSPU.LIB	S_INI	.bss	0x80046590	0x10	_spu_trans_mode	LIBSPU.LIB	S_ITC	0x80046594	0x80065298	matched native reference establishes module ownership; private identity and complete layout remain WIP
GAME.EXE	0x80069000	0x4	libspu_s_ini	native-relocation	LIBSPU.LIB	S_INI	.bss	0x80046550	0x7c	_spu_fd	LIBSPU.LIB	S_SR	0x80046554	0x80069000	matched native reference establishes module ownership; private identity and complete layout remain WIP
GAME.EXE	0x80069008	0x4	libsnd_vmanager	native-relocation	LIBSND.LIB	VMANAGER	.bss	0x80043958	0x1674	_svm_pg	LIBSND.LIB	VMANAGER	0x8004395c	0x80069008	matched native reference establishes module ownership; private identity and complete layout remain WIP
GAME.EXE	0x8006b728	0x4	libsnd_vmanager	native-relocation	LIBSND.LIB	VMANAGER	.bss	0x80043950	0x166c	_svm_vh	LIBSND.LIB	VMANAGER	0x80043954	0x8006b728	matched native reference establishes module ownership; private identity and complete layout remain WIP
GAME.EXE	0x8006bd70	0x4	libsnd_vmanager	native-relocation	LIBSND.LIB	VMANAGER	.bss	0x80043960	0x167c	_svm_tn	LIBSND.LIB	VMANAGER	0x80043964	0x8006bd70	matched native reference establishes module ownership; private identity and complete layout remain WIP
GAME.EXE	0x8006bd90	0x4	libspu_s_ini	reviewed-retail-family	LIBSPU.LIB	S_INI		SpuInit		0x8006bd90	LIBSPU.LIB	S_INI			additional retail SPU initialization state cleared by SpuInit
GAME.EXE	0x80098010	0x4	libcd_bios	native-relocation	LIBCD.LIB	BIOS	.bss	0x8003ada4	0x138	CD_cbread	LIBCD.LIB	SYS	0x8003ada8	0x80098010	matched native reference establishes module ownership; private identity and complete layout remain WIP
GAME.EXE	0x8009a738	0x4	libspu_s_ini	native-relocation	LIBSPU.LIB	S_INI	.bss	0x800464fc	0x28	_spu_rev_flag	LIBSPU.LIB	S_SR	0x80046500	0x8009a738	matched native reference establishes module ownership; private identity and complete layout remain WIP
GAME.EXE	0x8009a740	0x4	libsnd_ssinit	native-relocation	LIBSND.LIB	SSINIT	.bss	0x8003e604	0x2bc	_snd_seq_tick_mode	LIBSND.LIB	SSINIT	0x8003e608	0x8009a740	matched native reference establishes module ownership; private identity and complete layout remain WIP
GAME.EXE	0x8009ce58	0x4	libcd_bios	native-relocation	LIBCD.LIB	BIOS	.bss	0x8003ad74	0x108	CD_cbsync	LIBCD.LIB	SYS	0x8003ad78	0x8009ce58	matched native reference establishes module ownership; private identity and complete layout remain WIP
GAME.EXE	0x800a0760	0x4	libcd_bios	native-relocation	LIBCD.LIB	BIOS	.bss	0x8003ad8c	0x120	CD_cbready	LIBCD.LIB	SYS	0x8003ad90	0x800a0760	matched native reference establishes module ownership; private identity and complete layout remain WIP
GAME.EXE	0x800a0860	0x4	libspu_s_ini	native-relocation	LIBSPU.LIB	S_INI	.bss	0x8003eb24	0x194	_spu_EVdma	LIBSPU.LIB	S_INI	0x8003eb28	0x800a0860	matched native reference establishes module ownership; private identity and complete layout remain WIP
GAME.EXE	0x800a0868	0x4	libspu_s_ini	native-relocation	LIBSPU.LIB	S_INI	.bss	0x80041918	0x3b4	_spu_rev_offsetaddr	LIBSPU.LIB	S_M_INT	0x8004191c	0x800a0868	matched native reference establishes module ownership; private identity and complete layout remain WIP
GAME.EXE	0x800a0870	0x2	libsnd_vmanager	native-relocation-in-matched-block	LIBSND.LIB	VMANAGER	.bss	0x800425c4	0x280	_svm_okof1	LIBSND.LIB	VMANAGER	0x800425c8	0x800a0870	matched native reference establishes module ownership; private identity and complete layout remain WIP
GAME.EXE	0x800a0878	0x2	libsnd_vmanager	native-relocation-in-matched-block	LIBSND.LIB	VMANAGER	.bss	0x80043fc0	0x1d88	_svm_okon2	LIBSND.LIB	VMANAGER	0x80043fc4	0x800a0878	matched native reference establishes module ownership; private identity and complete layout remain WIP
OPEN.EXE	0x80035a84	0x4	libcd_bios	native-relocation	LIBCD.LIB	BIOS	.data	0x8001aad4	0x48	CD_comstr	LIBCD.LIB	SYS	0x8001aad8	0x80035a84	matched native reference establishes module ownership; private identity and complete layout remain WIP
OPEN.EXE	0x80035a88	0x4	libcd_bios	initialized-section	LIBCD.LIB	BIOS	.data	0x8001aad4	0x48	.data base 0x80035a84, extent 0x214	LIBCD.LIB	SYS	0x8001aad8	0x80035a84	fixed initialized bytes and native relocations reviewed
OPEN.EXE	0x80035a8c	0x4	libcd_bios	initialized-section	LIBCD.LIB	BIOS	.data	0x8001aad4	0x48	.data base 0x80035a84, extent 0x214	LIBCD.LIB	SYS	0x8001aad8	0x80035a84	fixed initialized bytes and native relocations reviewed
OPEN.EXE	0x80035a90	0x4	libcd_bios	initialized-section	LIBCD.LIB	BIOS	.data	0x8001aad4	0x48	.data base 0x80035a84, extent 0x214	LIBCD.LIB	SYS	0x8001aad8	0x80035a84	fixed initialized bytes and native relocations reviewed
OPEN.EXE	0x80035a94	0x4	libcd_bios	initialized-section	LIBCD.LIB	BIOS	.data	0x8001aad4	0x48	.data base 0x80035a84, extent 0x214	LIBCD.LIB	SYS	0x8001aad8	0x80035a84	fixed initialized bytes and native relocations reviewed
OPEN.EXE	0x80035a98	0x4	libcd_bios	initialized-section	LIBCD.LIB	BIOS	.data	0x8001aad4	0x48	.data base 0x80035a84, extent 0x214	LIBCD.LIB	SYS	0x8001aad8	0x80035a84	fixed initialized bytes and native relocations reviewed
OPEN.EXE	0x80035a9c	0x4	libcd_bios	initialized-section	LIBCD.LIB	BIOS	.data	0x8001aad4	0x48	.data base 0x80035a84, extent 0x214	LIBCD.LIB	SYS	0x8001aad8	0x80035a84	fixed initialized bytes and native relocations reviewed
OPEN.EXE	0x80035aa0	0x4	libcd_bios	initialized-section	LIBCD.LIB	BIOS	.data	0x8001aad4	0x48	.data base 0x80035a84, extent 0x214	LIBCD.LIB	SYS	0x8001aad8	0x80035a84	fixed initialized bytes and native relocations reviewed
OPEN.EXE	0x80035aa4	0x4	libcd_bios	initialized-section	LIBCD.LIB	BIOS	.data	0x8001aad4	0x48	.data base 0x80035a84, extent 0x214	LIBCD.LIB	SYS	0x8001aad8	0x80035a84	fixed initialized bytes and native relocations reviewed
OPEN.EXE	0x80035aa8	0x4	libcd_bios	initialized-section	LIBCD.LIB	BIOS	.data	0x8001aad4	0x48	.data base 0x80035a84, extent 0x214	LIBCD.LIB	SYS	0x8001aad8	0x80035a84	fixed initialized bytes and native relocations reviewed
OPEN.EXE	0x80035aac	0x4	libcd_bios	initialized-section	LIBCD.LIB	BIOS	.data	0x8001aad4	0x48	.data base 0x80035a84, extent 0x214	LIBCD.LIB	SYS	0x8001aad8	0x80035a84	fixed initialized bytes and native relocations reviewed
OPEN.EXE	0x80035ab0	0x4	libcd_bios	initialized-section	LIBCD.LIB	BIOS	.data	0x8001aad4	0x48	.data base 0x80035a84, extent 0x214	LIBCD.LIB	SYS	0x8001aad8	0x80035a84	fixed initialized bytes and native relocations reviewed
OPEN.EXE	0x80035ab4	0x4	libcd_bios	initialized-section	LIBCD.LIB	BIOS	.data	0x8001aad4	0x48	.data base 0x80035a84, extent 0x214	LIBCD.LIB	SYS	0x8001aad8	0x80035a84	fixed initialized bytes and native relocations reviewed
OPEN.EXE	0x80035ab8	0x4	libcd_bios	initialized-section	LIBCD.LIB	BIOS	.data	0x8001aad4	0x48	.data base 0x80035a84, extent 0x214	LIBCD.LIB	SYS	0x8001aad8	0x80035a84	fixed initialized bytes and native relocations reviewed
OPEN.EXE	0x80035abc	0x4	libcd_bios	initialized-section	LIBCD.LIB	BIOS	.data	0x8001aad4	0x48	.data base 0x80035a84, extent 0x214	LIBCD.LIB	SYS	0x8001aad8	0x80035a84	fixed initialized bytes and native relocations reviewed
OPEN.EXE	0x80035ac0	0x4	libcd_bios	initialized-section	LIBCD.LIB	BIOS	.data	0x8001aad4	0x48	.data base 0x80035a84, extent 0x214	LIBCD.LIB	SYS	0x8001aad8	0x80035a84	fixed initialized bytes and native relocations reviewed
OPEN.EXE	0x80035ac4	0x4	libcd_bios	initialized-section	LIBCD.LIB	BIOS	.data	0x8001aad4	0x48	.data base 0x80035a84, extent 0x214	LIBCD.LIB	SYS	0x8001aad8	0x80035a84	fixed initialized bytes and native relocations reviewed
OPEN.EXE	0x80035ac8	0x4	libcd_bios	initialized-section	LIBCD.LIB	BIOS	.data	0x8001aad4	0x48	.data base 0x80035a84, extent 0x214	LIBCD.LIB	SYS	0x8001aad8	0x80035a84	fixed initialized bytes and native relocations reviewed
OPEN.EXE	0x80035acc	0x4	libcd_bios	initialized-section	LIBCD.LIB	BIOS	.data	0x8001aad4	0x48	.data base 0x80035a84, extent 0x214	LIBCD.LIB	SYS	0x8001aad8	0x80035a84	fixed initialized bytes and native relocations reviewed
OPEN.EXE	0x80035ad0	0x4	libcd_bios	initialized-section	LIBCD.LIB	BIOS	.data	0x8001aad4	0x48	.data base 0x80035a84, extent 0x214	LIBCD.LIB	SYS	0x8001aad8	0x80035a84	fixed initialized bytes and native relocations reviewed
OPEN.EXE	0x80035ad4	0x4	libcd_bios	initialized-section	LIBCD.LIB	BIOS	.data	0x8001aad4	0x48	.data base 0x80035a84, extent 0x214	LIBCD.LIB	SYS	0x8001aad8	0x80035a84	fixed initialized bytes and native relocations reviewed
OPEN.EXE	0x80035ad8	0x4	libcd_bios	initialized-section	LIBCD.LIB	BIOS	.data	0x8001aad4	0x48	.data base 0x80035a84, extent 0x214	LIBCD.LIB	SYS	0x8001aad8	0x80035a84	fixed initialized bytes and native relocations reviewed
OPEN.EXE	0x80035adc	0x4	libcd_bios	initialized-section	LIBCD.LIB	BIOS	.data	0x8001aad4	0x48	.data base 0x80035a84, extent 0x214	LIBCD.LIB	SYS	0x8001aad8	0x80035a84	fixed initialized bytes and native relocations reviewed
OPEN.EXE	0x80035ae0	0x4	libcd_bios	initialized-section	LIBCD.LIB	BIOS	.data	0x8001aad4	0x48	.data base 0x80035a84, extent 0x214	LIBCD.LIB	SYS	0x8001aad8	0x80035a84	fixed initialized bytes and native relocations reviewed
OPEN.EXE	0x80035ae4	0x4	libcd_bios	initialized-section	LIBCD.LIB	BIOS	.data	0x8001aad4	0x48	.data base 0x80035a84, extent 0x214	LIBCD.LIB	SYS	0x8001aad8	0x80035a84	fixed initialized bytes and native relocations reviewed
OPEN.EXE	0x80035ae8	0x4	libcd_bios	initialized-section	LIBCD.LIB	BIOS	.data	0x8001aad4	0x48	.data base 0x80035a84, extent 0x214	LIBCD.LIB	SYS	0x8001aad8	0x80035a84	fixed initialized bytes and native relocations reviewed
OPEN.EXE	0x80035aec	0x4	libcd_bios	initialized-section	LIBCD.LIB	BIOS	.data	0x8001aad4	0x48	.data base 0x80035a84, extent 0x214	LIBCD.LIB	SYS	0x8001aad8	0x80035a84	fixed initialized bytes and native relocations reviewed
OPEN.EXE	0x80035af0	0x4	libcd_bios	initialized-section	LIBCD.LIB	BIOS	.data	0x8001aad4	0x48	.data base 0x80035a84, extent 0x214	LIBCD.LIB	SYS	0x8001aad8	0x80035a84	fixed initialized bytes and native relocations reviewed
OPEN.EXE	0x80035af4	0x4	libcd_bios	initialized-section	LIBCD.LIB	BIOS	.data	0x8001aad4	0x48	.data base 0x80035a84, extent 0x214	LIBCD.LIB	SYS	0x8001aad8	0x80035a84	fixed initialized bytes and native relocations reviewed
OPEN.EXE	0x80035af8	0x4	libcd_bios	native-relocation	LIBCD.LIB	BIOS	.data	0x8001ab0c	0x80	CD_intstr	LIBCD.LIB	SYS	0x8001ab10	0x80035af8	matched native reference establishes module ownership; private identity and complete layout remain WIP
OPEN.EXE	0x80035afc	0x4	libcd_bios	initialized-section	LIBCD.LIB	BIOS	.data	0x8001aad4	0x48	.data base 0x80035a84, extent 0x214	LIBCD.LIB	SYS	0x8001aad8	0x80035a84	fixed initialized bytes and native relocations reviewed
OPEN.EXE	0x80035b00	0x4	libcd_bios	initialized-section	LIBCD.LIB	BIOS	.data	0x8001aad4	0x48	.data base 0x80035a84, extent 0x214	LIBCD.LIB	SYS	0x8001aad8	0x80035a84	fixed initialized bytes and native relocations reviewed
OPEN.EXE	0x80035b04	0x4	libcd_bios	initialized-section	LIBCD.LIB	BIOS	.data	0x8001aad4	0x48	.data base 0x80035a84, extent 0x214	LIBCD.LIB	SYS	0x8001aad8	0x80035a84	fixed initialized bytes and native relocations reviewed
OPEN.EXE	0x80035b08	0x4	libcd_bios	initialized-section	LIBCD.LIB	BIOS	.data	0x8001aad4	0x48	.data base 0x80035a84, extent 0x214	LIBCD.LIB	SYS	0x8001aad8	0x80035a84	fixed initialized bytes and native relocations reviewed
OPEN.EXE	0x80035b0c	0x4	libcd_bios	initialized-section	LIBCD.LIB	BIOS	.data	0x8001aad4	0x48	.data base 0x80035a84, extent 0x214	LIBCD.LIB	SYS	0x8001aad8	0x80035a84	fixed initialized bytes and native relocations reviewed
OPEN.EXE	0x80035b10	0x4	libcd_bios	initialized-section	LIBCD.LIB	BIOS	.data	0x8001aad4	0x48	.data base 0x80035a84, extent 0x214	LIBCD.LIB	SYS	0x8001aad8	0x80035a84	fixed initialized bytes and native relocations reviewed
OPEN.EXE	0x80035b14	0x4	libcd_bios	initialized-section	LIBCD.LIB	BIOS	.data	0x8001aad4	0x48	.data base 0x80035a84, extent 0x214	LIBCD.LIB	SYS	0x8001aad8	0x80035a84	fixed initialized bytes and native relocations reviewed
OPEN.EXE	0x80035cd8	0x4	libspu_s_srmp	native-relocation-in-matched-block	LIBSPU.LIB	S_SRMP	.data	0x8001e860	0x90	_spu_rev_startaddr	LIBSPU.LIB	S_INI	0x8001e864	0x80035cd8	matched native reference establishes module ownership; private identity and complete layout remain WIP
OPEN.EXE	0x800361bc	0x4	libgte_msc	native-relocation	LIBGTE.LIB	MSC	.data	0x8002c5f8	0x340	.data + 0x4	LIBGTE.LIB	MSC	0x8002c5fc	0x800361bc	matched native reference establishes module ownership; private identity and complete layout remain WIP
OPEN.EXE	0x800361c4	0x4	libgte_msc	native-relocation	LIBGTE.LIB	MSC	.data	0x8002c5e8	0x330	.data + 0xc	LIBGTE.LIB	MSC	0x8002c5ec	0x800361c4	matched native reference establishes module ownership; private identity and complete layout remain WIP
OPEN.EXE	0x800361c8	0x4	libgte_msc	native-relocation	LIBGTE.LIB	MSC	.data	0x8002c5f0	0x338	.data + 0x10	LIBGTE.LIB	MSC	0x8002c5f4	0x800361c8	matched native reference establishes module ownership; private identity and complete layout remain WIP
OPEN.EXE	0x80037244	0x4	libgpu_sprintf	native-relocation	LIBGPU.LIB	SPRINTF	.data	0x80034aa0	0x9c	.data	LIBGPU.LIB	SPRINTF	0x80034aa4	0x80037244	matched native reference establishes module ownership; private identity and complete layout remain WIP
OPEN.EXE	0x80037248	0x4	libgpu_sprintf	initialized-section	LIBGPU.LIB	SPRINTF	.data	0x80034aa0	0x9c	.data base 0x80037244, extent 0xc	LIBGPU.LIB	SPRINTF	0x80034aa4	0x80037244	fixed initialized bytes and native relocations reviewed
OPEN.EXE	0x8003724c	0x4	libgpu_sprintf	initialized-section	LIBGPU.LIB	SPRINTF	.data	0x80034aa0	0x9c	.data base 0x80037244, extent 0xc	LIBGPU.LIB	SPRINTF	0x80034aa4	0x80037244	fixed initialized bytes and native relocations reviewed
OPEN.EXE	0x80037314	0x4	libcd_bios	native-relocation	LIBCD.LIB	BIOS	.sdata	0x8001aaac	0x20	CD_debug	LIBCD.LIB	SYS	0x8001aab0	0x80037314	matched native reference establishes module ownership; private identity and complete layout remain WIP
OPEN.EXE	0x8003736f	0x1	libcd_bios	native-relocation	LIBCD.LIB	BIOS	.sdata	0x8001b8a4	0x62c	.sdata + 0x64	LIBCD.LIB	BIOS	0x8001b8a8	0x8003736f	matched native reference establishes module ownership; private identity and complete layout remain WIP
OPEN.EXE	0x80037370	0x4	libcd_bios	native-relocation	LIBCD.LIB	BIOS	.sdata	0x8001bb34	0x8bc	.sdata + 0x60	LIBCD.LIB	BIOS	0x8001bb38	0x80037370	matched native reference establishes module ownership; private identity and complete layout remain WIP
OPEN.EXE	0x80037374	0x4	libcd_bios	initialized-section	LIBCD.LIB	BIOS	.sdata	0x8001aaac	0x20	.sdata base 0x80037310, extent 0xa4	LIBCD.LIB	SYS	0x8001aab0	0x80037314	fixed initialized bytes and native relocations reviewed
OPEN.EXE	0x80037378	0x4	libcd_bios	native-relocation	LIBCD.LIB	BIOS	.sdata	0x8001bfdc	0xca4	.sdata + 0x68	LIBCD.LIB	BIOS	0x8001bfe0	0x80037378	matched native reference establishes module ownership; private identity and complete layout remain WIP
OPEN.EXE	0x8003737c	0x4	libcd_bios	native-relocation	LIBCD.LIB	BIOS	.sdata	0x8001c024	0xcec	.sdata + 0x6c	LIBCD.LIB	BIOS	0x8001c028	0x8003737c	matched native reference establishes module ownership; private identity and complete layout remain WIP
OPEN.EXE	0x80037380	0x4	libcd_bios	native-relocation	LIBCD.LIB	BIOS	.sdata	0x8001bfec	0xcb4	.sdata + 0x70	LIBCD.LIB	BIOS	0x8001bff0	0x80037380	matched native reference establishes module ownership; private identity and complete layout remain WIP
OPEN.EXE	0x80037384	0x4	libcd_bios	native-relocation	LIBCD.LIB	BIOS	.sdata	0x8001c000	0xcc8	.sdata + 0x74	LIBCD.LIB	BIOS	0x8001c004	0x80037384	matched native reference establishes module ownership; private identity and complete layout remain WIP
OPEN.EXE	0x80037388	0x4	libcd_bios	native-relocation-in-matched-block	LIBCD.LIB	BIOS	.sdata	0x8001b7bc	0x548	.sdata + 0x78	LIBCD.LIB	BIOS	0x8001b7c0	0x80037388	matched native reference establishes module ownership; private identity and complete layout remain WIP
OPEN.EXE	0x8003739c	0x4	libcd_bios	native-relocation	LIBCD.LIB	BIOS	.sdata	0x8001c0f8	0xdc0	.sdata + 0x8c	LIBCD.LIB	BIOS	0x8001c0fc	0x8003739c	matched native reference establishes module ownership; private identity and complete layout remain WIP
OPEN.EXE	0x800373a0	0x4	libcd_bios	native-relocation	LIBCD.LIB	BIOS	.sdata	0x8001c10c	0xdd4	.sdata + 0x90	LIBCD.LIB	BIOS	0x8001c110	0x800373a0	matched native reference establishes module ownership; private identity and complete layout remain WIP
OPEN.EXE	0x800373a4	0x4	libcd_bios	native-relocation	LIBCD.LIB	BIOS	.sdata	0x8001c11c	0xde4	.sdata + 0x94	LIBCD.LIB	BIOS	0x8001c120	0x800373a4	matched native reference establishes module ownership; private identity and complete layout remain WIP
OPEN.EXE	0x800373a8	0x4	libcd_bios	native-relocation	LIBCD.LIB	BIOS	.sdata	0x8001c148	0xe10	.sdata + 0x98	LIBCD.LIB	BIOS	0x8001c14c	0x800373a8	matched native reference establishes module ownership; private identity and complete layout remain WIP
OPEN.EXE	0x800373ac	0x4	libcd_bios	native-relocation	LIBCD.LIB	BIOS	.sdata	0x8001c158	0xe20	.sdata + 0x9c	LIBCD.LIB	BIOS	0x8001c15c	0x800373ac	matched native reference establishes module ownership; private identity and complete layout remain WIP
OPEN.EXE	0x800373b0	0x4	libcd_bios	native-relocation	LIBCD.LIB	BIOS	.sdata	0x8001c070	0xd38	.sdata + 0xa0	LIBCD.LIB	BIOS	0x8001c074	0x800373b0	matched native reference establishes module ownership; private identity and complete layout remain WIP
OPEN.EXE	0x800373b4	0x4	libcd_iso9660	native-relocation-in-matched-block	LIBCD.LIB	ISO9660	.sdata	0x8001c648	0x18	.sdata	LIBCD.LIB	ISO9660	0x8001c64c	0x800373b4	matched native reference establishes module ownership; private identity and complete layout remain WIP
OPEN.EXE	0x800373c0	0x4	libcd_cdrom	native-relocation	LIBCD.LIB	CDROM	.sdata	0x8001d56c	0x480	.sdata	LIBCD.LIB	CDROM	0x8001d570	0x800373c0	matched native reference establishes module ownership; private identity and complete layout remain WIP
OPEN.EXE	0x800373c4	0x4	libcd_cdrom	native-relocation	LIBCD.LIB	CDROM	.sdata	0x8001d5d4	0x4e8	.sdata + 0x4	LIBCD.LIB	CDROM	0x8001d5d8	0x800373c4	matched native reference establishes module ownership; private identity and complete layout remain WIP
OPEN.EXE	0x800373c8	0x4	libcd_cdrom	initialized-section	LIBCD.LIB	CDROM	.sdata	0x8001d50c	0x420	.sdata base 0x800373c0, extent 0x6c	LIBCD.LIB	CDROM	0x8001d510	0x800373e0	fixed initialized bytes and native relocations reviewed
OPEN.EXE	0x800373cc	0x4	libcd_cdrom	native-relocation	LIBCD.LIB	CDROM	.sdata	0x8001d57c	0x490	.sdata + 0xc	LIBCD.LIB	CDROM	0x8001d580	0x800373cc	matched native reference establishes module ownership; private identity and complete layout remain WIP
OPEN.EXE	0x800373d0	0x4	libcd_cdrom	native-relocation	LIBCD.LIB	CDROM	.sdata	0x8001d730	0x644	.sdata + 0x10	LIBCD.LIB	CDROM	0x8001d734	0x800373d0	matched native reference establishes module ownership; private identity and complete layout remain WIP
OPEN.EXE	0x800373d4	0x4	libcd_cdrom	native-relocation	LIBCD.LIB	CDROM	.sdata	0x8001d744	0x658	.sdata + 0x14	LIBCD.LIB	CDROM	0x8001d748	0x800373d4	matched native reference establishes module ownership; private identity and complete layout remain WIP
OPEN.EXE	0x800373d8	0x4	libcd_cdrom	native-relocation	LIBCD.LIB	CDROM	.sdata	0x8001d674	0x588	.sdata + 0x18	LIBCD.LIB	CDROM	0x8001d678	0x800373d8	matched native reference establishes module ownership; private identity and complete layout remain WIP
OPEN.EXE	0x800373dc	0x4	libcd_cdrom	native-relocation	LIBCD.LIB	CDROM	.sdata	0x8001d684	0x598	.sdata + 0x1c	LIBCD.LIB	CDROM	0x8001d688	0x800373dc	matched native reference establishes module ownership; private identity and complete layout remain WIP
OPEN.EXE	0x800373e0	0x4	libcd_cdrom	native-relocation	LIBCD.LIB	CDROM	.sdata	0x8001d50c	0x420	.sdata + 0x20	LIBCD.LIB	CDROM	0x8001d510	0x800373e0	matched native reference establishes module ownership; private identity and complete layout remain WIP
OPEN.EXE	0x800373e4	0x4	libcd_cdrom	initialized-section	LIBCD.LIB	CDROM	.sdata	0x8001d50c	0x420	.sdata base 0x800373c0, extent 0x6c	LIBCD.LIB	CDROM	0x8001d510	0x800373e0	fixed initialized bytes and native relocations reviewed
OPEN.EXE	0x800373e8	0x4	libcd_cdrom	initialized-section	LIBCD.LIB	CDROM	.sdata	0x8001d50c	0x420	.sdata base 0x800373c0, extent 0x6c	LIBCD.LIB	CDROM	0x8001d510	0x800373e0	fixed initialized bytes and native relocations reviewed
OPEN.EXE	0x800373ec	0x4	libcd_cdrom	initialized-section	LIBCD.LIB	CDROM	.sdata	0x8001d50c	0x420	.sdata base 0x800373c0, extent 0x6c	LIBCD.LIB	CDROM	0x8001d510	0x800373e0	fixed initialized bytes and native relocations reviewed
OPEN.EXE	0x800373f0	0x4	libcd_cdrom	native-relocation	LIBCD.LIB	CDROM	.sdata	0x8001d668	0x57c	.sdata + 0x30	LIBCD.LIB	CDROM	0x8001d66c	0x800373f0	matched native reference establishes module ownership; private identity and complete layout remain WIP
OPEN.EXE	0x800373f4	0x4	libcd_cdrom	initialized-section	LIBCD.LIB	CDROM	.sdata	0x8001d50c	0x420	.sdata base 0x800373c0, extent 0x6c	LIBCD.LIB	CDROM	0x8001d510	0x800373e0	fixed initialized bytes and native relocations reviewed
OPEN.EXE	0x800373f8	0x4	libcd_cdrom	initialized-section	LIBCD.LIB	CDROM	.sdata	0x8001d50c	0x420	.sdata base 0x800373c0, extent 0x6c	LIBCD.LIB	CDROM	0x8001d510	0x800373e0	fixed initialized bytes and native relocations reviewed
OPEN.EXE	0x800373fc	0x4	libcd_cdrom	initialized-section	LIBCD.LIB	CDROM	.sdata	0x8001d50c	0x420	.sdata base 0x800373c0, extent 0x6c	LIBCD.LIB	CDROM	0x8001d510	0x800373e0	fixed initialized bytes and native relocations reviewed
OPEN.EXE	0x80037404	0x4	libcd_cdrom	native-relocation	LIBCD.LIB	CDROM	.sdata	0x8001d640	0x554	.sdata + 0x44	LIBCD.LIB	CDROM	0x8001d644	0x80037404	matched native reference establishes module ownership; private identity and complete layout remain WIP
OPEN.EXE	0x80037408	0x4	libcd_cdrom	native-relocation	LIBCD.LIB	CDROM	.sdata	0x8001d658	0x56c	.sdata + 0x48	LIBCD.LIB	CDROM	0x8001d65c	0x80037408	matched native reference establishes module ownership; private identity and complete layout remain WIP
OPEN.EXE	0x8003742c	0x4	libspu_s_ini	native-relocation	LIBSPU.LIB	S_INI	.sdata	0x8001e91c	0x16c	.sdata	LIBSPU.LIB	S_INI	0x8001e920	0x8003742c	matched native reference establishes module ownership; private identity and complete layout remain WIP
OPEN.EXE	0x80037438	0x4	libspu_spu	native-relocation	LIBSPU.LIB	SPU	.sdata	0x8001ea74	0x100	.sdata	LIBSPU.LIB	SPU	0x8001ea78	0x80037438	matched native reference establishes module ownership; private identity and complete layout remain WIP
OPEN.EXE	0x8003743c	0x4	libspu_spu	native-relocation	LIBSPU.LIB	SPU	.sdata	0x80020dd8	0x1da0	.sdata + 0x4	LIBSPU.LIB	SPU	0x80020ddc	0x8003743c	matched native reference establishes module ownership; private identity and complete layout remain WIP
OPEN.EXE	0x80037440	0x4	libspu_spu	native-relocation	LIBSPU.LIB	SPU	.sdata	0x80020df8	0x1dc0	.sdata + 0x8	LIBSPU.LIB	SPU	0x80020dfc	0x80037440	matched native reference establishes module ownership; private identity and complete layout remain WIP
OPEN.EXE	0x80037444	0x4	libspu_spu	native-relocation	LIBSPU.LIB	SPU	.sdata	0x80020e38	0x1e00	.sdata + 0xc	LIBSPU.LIB	SPU	0x80020e3c	0x80037444	matched native reference establishes module ownership; private identity and complete layout remain WIP
OPEN.EXE	0x80037448	0x4	libspu_spu	native-relocation	LIBSPU.LIB	SPU	.sdata	0x8001ea34	0xc0	.sdata + 0x10	LIBSPU.LIB	SPU	0x8001ea38	0x80037448	matched native reference establishes module ownership; private identity and complete layout remain WIP
OPEN.EXE	0x8003744c	0x4	libspu_spu	native-relocation	LIBSPU.LIB	SPU	.sdata	0x80020d94	0x1d5c	.sdata + 0x14	LIBSPU.LIB	SPU	0x80020d98	0x8003744c	matched native reference establishes module ownership; private identity and complete layout remain WIP
OPEN.EXE	0x80037450	0x4	libspu_spu	native-relocation	LIBSPU.LIB	SPU	.sdata	0x8001e97c	0x0	.sdata + 0x18	LIBSPU.LIB	SPU	0x8001e980	0x80037450	matched native reference establishes module ownership; private identity and complete layout remain WIP
OPEN.EXE	0x80037454	0x4	libspu_s_srmp	native-relocation-in-matched-block	LIBSPU.LIB	S_SRMP	.sdata	0x800212c8	0x400	.sdata	LIBSPU.LIB	S_SRMP	0x800212cc	0x80037454	matched native reference establishes module ownership; private identity and complete layout remain WIP
OPEN.EXE	0x80037458	0x4	libspu_s_m_int	native-relocation	LIBSPU.LIB	S_M_INT	.sdata	0x80021694	0x310	.sdata	LIBSPU.LIB	S_M_INT	0x80021698	0x80037458	matched native reference establishes module ownership; private identity and complete layout remain WIP
OPEN.EXE	0x8003745c	0x4	libspu_s_m_int	native-relocation	LIBSPU.LIB	S_M_INT	.sdata	0x800216b8	0x334	.sdata + 0x4	LIBSPU.LIB	S_M_INT	0x800216bc	0x8003745c	matched native reference establishes module ownership; private identity and complete layout remain WIP
OPEN.EXE	0x80037460	0x4	libspu_s_m_int	native-relocation	LIBSPU.LIB	S_M_INT	.sdata	0x80021384	0x0	.sdata + 0x8	LIBSPU.LIB	S_M_INT	0x80021388	0x80037460	matched native reference establishes module ownership; private identity and complete layout remain WIP
OPEN.EXE	0x80037464	0x2	libsnd_vmanager	native-relocation	LIBSND.LIB	VMANAGER	.sdata	0x8002370c	0x1608	.sdata	LIBSND.LIB	VMANAGER	0x80023710	0x80037464	matched native reference establishes module ownership; private identity and complete layout remain WIP
OPEN.EXE	0x80037468	0x4	libsnd_vmanager	native-relocation	LIBSND.LIB	VMANAGER	.sdata	0x800232e0	0x11d8	.sdata + 0x4	LIBSND.LIB	VMANAGER	0x800232e4	0x80037468	matched native reference establishes module ownership; private identity and complete layout remain WIP
OPEN.EXE	0x8003746c	0x2	libsnd_vmanager	native-relocation	LIBSND.LIB	VMANAGER	.sdata	0x8002217c	0x14	.sdata + 0x8	LIBSND.LIB	VMANAGER	0x80022180	0x8003746c	matched native reference establishes module ownership; private identity and complete layout remain WIP
OPEN.EXE	0x8003746e	0x2	libsnd_vmanager	native-relocation	LIBSND.LIB	VMANAGER	.sdata	0x8002219c	0x34	.sdata + 0xa	LIBSND.LIB	VMANAGER	0x800221a0	0x8003746e	matched native reference establishes module ownership; private identity and complete layout remain WIP
OPEN.EXE	0x8003747c	0x4	libetc_intr	reviewed-retail-family	LIBETC.LIB	INTR		ResetCallback		0x8003747c	LIBETC.LIB	INTR			initialization flag read and written by ResetCallback/StopCallback
OPEN.EXE	0x80037480	0x4	libetc_intr	reviewed-retail-family	LIBETC.LIB	INTR		intInit		0x80037480	LIBETC.LIB	INTR			interrupt register-address group; raw four-word native/retail comparison; intInit uses the group
OPEN.EXE	0x80037484	0x4	libetc_intr	reviewed-retail-family	LIBETC.LIB	INTR		intInit		0x80037480	LIBETC.LIB	INTR			interrupt register-address group; raw four-word native/retail comparison; intInit uses the group
OPEN.EXE	0x80037488	0x4	libetc_intr	reviewed-retail-family	LIBETC.LIB	INTR		intInit		0x80037480	LIBETC.LIB	INTR			interrupt register-address group; raw four-word native/retail comparison; intInit uses the group
OPEN.EXE	0x8003748c	0x4	libetc_intr	reviewed-retail-family	LIBETC.LIB	INTR		intInit		0x80037480	LIBETC.LIB	INTR			interrupt register-address group; raw four-word native/retail comparison; intInit uses the group
OPEN.EXE	0x80037494	0x4	libetc_intr	reviewed-retail-family	LIBETC.LIB	INTR		critical_section_set		0x80037494	LIBETC.LIB	INTR			retail LIBETC interrupt-tail helper reads and writes the saved critical-section state
OPEN.EXE	0x80037498	0x4	libgpu_sys	native-relocation	LIBGPU.LIB	SYS	.sdata	0x80030540	0x348	.sdata	LIBGPU.LIB	SYS	0x80030544	0x80037498	matched native reference establishes module ownership; private identity and complete layout remain WIP
OPEN.EXE	0x8003749c	0x4	libgpu_sys	native-relocation	LIBGPU.LIB	SYS	.sdata	0x800304d4	0x2dc	.sdata + 0x4	LIBGPU.LIB	SYS	0x800304d8	0x8003749c	matched native reference establishes module ownership; private identity and complete layout remain WIP
OPEN.EXE	0x800374a8	0x4	libgpu_sys	native-relocation	LIBGPU.LIB	SYS	.sdata	0x800304cc	0x2d4	.sdata + 0x10	LIBGPU.LIB	SYS	0x800304d0	0x800374a8	matched native reference establishes module ownership; private identity and complete layout remain WIP
OPEN.EXE	0x800374b4	0x4	libgpu_sys	native-relocation	LIBGPU.LIB	SYS	.sdata	0x80032388	0x2198	.sdata + 0x1c	LIBGPU.LIB	SYS	0x8003238c	0x800374b4	matched native reference establishes module ownership; private identity and complete layout remain WIP
OPEN.EXE	0x800374b8	0x4	libgpu_sys	native-relocation	LIBGPU.LIB	SYS	.sdata	0x80032374	0x2184	.sdata + 0x20	LIBGPU.LIB	SYS	0x80032378	0x800374b8	matched native reference establishes module ownership; private identity and complete layout remain WIP
OPEN.EXE	0x800374bc	0x4	libgpu_sys	native-relocation	LIBGPU.LIB	SYS	.sdata	0x80031a6c	0x1874	.sdata + 0x24	LIBGPU.LIB	SYS	0x80031a70	0x800374bc	matched native reference establishes module ownership; private identity and complete layout remain WIP
OPEN.EXE	0x800374c0	0x4	libgpu_sys	native-relocation	LIBGPU.LIB	SYS	.sdata	0x800319fc	0x1804	.sdata + 0x28	LIBGPU.LIB	SYS	0x80031a00	0x800374c0	matched native reference establishes module ownership; private identity and complete layout remain WIP
OPEN.EXE	0x800374c4	0x4	libgpu_sys	native-relocation	LIBGPU.LIB	SYS	.sdata	0x80031b20	0x1928	.sdata + 0x2c	LIBGPU.LIB	SYS	0x80031b24	0x800374c4	matched native reference establishes module ownership; private identity and complete layout remain WIP
OPEN.EXE	0x800374c8	0x4	libgpu_sys	native-relocation	LIBGPU.LIB	SYS	.sdata	0x80031b30	0x1938	.sdata + 0x30	LIBGPU.LIB	SYS	0x80031b34	0x800374c8	matched native reference establishes module ownership; private identity and complete layout remain WIP
OPEN.EXE	0x800374cc	0x4	libgpu_sys	native-relocation	LIBGPU.LIB	SYS	.sdata	0x80031b44	0x194c	.sdata + 0x34	LIBGPU.LIB	SYS	0x80031b48	0x800374cc	matched native reference establishes module ownership; private identity and complete layout remain WIP
OPEN.EXE	0x800374d0	0x4	libgpu_sys	native-relocation	LIBGPU.LIB	SYS	.sdata	0x80031600	0x1408	.sdata + 0x38	LIBGPU.LIB	SYS	0x80031604	0x800374d0	matched native reference establishes module ownership; private identity and complete layout remain WIP
OPEN.EXE	0x800374d4	0x4	libgpu_sys	native-relocation	LIBGPU.LIB	SYS	.sdata	0x80031614	0x141c	.sdata + 0x3c	LIBGPU.LIB	SYS	0x80031618	0x800374d4	matched native reference establishes module ownership; private identity and complete layout remain WIP
OPEN.EXE	0x800374d8	0x4	libgpu_sys	native-relocation	LIBGPU.LIB	SYS	.sdata	0x800315ec	0x13f4	.sdata + 0x40	LIBGPU.LIB	SYS	0x800315f0	0x800374d8	matched native reference establishes module ownership; private identity and complete layout remain WIP
OPEN.EXE	0x800374dc	0x4	libgpu_sys	native-relocation	LIBGPU.LIB	SYS	.sdata	0x800315a0	0x13a8	.sdata + 0x44	LIBGPU.LIB	SYS	0x800315a4	0x800374dc	matched native reference establishes module ownership; private identity and complete layout remain WIP
OPEN.EXE	0x800374e0	0x4	libgpu_sys	native-relocation-in-matched-block	LIBGPU.LIB	SYS	.sdata	0x80031f88	0x1db4	.sdata + 0x48	LIBGPU.LIB	SYS	0x80031f8c	0x800374e0	matched native reference establishes module ownership; private identity and complete layout remain WIP
OPEN.EXE	0x800374e4	0x4	libgpu_sys	native-relocation-in-matched-block	LIBGPU.LIB	SYS	.sdata	0x8003213c	0x1f4c	.sdata + 0x4c	LIBGPU.LIB	SYS	0x80032140	0x800374e4	matched native reference establishes module ownership; private identity and complete layout remain WIP
OPEN.EXE	0x800375c4	0x4	libgpu_vsync	reviewed-retail-family	LIBGPU.LIB	VSYNC		VSync		0x800375c4	LIBGPU.LIB	VSYNC			three hardware-register pointers and two runtime words; retail VSync accesses; native revision has a different group size
OPEN.EXE	0x800375c8	0x4	libgpu_vsync	reviewed-retail-family	LIBGPU.LIB	VSYNC		VSync		0x800375c4	LIBGPU.LIB	VSYNC			three hardware-register pointers and two runtime words; retail VSync accesses; native revision has a different group size
OPEN.EXE	0x800375cc	0x4	libgpu_vsync	reviewed-retail-family	LIBGPU.LIB	VSYNC		VSync		0x800375c4	LIBGPU.LIB	VSYNC			three hardware-register pointers and two runtime words; retail VSync accesses; native revision has a different group size
OPEN.EXE	0x800375d0	0x4	libgpu_vsync	reviewed-retail-family	LIBGPU.LIB	VSYNC		VSync		0x800375c4	LIBGPU.LIB	VSYNC			three hardware-register pointers and two runtime words; retail VSync accesses; native revision has a different group size
OPEN.EXE	0x800375d4	0x4	libgpu_vsync	reviewed-retail-family	LIBGPU.LIB	VSYNC		VSync		0x800375c4	LIBGPU.LIB	VSYNC			three hardware-register pointers and two runtime words; retail VSync accesses; native revision has a different group size
OPEN.EXE	0x800375f0	0x1	libcd_sys	native-relocation	LIBCD.LIB	SYS	.sbss	0x8001ac64	0x1d8	.sbss	LIBCD.LIB	SYS	0x8001ac68	0x800375f0	matched native reference establishes module ownership; private identity and complete layout remain WIP
OPEN.EXE	0x800375f1	0x1	libcd_sys	native-relocation	LIBCD.LIB	SYS	.sbss	0x8001ac74	0x1e8	.sbss + 0x1	LIBCD.LIB	SYS	0x8001ac78	0x800375f1	matched native reference establishes module ownership; private identity and complete layout remain WIP
OPEN.EXE	0x800375f2	0x1	libcd_sys	native-relocation	LIBCD.LIB	SYS	.sbss	0x8001ac84	0x1f8	.sbss + 0x2	LIBCD.LIB	SYS	0x8001ac88	0x800375f2	matched native reference establishes module ownership; private identity and complete layout remain WIP
OPEN.EXE	0x800375f8	0x1	libcd_bios	native-relocation	LIBCD.LIB	BIOS	.sbss	0x8001b33c	0x64	.sbss	LIBCD.LIB	BIOS	0x8001b340	0x800375f8	matched native reference establishes module ownership; private identity and complete layout remain WIP
OPEN.EXE	0x800375f9	0x1	libcd_bios	native-relocation-in-matched-block	LIBCD.LIB	BIOS	.sbss	0x8001b71c	0x4a8	.sbss + 0x1	LIBCD.LIB	BIOS	0x8001b720	0x800375f9	matched native reference establishes module ownership; private identity and complete layout remain WIP
OPEN.EXE	0x800375fa	0x1	libcd_bios	native-relocation-in-matched-block	LIBCD.LIB	BIOS	.sbss	0x8001b780	0x50c	.sbss + 0x2	LIBCD.LIB	BIOS	0x8001b784	0x800375fa	matched native reference establishes module ownership; private identity and complete layout remain WIP
OPEN.EXE	0x800375fb	0x1	libcd_bios	native-relocation-in-matched-block	LIBCD.LIB	BIOS	.sbss	0x8001b760	0x4ec	.sbss + 0x3	LIBCD.LIB	BIOS	0x8001b764	0x800375fb	matched native reference establishes module ownership; private identity and complete layout remain WIP
OPEN.EXE	0x800375fc	0x1	libcd_bios	native-relocation	LIBCD.LIB	BIOS	.sbss	0x8001bad8	0x860	.sbss + 0x4	LIBCD.LIB	BIOS	0x8001badc	0x800375fc	matched native reference establishes module ownership; private identity and complete layout remain WIP
OPEN.EXE	0x800375fd	0x1	libcd_bios	native-relocation	LIBCD.LIB	BIOS	.sbss	0x8001b868	0x5f0	.sbss + 0x5	LIBCD.LIB	BIOS	0x8001b86c	0x800375fd	matched native reference establishes module ownership; private identity and complete layout remain WIP
OPEN.EXE	0x800375ff	0x1	libcd_bios	native-object-field	LIBCD.LIB	BIOS	.sbss	0x8001b33c	0x64	Intr at 0x800375f8	LIBCD.LIB	BIOS	0x8001b340	0x800375f8	field inside individually bound native object; seed width retained; no blanket section-base inference
OPEN.EXE	0x80037600	0x4	libcd_bios	native-relocation	LIBCD.LIB	BIOS	.sbss	0x8001c1b4	0xe7c	.sbss + 0x18	LIBCD.LIB	BIOS	0x8001c1b8	0x80037600	matched native reference establishes module ownership; private identity and complete layout remain WIP
OPEN.EXE	0x80037608	0x4	libcd_bios	native-relocation	LIBCD.LIB	BIOS	.sbss	0x8001c1ac	0xe74	.sbss + 0x20	LIBCD.LIB	BIOS	0x8001c1b0	0x80037608	matched native reference establishes module ownership; private identity and complete layout remain WIP
OPEN.EXE	0x80037610	0x4	libcd_bios	native-relocation	LIBCD.LIB	BIOS	.sbss	0x8001c234	0xefc	.sbss + 0x28	LIBCD.LIB	BIOS	0x8001c238	0x80037610	matched native reference establishes module ownership; private identity and complete layout remain WIP
OPEN.EXE	0x80037618	0x4	libcd_iso9660	native-relocation	LIBCD.LIB	ISO9660	.sbss	0x8001cb68	0x53c	.sbss	LIBCD.LIB	ISO9660	0x8001cb6c	0x80037618	matched native reference establishes module ownership; private identity and complete layout remain WIP
OPEN.EXE	0x80037620	0x4	libcd_iso9660	native-relocation-in-matched-block	LIBCD.LIB	ISO9660	.sbss	0x8001c808	0x1d8	.sbss + 0x8	LIBCD.LIB	ISO9660	0x8001c80c	0x80037620	matched native reference establishes module ownership; private identity and complete layout remain WIP
OPEN.EXE	0x80037628	0x4	libcd_iso9660	native-relocation	LIBCD.LIB	ISO9660	.sbss	0x8001cb70	0x544	.sbss + 0x10	LIBCD.LIB	ISO9660	0x8001cb74	0x80037628	matched native reference establishes module ownership; private identity and complete layout remain WIP
OPEN.EXE	0x80037638	0x4	libcd_iso9660	native-relocation-in-matched-block	LIBCD.LIB	ISO9660	.sbss	0x8001c848	0x218	.sbss + 0x20	LIBCD.LIB	ISO9660	0x8001c84c	0x80037638	matched native reference establishes module ownership; private identity and complete layout remain WIP
OPEN.EXE	0x800376c0	0x4	libsnd_ssinit	native-relocation	LIBSND.LIB	SSINIT	.sbss	0x8001e734	0x5cc	.sbss	LIBSND.LIB	SSINIT	0x8001e738	0x800376c0	matched native reference establishes module ownership; private identity and complete layout remain WIP
OPEN.EXE	0x800376c8	0x4	libspu_spu	native-relocation	LIBSPU.LIB	SPU	.sbss	0x8001ea9c	0x128	.sbss	LIBSPU.LIB	SPU	0x8001eaa0	0x800376c8	matched native reference establishes module ownership; private identity and complete layout remain WIP
OPEN.EXE	0x800376d0	0x2	libspu_spu	native-relocation	LIBSPU.LIB	SPU	.sbss	0x8001ea5c	0xe8	.sbss + 0x8	LIBSPU.LIB	SPU	0x8001ea60	0x800376d0	matched native reference establishes module ownership; private identity and complete layout remain WIP
OPEN.EXE	0x800376d8	0x4	libspu_spu	native-relocation	LIBSPU.LIB	SPU	.sbss	0x8001ea4c	0xd8	.sbss + 0x10	LIBSPU.LIB	SPU	0x8001ea50	0x800376d8	matched native reference establishes module ownership; private identity and complete layout remain WIP
OPEN.EXE	0x800376e0	0x4	libspu_spu	native-relocation	LIBSPU.LIB	SPU	.sbss	0x8001ea54	0xe0	.sbss + 0x18	LIBSPU.LIB	SPU	0x8001ea58	0x800376e0	matched native reference establishes module ownership; private identity and complete layout remain WIP
OPEN.EXE	0x800376e8	0x4	libspu_spu	native-relocation	LIBSPU.LIB	SPU	.sbss	0x80020ac0	0x1b50	.sbss + 0x20	LIBSPU.LIB	SPU	0x80020ac4	0x800376e8	matched native reference establishes module ownership; private identity and complete layout remain WIP
OPEN.EXE	0x800376f0	0x4	libspu_spu	native-relocation	LIBSPU.LIB	SPU	.sbss	0x80020d7c	0x1d44	.sbss + 0x28	LIBSPU.LIB	SPU	0x80020d80	0x800376f0	matched native reference establishes module ownership; private identity and complete layout remain WIP
OPEN.EXE	0x800376f8	0x4	libspu_spu	native-relocation	LIBSPU.LIB	SPU	.sbss	0x80020d84	0x1d4c	.sbss + 0x30	LIBSPU.LIB	SPU	0x80020d88	0x800376f8	matched native reference establishes module ownership; private identity and complete layout remain WIP
OPEN.EXE	0x80037700	0x4	libspu_spu	native-relocation	LIBSPU.LIB	SPU	.sbss	0x80020da4	0x1d6c	.sbss + 0x38	LIBSPU.LIB	SPU	0x80020da8	0x80037700	matched native reference establishes module ownership; private identity and complete layout remain WIP
OPEN.EXE	0x80037710	0x4	libspu_s_m_int	native-relocation	LIBSPU.LIB	S_M_INT	.sbss	0x800216d4	0x350	.sbss	LIBSPU.LIB	S_M_INT	0x800216d8	0x80037710	matched native reference establishes module ownership; private identity and complete layout remain WIP
OPEN.EXE	0x80037718	0x4	libspu_s_m_int	native-relocation	LIBSPU.LIB	S_M_INT	.sbss	0x800213a4	0x20	.sbss + 0x8	LIBSPU.LIB	S_M_INT	0x800213a8	0x80037718	matched native reference establishes module ownership; private identity and complete layout remain WIP
OPEN.EXE	0x80037720	0x1	libsnd_vmanager	native-relocation	LIBSND.LIB	VMANAGER	.bss	0x80023400	0x12f8	spuVmMaxVoice	LIBSND.LIB	VMANAGER	0x80023404	0x80037720	matched native reference establishes module ownership; private identity and complete layout remain WIP
OPEN.EXE	0x80037728	0x2	libsnd_vmanager	native-relocation	LIBSND.LIB	VMANAGER	.sbss	0x80024444	0x2448	.sbss	LIBSND.LIB	VMANAGER	0x80024448	0x80037728	matched native reference establishes module ownership; private identity and complete layout remain WIP
OPEN.EXE	0x80037730	0x2	libsnd_vmanager	native-relocation	LIBSND.LIB	VMANAGER	.sbss	0x80022eac	0xd44	.sbss + 0x8	LIBSND.LIB	VMANAGER	0x80022eb0	0x80037730	matched native reference establishes module ownership; private identity and complete layout remain WIP
OPEN.EXE	0x80037738	0x4	libsnd_vmanager	reviewed-retail-family	LIBSND.LIB	VMANAGER		SpuVmInit/SpuVmAlloc/SpuVmFlush		0x80037738	LIBSND.LIB	VMANAGER			three voice-mask words initialized, allocated and flushed by VMANAGER
OPEN.EXE	0x80037740	0x4	libsnd_vmanager	reviewed-retail-family	LIBSND.LIB	VMANAGER		SpuVmInit/SpuVmAlloc/SpuVmFlush		0x80037738	LIBSND.LIB	VMANAGER			three voice-mask words initialized, allocated and flushed by VMANAGER
OPEN.EXE	0x80037748	0x4	libsnd_vmanager	reviewed-retail-family	LIBSND.LIB	VMANAGER		SpuVmInit/SpuVmAlloc/SpuVmFlush		0x80037738	LIBSND.LIB	VMANAGER			three voice-mask words initialized, allocated and flushed by VMANAGER
OPEN.EXE	0x80037770	0x4	libgpu_tmd	native-relocation	LIBGPU.LIB	TMD	.sbss	0x80032684	0x0	.sbss	LIBGPU.LIB	TMD	0x80032688	0x80037770	matched native reference establishes module ownership; private identity and complete layout remain WIP
OPEN.EXE	0x800379c0	0x1	libcd_bios	native-object-field	LIBCD.LIB	BIOS	.bss	0x8001b8d0	0x658	Result at 0x80037988	LIBCD.LIB	BIOS	0x8001b8d4	0x800379b0	field inside individually bound native object; seed width retained; no blanket section-base inference
OPEN.EXE	0x800379c1	0x1	libcd_bios	native-object-field	LIBCD.LIB	BIOS	.bss	0x8001b8d0	0x658	Result at 0x80037988	LIBCD.LIB	BIOS	0x8001b8d4	0x800379b0	field inside individually bound native object; seed width retained; no blanket section-base inference
OPEN.EXE	0x800379c8	0x4	libcd_iso9660	native-relocation-in-matched-block	LIBCD.LIB	ISO9660	.bss	0x8001c820	0x1f0	.bss	LIBCD.LIB	ISO9660	0x8001c824	0x800379c8	matched native reference establishes module ownership; private identity and complete layout remain WIP
OPEN.EXE	0x800379cc	0x4	libcd_iso9660	native-object-field	LIBCD.LIB	ISO9660	.bss	0x8001c820	0x1f0	file at 0x800379c8	LIBCD.LIB	ISO9660	0x8001c824	0x800379c8	field inside individually bound native object; seed width retained; no blanket section-base inference
OPEN.EXE	0x800379d0	0x4	libcd_iso9660	native-object-field	LIBCD.LIB	ISO9660	.bss	0x8001c820	0x1f0	file at 0x800379c8	LIBCD.LIB	ISO9660	0x8001c824	0x800379c8	field inside individually bound native object; seed width retained; no blanket section-base inference
OPEN.EXE	0x800379d4	0x4	libcd_iso9660	native-object-field	LIBCD.LIB	ISO9660	.bss	0x8001c820	0x1f0	file at 0x800379c8	LIBCD.LIB	ISO9660	0x8001c824	0x800379c8	field inside individually bound native object; seed width retained; no blanket section-base inference
OPEN.EXE	0x800379d8	0x4	libcd_iso9660	native-object-field	LIBCD.LIB	ISO9660	.bss	0x8001c820	0x1f0	file at 0x800379c8	LIBCD.LIB	ISO9660	0x8001c824	0x800379c8	field inside individually bound native object; seed width retained; no blanket section-base inference
OPEN.EXE	0x800379e0	0x4	libcd_iso9660	native-object-field	LIBCD.LIB	ISO9660	.bss	0x8001c820	0x1f0	file at 0x800379c8	LIBCD.LIB	ISO9660	0x8001c824	0x800379c8	field inside individually bound native object; seed width retained; no blanket section-base inference
OPEN.EXE	0x800384a9	0x1	libcd_iso9660	native-relocation-in-matched-block	LIBCD.LIB	ISO9660	.bss	0x8001c6a4	0x74	.bss + 0xb81	LIBCD.LIB	ISO9660	0x8001c6a8	0x800384a9	matched native reference establishes module ownership; private identity and complete layout remain WIP
OPEN.EXE	0x800384aa	0x1	libcd_iso9660	native-object-field	LIBCD.LIB	ISO9660	.bss	0x8001c6a4	0x74	work1 at 0x800384a8	LIBCD.LIB	ISO9660	0x8001c6a8	0x800384a9	field inside individually bound native object; seed width retained; no blanket section-base inference
OPEN.EXE	0x800384ab	0x1	libcd_iso9660	native-object-field	LIBCD.LIB	ISO9660	.bss	0x8001c6a4	0x74	work1 at 0x800384a8	LIBCD.LIB	ISO9660	0x8001c6a8	0x800384a9	field inside individually bound native object; seed width retained; no blanket section-base inference
OPEN.EXE	0x800384ac	0x1	libcd_iso9660	native-object-field	LIBCD.LIB	ISO9660	.bss	0x8001c6a4	0x74	work1 at 0x800384a8	LIBCD.LIB	ISO9660	0x8001c6a8	0x800384a9	field inside individually bound native object; seed width retained; no blanket section-base inference
OPEN.EXE	0x800384ad	0x1	libcd_iso9660	native-object-field	LIBCD.LIB	ISO9660	.bss	0x8001c6a4	0x74	work1 at 0x800384a8	LIBCD.LIB	ISO9660	0x8001c6a8	0x800384a9	field inside individually bound native object; seed width retained; no blanket section-base inference
OPEN.EXE	0x800385a8	0x4	libcd_iso9660	native-relocation	LIBCD.LIB	ISO9660	.bss	0x8001c93c	0x310	.bss + 0xc80	LIBCD.LIB	ISO9660	0x8001c940	0x800385a8	matched native reference establishes module ownership; private identity and complete layout remain WIP
OPEN.EXE	0x800385ac	0x4	libcd_iso9660	native-object-field	LIBCD.LIB	ISO9660	.bss	0x8001c93c	0x310	load_buf at 0x800385a8	LIBCD.LIB	ISO9660	0x8001c940	0x800385a8	field inside individually bound native object; seed width retained; no blanket section-base inference
OPEN.EXE	0x800385b0	0x4	libcd_iso9660	native-object-field	LIBCD.LIB	ISO9660	.bss	0x8001c93c	0x310	load_buf at 0x800385a8	LIBCD.LIB	ISO9660	0x8001c940	0x800385a8	field inside individually bound native object; seed width retained; no blanket section-base inference
OPEN.EXE	0x800385b4	0x4	libcd_iso9660	native-object-field	LIBCD.LIB	ISO9660	.bss	0x8001c93c	0x310	load_buf at 0x800385a8	LIBCD.LIB	ISO9660	0x8001c940	0x800385a8	field inside individually bound native object; seed width retained; no blanket section-base inference
OPEN.EXE	0x800385c8	0x1	libcd_iso9660	native-object-field	LIBCD.LIB	ISO9660	.bss	0x8001c93c	0x310	load_buf at 0x800385a8	LIBCD.LIB	ISO9660	0x8001c940	0x800385a8	field inside individually bound native object; seed width retained; no blanket section-base inference
OPEN.EXE	0x80038da8	0x2	libsnd_vmanager	reviewed-retail-family	LIBSND.LIB	VMANAGER		SpuVmInit		0x80038da8	LIBSND.LIB	VMANAGER			24 voice records; native _svm_voice relocation family; CD_cachefile reference is exclusive load_buf end
OPEN.EXE	0x80038daa	0x2	libsnd_vmanager	reviewed-retail-family	LIBSND.LIB	VMANAGER		SpuVmInit		0x80038da8	LIBSND.LIB	VMANAGER			24 voice records; native _svm_voice relocation family; CD_cachefile reference is exclusive load_buf end
OPEN.EXE	0x80038dac	0x2	libsnd_vmanager	reviewed-retail-family	LIBSND.LIB	VMANAGER		SpuVmInit		0x80038da8	LIBSND.LIB	VMANAGER			24 voice records; native _svm_voice relocation family; CD_cachefile reference is exclusive load_buf end
OPEN.EXE	0x80038dae	0x2	libsnd_vmanager	reviewed-retail-family	LIBSND.LIB	VMANAGER		SpuVmInit		0x80038da8	LIBSND.LIB	VMANAGER			24 voice records; native _svm_voice relocation family; CD_cachefile reference is exclusive load_buf end
OPEN.EXE	0x80038db0	0x2	libsnd_vmanager	reviewed-retail-family	LIBSND.LIB	VMANAGER		SpuVmInit		0x80038da8	LIBSND.LIB	VMANAGER			24 voice records; native _svm_voice relocation family; CD_cachefile reference is exclusive load_buf end
OPEN.EXE	0x80038db2	0x2	libsnd_vmanager	reviewed-retail-family	LIBSND.LIB	VMANAGER		SpuVmInit		0x80038da8	LIBSND.LIB	VMANAGER			24 voice records; native _svm_voice relocation family; CD_cachefile reference is exclusive load_buf end
OPEN.EXE	0x80038db4	0x2	libsnd_vmanager	reviewed-retail-family	LIBSND.LIB	VMANAGER		SpuVmInit		0x80038da8	LIBSND.LIB	VMANAGER			24 voice records; native _svm_voice relocation family; CD_cachefile reference is exclusive load_buf end
OPEN.EXE	0x80038db6	0x2	libsnd_vmanager	reviewed-retail-family	LIBSND.LIB	VMANAGER		SpuVmInit		0x80038da8	LIBSND.LIB	VMANAGER			24 voice records; native _svm_voice relocation family; CD_cachefile reference is exclusive load_buf end
OPEN.EXE	0x80038db8	0x2	libsnd_vmanager	reviewed-retail-family	LIBSND.LIB	VMANAGER		SpuVmInit		0x80038da8	LIBSND.LIB	VMANAGER			24 voice records; native _svm_voice relocation family; CD_cachefile reference is exclusive load_buf end
OPEN.EXE	0x80038dba	0x2	libsnd_vmanager	reviewed-retail-family	LIBSND.LIB	VMANAGER		SpuVmInit		0x80038da8	LIBSND.LIB	VMANAGER			24 voice records; native _svm_voice relocation family; CD_cachefile reference is exclusive load_buf end
OPEN.EXE	0x80038dbc	0x2	libsnd_vmanager	reviewed-retail-family	LIBSND.LIB	VMANAGER		SpuVmInit		0x80038da8	LIBSND.LIB	VMANAGER			24 voice records; native _svm_voice relocation family; CD_cachefile reference is exclusive load_buf end
OPEN.EXE	0x80038dbf	0x1	libsnd_vmanager	reviewed-retail-family	LIBSND.LIB	VMANAGER		SpuVmInit		0x80038da8	LIBSND.LIB	VMANAGER			24 voice records; native _svm_voice relocation family; CD_cachefile reference is exclusive load_buf end
OPEN.EXE	0x80038dc0	0x2	libsnd_vmanager	reviewed-retail-family	LIBSND.LIB	VMANAGER		SpuVmInit		0x80038da8	LIBSND.LIB	VMANAGER			24 voice records; native _svm_voice relocation family; CD_cachefile reference is exclusive load_buf end
OPEN.EXE	0x80038dc2	0x2	libsnd_vmanager	reviewed-retail-family	LIBSND.LIB	VMANAGER		SpuVmInit		0x80038da8	LIBSND.LIB	VMANAGER			24 voice records; native _svm_voice relocation family; CD_cachefile reference is exclusive load_buf end
OPEN.EXE	0x80038dc6	0x2	libsnd_vmanager	reviewed-retail-family	LIBSND.LIB	VMANAGER		SpuVmInit		0x80038da8	LIBSND.LIB	VMANAGER			24 voice records; native _svm_voice relocation family; CD_cachefile reference is exclusive load_buf end
OPEN.EXE	0x80038dca	0x2	libsnd_vmanager	reviewed-retail-family	LIBSND.LIB	VMANAGER		SpuVmInit		0x80038da8	LIBSND.LIB	VMANAGER			24 voice records; native _svm_voice relocation family; CD_cachefile reference is exclusive load_buf end
OPEN.EXE	0x80038dd2	0x2	libsnd_vmanager	reviewed-retail-family	LIBSND.LIB	VMANAGER		SpuVmInit		0x80038da8	LIBSND.LIB	VMANAGER			24 voice records; native _svm_voice relocation family; CD_cachefile reference is exclusive load_buf end
OPEN.EXE	0x80038dd4	0x2	libsnd_vmanager	reviewed-retail-family	LIBSND.LIB	VMANAGER		SpuVmInit		0x80038da8	LIBSND.LIB	VMANAGER			24 voice records; native _svm_voice relocation family; CD_cachefile reference is exclusive load_buf end
OPEN.EXE	0x80038dd7	0x1	libsnd_vmanager	reviewed-retail-family	LIBSND.LIB	VMANAGER		SpuVmInit		0x80038da8	LIBSND.LIB	VMANAGER			24 voice records; native _svm_voice relocation family; CD_cachefile reference is exclusive load_buf end
OPEN.EXE	0x80038fe8	0x2	libsnd_vmanager	native-relocation-in-matched-block	LIBSND.LIB	VMANAGER	.bss	0x80022380	0x21c	.bss + 0x240	LIBSND.LIB	VMANAGER	0x80022384	0x80038fe8	matched native reference establishes module ownership; private identity and complete layout remain WIP
OPEN.EXE	0x80038fea	0x2	libsnd_vmanager	native-relocation-in-matched-block	LIBSND.LIB	VMANAGER	.bss	0x80022390	0x22c	.bss + 0x242	LIBSND.LIB	VMANAGER	0x80022394	0x80038fea	matched native reference establishes module ownership; private identity and complete layout remain WIP
OPEN.EXE	0x80038fec	0x2	libsnd_vmanager	native-relocation-in-matched-block	LIBSND.LIB	VMANAGER	.bss	0x800223a0	0x23c	.bss + 0x244	LIBSND.LIB	VMANAGER	0x800223a4	0x80038fec	matched native reference establishes module ownership; private identity and complete layout remain WIP
OPEN.EXE	0x80038fee	0x2	libsnd_vmanager	native-relocation-in-matched-block	LIBSND.LIB	VMANAGER	.bss	0x800223b0	0x24c	.bss + 0x246	LIBSND.LIB	VMANAGER	0x800223b4	0x80038fee	matched native reference establishes module ownership; private identity and complete layout remain WIP
OPEN.EXE	0x80038ff0	0x2	libsnd_vmanager	native-object-field	LIBSND.LIB	VMANAGER	.bss	0x80022380	0x21c	acc at 0x80038fe8	LIBSND.LIB	VMANAGER	0x80022384	0x80038fe8	field inside individually bound native object; seed width retained; no blanket section-base inference
OPEN.EXE	0x80038ff2	0x2	libsnd_vmanager	native-object-field	LIBSND.LIB	VMANAGER	.bss	0x80022380	0x21c	acc at 0x80038fe8	LIBSND.LIB	VMANAGER	0x80022384	0x80038fe8	field inside individually bound native object; seed width retained; no blanket section-base inference
OPEN.EXE	0x80038ff4	0x2	libsnd_vmanager	native-object-field	LIBSND.LIB	VMANAGER	.bss	0x80022380	0x21c	acc at 0x80038fe8	LIBSND.LIB	VMANAGER	0x80022384	0x80038fe8	field inside individually bound native object; seed width retained; no blanket section-base inference
OPEN.EXE	0x80038ff6	0x2	libsnd_vmanager	native-object-field	LIBSND.LIB	VMANAGER	.bss	0x80022380	0x21c	acc at 0x80038fe8	LIBSND.LIB	VMANAGER	0x80022384	0x80038fe8	field inside individually bound native object; seed width retained; no blanket section-base inference
OPEN.EXE	0x800390f0	0x1	libsnd_vmanager	native-relocation	LIBSND.LIB	VMANAGER	.bss	0x800236f0	0x15ec	.bss + 0x348	LIBSND.LIB	VMANAGER	0x800236f4	0x800390f0	matched native reference establishes module ownership; private identity and complete layout remain WIP
OPEN.EXE	0x800390f1	0x1	libsnd_vmanager	native-object-field	LIBSND.LIB	VMANAGER	.bss	0x800236f0	0x15ec	_svm_vab_used at 0x800390f0	LIBSND.LIB	VMANAGER	0x800236f4	0x800390f0	field inside individually bound native object; seed width retained; no blanket section-base inference
OPEN.EXE	0x80039140	0x4	libsnd_vmanager	native-relocation	LIBSND.LIB	VMANAGER	.bss	0x80025e3c	0x3a5c	.bss + 0x398	LIBSND.LIB	VMANAGER	0x80025e40	0x80039140	matched native reference establishes module ownership; private identity and complete layout remain WIP
OPEN.EXE	0x80039144	0x4	libsnd_vmanager	native-relocation	LIBSND.LIB	VMANAGER	.bss	0x80025e50	0x3a70	.bss + 0x39c	LIBSND.LIB	VMANAGER	0x80025e54	0x80039144	matched native reference establishes module ownership; private identity and complete layout remain WIP
OPEN.EXE	0x80039148	0x2	libsnd_vmanager	native-relocation	LIBSND.LIB	VMANAGER	.bss	0x80025f18	0x3b38	.bss + 0x3a0	LIBSND.LIB	VMANAGER	0x80025f1c	0x80039148	matched native reference establishes module ownership; private identity and complete layout remain WIP
OPEN.EXE	0x8003914a	0x2	libsnd_vmanager	native-relocation	LIBSND.LIB	VMANAGER	.bss	0x80025f20	0x3b40	.bss + 0x3a2	LIBSND.LIB	VMANAGER	0x80025f24	0x8003914a	matched native reference establishes module ownership; private identity and complete layout remain WIP
OPEN.EXE	0x80039158	0x1	libsnd_vmanager	native-relocation-in-matched-block	LIBSND.LIB	VMANAGER	.bss	0x800234ac	0x13a4	.bss + 0x3c6	LIBSND.LIB	VMANAGER	0x800234b0	0x80039158	matched native reference establishes module ownership; private identity and complete layout remain WIP
OPEN.EXE	0x80039159	0x1	libsnd_vmanager	native-relocation	LIBSND.LIB	VMANAGER	.bss	0x80023760	0x165c	.bss + 0x3b1	LIBSND.LIB	VMANAGER	0x80023764	0x80039159	matched native reference establishes module ownership; private identity and complete layout remain WIP
OPEN.EXE	0x8003915a	0x1	libsnd_vmanager	native-relocation	LIBSND.LIB	VMANAGER	.bss	0x80022bc0	0xa14	.bss + 0x3b2	LIBSND.LIB	VMANAGER	0x80022bc4	0x8003915a	matched native reference establishes module ownership; private identity and complete layout remain WIP
OPEN.EXE	0x8003915b	0x1	libsnd_vmanager	native-relocation-in-matched-block	LIBSND.LIB	VMANAGER	.bss	0x80024e54	0x2a58	.bss + 0x3b3	LIBSND.LIB	VMANAGER	0x80024e58	0x8003915b	matched native reference establishes module ownership; private identity and complete layout remain WIP
OPEN.EXE	0x8003915c	0x1	libsnd_vmanager	native-relocation-in-matched-block	LIBSND.LIB	VMANAGER	.bss	0x8002277c	0x570	.bss + 0x3b4	LIBSND.LIB	VMANAGER	0x80022780	0x8003915c	matched native reference establishes module ownership; private identity and complete layout remain WIP
OPEN.EXE	0x8003915d	0x1	libsnd_vmanager	native-relocation-in-matched-block	LIBSND.LIB	VMANAGER	.bss	0x80022924	0x718	.bss + 0x3b5	LIBSND.LIB	VMANAGER	0x80022928	0x8003915d	matched native reference establishes module ownership; private identity and complete layout remain WIP
OPEN.EXE	0x8003915f	0x1	libsnd_vmanager	native-relocation	LIBSND.LIB	VMANAGER	.bss	0x80023798	0x1694	.bss + 0x3b7	LIBSND.LIB	VMANAGER	0x8002379c	0x8003915f	matched native reference establishes module ownership; private identity and complete layout remain WIP
OPEN.EXE	0x80039162	0x1	libsnd_vmanager	native-relocation-in-matched-block	LIBSND.LIB	VMANAGER	.bss	0x800227c8	0x5bc	.bss + 0x3ba	LIBSND.LIB	VMANAGER	0x800227cc	0x80039162	matched native reference establishes module ownership; private identity and complete layout remain WIP
OPEN.EXE	0x80039163	0x1	libsnd_vmanager	native-relocation-in-matched-block	LIBSND.LIB	VMANAGER	.bss	0x800228e0	0x6d4	.bss + 0x3bb	LIBSND.LIB	VMANAGER	0x800228e4	0x80039163	matched native reference establishes module ownership; private identity and complete layout remain WIP
OPEN.EXE	0x80039164	0x1	libsnd_vmanager	native-relocation-in-matched-block	LIBSND.LIB	VMANAGER	.bss	0x80023878	0x1778	.bss + 0x3b0	LIBSND.LIB	VMANAGER	0x8002387c	0x80039164	matched native reference establishes module ownership; private identity and complete layout remain WIP
OPEN.EXE	0x80039165	0x1	libsnd_vmanager	native-relocation	LIBSND.LIB	VMANAGER	.bss	0x80024b88	0x278c	.bss + 0x3bc	LIBSND.LIB	VMANAGER	0x80024b8c	0x80039165	matched native reference establishes module ownership; private identity and complete layout remain WIP
OPEN.EXE	0x80039166	0x1	libsnd_vmanager	native-relocation-in-matched-block	LIBSND.LIB	VMANAGER	.bss	0x800227d8	0x5cc	.bss + 0x3bd	LIBSND.LIB	VMANAGER	0x800227dc	0x80039166	matched native reference establishes module ownership; private identity and complete layout remain WIP
OPEN.EXE	0x80039167	0x1	libsnd_vmanager	native-relocation-in-matched-block	LIBSND.LIB	VMANAGER	.bss	0x8002289c	0x690	.bss + 0x3be	LIBSND.LIB	VMANAGER	0x800228a0	0x80039167	matched native reference establishes module ownership; private identity and complete layout remain WIP
OPEN.EXE	0x80039168	0x1	libsnd_vmanager	native-relocation	LIBSND.LIB	VMANAGER	.bss	0x800233f0	0x12e8	.bss + 0x3bf	LIBSND.LIB	VMANAGER	0x800233f4	0x80039168	matched native reference establishes module ownership; private identity and complete layout remain WIP
OPEN.EXE	0x80039169	0x1	libsnd_vmanager	native-relocation	LIBSND.LIB	VMANAGER	.bss	0x80022bc8	0xa1c	.bss + 0x3c0	LIBSND.LIB	VMANAGER	0x80022bcc	0x80039169	matched native reference establishes module ownership; private identity and complete layout remain WIP
OPEN.EXE	0x8003916a	0x1	libsnd_vmanager	native-relocation	LIBSND.LIB	VMANAGER	.bss	0x80022bd0	0xa24	.bss + 0x3c1	LIBSND.LIB	VMANAGER	0x80022bd4	0x8003916a	matched native reference establishes module ownership; private identity and complete layout remain WIP
OPEN.EXE	0x8003916b	0x1	libsnd_vmanager	native-relocation-in-matched-block	LIBSND.LIB	VMANAGER	.bss	0x8002500c	0x2c10	.bss + 0x3c2	LIBSND.LIB	VMANAGER	0x80025010	0x8003916b	matched native reference establishes module ownership; private identity and complete layout remain WIP
OPEN.EXE	0x8003916c	0x1	libsnd_vmanager	native-relocation-in-matched-block	LIBSND.LIB	VMANAGER	.bss	0x80025020	0x2c24	.bss + 0x3c3	LIBSND.LIB	VMANAGER	0x80025024	0x8003916c	matched native reference establishes module ownership; private identity and complete layout remain WIP
OPEN.EXE	0x8003916d	0x1	libsnd_vmanager	native-relocation-in-matched-block	LIBSND.LIB	VMANAGER	.bss	0x80024ffc	0x2c00	.bss + 0x3c4	LIBSND.LIB	VMANAGER	0x80025000	0x8003916d	matched native reference establishes module ownership; private identity and complete layout remain WIP
OPEN.EXE	0x8003916e	0x2	libsnd_vmanager	native-relocation-in-matched-block	LIBSND.LIB	VMANAGER	.bss	0x80024fac	0x2bb0	.bss + 0x3c8	LIBSND.LIB	VMANAGER	0x80024fb0	0x8003916e	matched native reference establishes module ownership; private identity and complete layout remain WIP
OPEN.EXE	0x80039170	0x2	libsnd_vmanager	native-relocation	LIBSND.LIB	VMANAGER	.bss	0x8002340c	0x1304	.bss + 0x3ca	LIBSND.LIB	VMANAGER	0x80023410	0x80039170	matched native reference establishes module ownership; private identity and complete layout remain WIP
OPEN.EXE	0x80039172	0x2	libsnd_vmanager	native-relocation-in-matched-block	LIBSND.LIB	VMANAGER	.bss	0x80022e18	0xcb0	.bss + 0x3cc	LIBSND.LIB	VMANAGER	0x80022e1c	0x80039172	matched native reference establishes module ownership; private identity and complete layout remain WIP
OPEN.EXE	0x80039174	0x2	libsnd_vmanager	native-relocation-in-matched-block	LIBSND.LIB	VMANAGER	.bss	0x80022d5c	0xbc4	.bss + 0x3ce	LIBSND.LIB	VMANAGER	0x80022d60	0x80039174	matched native reference establishes module ownership; private identity and complete layout remain WIP
OPEN.EXE	0x8003917c	0x4	libsnd_vmanager	native-object-field	LIBSND.LIB	VMANAGER	.bss	0x80023730	0x162c	_svm_vab_vh at 0x80039178	LIBSND.LIB	VMANAGER	0x80023734	0x80039178	field inside individually bound native object; seed width retained; no blanket section-base inference
OPEN.EXE	0x80041374	0x4	libetc_intr	reviewed-retail-family	LIBETC.LIB	INTR		intInit		0x80041374	LIBETC.LIB	INTR			interior rtc_point stack-pointer slot installed before HookEntryInt; native rtc_point.32 + 4
OPEN.EXE	0x800423a0	0x4	libetc_intr	native-object-field	LIBETC.LIB	INTR	.bss	0x8002fdf0	0x694	DMACallback at 0x800423a0	LIBETC.LIB	INTR	0x8002fdf4	0x800423b8	field inside individually bound native object; seed width retained; no blanket section-base inference
OPEN.EXE	0x800423a4	0x4	libetc_intr	native-object-field	LIBETC.LIB	INTR	.bss	0x8002fdf0	0x694	DMACallback at 0x800423a0	LIBETC.LIB	INTR	0x8002fdf4	0x800423b8	field inside individually bound native object; seed width retained; no blanket section-base inference
OPEN.EXE	0x800423b4	0x4	libetc_intr	native-object-field	LIBETC.LIB	INTR	.bss	0x8002fdf0	0x694	DMACallback at 0x800423a0	LIBETC.LIB	INTR	0x8002fdf4	0x800423b8	field inside individually bound native object; seed width retained; no blanket section-base inference
OPEN.EXE	0x800423b8	0x4	libetc_intr	native-relocation	LIBETC.LIB	INTR	.bss	0x8002fdf0	0x694	.bss + 0x10048	LIBETC.LIB	INTR	0x8002fdf4	0x800423b8	matched native reference establishes module ownership; private identity and complete layout remain WIP
OPEN.EXE	0x800423c0	0x4	libetc_intr	native-object-field	LIBETC.LIB	INTR	.bss	0x8002fe10	0x6b4	IntCallback at 0x800423c0	LIBETC.LIB	INTR	0x8002fe14	0x800423e8	field inside individually bound native object; seed width retained; no blanket section-base inference
OPEN.EXE	0x800423c4	0x4	libetc_intr	native-object-field	LIBETC.LIB	INTR	.bss	0x8002fe10	0x6b4	IntCallback at 0x800423c0	LIBETC.LIB	INTR	0x8002fe14	0x800423e8	field inside individually bound native object; seed width retained; no blanket section-base inference
OPEN.EXE	0x800423e4	0x4	libetc_intr	native-object-field	LIBETC.LIB	INTR	.bss	0x8002fe10	0x6b4	IntCallback at 0x800423c0	LIBETC.LIB	INTR	0x8002fe14	0x800423e8	field inside individually bound native object; seed width retained; no blanket section-base inference
OPEN.EXE	0x800423e8	0x4	libetc_intr	native-relocation	LIBETC.LIB	INTR	.bss	0x8002fe10	0x6b4	.bss + 0x10078	LIBETC.LIB	INTR	0x8002fe14	0x800423e8	matched native reference establishes module ownership; private identity and complete layout remain WIP
OPEN.EXE	0x80043140	0x2	libsnd_vmanager	native-relocation-in-matched-block	LIBSND.LIB	VMANAGER	.bss	0x800223d4	0x270	_svm_okon1	LIBSND.LIB	VMANAGER	0x800223d8	0x80043140	matched native reference establishes module ownership; private identity and complete layout remain WIP
OPEN.EXE	0x80043148	0x2	libsnd_vmanager	native-relocation-in-matched-block	LIBSND.LIB	VMANAGER	.bss	0x800223dc	0x278	_svm_okon2	LIBSND.LIB	VMANAGER	0x800223e0	0x80043148	matched native reference establishes module ownership; private identity and complete layout remain WIP
OPEN.EXE	0x80043150	0x4	libspu_s_ini	native-relocation	LIBSPU.LIB	S_INI	.bss	0x8002171c	0x398	_spu_rev_reserve_wa	LIBSPU.LIB	S_M_INT	0x80021720	0x80043150	matched native reference establishes module ownership; private identity and complete layout remain WIP
OPEN.EXE	0x80043158	0x2	libsnd_vmanager	native-relocation-in-matched-block	LIBSND.LIB	VMANAGER	.bss	0x800223ec	0x288	_svm_orev1	LIBSND.LIB	VMANAGER	0x800223f0	0x80043158	matched native reference establishes module ownership; private identity and complete layout remain WIP
OPEN.EXE	0x80043160	0x2	libsnd_vmanager	native-relocation-in-matched-block	LIBSND.LIB	VMANAGER	.bss	0x800223f4	0x290	_svm_orev2	LIBSND.LIB	VMANAGER	0x800223f8	0x80043160	matched native reference establishes module ownership; private identity and complete layout remain WIP
OPEN.EXE	0x80043168	0x4	libspu_s_ini	native-relocation	LIBSPU.LIB	S_INI	.bss	0x800263c4	0x24	_spu_inTransfer	LIBSPU.LIB	S_ITC	0x800263c8	0x80043168	matched native reference establishes module ownership; private identity and complete layout remain WIP
OPEN.EXE	0x80043170	0x4	libspu_s_ini	native-relocation	LIBSPU.LIB	S_INI	.bss	0x800263b0	0x10	_spu_trans_mode	LIBSPU.LIB	S_ITC	0x800263b4	0x80043170	matched native reference establishes module ownership; private identity and complete layout remain WIP
OPEN.EXE	0x80046de0	0x4	libspu_s_ini	native-relocation	LIBSPU.LIB	S_INI	.bss	0x80026370	0x7c	_spu_fd	LIBSPU.LIB	S_SR	0x80026374	0x80046de0	matched native reference establishes module ownership; private identity and complete layout remain WIP
OPEN.EXE	0x80046de8	0x4	libsnd_vmanager	native-relocation	LIBSND.LIB	VMANAGER	.bss	0x80023778	0x1674	_svm_pg	LIBSND.LIB	VMANAGER	0x8002377c	0x80046de8	matched native reference establishes module ownership; private identity and complete layout remain WIP
OPEN.EXE	0x80049508	0x4	libsnd_vmanager	native-relocation	LIBSND.LIB	VMANAGER	.bss	0x80023770	0x166c	_svm_vh	LIBSND.LIB	VMANAGER	0x80023774	0x80049508	matched native reference establishes module ownership; private identity and complete layout remain WIP
OPEN.EXE	0x80049510	0x4	libsnd_vmanager	native-relocation	LIBSND.LIB	VMANAGER	.bss	0x80023780	0x167c	_svm_tn	LIBSND.LIB	VMANAGER	0x80023784	0x80049510	matched native reference establishes module ownership; private identity and complete layout remain WIP
OPEN.EXE	0x80049530	0x4	libspu_s_ini	reviewed-retail-family	LIBSPU.LIB	S_INI		SpuInit		0x80049530	LIBSPU.LIB	S_INI			additional retail SPU initialization state cleared by SpuInit
OPEN.EXE	0x80070970	0x4	libcd_bios	native-relocation	LIBCD.LIB	BIOS	.bss	0x8001abc4	0x138	CD_cbread	LIBCD.LIB	SYS	0x8001abc8	0x80070970	matched native reference establishes module ownership; private identity and complete layout remain WIP
OPEN.EXE	0x80073090	0x4	libspu_s_ini	native-relocation	LIBSPU.LIB	S_INI	.bss	0x8002631c	0x28	_spu_rev_flag	LIBSPU.LIB	S_SR	0x80026320	0x80073090	matched native reference establishes module ownership; private identity and complete layout remain WIP
OPEN.EXE	0x80073098	0x4	libsnd_ssinit	native-relocation	LIBSND.LIB	SSINIT	.bss	0x8001e424	0x2bc	_snd_seq_tick_mode	LIBSND.LIB	SSINIT	0x8001e428	0x80073098	matched native reference establishes module ownership; private identity and complete layout remain WIP
OPEN.EXE	0x800757b0	0x4	libcd_bios	native-relocation	LIBCD.LIB	BIOS	.bss	0x8001ab94	0x108	CD_cbsync	LIBCD.LIB	SYS	0x8001ab98	0x800757b0	matched native reference establishes module ownership; private identity and complete layout remain WIP
OPEN.EXE	0x80075920	0x4	libcd_bios	native-relocation	LIBCD.LIB	BIOS	.bss	0x8001abac	0x120	CD_cbready	LIBCD.LIB	SYS	0x8001abb0	0x80075920	matched native reference establishes module ownership; private identity and complete layout remain WIP
OPEN.EXE	0x80075940	0x4	libspu_s_ini	native-relocation	LIBSPU.LIB	S_INI	.bss	0x8001e944	0x194	_spu_EVdma	LIBSPU.LIB	S_INI	0x8001e948	0x80075940	matched native reference establishes module ownership; private identity and complete layout remain WIP
OPEN.EXE	0x80075948	0x4	libspu_s_ini	native-relocation	LIBSPU.LIB	S_INI	.bss	0x80021738	0x3b4	_spu_rev_offsetaddr	LIBSPU.LIB	S_M_INT	0x8002173c	0x80075948	matched native reference establishes module ownership; private identity and complete layout remain WIP
OPEN.EXE	0x80075950	0x2	libsnd_vmanager	native-relocation-in-matched-block	LIBSND.LIB	VMANAGER	.bss	0x800223e4	0x280	_svm_okof1	LIBSND.LIB	VMANAGER	0x800223e8	0x80075950	matched native reference establishes module ownership; private identity and complete layout remain WIP
OPEN.EXE	0x80075958	0x2	libsnd_vmanager	native-relocation-in-matched-block	LIBSND.LIB	VMANAGER	.bss	0x80023de0	0x1d88	_svm_okon2	LIBSND.LIB	VMANAGER	0x80023de4	0x80075958	matched native reference establishes module ownership; private identity and complete layout remain WIP
