source	image	va	function	read_status	helper_candidates	decision	retained_helpers	extraction_verdict	strict_before	strict_after
src/game/actor.c	GAME.EXE	0x8002ca78	actor_pool_find_free	read	existing	Existing bounded free-slot search; generic pool macros would hide slot-state versus lifecycle distinction.		kept-existing-source	100.0	100.0
src/game/actor.c	GAME.EXE	0x8002cab4	func_8002cab4	read	none	Unresolved wrapper discards free-slot result; no common operation beyond existing call.		kept-existing-source	100.0	100.0
src/game/actor.c	GAME.EXE	0x8002cad4	actor_set_player_transform	read	existing	Existing nullable full VECTOR/SVECTOR snapshot helper includes pad bytes unlike component copies.		kept-existing-source	100.0	100.0
src/game/actor.c	GAME.EXE	0x8002cb44	actor_update_cell_from_position	read	map-coordinate	Existing cell-update wrapper; world-to-cell division repeats but narrowing and signed division must remain explicit.		kept-existing-source	100.0	100.0
src/game/actor.c	GAME.EXE	0x8002cbb8	actor_set_position	read	map-coordinate	Publishes X/Z/Y components then divides source XZ into cells; full VECTOR copy would also overwrite padding.		kept-existing-source	100.0	100.0
src/game/actor.c	GAME.EXE	0x8002cc54	actor_set_rotation	read	existing	Three-field setter already named; SDK vector macro cannot substitute this non-SDK angle structure blindly.		kept-existing-source	100.0	100.0
src/game/actor.c	GAME.EXE	0x8002cc64	actor_initialize	read	existing	Cohesive lifecycle initialization chooses authored/random yaw then increments occupancy; no generic reset.		kept-existing-source	100.0	100.0
src/game/actor.c	GAME.EXE	0x8002cd28	actor_initialize_current	read	map-placement;actor-home-init	Home tile/local position, floor probe and three initialization calls repeat with indexed-slot initializer.	actor_initialize_at_home	retained-exact	100.0	100.0
src/game/actor.c	GAME.EXE	0x8002cdcc	actor_initialize_slot	read	map-placement;actor-home-init	Same home initialization as current actor plus an early lifecycle store; compare other-TU respawn users before extraction.	actor_initialize_at_home	retained-exact	100.0	100.0
src/game/actor.c	GAME.EXE	0x8002ce88	actor_pool_clear	read	none	Clears slot, lifecycle and animation owner; distinct from other pool reset fields.		kept-existing-source	100.0	100.0
src/game/actor.c	GAME.EXE	0x8002cec8	actor_set_action	read	existing	Existing action-plus-progress reset helper is already the correct boundary.		kept-existing-source	100.0	100.0
src/game/actor.c	GAME.EXE	0x8002ced4	actor_pool_spawn	read	existing	Uses named position/rotation/init/action helpers; local free scan has different counter width from public search.		kept-existing-source	100.0	100.0
src/game/actor.c	GAME.EXE	0x8002cf84	actor_pool_begin_death_by_definition	read	none	Definition filter and death-animation availability choose transition versus disable; keep this lifecycle policy visible.		kept-existing-source	100.0	100.0
src/game/actor.c	GAME.EXE	0x8002d078	combat_calculate_damage_component	read	combat-component-rejected	Compared player formula: this adds base power to attack, player adds it to defense. Existing named functions are the right boundaries.		kept-existing-source	100.0	100.0
src/game/actor.c	GAME.EXE	0x8002d120	actor_apply_damage	read	combat-component	Five scaled components already call common formula; training/experience credit, drift and death cutoff are distinct policy.		kept-existing-source	100.0	100.0
src/game/actor.c	GAME.EXE	0x8002d4a8	actor_pool_apply_radial_damage	read	radial-falloff	Q12 distance ratio, falloff weight and scale repeat in player radial damage; preserve u16 truncations and u32 products.	radial_damage_attenuated_scale	retained-exact	100.0	100.0
src/game/actor.c	GAME.EXE	0x8002d6a0	actor_try_attack_player	read	existing	Uses named distance, angle and damage helpers; status chance and camera-height adjustment remain explicit.	ACTOR_BEARING_TO_PLAYER	retained-exact	100.0	100.0
src/game/actor.c	GAME.EXE	0x8002d7f8	actor_pool_find_target_in_cone	read	cone-angle-error	Same masked-and-folded shortest angle magnitude as map-event cone search; s16 narrowing and strict best-angle tie rule matter.	angle_error_magnitude	retained-exact	100.0	100.0
src/game/actor.c	GAME.EXE	0x8002d97c	actor_distance_to_point	read	bounded-distance2	Same shifted XZ length after bounding box as event/object paths; optional vertical interval test is actor-specific.		kept-existing-source	100.0	100.0
src/game/actor.c	GAME.EXE	0x8002da6c	actor_pool_find_overlap	read	existing	Existing active/non-dying/current exclusion scan uses actor distance helper; no generic pool predicate.		kept-existing-source	100.0	100.0
src/game/actor.c	GAME.EXE	0x8002dbb0	actor_bind_current	read	existing	Already binds current actor plus definition/index; retain existing unusual null caller behavior for separate reconstruction audit.		kept-existing-source	100.0	100.0
src/game/actor.c	GAME.EXE	0x8002dc3c	actor_advance_animation_wrapped	read	existing	Existing absolute-step publication and wrapped phase helper; not equivalent to clamped advance.		kept-existing-source	100.0	100.0
src/game/actor.c	GAME.EXE	0x8002dc70	actor_advance_animation_clamped	read	existing	Existing signed narrowed phase with upper/lower clamping; absolute-step duplication is local and too small for cross-TU helper.		kept-existing-source	100.0	100.0
src/game/actor.c	GAME.EXE	0x8002dccc	actor_animation_crossed_phase	read	existing	Existing phase-window predicate already names the meaningful test.		kept-existing-source	100.0	100.0
src/game/actor.c	GAME.EXE	0x8002dcfc	actor_play_sound_at_phase	read	existing	Uses phase predicate and spatial APIs; boss range exception belongs in wrapper.		kept-existing-source	100.0	100.0
src/game/actor.c	GAME.EXE	0x8002dd94	actor_try_select_action_distance_facing	read	actor-facing	Player-bearing/tolerance repeats in actor TUs; preserve random call order and distance-dependent u16 odds.	ACTOR_BEARING_TO_PLAYER	retained-exact	100.0	100.0
src/game/actor.c	GAME.EXE	0x8002deb4	actor_try_select_ground_action	read	actor-facing	Shares facing calculation but ground equality, current target override and odds differ; do not wrap whole selection policy.	ACTOR_BEARING_TO_PLAYER	retained-exact	100.0	100.0
src/game/actor.c	GAME.EXE	0x8002e018	actor_try_select_facing_action	read	actor-facing	Same bearing calculation with a different tolerance and no random facing bypass.	ACTOR_BEARING_TO_PLAYER	retained-exact	100.0	100.0
src/game/actor.c	GAME.EXE	0x8002e0f0	actor_try_select_profiled_action	read	actor-facing	Profile weights and spawner population cap are distinct; angle predicate occurs before random bypass unlike other selectors.	ACTOR_BEARING_TO_PLAYER	retained-exact	100.0	100.0
src/game/actor_behavior.c	GAME.EXE	0x8002e2e8	actor_select_next_action	read	existing	Priority chain already uses named selector helpers; random call ordering and animation availability must remain explicit.		kept-existing-source	100.0	100.0
src/game/actor_behavior.c	GAME.EXE	0x8002e6a8	actor_update_awareness	read	map-placement;actor-player-distance	Repeated home-position overlap probe and bounded player distance; lifecycle-specific spawn/range policy remains in this function.	actor_player_distance;map_placement_axis_position	retained-exact	100.0	100.0
src/game/actor_behavior.c	GAME.EXE	0x8002e954	actor_move_xz_with_collision	read	map-coordinate	Target XZ/cell publication repeats; collision sliding, random drop checks and jump/step transitions are specific to walking.		kept-existing-source	100.0	100.0
src/game/actor_behavior.c	GAME.EXE	0x8002ed00	actor_move_along_heading	read	existing	Already composes approach/forward/scale/move helpers; sliding turn rate and backward inversion stay visible.		kept-existing-source	100.0	100.0
src/game/actor_behavior.c	GAME.EXE	0x8002edd4	actor_spawn_action_effect	read	existing	Existing attachment transform, direction/scale and typed effect-vararg macros clarify dispatch; preserve paired spawn and kind-specific aims.		kept-existing-source	100.0	100.0
src/game/actor_behavior.c	GAME.EXE	0x8002f228	actor_prepare_charge_toward_player	read	actor-facing	Repeated player bearing followed by tolerance fallback; existing vector helpers describe charge length and direction.	ACTOR_BEARING_TO_PLAYER	retained-exact	100.0	100.0
src/game/actor_behavior.c	GAME.EXE	0x8002f31c	actor_apply_horizontal_movement	read	map-coordinate	Repeated XZ-to-cell publication; bouncing, player stop and successful movement differ from walking and random drift.		kept-existing-source	100.0	100.0
src/game/actor_behavior.c	GAME.EXE	0x8002f468	actor_update_effect_action	read	actor-player-distance	Existing effect-slot animation wrapper; completion repeats bounded player-distance/reselect sequence in same behavior TU.	actor_player_distance	retained-exact	100.0	100.0
src/game/actor_behavior.c	GAME.EXE	0x8002f558	actor_apply_random_movement	read	map-coordinate;random-clamped-step	Three signed random/clamped component steps also resemble drift yaw; preserve RNG X/Z/Y ordering, s16 stores and conditional axis probes.		kept-existing-source	100.0	100.0
src/game/actor_behavior.c	GAME.EXE	0x8002f8cc	actor_update_boss_death_sequence	read	none	Boss-specific sounds, random scatter, map links and defeat flag already call named operations; generic death macro would hide script policy.		kept-existing-source	100.0	100.0
src/game/actor_behavior.c	GAME.EXE	0x8002fa88	actor_update_current_action	read	actor-facing;actor-player-distance;map-placement;random-clamped-step	Full action and vertical dispatch read; local player-bearing/distance extraction is recommended, while lock/progress/RNG/collision rejoin order stays explicit.	ACTOR_BEARING_TO_PLAYER;actor_player_distance;map_placement_axis_position	retained-exact	100.0	100.0
src/game/actor_pool.c	GAME.EXE	0x80030818	actor_pool_update	read	existing	Named bind/awareness/action steps expose lifecycle order; generic iteration would hide current-context updates.		kept-existing-source	100.0	100.0
src/game/actor_pool.c	GAME.EXE	0x800308c0	actor_pool_load_placements	read	map-placement	Tile/local coordinates repeat; exhaustion, culling flags and dormant state initialization are pool-specific.	map_placement_axis_position	retained-exact	100.0	100.0
src/game/actor_pool.c	GAME.EXE	0x80030a6c	actor_definitions_load	read	table-word-copy	Same const-u32 source, u32 destination and signed do/while count as equipment loaders.		kept-existing-source	100.0	100.0
src/game/asset_registry.c	GAME.EXE	0x800204c0	asset_registry_load_tmd_archive	read	existing	Already archive-wide helper; asset byte_size includes its header unlike RESOURCE_STREAM_NEXT, so do not reuse chunk macro.		kept-existing-source	100.0	100.0
src/game/asset_registry.c	GAME.EXE	0x8002055c	asset_registry_set	read	existing	Existing publish/select/prepare wrapper; no additional macro needed.		kept-existing-source	100.0	100.0
src/game/asset_registry.c	GAME.EXE	0x8002059c	asset_registry_select	read	existing	Typed asset-relative TMD offset is clear in this small setter.		kept-existing-source	100.0	100.0
src/game/audio.c	GAME.EXE	0x800328e0	audio_initialize	read	audio-voice-reset	Voice-slot reset loop repeats; SDK setup, volumes, reverb, buffer size and OPEN VAB reset differ.	audio_reset_voice_slots	retained-exact	100.0	100.0
src/game/audio.c	GAME.EXE	0x80032984	audio_load_vab	read	existing-sdk	SDK VAB operations are already named; OPEN exits on failure and waits 100 frames, GAME returns.		kept-existing-source	100.0	100.0
src/game/audio.c	GAME.EXE	0x80032a4c	audio_play_map_sequence	read	audio-sequence-open	Existing map/music-option policy surrounds common SDK open/play sequence.		kept-existing-source	100.0	100.0
src/game/audio.c	GAME.EXE	0x80032b5c	audio_stop_sequence_fade	read	audio-sequence-close	Shared stop/close statement macro retained; strict 100% and complete object byte-identical. Inline trial rejected because repeated address setup regressed exact code; fade policy remains visible.	AUDIO_SEQUENCE_STOP_AND_CLOSE	retained-exact	100.0	100.0
src/game/audio.c	GAME.EXE	0x80032bdc	audio_stop_sequence_master_fade	read	audio-sequence-close	Shared stop/close statement macro retained; strict 100% and complete object byte-identical. Inline trial rejected because repeated address setup regressed exact code; fade policy remains visible.	AUDIO_SEQUENCE_STOP_AND_CLOSE	retained-exact	100.0	100.0
src/game/audio.c	GAME.EXE	0x80032c78	audio_shutdown	read	existing	Existing three-call teardown operation; do not merge with active-state stop helper.		kept-existing-source	100.0	100.0
src/game/audio.c	GAME.EXE	0x80032cb0	audio_close_vab	read	existing	OPEN guards unavailable IDs while GAME always calls SsVabClose; retain this difference.		kept-existing-source	100.0	100.0
src/game/audio.c	GAME.EXE	0x80032cf0	audio_play_spatial	read	distance3;audio-pan	Shared shifted 3D length and folded pan angle; GAME level clamps, tone mask and pan scaling differ substantially from OPEN.	fixed_vector3_length	retained-exact	100.0	100.0
src/game/audio.c	GAME.EXE	0x80032fb8	audio_play_spatial_default_range	read	existing	Existing default-range wrapper is already the intended helper.		kept-existing-source	100.0	100.0
src/game/audio.c	GAME.EXE	0x80032fe8	audio_play_spatial_range	read	existing	Existing ABI forwarding wrapper; no new abstraction needed.		kept-existing-source	100.0	100.0
src/game/audio.c	GAME.EXE	0x80033014	sound_ref_key_off_bank0	read	existing	Existing packed-note SDK boundary; byte shift is already named.		kept-existing-source	100.0	100.0
src/game/audio.c	GAME.EXE	0x8003303c	audio_set_listener_transform	read	existing	Existing optional aggregate snapshot helper; do not substitute component-only SDK copyVector.		kept-existing-source	100.0	100.0
src/game/audio.c	GAME.EXE	0x800330ac	sound_ref_play	read	existing	Existing sound descriptor to voice-arguments wrapper.		kept-existing-source	100.0	100.0
src/game/audio.c	GAME.EXE	0x800330f4	audio_play_voice	read	audio-voice-slot	Shared ring advance/keyoff/store/keyon candidate; GAME effects-option guard must remain outside it.	audio_key_on_next_slot	retained-exact	100.0	100.0
src/game/audio.c	GAME.EXE	0x8003329c	angle_shortest_delta	read	existing	Existing shortest-angle helper; asymmetric half-turn comparisons are intentional and explicit.		kept-existing-source	100.0	100.0
src/game/camera_path.c	GAME.EXE	0x800332e4	camera_path_compute_segment	read	camera-segment;distance3	Same shifted-square distance and Q4 deltas as OPEN; GAME selects point before incrementing index.	fixed_vector3_length	retained-exact	100.0	100.0
src/game/camera_path.c	GAME.EXE	0x800335c0	camera_path_begin	read	camera-fixed-state	Snapshots player camera; possible shared Q4 state conversion after preserving the different source of initial pose.	camera_path_publish_fixed	retained-exact	100.0	100.0
src/game/camera_path.c	GAME.EXE	0x80033680	camera_path_step	read	camera-step	SDK addVector/setVector already used; shared fixed-state publication candidate must preserve y offset and wrapped rotations.	camera_path_advance_pose	retained-exact	100.0	100.0
src/game/cd_file.c	GAME.EXE	0x8001acf0	cd_file_load_allocated	read	cd-path;cd-location;cd-read	Path assembly and three-byte location copy repeat across images; whole retry helper must preserve image-specific errors, attempts and allocation lifetime.	CD_LOCATION_COPY	retained-exact	100.0	100.0
src/game/cd_file.c	GAME.EXE	0x8001ae60	cd_file_load_table_entry	read	cd-location;cd-read	Table records share minute/second/sector fields but differ from CdlLOC; five attempts and GAME error screen are explicit.	CD_LOCATION_COPY	retained-exact	100.0	100.0
src/game/cd_file.c	GAME.EXE	0x8001af9c	cd_file_load_into	read	cd-path;cd-location;cd-read	Same candidate path/location operations as allocated load; existing failure policy differs across images.	CD_LOCATION_COPY	retained-exact	100.0	100.0
src/game/collision.c	GAME.EXE	0x8001a5ac	collision_query_world	read	map-floor-predicate;collision-target	FLOOR/STEP terrain predicate repeats; target snapshots share assignment shape but entity-specific sources and collision flags must stay clear.	MAP_CELL_HAS_FULL_FLOOR	retained-exact	100.0	100.0
src/game/collision_grid.c	GAME.EXE	0x8001a29c	map_floor_height_for_cell_position	read	existing	Already floor/step-height helper; strict center comparisons vary with orientation and should stay visible.		kept-existing-source	100.0	100.0
src/game/collision_grid.c	GAME.EXE	0x8001a44c	map_floor_height_at_position	read	map-coordinate	Existing signed world-to-flat-cell wrapper; compare callers that explicitly narrow Z before flattening.		kept-existing-source	100.0	100.0
src/game/collision_grid.c	GAME.EXE	0x8001a4e8	collision_adjust_cell_occupancy	read	none	Bounded neighborhood counter update preserves high flags and wraps low occupancy bits; unique operation already named.		kept-existing-source	100.0	100.0
src/game/color_lerp_rgb555.c	GAME.EXE	0x80020428	color_lerp_rgb555	read	fixed-lerp	Three signed channel interpolations repeat across both images; retain first-color STP and packing without invented clamps.		kept-existing-source	100.0	100.0
src/game/debug_text.c	GAME.EXE	0x8003a7dc	debug_stop	read	none	Existing debug notification and boolean toggle; another toggle macro adds no semantics.		kept-existing-source	100.0	100.0
src/game/debug_text.c	GAME.EXE	0x8003a81c	format_int_dec	read	existing	Existing decimal formatter; signed division and leading-zero state differ from hex, so no generic digit-loop macro.		kept-existing-source	100.0	100.0
src/game/debug_text.c	GAME.EXE	0x8003a8fc	format_int_hex	read	existing	Existing hex formatter; unsigned radix-16 arithmetic and uppercase digits stay explicit.		kept-existing-source	100.0	100.0
src/game/debug_text.c	GAME.EXE	0x8003a988	format_pad_left	read	existing	Existing left-padding helper is already shared by callers.		kept-existing-source	100.0	100.0
src/game/debug_text.c	GAME.EXE	0x8003a9f4	format_vsprintf	read	existing	Numeric conversions already share emit_padded and copy tails; no extra parser-control macro.		kept-existing-source	100.0	100.0
src/game/debug_text.c	GAME.EXE	0x8003ac34	debug_printf_sink	read	none	Empty varargs ABI sink has no common operation to extract.		kept-existing-source	100.0	100.0
src/game/debug_text.c	GAME.EXE	0x8003ac4c	func_8003ac4c	read	none	Unreferenced empty return stub; no helper candidate.		kept-existing-source	100.0	100.0
src/game/display_play_transition.c	GAME.EXE	0x800144d4	display_play_transition	read	fade-color	Same RGB fade step as OPEN opening_fade_in; candidate inline must retain byte wrap and r/b/g publication order.	TRANSITION_COLOR_STEP	retained-exact	100.0	100.0
src/game/effect_dispatch.c	GAME.EXE	0x80038a38	effect_update_dispatch	read	effect-physical-hit;effect-radial-hit;effect-render-pair;map-coordinate	Full dispatch read: physical and radial damage call groups repeat but power/component routing varies. Keep kind phases, RNG order, scale narrowing and invalidation exits explicit.		kept-existing-source	99.82781	99.82781
src/game/effect_map_collision.c	GAME.EXE	0x80037850	effect_map_collision	read	existing;map-cell-bounds	Existing helper already separates signed cell bounds from local cell collision; a generic bounds macro adds no useful operation.		kept-existing-source	99.87369	99.87369
src/game/effect_pool.c	GAME.EXE	0x80036f00	effect_pool_find_free	read	existing	Existing type-sentinel search; no generic pool operation needed.		kept-existing-source	100.0	100.0
src/game/effect_pool.c	GAME.EXE	0x80036f44	effect_pool_construct	read	effect-render-pair	Full variadic dispatch read; base/current render ID publication repeats across effect TUs. Kind-specific argument widths, rotation and sound policy must remain explicit.		kept-existing-source	100.0	100.0
src/game/effect_pool.c	GAME.EXE	0x80037770	effect_pool_spawn_typed	read	effect-render-pair	Floor-deformation initializer also sets both render IDs; payload repurposes vector fields and belongs to this named constructor.		kept-existing-source	100.0	100.0
src/game/effect_pool.c	GAME.EXE	0x8003781c	effect_pool_set_current	read	existing	Existing current-record/magic-row publication boundary.		kept-existing-source	100.0	100.0
src/game/effect_update.c	GAME.EXE	0x80037fbc	effect_magic_power	read	existing	Existing player-magic/fixed-power selector already names shared policy.		kept-existing-source	100.0	100.0
src/game/effect_update.c	GAME.EXE	0x80037fe0	effect_projectile_update_3d	read	effect-physical-hit	Swing collision dispatch shares reordered physical components with orbit and dispatcher; swing reflection, pitch limits and rise state stay local.		kept-existing-source	100.0	100.0
src/game/effect_update.c	GAME.EXE	0x80038298	effect_projectile_update_2d	read	effect-physical-hit;distance3	Orbit repeats physical collision damage and shifted 3D listener distance; preserve sound gate and unsigned phase conditions.	fixed_vector3_length	retained-existing-residue	99.93421	99.93421
src/game/effect_update.c	GAME.EXE	0x800384f8	effect_floor_deform_line	read	fixed-lerp	Q12 height interpolation uses signed height difference then byte store; range sound trigger and cell-step sweep are existing cohesive helper.		kept-existing-source	100.0	100.0
src/game/effect_update.c	GAME.EXE	0x800386c4	effect_scatter_triple	read	existing	Already a meaningful signed-halfword jitter helper; RNG order X/Y/Z differs from actor drift.		kept-existing-source	100.0	100.0
src/game/effect_update.c	GAME.EXE	0x8003872c	effect_rotate_scale_offset_y	read	existing	Existing scale/yaw offset helper preserves XZ-only scaling and SDK matrix operation.		kept-existing-source	100.0	100.0
src/game/effect_update.c	GAME.EXE	0x800387bc	effect_spawn_ground_trail	read	existing	Existing scale/rotate/parent-link wrapper; intentionally does not publish a floor Y like ground branch.		kept-existing-source	100.0	100.0
src/game/effect_update.c	GAME.EXE	0x800388b4	effect_spawn_ground_branch	read	map-coordinate	Yaw-relative child XZ and floor Y repeat in placement paths; existing branch-role wrapper already useful.		kept-existing-source	100.0	100.0
src/game/entity_model_render.c	GAME.EXE	0x8001e9a4	render_actor	read	model-view-transform;animated-projection	View translation and cache/fallback projection repeat across entity TUs; actor uses negated yaw and descriptor-selected alternate texture path.		kept-existing-source	100.0	100.0
src/game/entity_model_render.c	GAME.EXE	0x8001ebb8	render_map_object	read	model-view-transform;tmd-project-object	Shares view translation and project/enqueue; rotation composition and behavior-selected door depth remain explicit.		kept-existing-source	100.0	100.0
src/game/entity_model_render.c	GAME.EXE	0x8001ed38	menu_render_item_model	read	tmd-project-object	Small existing wrapper sets menu lighting/projection then selects/projects/enqueues object zero; candidate common object projection sequence.		kept-existing-source	100.0	100.0
src/game/entity_render.c	GAME.EXE	0x8001ed90	render_floor_item	read	floor-item-frame;model-view-transform	GAME and OPEN share facing/billboard transform and byte-wrapped frame increment; strong cohesive frame-advance candidate.	floor_item_advance_frame	retained-exact	100.0	100.0
src/game/entity_render.c	GAME.EXE	0x8001eedc	render_actor_sprite	read	model-view-transform;animated-projection	View translation and animation-cache fallback repeat; billboard/model branches use different rotation sources and asset selection.		kept-existing-source	100.0	100.0
src/game/equipment.c	GAME.EXE	0x800150a8	weapon_records_load_and_mirror_angles	read	table-word-copy	Whole-table word copy repeats in armor/actor/magic loaders; retain signed loop count and separate yaw mirror pass.		kept-existing-source	100.0	100.0
src/game/equipment.c	GAME.EXE	0x800150fc	armor_records_load	read	table-word-copy	Typed-table word copy resembles actor/object loaders, but the wider family includes pretested magic copying; retain loop and zero-count behavior.		kept-existing-source	100.0	100.0
src/game/equipment.c	GAME.EXE	0x80015128	fixed6_ratio_step	read	existing	Existing Q6 ratio helper preserves span+1 and result+1; not interchangeable with generic division/lerp.		kept-existing-source	100.0	100.0
src/game/game.c	GAME.EXE	0x800146b8	game_main_loop	read	none	Distinct startup/frame/shutdown orchestration already delegates to named subsystem functions; keep update order visible.		kept-existing-source	100.0	100.0
src/game/game.c	GAME.EXE	0x8001499c	game_shutdown	read	existing	Existing ordered subsystem shutdown wrapper.		kept-existing-source	100.0	100.0
src/game/game.c	GAME.EXE	0x800149d4	frame_pacer_vsync_callback	read	none	One interrupt counter increment; extracting it would hide the callback purpose.		kept-existing-source	100.0	100.0
src/game/game.c	GAME.EXE	0x800149f4	frame_pacer_wait	read	none	Unsigned wrap-aware pacing and critical-section exits are one cohesive existing helper.		kept-existing-source	100.0	100.0
src/game/geometry_render.c	GAME.EXE	0x8001f798	render_weapon	read	none	Cache success gates shifted-depth projection with no fallback; distinct from actor/event animated-projection candidate.		kept-existing-source	100.0	100.0
src/game/geometry_render.c	GAME.EXE	0x8001f8b0	render_effect_sprites	read	none	Saves/restores color matrix around a sentinel sweep with unprojected vertex transform; not the actor fallback path.		kept-existing-source	100.0	100.0
src/game/geometry_render.c	GAME.EXE	0x8001f9d4	render_hud_gauges	read	existing	Named sentinel-table draw helper already expresses active sprite dispatch.		kept-existing-source	100.0	100.0
src/game/geometry_render.c	GAME.EXE	0x8001fa44	notify_enqueue	read	none	Ring insertion and optional gold vararg payload are domain-specific; wrap-mask arithmetic alone does not justify a shared macro.		kept-existing-source	100.0	100.0
src/game/geometry_render.c	GAME.EXE	0x8001fae4	notification_digit_set_v	read	existing	Existing digit-row atlas helper already names its arithmetic.		kept-existing-source	100.0	100.0
src/game/geometry_render.c	GAME.EXE	0x8001fafc	notify_effect_update	read	existing	Existing number formatter/digit/dequeue helpers clarify state machine; gold payload handling and sprite visibility changes stay local.		kept-existing-source	100.0	100.0
src/game/geometry_render.c	GAME.EXE	0x8001fdc8	display_flip_buffer_index	read	existing	Uses shared display_next_buffer helper already.		kept-existing-source	100.0	100.0
src/game/item.c	GAME.EXE	0x80020b4c	item_load_floor_placements	read	map-placement	GAME placement initializes inventory-dependent visibility and persistent entries; keep distinct from OPEN scene placement.	map_placement_axis_position	retained-exact	100.0	100.0
src/game/item.c	GAME.EXE	0x80020cfc	item_load_database	read	armor-record	Loads weapon, armor, item and magic tables with their different strides and indexes; existing stream operations are appropriate.		kept-existing-source	99.746666	99.746666
src/game/item.c	GAME.EXE	0x800212d8	item_menu_root	read	input-edge;input-release	Shop root wraps four rows and dispatches buy/sell/talk; share button-edge vocabulary, retain shop dialogue and release timing.	PAD_PRESSED	retained-exact	100.0	100.0
src/game/item.c	GAME.EXE	0x80021538	item_menu_buy	read	input-edge;input-release;menu-list-step	Buy list repeats selected/cursor/scroll movement; stock, gold, price and model lifetime remain panel policy.	PAD_PRESSED;menu_list_next;menu_list_previous	retained-exact	100.0	100.0
src/game/item.c	GAME.EXE	0x80021afc	item_menu_sell	read	input-edge;input-release;menu-list-step;equipped-item	Sell list repeats list movement and seven-slot equipped-item exclusion; retain sale pricing and stock updates.	PAD_PRESSED;PLAYER_ITEM_IS_EQUIPPED;menu_list_next;menu_list_previous	retained-exact	100.0	100.0
src/game/item.c	GAME.EXE	0x80021ffc	item_pickup_confirm	read	input-edge;input-release;menu-background	Pickup-specific model frame and confirmation result protocol remain explicit; button-edge predicate and background rendering are catalogued separately.	PAD_PRESSED	retained-exact	100.0	100.0
src/game/lighting.c	GAME.EXE	0x80033d80	lighting_transition_color_matrix	read	existing	Already a blocking lighting transition wrapper; GAME render/pacer order differs from OPEN scene fades.		kept-existing-source	100.0	100.0
src/game/lighting.c	GAME.EXE	0x80033de8	color_matrix_set_rgb	read	existing	Existing RGB-to-matrix helper is the meaningful operation; leave nine ordered halfword assignments here.		kept-existing-source	100.0	100.0
src/game/lighting.c	GAME.EXE	0x80033e10	player_restore_vitals_with_color_cycle	read	restore-vitals	Color cycle already uses named helpers; HP/MP restore and lower status clear recur in player lifecycle paths.		kept-existing-source	100.0	100.0
src/game/lighting_presets.c	GAME.EXE	0x800187a4	lighting_apply_weapon9_environment	read	current-color-blend	Read current matrix then blend toward a preset repeats; this wrapper additionally halves fog distance.	lighting_blend_current_color	retained-exact	100.0	100.0
src/game/lighting_presets.c	GAME.EXE	0x800187f0	lighting_apply_timed_player_effect	read	current-color-blend	Current-color snapshot/blend repeats in lighting and player code; shared typed operation is recommended in the catalogue.	lighting_blend_current_color	retained-exact	100.0	100.0
src/game/lighting_presets.c	GAME.EXE	0x80018824	lighting_apply_color_preset6	read	current-color-blend	Same existing wrapper shape with blue preset; shared snapshot/blend helper could clarify more callers.	lighting_blend_current_color	retained-exact	100.0	100.0
src/game/magic.c	GAME.EXE	0x8003a244	effect_pool_reset	read	existing	Existing fixed-capacity type-sentinel reset; no generic pool macro.		kept-existing-source	100.0	100.0
src/game/magic.c	GAME.EXE	0x8003a274	magic_load_records	read	table-word-copy	Same table word copy with signed count but pretested loop; preserve zero-count semantics if sharing helper.		kept-existing-source	100.0	100.0
src/game/magic.c	GAME.EXE	0x8003a2a0	magic_cast	read	interaction-probe;launch-transform	Yaw-forward untargeted placement and camera-relative launch transform recur; spell targeting/speed/height rules remain explicit.	VECTOR_YAW_PROBE_XZ	retained-exact	100.0	100.0
src/game/magic.c	GAME.EXE	0x8003a760	effect_pool_sweep	read	existing	Existing set-current/update sweep; current-state publication is effect-specific.		kept-existing-source	100.0	100.0
src/game/main.c	GAME.EXE	0x80014268	repeat_store_word	read	existing	Already shared by name; repeated same-address stores are intentional retail behavior, not a fill helper.		kept-existing-source	100.0	100.0
src/game/main.c	GAME.EXE	0x8001428c	main	read	existing	Startup calls already express the sequence; GAME adds pad/card setup and returns the exit code.		kept-existing-source	78.52941	78.52941
src/game/map_event.c	GAME.EXE	0x8003379c	map_event_set_current	read	existing	One existing context setter; additional abstraction unnecessary.		kept-existing-source	100.0	100.0
src/game/map_event.c	GAME.EXE	0x800337ac	map_event_refresh_dialogue_stage	read	existing	Already shares page reset at a local join; preserve highest-floor versus stage-limit branches.		kept-existing-source	100.0	100.0
src/game/map_event.c	GAME.EXE	0x80033820	map_event_advance_animation_blocking	read	existing	Existing blocking helper ends with one render without pacing; not the generic lighting/frame loop.		kept-existing-source	100.0	100.0
src/game/map_event.c	GAME.EXE	0x800338b8	map_event_pool_load	read	map-placement	Tile/local coordinates recur; page/animation initialization and occupancy registration belong to event loader.		kept-existing-source	100.0	100.0
src/game/map_event.c	GAME.EXE	0x80033ae4	map_event_distance_to_point	read	bounded-distance2	Same inclusive XZ bounds and shifted-square length as map_object_distance_to_point.		kept-existing-source	100.0	100.0
src/game/map_event.c	GAME.EXE	0x80033b8c	map_event_pool_find_target_in_cone	read	cone-angle-error	Same masked-and-folded s16 angle error as actor cone search; retain event-active filter and first best tie.	angle_error_magnitude	retained-exact	100.0	100.0
src/game/map_event.c	GAME.EXE	0x80033cd0	map_event_pool_find_overlap	read	existing	Existing event-active overlap scan; event radius differs from definition-owned object radius.		kept-existing-source	100.0	100.0
src/game/map_event_render.c	GAME.EXE	0x8001f0c4	render_map_event	read	model-view-transform;animated-projection	View-relative translation and cache/fallback projection repeat; event uses reference position and SDK RotMatrix, not actor yaw logic.		kept-existing-source	100.0	100.0
src/game/map_events.c	GAME.EXE	0x800356e8	map_event_timers_reset	read	existing	Existing two-domain timer reset; no shared periodic-timer macro needed.		kept-existing-source	100.0	100.0
src/game/map_events.c	GAME.EXE	0x80035708	map_event_update_wander	read	map-coordinate	Named angle/vector helpers already describe motion; cell publication repeats, RNG and occupancy removal/rejoin are event-specific.		kept-existing-source	100.0	100.0
src/game/map_events.c	GAME.EXE	0x800358e0	map_event_update_animation_loop	read	none	Wrapped phase and floor5 loop sound are a short existing operation; actor phase helper also records step and is not interchangeable.		kept-existing-source	100.0	100.0
src/game/map_events.c	GAME.EXE	0x8003596c	map_event_pool_update	read	none	Event dispatch, page delays and two timer gates differ in reload/underflow handling; generic tick macro would obscure them.		kept-existing-source	100.0	100.0
src/game/map_events.c	GAME.EXE	0x80035b5c	map_world_state_persist	read	none	Existing serializer shows record order and counts; tiny byte-put macros would hide no complexity, while structured memcpy would copy wrong fields.		kept-existing-source	97.52873	97.52873
src/game/map_events.c	GAME.EXE	0x80035e14	map_unload_floor	read	existing	Existing release/VAB/persist boundary is cohesive.		kept-existing-source	100.0	100.0
src/game/map_load.c	GAME.EXE	0x80035e44	map_restore_floor_state	read	map-placement	Existing decoder matches persisted field order and reconstructs random drop positions; retain per-floor post-restore scripts and RNG ordering.		kept-existing-source	100.0	100.0
src/game/map_load.c	GAME.EXE	0x800364e0	map_refresh_dialogue_stages	read	existing	Existing active-event sweep uses stage helper; no generic pool iteration.		kept-existing-source	100.0	100.0
src/game/map_load.c	GAME.EXE	0x80036554	map_load_floor	read	existing	Existing resources/restore/dialogue/texture/light sequence is clear.		kept-existing-source	100.0	100.0
src/game/map_load.c	GAME.EXE	0x800365f8	map_load_floor_wrapper	read	none	Unresolved direct-call wrapper adds no new shared operation.		kept-existing-source	100.0	100.0
src/game/map_object.c	GAME.EXE	0x800315c4	map_object_pool_find_interaction_from	read	existing	Existing search accounts for opposing hinged-door offsets; common math already named and direct normal-object distance remains clear.		kept-existing-source	100.0	100.0
src/game/map_object.c	GAME.EXE	0x80031784	map_object_start_action_if_idle	read	existing	Existing guarded action/timer reset is the useful helper boundary.		kept-existing-source	100.0	100.0
src/game/map_object.c	GAME.EXE	0x800317a4	map_object_effect_pool_acquire	read	existing	Existing free-or-oldest selection handles sequence wrap; distinct from first-free actor/cache/effect pools.		kept-existing-source	100.0	100.0
src/game/map_object.c	GAME.EXE	0x80031834	map_object_spawn_effect	read	map-coordinate	Cell publication repeats after world placement; pool selection, ID-based action and yaw randomization belong to spawn helper.		kept-existing-source	97.128716	97.128716
src/game/map_object.c	GAME.EXE	0x800319c8	map_object_spawn_actor_debris	read	map-coordinate	Shared acquisition already used; randomized gold scatter, payload and bounce velocity distinguish this initializer.		kept-existing-source	100.0	100.0
src/game/map_object.c	GAME.EXE	0x80031b54	map_object_pool_trigger_link	read	existing	Existing link dispatch has action exceptions and behavior range; no generic link predicate should hide them.		kept-existing-source	100.0	100.0
src/game/map_object.c	GAME.EXE	0x80031c44	map_object_pool_clear_link	read	existing	Clear-link behavior range differs from trigger; existing wrapper is adequate.		kept-existing-source	100.0	100.0
src/game/map_object.c	GAME.EXE	0x80031cc8	map_object_pool_update	read	none	Full action dispatch read; explicit doors/drop/emitter/switch/reveal behavior uses existing math/spawn/link helpers. Unsigned emitter products differ from signed direction helpers.		kept-existing-source	100.0	100.0
src/game/map_object_pool.c	GAME.EXE	0x80030a98	map_apply_copy_region	read	none	Existing five-grid rectangular copy operation is already cohesive; preserve copy order and possible overlapping region traversal.		kept-existing-source	100.0	100.0
src/game/map_object_pool.c	GAME.EXE	0x80030c7c	map_object_mark_collision_edge	read	none	Lift/hinged door geometry touches different neighbor cells; generic quadrant-offset macro would hide door footprint.		kept-existing-source	100.0	100.0
src/game/map_object_pool.c	GAME.EXE	0x80030eb8	map_object_probe_forward	read	existing	Existing door probe selects center/forward position then shares collision call; unsupported-case result remains reconstruction debt.		kept-existing-source	100.0	100.0
src/game/map_object_pool.c	GAME.EXE	0x80030f7c	map_object_pool_clear	read	none	Owns free/action markers, two aligned link words and effect counters; not equivalent to actor reset.		kept-existing-source	100.0	100.0
src/game/map_object_pool.c	GAME.EXE	0x80030fdc	map_object_definitions_load	read	table-word-copy	Same signed counted word-copy body as actor/armor tables.		kept-existing-source	100.0	100.0
src/game/map_object_pool.c	GAME.EXE	0x80031008	map_object_pool_load	read	map-placement	Shared placement coordinate conversion plus distinct link copying, effects, occupancy and door edges; full loader should remain domain-specific.	map_placement_axis_position	retained-exact	100.0	100.0
src/game/map_object_pool.c	GAME.EXE	0x80031450	map_object_distance_to_point	read	bounded-distance2	Identical bounded XZ distance arithmetic to map-event helper with different owning position member.		kept-existing-source	100.0	100.0
src/game/map_object_pool.c	GAME.EXE	0x800314f8	map_object_pool_find_near_point	read	existing	Free-slot and zero-radius exclusion precede bounded distance; retain definition-owned radius and first-hit policy.		kept-existing-source	100.0	100.0
src/game/map_scripts.c	GAME.EXE	0x80033ee4	actor_pool_find_at_tile	read	existing	Already named first occupied placement-tile search; different from current-cell and lifecycle filters.		kept-existing-source	100.0	100.0
src/game/map_scripts.c	GAME.EXE	0x80033f64	map_ambient_script_floor1	read	none	Authored trigger rectangles and one-time lifecycle/object edits remain readable as explicit script states.		kept-existing-source	100.0	100.0
src/game/map_scripts.c	GAME.EXE	0x800341ec	map_ambient_script_floor2	read	none	One dialogue-conditioned random ambient sound; no helper extraction.		kept-existing-source	100.0	100.0
src/game/map_scripts.c	GAME.EXE	0x8003425c	map_ambient_script_floor3	read	magic-learn	Two spells learned with a single notification if either missing; must not replace with two independently notifying helpers.		kept-existing-source	100.0	100.0
src/game/map_scripts.c	GAME.EXE	0x800342e4	map_ambient_script_floor4	read	none	Empty script stub has no common operation.		kept-existing-source	100.0	100.0
src/game/map_scripts.c	GAME.EXE	0x800342ec	map_ambient_script_floor5	read	none	One-time location/yaw reveal, image sequence and boss animation changes are authored script policy.		kept-existing-source	100.0	100.0
src/game/map_scripts.c	GAME.EXE	0x800343e0	map_action_script_floor1	read	none	Existing flag/copy/sound script is short and cohesive.		kept-existing-source	100.0	100.0
src/game/map_scripts.c	GAME.EXE	0x80034438	map_reveal_fade	read	none	Existing cutscene helper combines light interpolation and delayed event motion; frame helper already available.		kept-existing-source	100.0	100.0
src/game/map_scripts.c	GAME.EXE	0x800345bc	map_action_script_floor2	read	existing	Local packed MAP_DIALOGUE_STARTED macro already names dialogue trigger format.		kept-existing-source	100.0	100.0
src/game/map_scripts.c	GAME.EXE	0x80034610	map_action_script_floor3	read	magic-learn	Single-spell learn-and-notify recurs in player stats; item/dialogue conditions remain callers responsibility.		kept-existing-source	100.0	100.0
src/game/map_scripts.c	GAME.EXE	0x800346a0	map_action_script_floor4	read	none	Empty script stub has no common operation.		kept-existing-source	100.0	100.0
src/game/map_scripts.c	GAME.EXE	0x800346a8	map_floor5_transition_cutscene	read	map-coordinate	Full camera/weapon transformation sequence read; shared math and effect helpers adequate, signed cell division repeats.		kept-existing-source	100.0	100.0
src/game/map_scripts.c	GAME.EXE	0x80034a34	map_action_script_floor5	read	existing	Existing dialogue trigger macro and named cutscene suffice.		kept-existing-source	100.0	100.0
src/game/map_scripts.c	GAME.EXE	0x80034a80	map_event_interact	read	magic-learn	Exchange scripts share some page resets but inventory/character rules differ; healing notification order includes an intervening inventory decrement.		kept-existing-source	100.0	100.0
src/game/map_scripts.c	GAME.EXE	0x80034d54	map_show_screen_image	read	decimal-path	Two signed decimal index bytes repeat across image loaders; retains separately authored floor/group fields.		kept-existing-source	100.0	100.0
src/game/map_scripts.c	GAME.EXE	0x80034de4	map_interaction_dispatch	read	interaction-probe;item-pickup-result	Full behavior/floor dispatch read; forward probe repeats across TUs, pickup result handling repeats locally, door/container/dialogue policies remain explicit.	VECTOR_YAW_PROBE_XZ	retained-exact	100.0	100.0
src/game/matrix.c	GAME.EXE	0x800203bc	fog_interpolate_near	read	fixed-lerp	Q12 interpolation repeats across fog and color functions; candidate should preserve operand order and signed widths.		kept-existing-source	100.0	100.0
src/game/matrix.c	GAME.EXE	0x80020400	fog_set_near	read	existing	Existing state publication and SDK fog call wrapper.		kept-existing-source	100.0	100.0
src/game/matrix_rotation.c	GAME.EXE	0x80014a64	angle_approach	read	angle-wrap	Existing wrap mask and named angle helpers suffice; direction-specific clamps and half-turn boundaries stay explicit.		kept-existing-source	100.0	100.0
src/game/matrix_rotation.c	GAME.EXE	0x80014b2c	angle_to_forward_xz	read	existing	Existing angle-to-direction helper; sine/cosine signs are explicit.		kept-existing-source	100.0	100.0
src/game/matrix_rotation.c	GAME.EXE	0x80014b7c	matrix_set_rotation_x	read	existing	Already named axis matrix constructor; no matrix-element assignment macro needed.		kept-existing-source	100.0	100.0
src/game/matrix_rotation.c	GAME.EXE	0x80014bec	matrix_set_rotation_y	read	existing	Already named axis matrix constructor; retain the authored handedness.		kept-existing-source	100.0	100.0
src/game/matrix_rotation.c	GAME.EXE	0x80014c5c	matrix_set_rotation_z	read	existing	Already named axis matrix constructor; identity and sign placements are clear.		kept-existing-source	100.0	100.0
src/game/matrix_rotation.c	GAME.EXE	0x80014ccc	matrix_set_rotation_yxz	read	existing-sdk	Composition already delegates to axis helpers and SDK matrix multiplication; preserve order.		kept-existing-source	100.0	100.0
src/game/matrix_rotation.c	GAME.EXE	0x80014d34	pitch_yaw_to_forward_vector	read	existing-sdk	setVector and copyVector already express initialization and narrowing; matrix calls remain explicit.		kept-existing-source	100.0	100.0
src/game/matrix_rotation.c	GAME.EXE	0x80014e08	vector2s_scale_shift11	read	fixed-scale	Existing typed scaling helper; Q11 is distinct from Q12 and intermediates precede stores.		kept-existing-source	100.0	100.0
src/game/matrix_rotation.c	GAME.EXE	0x80014e48	vector3s_scale_shift12	read	existing-sdk	Existing scaling helper uses setVector; do not hide signed products behind a width-generic multiply macro.		kept-existing-source	100.0	100.0
src/game/matrix_rotation.c	GAME.EXE	0x80014ea4	vector2s_scale_shift12	read	fixed-scale	Existing two-component scalar helper; keep array view and signed product temporaries.		kept-existing-source	100.0	100.0
src/game/matrix_rotation.c	GAME.EXE	0x80014ee4	vector3s_scale_shift12_alt	read	fixed-scale	Array interface differs from SVECTOR helper; retain the named typed function rather than cast incompatible views to force sharing.		kept-existing-source	100.0	100.0
src/game/matrix_rotation.c	GAME.EXE	0x80014f40	vector3i_add_xz	read	existing	Existing XZ-only vector addition helper; SDK addVector would also alter Y.		kept-existing-source	100.0	100.0
src/game/matrix_rotation.c	GAME.EXE	0x80014f6c	angle_within_tolerance	read	existing	Existing wrapped-angle predicate already supplies the useful abstraction.		kept-existing-source	100.0	100.0
src/game/matrix_rotation.c	GAME.EXE	0x80014fa8	angle_mod_delta_le_half_turn	read	existing	Existing modular half-turn predicate; simple expression does not need another layer.		kept-existing-source	100.0	100.0
src/game/matrix_rotation.c	GAME.EXE	0x80014fb8	vector_xz_to_angle	read	existing	Existing heading helper keeps zero-Z and half-turn cases explicit.		kept-existing-source	100.0	100.0
src/game/matrix_rotation.c	GAME.EXE	0x80015068	fixed_vector2_length	read	existing;distance3	Existing shifted-square length establishes a possible analogous three-component inline helper in camera/audio callers.		kept-existing-source	100.0	100.0
src/game/memory.c	GAME.EXE	0x8001aab0	memory_malloc_checked	read	existing	Existing RAM-range allocation helper; address arithmetic is memory-policy-specific.		kept-existing-source	100.0	100.0
src/game/memory.c	GAME.EXE	0x8001aae8	memory_allocation_reset	read	existing	Existing depth/cursor reset helper, already one source for both images.		kept-existing-source	100.0	100.0
src/game/memory.c	GAME.EXE	0x8001ab08	memory_set_allocation_mode	read	existing	Already shared source with one explicit overlay size difference; no extra mode macro.		kept-existing-source	100.0	100.0
src/game/memory.c	GAME.EXE	0x8001abb0	memory_capture_system_heap_start	read	existing	One inclusive-end-to-start conversion already named.		kept-existing-source	100.0	100.0
src/game/memory.c	GAME.EXE	0x8001abd0	memory_reset_system_heap	read	existing	Existing heap-size and InitHeap operation; fixed RAM policy belongs here.		kept-existing-source	100.0	100.0
src/game/memory.c	GAME.EXE	0x8001ac0c	memory_allocate	read	alignment	Only the shared allocator needs the four-byte align-up expression; retain it locally and preserve distinct heap-pointer versus arena-size stack entries.		kept-existing-source	100.0	100.0
src/game/memory.c	GAME.EXE	0x8001ac8c	memory_release_last	read	existing	Existing stack pop and heap/arena branch; no further helper needed.		kept-existing-source	100.0	100.0
src/game/memory.c	OPEN.EXE	0x80015dd4	memory_malloc_checked	read	existing	Existing RAM-range allocation helper; address arithmetic is memory-policy-specific.		kept-existing-source	100.0	100.0
src/game/memory.c	OPEN.EXE	0x80015e0c	memory_allocation_reset	read	existing	Existing depth/cursor reset helper, already one source for both images.		kept-existing-source	100.0	100.0
src/game/memory.c	OPEN.EXE	0x80015e2c	memory_set_allocation_mode	read	existing	Already shared source with one explicit overlay size difference; no extra mode macro.		kept-existing-source	100.0	100.0
src/game/memory.c	OPEN.EXE	0x80015ed4	memory_capture_system_heap_start	read	existing	One inclusive-end-to-start conversion already named.		kept-existing-source	100.0	100.0
src/game/memory.c	OPEN.EXE	0x80015ef4	memory_reset_system_heap	read	existing	Existing heap-size and InitHeap operation; fixed RAM policy belongs here.		kept-existing-source	100.0	100.0
src/game/memory.c	OPEN.EXE	0x80015f30	memory_allocate	read	alignment	Only the shared allocator needs the four-byte align-up expression; retain it locally and preserve distinct heap-pointer versus arena-size stack entries.		kept-existing-source	100.0	100.0
src/game/memory.c	OPEN.EXE	0x80015fb0	memory_release_last	read	existing	Existing stack pop and heap/arena branch; no further helper needed.		kept-existing-source	100.0	100.0
src/game/menu.c	GAME.EXE	0x800222b4	menu_save_confirm	read	input-release	Small draw/release confirmation already calls shared frame/window helpers; no whole-dialogue macro.		kept-existing-source	100.0	100.0
src/game/menu.c	GAME.EXE	0x80022348	menu_root	read	input-edge;input-release	Main menu owns dispatch and confirmation redraw; button-edge predicate is the reusable part.	PAD_PRESSED	retained-exact	100.0	100.0
src/game/menu.c	GAME.EXE	0x80022608	menu_use_item_panel	read	input-edge;input-release;menu-list-step	List movement repeats other panels; item eligibility and consumption stay here.	PAD_PRESSED;menu_list_next;menu_list_previous	retained-exact	100.0	100.0
src/game/menu_enter_mode.c	GAME.EXE	0x80036e30	func_80036e30	read	none	Empty unresolved return stub offers no common operation.		kept-existing-source	100.0	100.0
src/game/menu_enter_mode.c	GAME.EXE	0x80036e38	menu_enter_mode	read	existing	Existing heap/cache/mode boundary; stdarg macros correctly express promoted mode-specific arguments.		kept-existing-source	100.0	100.0
src/game/menu_map_viewer.c	GAME.EXE	0x80022d7c	menu_map_viewer	read	menu-background;input-release	Four background quad inserts repeat in UI; delayed release/press/release exit policy differs from ordinary panels.	MENU_ENQUEUE_BACKGROUND	retained-exact	100.0	100.0
src/game/menu_panels.c	GAME.EXE	0x8002317c	menu_magic_panel	read	menu-list-step;input-edge;input-release	Up/down selected-index/cursor/scroll wrap repeats across menu TUs; preserve texture reload and spell-specific MP/status/HP effects.	PAD_PRESSED;menu_list_next;menu_list_previous	retained-exact	100.0	100.0
src/game/menu_panels.c	GAME.EXE	0x800236ac	menu_option_root	read	input-edge;input-release	Edge polling and pad-release repeat; short fixed cursor wrap differs from scrolling lists and category dispatch stays visible.	PAD_PRESSED	retained-exact	100.0	100.0
src/game/menu_runtime.c	GAME.EXE	0x8002430c	menu_status_panel	read	input-edge;input-release;menu-background	Status tabs draw distinct details/equipment pages; preserve tab redraw and the existing backdrop helper.		kept-existing-source	100.0	100.0
src/game/menu_runtime.c	GAME.EXE	0x800249a8	menu_drop_item	read	input-edge;input-release;menu-list-step;equipped-item	Same list movement and equipped-slot exclusion as sell; drop allocation/quantity updates stay visible.	PAD_PRESSED;PLAYER_ITEM_IS_EQUIPPED;menu_list_next;menu_list_previous	retained-exact	100.0	100.0
src/game/menu_runtime.c	GAME.EXE	0x80024e64	menu_save_load_hub	read	input-edge;input-release	Save/load/format dispatch and catalogue lifecycle are distinct from other root menus.	PAD_PRESSED	retained-exact	100.0	100.0
src/game/menu_runtime.c	GAME.EXE	0x800250c4	menu_save_panel	read	input-edge;input-release	Three-slot navigation with card formatting and overwrite confirmation; generic panel loop would hide state transitions.	PAD_PRESSED	retained-exact	100.0	100.0
src/game/menu_runtime.c	GAME.EXE	0x8002552c	menu_load_panel	read	input-edge;input-release	Three-slot navigation resembles save but successful load exits differently; share only input predicate.	PAD_PRESSED	retained-exact	100.0	100.0
src/game/menu_runtime.c	GAME.EXE	0x8002589c	menu_config_panel	read	input-edge;input-release	Wraps five rows and toggles four option states; final music transition is panel-specific.	PAD_PRESSED	retained-exact	100.0	100.0
src/game/menu_runtime.c	GAME.EXE	0x80025da0	menu_config_panel_draw	read	menu-background	Draws paired option boxes and enqueues four background quads in reverse order; background publication repeats other renderers.	MENU_ENQUEUE_BACKGROUND	retained-exact	100.0	100.0
src/game/menu_runtime.c	GAME.EXE	0x80025f38	menu_draw_stats_header	read	menu-status-glyphs	Class-tier glyph selection, vital fractions and status icons repeat details page locally; coordinates and row spacing differ.	MENU_DRAW_VITAL_FRACTION	retained-exact	100.0	100.0
src/game/menu_runtime.c	GAME.EXE	0x800264d8	menu_draw_status_details	read	menu-status-glyphs	Shares class/status/fraction rendering with header; attack/defense ratings and component rows are page-specific.	MENU_DRAW_VITAL_FRACTION	retained-exact	100.0	100.0
src/game/menu_runtime.c	GAME.EXE	0x8002718c	menu_draw_name_list	read	none	Equipment names copy typed glyph rows; slot order and empty-row spacing are clearer explicitly.		kept-existing-source	100.0	100.0
src/game/menu_runtime.c	GAME.EXE	0x800279c4	menu_item_model_preview	read	menu-preview	Same rotation/light/model publication as detail page; preserve model translation and yaw-step differences from pickup.	menu_preview_light_source	retained-exact	100.0	100.0
src/game/menu_runtime.c	GAME.EXE	0x80027b7c	menu_draw_item_detail	read	menu-preview	Common preview lighting sequence; distinct price selection, quantity and gold layout remain here.	menu_preview_light_source	retained-existing-residue	97.80875	97.80875
src/game/menu_runtime.c	GAME.EXE	0x80027e58	menu_add_marker_quad	read	existing	Already named persistent-quad enqueue at depth 500; retain ABI call.		kept-existing-source	100.0	100.0
src/game/menu_runtime.c	GAME.EXE	0x80027ea0	menu_add_frame_quad	read	existing	Already named front-quad enqueue at depth zero; retain ABI call.		kept-existing-source	100.0	100.0
src/game/menu_runtime.c	GAME.EXE	0x80027ee4	menu_draw_dialog_frame	read	menu-status-glyphs	Overlay selection and summary HP/MP fractions are cohesive; keep saved-value widths and positive-HP gate.	MENU_DRAW_VITAL_FRACTION	retained-exact	100.0	100.0
src/game/menu_runtime.c	GAME.EXE	0x80028380	menu_list_interact	read	input-edge;input-release;menu-preview	Repeated preview dispatch is local; confirmation choices already share result conversion helper.	PAD_PRESSED	retained-exact	100.0	100.0
src/game/menu_runtime.c	GAME.EXE	0x800286d4	menu_two_option_prompt	read	input-edge;input-release	Two-option edge tests repeat list confirmation; drawing order and summary overlay forwarding differ.	PAD_PRESSED	retained-exact	100.0	100.0
src/game/menu_runtime.c	GAME.EXE	0x80028914	menu_draw_window	read	existing	Existing title/row/backdrop abstraction; row confirmation and cursor overlay remain readable.		kept-existing-source	100.0	100.0
src/game/menu_runtime.c	GAME.EXE	0x80028a70	menu_list_render	read	menu-tile	Three tile sites share begin/page/CLUT/XY/UV/semitrans/commit; variable Y, selection and counts remain outside.	MENU_DRAW_LIST_TILE	retained-exact	100.0	100.0
src/game/menu_runtime.c	GAME.EXE	0x800291ec	menu_draw_two_option	read	existing	Already the shared two-option widget; no new wrapper for its conditional box selection.		kept-existing-source	100.0	100.0
src/game/menu_runtime.c	GAME.EXE	0x800292f8	menu_draw_item_name_frame	read	menu-preview;menu-background	Pickup preview lighting repeats detail/model; mirrored four-tile backdrop differs only in X from window backdrop.	MENU_DRAW_BACKDROP_TILE;MENU_ENQUEUE_BACKGROUND;menu_preview_light_source	retained-exact	100.0	100.0
src/game/menu_runtime.c	GAME.EXE	0x80029ab0	menu_blit_sprite_translucent	read	existing	SDK packet helpers and existing begin/commit own common work; offsets and semitrans distinguish this API.		kept-existing-source	100.0	100.0
src/game/menu_runtime.c	GAME.EXE	0x80029c50	menu_blit_sprite	read	existing	Opaque blitter uses different anchor offsets; retain named API and shared SDK operations.		kept-existing-source	100.0	100.0
src/game/menu_runtime.c	GAME.EXE	0x80029de0	menu_draw_string	read	menu-glyph	Base glyph and two kana overlays share packet construction locally; font coordinates and overlay order remain explicit.	menu_begin_text_glyph	retained-exact	100.0	100.0
src/game/menu_runtime.c	GAME.EXE	0x8002a310	menu_draw_number	read	none	Signed single-column digit atlas differs from text glyph grid; SDK helpers already name packet geometry.		kept-existing-source	100.0	100.0
src/game/menu_runtime.c	GAME.EXE	0x8002a510	menu_draw_window_backdrop	read	menu-background	Four mirrored tiles plus reverse background enqueue also occur in pickup frame; potential local helper with two X anchors.	MENU_DRAW_BACKDROP_TILE;MENU_ENQUEUE_BACKGROUND	retained-exact	100.0	100.0
src/game/menu_runtime.c	GAME.EXE	0x8002abb4	menu_frame_begin	read	frame-begin	Flip/select buffers, clear OT and rewind cursor repeat render frame setup; graphics-state ownership differs across images.		kept-existing-source	100.0	100.0
src/game/menu_runtime.c	GAME.EXE	0x8002ac34	menu_present_frame	read	frame-present	Existing named draw/retrace/environment/OT sequence; preserve wait order versus gameplay and opening frame paths.		kept-existing-source	100.0	100.0
src/game/menu_runtime.c	GAME.EXE	0x8002accc	primitive_buffer_begin_poly_ft4	read	existing	Existing SetPolyFT4 plus menu brightness API; no additional allocation macro needed.		kept-existing-source	100.0	100.0
src/game/menu_runtime.c	GAME.EXE	0x8002ad1c	primitive_buffer_commit_poly_ft4	read	existing	Existing AddPrim/increment/cursor publication API; menu uses global packet pointer unlike render enqueue loops.		kept-existing-source	100.0	100.0
src/game/menu_runtime.c	GAME.EXE	0x8002ad6c	menu_list_init	read	existing	Already initializes common list state and copies title; retain defaults and glyph-table ownership.		kept-existing-source	100.0	100.0
src/game/menu_runtime.c	GAME.EXE	0x8002adf8	menu_format_number	read	existing	Signed glyph decimal formatter differs from ASCII unsigned formatter; do not merge merely similar divide/modulo loops.		kept-existing-source	100.0	100.0
src/game/menu_runtime.c	GAME.EXE	0x8002aea4	menu_load_item_model	read	existing	Already release/load/register wrapper; keep allocation flag and yaw reset.		kept-existing-source	100.0	100.0
src/game/menu_runtime.c	GAME.EXE	0x8002af0c	menu_release_item_model	read	existing	Existing flag-gated arena release; further macro adds no meaning.		kept-existing-source	100.0	100.0
src/game/menu_runtime.c	GAME.EXE	0x8002af48	menu_load_item_texture	read	decimal-path	Three decimal filename bytes repeat message-image loader; plus-one ID and return conventions differ.	CD_PATH_WRITE_DECIMAL3	retained-exact	100.0	100.0
src/game/menu_select.c	GAME.EXE	0x800238d8	menu_equip_select	read	input-edge;input-release;menu-list-step;armor-record	Shared list movement; category-specific equipment assignment and stat refresh remain explicit.	PAD_PRESSED;menu_list_next;menu_list_previous	retained-exact	100.0	100.0
src/game/menu_select.c	GAME.EXE	0x80023e9c	menu_spell_select	read	input-edge;input-release;menu-list-step	Same scrolling state transitions; learned-magic filtering, icon loading and selected-magic update are distinct.	PAD_PRESSED;menu_list_next;menu_list_previous	retained-exact	100.0	100.0
src/game/player_core.c	GAME.EXE	0x80016848	player_set_equipment_slot	read	armor-record	Five item-id-to-armor-record-or-NULL resolutions repeat; compare menu previews for a shared typed lookup.		kept-existing-source	100.0	100.0
src/game/player_core.c	GAME.EXE	0x80016a30	player_equip_weapon	read	decimal-path	Two decimal ID bytes repeat in image/model loaders; keep charge/cache reset and fatal load failure local.		kept-existing-source	100.0	100.0
src/game/player_core.c	GAME.EXE	0x80016b24	player_begin_weapon_attack	read	existing	Already names charge commit and attack start; full-charge flag and sound are domain policy.		kept-existing-source	100.0	100.0
src/game/player_core.c	GAME.EXE	0x80016bc0	player_update_weapon_attack	read	existing	Existing matrix/math/damage helpers expose attack; hit window, charge reset and gain clamp are weapon-specific.		kept-existing-source	100.0	100.0
src/game/player_core.c	GAME.EXE	0x80016e24	game_initialize_session	read	none	One session setup composes state initialization and allocation; fixed initial camera and option defaults stay explicit.		kept-existing-source	100.0	100.0
src/game/player_core.c	GAME.EXE	0x80016eb8	player_clear_motion	read	existing	Existing five-field reset preserves other motion-state fields; no additional macro.		kept-existing-source	100.0	100.0
src/game/player_core.c	GAME.EXE	0x80016ee8	player_sync_position_to_map	read	map-coordinate	Already cohesive floor/cell/camera/occupancy reset; world-cell division repeats but field narrowing differs from collision query.		kept-existing-source	100.0	100.0
src/game/player_core.c	GAME.EXE	0x80017040	player_distance_to_point_in_cone	read	cone-angle-error	Masked/folded bearing error repeats in actor and event cone scans; preserve s16 result and opposite Z subtraction.	angle_error_magnitude	retained-exact	100.0	100.0
src/game/player_core.c	GAME.EXE	0x80017108	player_distance_to_point	read	bounded-distance2	Shares bounded shifted-square XZ length; camera/floor height and fixed player height make the vertical test distinct.		kept-existing-source	100.0	100.0
src/game/player_core.c	GAME.EXE	0x800171fc	player_move_horizontal	read	map-coordinate	Signed coordinate division repeats; wall deflection, diagonal projection, per-axis acceptance and retry limit are unique player policy.		kept-existing-source	96.56896	96.56896
src/game/player_core.c	GAME.EXE	0x80017a24	player_update_view_bob	read	existing	Small named grounded-only sine bob helper already sufficient.		kept-existing-source	100.0	100.0
src/game/player_core.c	GAME.EXE	0x80017a80	player_update_vertical_motion	read	none	Player landing overshoot, acceleration, death/pit exceptions and view Y differ from actor gravity; keep explicit.		kept-existing-source	100.0	100.0
src/game/player_core.c	GAME.EXE	0x80017cf8	player_warp_to_floor_entry	read	player-floor-position;map-coordinate	Floor-relative player position snapshot repeats in other warp TUs; variant/audio policy and cell-center assignment stay in wrapper.	PLAYER_FLOOR_POSITION	retained-existing-residue	99.87654	99.87654
src/game/player_core.c	GAME.EXE	0x80017e3c	player_update_transform_snapshot	read	existing-sdk	Full VECTOR/SVECTOR copy then SDK addVector already communicates snapshot and rotation-offset semantics.		kept-existing-source	100.0	100.0
src/game/player_death.c	GAME.EXE	0x80015164	player_death_begin	read	existing	Existing death state/sound/light snapshot boundary; no extra wrapper needed.		kept-existing-source	100.0	100.0
src/game/player_death.c	GAME.EXE	0x800151cc	game_state_initialize	read	none	Authored initial stocks/stats and byte clears are initialization policy; generic reset macro would hide owned extents.		kept-existing-source	100.0	100.0
src/game/player_death.c	GAME.EXE	0x800154b0	player_death_restart	read	restore-vitals	Revival restores HP/MP but full status clear happens later; do not fold status policy into a generic restore helper.		kept-existing-source	100.0	100.0
src/game/player_death.c	GAME.EXE	0x8001564c	player_adjust_hp	read	existing	Existing clamped adjustment additionally starts death at nonpositive HP; not interchangeable with MP adjustment.		kept-existing-source	100.0	100.0
src/game/player_death.c	GAME.EXE	0x800156bc	player_adjust_mp	read	existing	Existing clamped adjustment has no death callback; preserving explicit branch policy is clearer than callback macro.		kept-existing-source	100.0	100.0
src/game/player_death.c	GAME.EXE	0x80015714	player_recalculate_combat_stats	read	armor-record;armor-defense;magic-learn	Armor lookup and defense accumulation repeat; each armor adds cutting defense twice. Magic-learn plus notification also recurs in item/menu paths.		kept-existing-source	100.0	100.0
src/game/player_death.c	GAME.EXE	0x80015f28	player_increment_physical_power_training	read	training-gain	Same local counter/gain/notify/recalculate pattern as magic training; cross-TU need remains unproven.		kept-existing-source	100.0	100.0
src/game/player_death.c	GAME.EXE	0x80015fc0	player_increment_magic_training	read	training-gain	Same local gain wrapper for different fields/notification; neither warrants a generic stat macro solely to save lines.		kept-existing-source	100.0	100.0
src/game/player_death.c	GAME.EXE	0x80016058	player_add_experience	read	none	Authored growth/extrapolation, cap and per-level notifications already use appropriate helpers; no generic level-up abstraction.		kept-existing-source	100.0	100.0
src/game/player_death.c	GAME.EXE	0x8001627c	player_calculate_damage_component	read	combat-component-rejected	Keep separate from actor formula: base power augments defense threshold here, while actor formula augments attack.		kept-existing-source	100.0	100.0
src/game/player_death.c	GAME.EXE	0x80016324	player_apply_damage	read	existing	Uses named component helper; status chance/reapply rules and damage-frame behavior differ from actor damage.		kept-existing-source	100.0	100.0
src/game/player_death.c	GAME.EXE	0x800166b4	player_apply_radial_damage	read	radial-falloff	Same Q12 distance/falloff/scale as actor radial damage with u16 intermediates and u32 products; candidate typed pure helper.	radial_damage_attenuated_scale	retained-exact	100.0	100.0
src/game/player_death.c	GAME.EXE	0x800167e4	player_select_magic	read	existing	Existing charge reset and selected-record-or-NULL publication are one clear operation.		kept-existing-source	100.0	100.0
src/game/player_death_fade.c	GAME.EXE	0x800184b0	player_death_apply_visual_fade	read	existing;fixed-lerp	Existing death-fade helper delegates matrix/fog operations; HUD brightness is a Q12 interpolation candidate.		kept-existing-source	100.0	100.0
src/game/player_death_fade.c	GAME.EXE	0x80018540	player_death_update	read	existing	Stateful bob/pitch/death restart flow already calls the fade helper; repeated render_frame calls are explicit timing.		kept-existing-source	100.0	100.0
src/game/player_death_fade.c	GAME.EXE	0x800186c4	player_death_update_reverse_fade	read	existing;fixed-lerp	Reverse transition has different palette endpoints and state update; do not hide behind a generic fade-control macro.		kept-existing-source	100.0	100.0
src/game/player_status_effect4.c	GAME.EXE	0x80018858	player_apply_fire_defense_boost	read	none	Two state assignments already have a domain-named wrapper; no macro needed.		kept-existing-source	100.0	100.0
src/game/player_update.c	GAME.EXE	0x80018880	player_update	read	input-edge;equipment-period;motion-approach	Full body read. Input-edge predicate repeats across UI; repeated equipment period tests may be cohesive locally. Motion narrows s16/byte stores differently, status timers have distinct expiry/recalculation order.	PAD_PRESSED	retained-existing-residue	99.96948	99.96948
src/game/player_use_item.c	GAME.EXE	0x80017edc	actor_show_info_image	read	decimal-path	Repeated decimal filename ID pair; frame flush and floor digit remain caller-specific.		kept-existing-source	100.0	100.0
src/game/player_use_item.c	GAME.EXE	0x80017fa4	map_event_show_person_image	read	decimal-path	Same decimal filename ID pair as actor/weapon loaders; existing screen display wrapper handles image lifetime.		kept-existing-source	100.0	100.0
src/game/player_use_item.c	GAME.EXE	0x80018054	player_use_item	read	interaction-probe	Forward XZ interaction probe repeats in map interactions; key/link/mirror/harp/staff policies and intentional key fallthrough stay explicit.	VECTOR_YAW_PROBE_XZ	retained-exact	100.0	100.0
src/game/player_warp.c	GAME.EXE	0x80036618	player_warp_shimmer	read	shimmer-step	OPEN transition shares staggered scale/yaw updates; GAME uses allocated effect pointers, sound, buffer flips and different removal modes.		kept-existing-source	100.0	100.0
src/game/player_warp.c	GAME.EXE	0x80036850	player_warp_change_floor	read	player-floor-position;map-coordinate	Common player-floor snapshot and cell-center placement; floor unload/load/highest-floor policy is distinct.	PLAYER_FLOOR_POSITION	retained-exact	100.0	100.0
src/game/player_warp.c	GAME.EXE	0x800369ac	player_warp_same_floor	read	player-floor-position;map-coordinate	Common snapshot and cell-center placement; occupancy/cache/variant-music behavior differs from change-floor warp.	PLAYER_FLOOR_POSITION	retained-exact	100.0	100.0
src/game/player_warp.c	GAME.EXE	0x80036af0	player_warp_trigger_update	read	existing	Local WARP_CELL_KEY expresses packed word format; authored floor/cell dispatch stays explicit and is not a cross-TU helper.		kept-existing-source	100.0	100.0
src/game/player_warp.c	GAME.EXE	0x80036d3c	actor_transform_definition5_to6	read	none	Two endpoint-inclusive color/motion phases and event disabling are script policy; existing light/render/pacer helpers suffice.		kept-existing-source	100.0	100.0
src/game/player_warp_shimmer_at_player.c	GAME.EXE	0x80014674	player_warp_shimmer_at_player	read	existing	Existing player-relative wrapper selects floor Y and camera XZ; no extra vector-copy abstraction.		kept-existing-source	100.0	100.0
src/game/pool.c	GAME.EXE	0x800205d4	render_bind_animated_instance	read	existing	Existing cohesive cache/morph helper with local copy_vertices; keyframe selection, allocation retry and prefix-vector restoration remain explicit.		kept-existing-source	100.0	100.0
src/game/pool.c	GAME.EXE	0x80020978	pool_reset	read	none	Initializes free marker and cache pointer; differs from actor/effect pool reset fields.		kept-existing-source	100.0	100.0
src/game/pool.c	GAME.EXE	0x800209a8	pool_mark_allocated	read	existing	Already names live-to-stale frame marking; generic pool loop adds no domain meaning.		kept-existing-source	100.0	100.0
src/game/pool.c	GAME.EXE	0x800209e4	pool_record_release	read	existing	Existing release clears owner backlink and conditionally frees vertices; preserve this lifetime boundary.		kept-existing-source	100.0	100.0
src/game/pool.c	GAME.EXE	0x80020a2c	pool_release_all	read	existing	Existing occupied-record sweep calls release; differs from stale-only selection and counter width.		kept-existing-source	100.0	100.0
src/game/pool.c	GAME.EXE	0x80020a98	pool_release_stale	read	existing	Existing per-frame stale sweep calls release; do not hide predicate in a generic callback loop.		kept-existing-source	100.0	100.0
src/game/pool.c	GAME.EXE	0x80020b04	pool_allocate	read	existing	Existing free-record search initializes clip but does not mark live; a generic acquire helper would imply the wrong lifecycle.		kept-existing-source	100.0	100.0
src/game/render.c	GAME.EXE	0x8001b7b0	display_show_system_screen	read	cd-location;cd-read;existing-sdk	Uses SDK quad macros already; CD rounding/location/retry repeat but its exit and controller-wait policy are unique.	CD_LOCATION_COPY	retained-exact	100.0	100.0
src/game/render.c	GAME.EXE	0x8001bab8	lighting_set_active_color_matrix	read	existing	Existing small palette-to-SDK wrapper is clear.		kept-existing-source	100.0	100.0
src/game/render.c	GAME.EXE	0x8001bae4	effect5_texture_cache_prepare	read	existing-sdk	Three authored texture page positions and same CLUT; SDK GetTPage/GetClut are the right boundary.		kept-existing-source	100.0	100.0
src/game/render.c	GAME.EXE	0x8001bb94	display_initialize	read	existing-sdk	Initialization values and double-buffer setup stay explicit; SDK helpers already describe environment operations.		kept-existing-source	100.0	100.0
src/game/render.c	GAME.EXE	0x8001bce0	render_initialize	read	none	Initialization combines distinct authored matrices, buffers and texture state; no coherent additional shared operation established here.		kept-existing-source	100.0	100.0
src/game/render.c	GAME.EXE	0x8001bfb8	display_begin_frame	read	existing;frame-begin	display_next_buffer already names toggle semantics; frame resets differ in state ownership across overlays.		kept-existing-source	100.0	100.0
src/game/render.c	GAME.EXE	0x8001c050	display_present_frame	read	frame-present	Shared wait/draw/display/OT order is a candidate; context pointers and globals differ across images.		kept-existing-source	100.0	100.0
src/game/render.c	GAME.EXE	0x8001c0e8	tmd_select	read	existing	Existing slot selection wrapper; retain enum width.		kept-existing-source	100.0	100.0
src/game/render.c	GAME.EXE	0x8001c114	tmd_get_object	read	tmd-format	Move identical object-table macro to the shared TMD header. Shared macro retained; strict 100% and complete object byte-identical.	TMD_OBJECTS	retained-exact	100.0	100.0
src/game/render.c	GAME.EXE	0x8001c138	tmd_set_current_vertices	read	existing	Existing setter already names one state operation.		kept-existing-source	100.0	100.0
src/game/render.c	GAME.EXE	0x8001c148	tmd_select_object_vertices	read	tmd-format	Object-relative offset is measured from after the TMD header; preserve selected-asset identity.		kept-existing-source	100.0	100.0
src/game/render.c	GAME.EXE	0x8001c184	render_set_view_transform	read	view-transform	Optional position/rotation update and pitch matrix repeat; candidate must retain null checks and global publication.		kept-existing-source	100.0	100.0
src/game/render.c	GAME.EXE	0x8001c2b0	tmd_prepare_primitive_indices	read	tmd-format;primitive-index-shifts	Shared TMD format macros retained at strict 100% with complete object byte identity. Keep typed mode-specific shift dispatch explicit.	TMD_OBJECTS;TMD_PACKET_BODY	retained-exact	100.0	100.0
src/game/render.c	GAME.EXE	0x8001c5b0	tmd_register	read	existing	Existing register-and-prepare wrapper; no new macro needed.		kept-existing-source	100.0	100.0
src/game/render.c	GAME.EXE	0x8001c5ec	tmd_release_last_allocation	read	existing	Existing ABI wrapper; unused slot is retained and documented elsewhere.		kept-existing-source	100.0	100.0
src/game/render.c	GAME.EXE	0x8001c60c	tmd_project_vertices	read	vertex-projection	Same GTE/read-depth sequence; OPEN has a capacity guard and variable perspective shift, GAME a fixed shift.		kept-existing-source	100.0	100.0
src/game/render.c	GAME.EXE	0x8001c6a8	tmd_project_vertices_shift	read	vertex-projection	Common per-vertex projection sequence with caller-selected depth shift; candidate inline needs SDK width and lifetime checks.		kept-existing-source	100.0	100.0
src/game/render.c	GAME.EXE	0x8001c754	tmd_transform_vertices	read	vertex-projection	Unprojected RotTrans result writes XY and depth; do not collapse into perspective projection.		kept-existing-source	100.0	100.0
src/game/render_enqueuers.c	GAME.EXE	0x8001c7f8	render_enqueue_tmd	read	tmd-vertex-access;tmd-depth;tmd-packet-walk;primitive-allocation	Full GAME mode dispatch read; repeated prepared-vertex access/depth arithmetic. Cursor overflow returns after advancement; preserve distinct lighting calls.	TMD_PACKET_BODY;TMD_PACKET_BODY_BYTES	retained-exact	100.0	100.0
src/game/render_enqueuers.c	GAME.EXE	0x8001d730	render_enqueue_model	read	tmd-vertex-access;tmd-depth;tmd-packet-walk;primitive-allocation	Four textured modes use active material instead of packet material; shares offset/depth/reservation operations but not complete TMD dispatch.	TMD_PACKET_BODY;TMD_PACKET_BODY_BYTES;TMD_PREPARED_VERTEX	retained-exact	100.0	100.0
src/game/render_enqueuers.c	GAME.EXE	0x8001de18	render_enqueue_map	read	tmd-vertex-access;tmd-depth;tmd-packet-walk;primitive-allocation	FT3/FT4 to Gouraud conversion matches OPEN geometry; cursor overflow returns and OT uses upper-bound test.	TMD_PACKET_BODY;TMD_PACKET_BODY_BYTES;TMD_PREPARED_VERTEX	retained-exact	100.0	100.0
src/game/render_enqueuers.c	GAME.EXE	0x8001e230	render_enqueue_sprite	read	primitive-allocation;existing-sdk	Corner/UV rectangle construction repeats; packed XY copies and GTE calls already clear, GAME overflow returns instead of OPEN trap.		kept-existing-source	100.0	100.0
src/game/render_frame.c	GAME.EXE	0x8001fde4	render_frame	read	none	Frame pass order, HUD status priority, cache marking/release and weapon projection are explicit policy; existing render helpers provide useful boundaries.		kept-existing-source	100.0	100.0
src/game/render_map_cells.c	GAME.EXE	0x8001e5ec	render_map_cell	read	map-cell-transform	Common orientation adjustment and view/light matrix setup; GAME first remaps illusion-staff meshes, OPEN does not.		kept-existing-source	99.87838	99.87838
src/game/render_map_cells.c	GAME.EXE	0x8001e83c	render_map_cells	read	cell-window-walk	Same bounded window walk as OPEN after GAME pitch-dependent window choice; preserve signed row and byte width/height loop counters.		kept-existing-source	100.0	100.0
src/game/render_scene.c	GAME.EXE	0x8001f218	render_entities	read	cell-window-test	All five pool sweeps read; unsigned visibility test repeats across TUs, but actor square culling, active markers and material setup differ.		kept-existing-source	100.0	100.0
src/game/render_sprite.c	GAME.EXE	0x8001e480	render_screen_sprite	read	primitive-allocation;sprite-rectangle	Direct reservation with return-on-overflow and repeated XY/UV rectangle fields; evaluate SDK setXYWH/setUVWH with actual widths.		kept-existing-source	100.0	100.0
src/game/resources.c	GAME.EXE	0x8001b100	tim_upload_images	read	existing	Already a named TIM upload operation; preserve separate CLUT and pixel checks and DrawSync after each upload.		kept-existing-source	100.0	100.0
src/game/resources.c	GAME.EXE	0x8001b180	common_resources_load	read	resource-stream-next	Share the assigning chunk cursor macro; keep archive-specific table order and arena reuse visible. Shared macro retained; strict 100% and complete object byte-identical.	RESOURCE_STREAM_NEXT	retained-exact	100.0	100.0
src/game/resources.c	GAME.EXE	0x8001b390	map_resource_path_set_floor	read	none	One decimal floor byte in a fixed path; wrapping this assignment adds no useful operation.		kept-existing-source	100.0	100.0
src/game/resources.c	GAME.EXE	0x8001b3a4	map_resource_load_file	read	existing	Already the floor-relative path/load helper; keep output-slot lifetime.		kept-existing-source	100.0	100.0
src/game/resources.c	GAME.EXE	0x8001b3e4	map_resource_copy_words	read	existing	Already a counted word-copy helper; signedness differs from OPEN declaration and is not changed to merge bodies.		kept-existing-source	100.0	100.0
src/game/resources.c	GAME.EXE	0x8001b414	map_variant_assets_load	read	none	Variant filename digit and actor asset-bank loading are one existing operation.		kept-existing-source	100.0	100.0
src/game/resources.c	GAME.EXE	0x8001b49c	audio_play_current_map_sequence	read	none	Floor-specific progress and variant policy is readable as the current switch.		kept-existing-source	100.0	100.0
src/game/resources.c	GAME.EXE	0x8001b558	map_resources_load	read	resource-stream-next;map-grid-copy	Shared chunk macro retained at strict 100% with complete object byte identity. Keep five typed grid-copy calls; signed API boundaries differ from OPEN.	RESOURCE_STREAM_NEXT	retained-exact	100.0	100.0
src/game/save_system.c	GAME.EXE	0x8002b078	save_system_read_catalog	read	save-summary	Copies six summary fields after partial clear and slot filtering; preserve literal 0x24 clear and sparse directory behavior.	SAVE_SUMMARY_COPY	retained-exact	100.0	100.0
src/game/save_system.c	GAME.EXE	0x8002b150	menu_play_input_sound	read	existing	Already cue-to-program/note wrapper; one-retrace voice lifetime differs from normal effect playback.		kept-existing-source	100.0	100.0
src/game/save_system.c	GAME.EXE	0x8002b1d4	memory_card_initialize	read	none	Four event registrations/enables and card initialization are a single existing operation; avoid event-operation parameter macros.		kept-existing-source	100.0	100.0
src/game/save_system.c	GAME.EXE	0x8002b2d4	memory_card_shutdown_events	read	existing	Named stop/close lifecycle operation already removes call-site repetition.		kept-existing-source	100.0	100.0
src/game/save_system.c	GAME.EXE	0x8002b334	memory_card_begin_status_check	read	existing	Named clear/info/wait operation; caller-specific result processing remains outside.		kept-existing-source	100.0	100.0
src/game/save_system.c	GAME.EXE	0x8002b36c	memory_card_clear_events	read	existing	Existing shared four-event clear helper; no additional macro required.		kept-existing-source	100.0	100.0
src/game/save_system.c	GAME.EXE	0x8002b3c4	memory_card_wait_event	read	existing	Ordered polling returns first matching status after undelivery; retain explicit priority.		kept-existing-source	100.0	100.0
src/game/save_system.c	GAME.EXE	0x8002b480	memory_card_undeliver_events	read	existing	Existing shared four-event undelivery helper; distinct SDK API from clear.		kept-existing-source	100.0	100.0
src/game/save_system.c	GAME.EXE	0x8002b4d8	memory_card_check_or_format	read	card-new-device	Two clear/new-card/status cycles repeat write/header wrappers; format confirmation and status mapping remain distinct.	memory_card_acknowledge_new_device	retained-exact	100.0	100.0
src/game/save_system.c	GAME.EXE	0x8002b5d0	memory_card_format	read	none	Five format attempts return separate format/status outcomes; unlike file byte-count retries.		kept-existing-source	100.0	100.0
src/game/save_system.c	GAME.EXE	0x8002b648	save_system_write_slot	read	card-new-device	Repeated new-device handshake; write-specific format/no-space mapping cannot share generic result macro.	memory_card_acknowledge_new_device	retained-exact	100.0	100.0
src/game/save_system.c	GAME.EXE	0x8002b73c	save_file_write_slot	read	save-io;save-summary	Payload and header writes repeat seek/clear/write retry structure locally; spare-slot selection and publication ordering remain explicit.		kept-existing-source	100.0	100.0
src/game/save_system.c	GAME.EXE	0x8002bc30	save_system_read_header	read	card-new-device	Same two-cycle new-device handshake as write; no-data maps to success here.	memory_card_acknowledge_new_device	retained-exact	100.0	100.0
src/game/save_system.c	GAME.EXE	0x8002bd08	save_file_read_header	read	save-io	Header read retries five exact-length reads; failure and close ownership differ from slot reader.		kept-existing-source	100.0	100.0
src/game/save_system.c	GAME.EXE	0x8002bde4	save_system_read_slot	read	none	New device refreshes catalogue then fails stale request; must not use write/header recovery handshake.		kept-existing-source	100.0	100.0
src/game/save_system.c	GAME.EXE	0x8002beb0	save_file_read_slot	read	save-io;save-summary	Reads/checks header before payload; compares six fields rather than padding and preserves two live weapon pointers across restore.	SAVE_SUMMARY_EQUAL	retained-exact	100.0	100.0
src/game/save_system.c	GAME.EXE	0x8002c27c	save_workspace_allocate	read	existing	Single typed workspace allocation with two clear operations; header-only versus full workspace initialization must remain distinct.		kept-existing-source	100.0	100.0
src/game/save_system.c	GAME.EXE	0x8002c2e4	save_workspace_release	read	existing	Existing arena-release ABI wrapper; no new helper needed.		kept-existing-source	100.0	100.0
src/game/save_system.c	GAME.EXE	0x8002c304	save_file_initialize_buffers	read	none	Three icon loads have distinct palette/frame handling; SDK card header and literal title already modeled.		kept-existing-source	100.0	100.0
src/game/save_system.c	GAME.EXE	0x8002c510	memory_card_show_status_message	read	existing	Existing status-to-message switch; preserve signed narrowing and ignored fall-through return.		kept-existing-source	100.0	100.0
src/game/save_system.c	GAME.EXE	0x8002c5e0	menu_load_message_image	read	decimal-path	Same TIM/Mddd filename publication as item texture; direct signed ID includes -1 behavior and different result convention.	CD_PATH_WRITE_DECIMAL3	retained-exact	100.0	100.0
src/game/save_system.c	GAME.EXE	0x8002c70c	save_file_cleanup_temporary	read	none	Temporary create/close/erase probes card availability; differs from main-file failure fallback.		kept-existing-source	100.0	100.0
src/game/save_system.c	GAME.EXE	0x8002c794	screen_show_image_until_input	read	input-release;system-screen	System-screen packet geometry repeats other image screens; preserve brightness loop and release-then-press latch.		kept-existing-source	100.0	100.0
src/game/save_system.c	GAME.EXE	0x8002c9d4	talk_show_dialogue_page	read	none	Dialogue path duplicates character digits into directory and basename; fixed positions are clearer than generic decimal formatter.		kept-existing-source	100.0	100.0
src/game/sprite_add_ft4.c	GAME.EXE	0x80014314	sprite_add_ft4	read	existing-sdk;primitive-allocation	Geometry/color use authentic SDK macros; typed primitive cursor allocation repeats in other render TUs and remains a candidate.		kept-existing-source	100.0	100.0
src/open/angle_mod_delta.c	OPEN.EXE	0x80015cd4	angle_mod_delta_le_half_turn	read	existing	Existing modular half-turn predicate; simple expression does not need another layer.		kept-existing-source	100.0	100.0
src/open/audio.c	OPEN.EXE	0x80019ba4	audio_initialize	read	audio-voice-reset	Voice-slot reset loop repeats; SDK setup, volumes, reverb, buffer size and OPEN VAB reset differ.	audio_reset_voice_slots	retained-exact	100.0	100.0
src/open/audio.c	OPEN.EXE	0x80019c5c	audio_load_vab	read	existing-sdk	SDK VAB operations are already named; OPEN exits on failure and waits 100 frames, GAME returns.		kept-existing-source	100.0	100.0
src/open/audio.c	OPEN.EXE	0x80019d50	audio_play_sequence_file	read	audio-sequence-open	Sequence open/volume/play repeats with GAME; OPEN has master fade-in and distinct failure return.		kept-existing-source	100.0	100.0
src/open/audio.c	OPEN.EXE	0x80019e24	audio_stop_sequence	read	audio-sequence-close	Shared stop/close statement macro retained; strict 100% and complete object byte-identical. Inline trial rejected because repeated address setup regressed exact code; fade policy remains visible.	AUDIO_SEQUENCE_STOP_AND_CLOSE	retained-exact	100.0	100.0
src/open/audio.c	OPEN.EXE	0x80019ec0	audio_shutdown	read	existing	Existing three-call teardown operation; do not merge with active-state stop helper.		kept-existing-source	100.0	100.0
src/open/audio.c	OPEN.EXE	0x80019ef8	audio_close_vab	read	existing	OPEN guards unavailable IDs while GAME always calls SsVabClose; retain this difference.		kept-existing-source	100.0	100.0
src/open/audio_play_voice.c	OPEN.EXE	0x8001a268	audio_play_voice	read	audio-voice-slot	Shared ring advance/keyoff/store/keyon candidate; GAME effects-option guard must remain outside it.	audio_key_on_next_slot	retained-exact	100.0	100.0
src/open/audio_spatial.c	OPEN.EXE	0x80019f44	audio_play_spatial	read	distance3;audio-pan	Shared shifted 3D length and folded pan angle; GAME level clamps, tone mask and pan scaling differ substantially from OPEN.	fixed_vector3_length	retained-exact	100.0	100.0
src/open/audio_spatial.c	OPEN.EXE	0x8001a12c	audio_play_spatial_default_range	read	existing	Existing default-range wrapper is already the intended helper.		kept-existing-source	100.0	100.0
src/open/audio_spatial.c	OPEN.EXE	0x8001a15c	audio_play_spatial_range	read	existing	Existing ABI forwarding wrapper; no new abstraction needed.		kept-existing-source	100.0	100.0
src/open/audio_spatial.c	OPEN.EXE	0x8001a188	sound_ref_key_off_bank0	read	existing	Existing packed-note SDK boundary; byte shift is already named.		kept-existing-source	100.0	100.0
src/open/audio_spatial.c	OPEN.EXE	0x8001a1b0	audio_set_listener_transform	read	existing	Existing optional aggregate snapshot helper; do not substitute component-only SDK copyVector.		kept-existing-source	100.0	100.0
src/open/camera_path.c	OPEN.EXE	0x80013cf4	opening_camera_path_compute_segment	read	camera-segment;distance3	Same Q4 math as GAME; OPEN increments index before selecting point, preventing a blind whole-function merge.	fixed_vector3_length	retained-exact	100.0	100.0
src/open/camera_path.c	OPEN.EXE	0x80014004	opening_camera_path_begin	read	camera-fixed-state	Starts at path point zero; possible shared Q4 conversion, distinct initial pose policy.	camera_path_publish_fixed	retained-exact	100.0	100.0
src/open/camera_path.c	OPEN.EXE	0x80014100	opening_camera_path_step	read	camera-step	Same step arithmetic on global state; segment recomputation function differs.	camera_path_advance_pose	retained-exact	100.0	100.0
src/open/debug.c	OPEN.EXE	0x8001a814	debug_printf_sink	read	none	Empty varargs ABI sink has no common operation to extract.		kept-existing-source	100.0	100.0
src/open/display_adjust.c	OPEN.EXE	0x8001a82c	display_adjust_vram_view	read	existing;frame-present	Already uses display_next_buffer; temporary draw flags and VRAM panning make its presentation order distinct.		kept-existing-source	100.0	100.0
src/open/entity_render.c	OPEN.EXE	0x80018ecc	opening_entity_render	read	model-view-transform;tmd-project-object	View-relative translation and project/enqueue recur; yaw updates and alternate unlit/perspective branches remain entity policy.		kept-existing-source	100.0	100.0
src/open/entity_render.c	OPEN.EXE	0x800190f4	render_floor_item	read	floor-item-frame;model-view-transform	GAME and OPEN share facing/billboard transform and byte-wrapped frame increment; strong cohesive frame-advance candidate.	floor_item_advance_frame	retained-exact	100.0	100.0
src/open/entity_render.c	OPEN.EXE	0x80019240	opening_render_entities_and_items	read	cell-window-test	Entity and item sweeps repeat unsigned row/column visibility checks; entity uses stored cells, item uses signed division of world position.		kept-existing-source	100.0	100.0
src/open/fixed_vector2_length.c	OPEN.EXE	0x80015d94	fixed_vector2_length	read	existing;distance3	Existing shifted-square length establishes a possible analogous three-component inline helper in camera/audio callers.		kept-existing-source	100.0	100.0
src/open/format.c	OPEN.EXE	0x8001a3fc	format_int_dec	read	existing	Existing decimal formatter; signed division and leading-zero state differ from hex, so no generic digit-loop macro.		kept-existing-source	100.0	100.0
src/open/format.c	OPEN.EXE	0x8001a4dc	format_int_hex	read	existing	Existing hex formatter; unsigned radix-16 arithmetic and uppercase digits stay explicit.		kept-existing-source	100.0	100.0
src/open/format.c	OPEN.EXE	0x8001a568	format_pad_left	read	existing	Existing left-padding helper is already shared by callers.		kept-existing-source	100.0	100.0
src/open/format.c	OPEN.EXE	0x8001a5d4	format_vsprintf	read	existing	Numeric conversions already share emit_padded and copy tails; no extra parser-control macro.		kept-existing-source	100.0	100.0
src/open/item.c	OPEN.EXE	0x800197e4	item_load_floor_placements	read	placement-position	Packed tile/local position conversion is a candidate across placement loaders; preserve count pass and rand argument width.	map_placement_axis_position	retained-exact	100.0	100.0
src/open/main.c	OPEN.EXE	0x80013734	repeat_store_word	read	existing	Already shared by name; repeated same-address stores are intentional retail behavior, not a fill helper.		kept-existing-source	100.0	100.0
src/open/main.c	OPEN.EXE	0x80013758	main	read	existing	OPEN startup ordering differs from GAME; shared symbolic overlay bounds already name memory policy.		kept-existing-source	72.96296	72.96296
src/open/matrix.c	OPEN.EXE	0x80019658	fog_interpolate_near	read	fixed-lerp	Q12 interpolation repeats across fog and color functions; candidate should preserve operand order and signed widths.		kept-existing-source	100.0	100.0
src/open/matrix.c	OPEN.EXE	0x8001969c	fog_set_near	read	existing	Existing state publication and SDK fog call wrapper.		kept-existing-source	100.0	100.0
src/open/matrix.c	OPEN.EXE	0x800196c4	color_lerp_cvector	read	fixed-lerp	Three channel expressions form a Q12 lerp candidate; source reads may alias output and must keep ordering.		kept-existing-source	100.0	100.0
src/open/matrix.c	OPEN.EXE	0x8001974c	color_lerp_rgb555	read	fixed-lerp	Three signed channel interpolations repeat across both images; retain first-color STP and packing without invented clamps.		kept-existing-source	100.0	100.0
src/open/matrix_rotation.c	OPEN.EXE	0x800158d0	matrix_set_rotation_x	read	existing	Already named axis matrix constructor; no matrix-element assignment macro needed.		kept-existing-source	100.0	100.0
src/open/matrix_rotation.c	OPEN.EXE	0x80015940	matrix_set_rotation_y	read	existing	Already named axis matrix constructor; retain the authored handedness.		kept-existing-source	100.0	100.0
src/open/matrix_rotation.c	OPEN.EXE	0x800159b0	matrix_set_rotation_z	read	existing	Already named axis matrix constructor; identity and sign placements are clear.		kept-existing-source	100.0	100.0
src/open/matrix_rotation.c	OPEN.EXE	0x80015a20	matrix_set_rotation_yxz	read	existing-sdk	Composition already delegates to axis helpers and SDK matrix multiplication; preserve order.		kept-existing-source	100.0	100.0
src/open/matrix_rotation.c	OPEN.EXE	0x80015a88	debug_dump_matrix	read	none	Three visibly ordered rows; a one-use row-print macro would hide little and duplicate printf semantics.		kept-existing-source	100.0	100.0
src/open/matrix_rotation.c	OPEN.EXE	0x80015b0c	pitch_yaw_to_forward_vector	read	existing-sdk	setVector and copyVector already express initialization and narrowing; matrix calls remain explicit.		kept-existing-source	100.0	100.0
src/open/opening_controller.c	OPEN.EXE	0x800156bc	opening_run	read	none	Controller already composes resource/scene/audio helpers; arena reload, skip/advance and cleanup order belong to this state machine.		kept-existing-source	100.0	100.0
src/open/opening_entity_pool.c	OPEN.EXE	0x80019994	opening_entity_pool_reset	read	none	Fixed-capacity sentinel reset plus three control fields; generic pool reset would hide different active markers and field ownership.		kept-existing-source	100.0	100.0
src/open/opening_entity_pool.c	OPEN.EXE	0x800199e0	opening_entity_find_by_object_id	read	existing	Already a named sentinel-terminated search; unlike capacity sweeps it stops at first free entity.		kept-existing-source	100.0	100.0
src/open/opening_entity_pool.c	OPEN.EXE	0x80019a24	opening_entity_pool_load_placements	read	map-placement	Tile/local XZ and floor-height Y recur in placement loaders; preserve base-Y sentinel, angle masking, unit scale and exhausted-tail stores.	map_placement_axis_position	retained-exact	100.0	100.0
src/open/opening_fade.c	OPEN.EXE	0x800155c0	opening_fade_in	read	fade-color	RGB channels share brightness but update order differs from setRGB0; inspect other transition code before extraction.	TRANSITION_COLOR_STEP	retained-exact	100.0	100.0
src/open/opening_helpers.c	OPEN.EXE	0x80013c70	opening_poll_input	read	existing	Already names pad-to-skip/advance mapping; leaves action unchanged when no input.		kept-existing-source	100.0	100.0
src/open/opening_helpers.c	OPEN.EXE	0x80013cac	angle_shortest_delta	read	existing	Existing shortest-angle helper; asymmetric half-turn comparisons are intentional and explicit.		kept-existing-source	100.0	100.0
src/open/opening_render.c	OPEN.EXE	0x800137c4	opening_render_frame	read	frame-render	Existing frame wrapper intentionally omits map and item passes; no callback abstraction warranted.		kept-existing-source	100.0	100.0
src/open/opening_render.c	OPEN.EXE	0x80013804	sprite_add_g4	read	primitive-allocation;existing-sdk	Direct packet reservation repeats; rectangle, four colors and OT insertion already use SDK helpers.		kept-existing-source	100.0	100.0
src/open/opening_render_entities.c	OPEN.EXE	0x80019520	opening_render_entities	read	none	Unculled fixed-capacity sweep is distinct from window-filtered scene0; existing entity renderer is the helper boundary.		kept-existing-source	100.0	100.0
src/open/opening_scene0_render.c	OPEN.EXE	0x800194d8	opening_scene0_render_frame	read	frame-render	Existing frame wrapper clearly lists map then entities/items; a callback macro would obscure this order.		kept-existing-source	100.0	100.0
src/open/opening_scenes.c	OPEN.EXE	0x80014268	opening_scene0_run	read	none	Scene timing controls paired yaw, sound and fade; named camera/light/render helpers already expose its sequence.		kept-existing-source	100.0	100.0
src/open/opening_scenes.c	OPEN.EXE	0x800143dc	opening_scene1_draw_fade	read	primitive-allocation;existing-sdk	Two direct FT4 reservations; distinct texture pages and overlapping panels remain explicit SDK rectangle/UV/color operations.		kept-existing-source	100.0	100.0
src/open/opening_scenes.c	OPEN.EXE	0x8001455c	opening_scene1_run	read	none	Input is polled during fade-in and hold but not fade-out; generic fade loop would hide this and the frame600 sequence stop.		kept-existing-source	100.0	100.0
src/open/opening_scenes.c	OPEN.EXE	0x80014608	opening_cylinder_transition	read	none	Existing mode-driven cylinder helper owns creation, staggered scale/yaw, blocking frames and removal; not a generic entity reset.		kept-existing-source	100.0	100.0
src/open/opening_scenes.c	OPEN.EXE	0x80014804	opening_scene3_run	read	panel-visibility;scene-brightness	Panel signed-Y clipping repeats in ending scroll; camera wave/fade/input ordering is scene-specific and stays explicit.		kept-existing-source	100.0	100.0
src/open/opening_scenes.c	OPEN.EXE	0x80014b34	opening_ending_scene_run	read	scene-brightness	Same background/far/draw-environment grayscale publication as other fades; preserve update order and pre-clamp overshoot behavior.		kept-existing-source	100.0	100.0
src/open/opening_scenes.c	OPEN.EXE	0x80014e28	opening_ending_scroll_run	read	panel-visibility;fade-color	Uses existing color lerp and sprite helpers; clipping test repeats but panel motion, starfield tick and sequence delay form distinct state machines.		kept-existing-source	99.917694	99.917694
src/open/render.c	OPEN.EXE	0x80016d38	display_begin_frame	read	existing;frame-begin	display_next_buffer already names toggle semantics; frame resets differ in state ownership across overlays.		kept-existing-source	100.0	100.0
src/open/render.c	OPEN.EXE	0x80016dd0	display_present_frame	read	frame-present	Shared wait/draw/display/OT order is a candidate; context pointers and globals differ across images.		kept-existing-source	100.0	100.0
src/open/render.c	OPEN.EXE	0x80016e68	tmd_select	read	existing	Existing slot selection wrapper; retain enum width.		kept-existing-source	100.0	100.0
src/open/render.c	OPEN.EXE	0x80016e94	tmd_get_object	read	tmd-format	Move identical object-table macro to the shared TMD header. Shared macro retained; strict 100% and complete object byte-identical.	TMD_OBJECTS	retained-exact	100.0	100.0
src/open/render.c	OPEN.EXE	0x80016eb8	tmd_set_current_vertices	read	existing	Existing setter already names one state operation.		kept-existing-source	100.0	100.0
src/open/render.c	OPEN.EXE	0x80016ec8	tmd_select_object_vertices	read	tmd-format	Object-relative offset is measured from after the TMD header; preserve selected-asset identity.		kept-existing-source	100.0	100.0
src/open/render.c	OPEN.EXE	0x80016f04	render_set_view_transform	read	view-transform	Optional position/rotation update and pitch matrix repeat; candidate must retain null checks and global publication.		kept-existing-source	100.0	100.0
src/open/render.c	OPEN.EXE	0x80017030	tmd_prepare_primitive_indices	read	tmd-format;primitive-index-shifts	Shared TMD format macros retained at strict 100% with complete object byte identity. Keep typed mode-specific shift dispatch explicit.	TMD_OBJECTS;TMD_PACKET_BODY	retained-exact	100.0	100.0
src/open/render.c	OPEN.EXE	0x80017330	tmd_register	read	existing	Existing register-and-prepare wrapper; no new macro needed.		kept-existing-source	100.0	100.0
src/open/render.c	OPEN.EXE	0x8001736c	tmd_release_last_allocation	read	existing	Existing ABI wrapper; unused slot is retained and documented elsewhere.		kept-existing-source	100.0	100.0
src/open/render.c	OPEN.EXE	0x8001738c	tmd_project_vertices	read	vertex-projection	Same GTE/read-depth sequence; OPEN has a capacity guard and variable perspective shift, GAME a fixed shift.		kept-existing-source	100.0	100.0
src/open/render.c	OPEN.EXE	0x80017458	tmd_project_vertices_perspective_right	read	vertex-projection	Right-shift perspective differs from other projection loops; preserve it explicitly.		kept-existing-source	100.0	100.0
src/open/render.c	OPEN.EXE	0x800174fc	tmd_project_vertices_shift	read	vertex-projection	Common per-vertex projection sequence with caller-selected depth shift; candidate inline needs SDK width and lifetime checks.		kept-existing-source	100.0	100.0
src/open/render.c	OPEN.EXE	0x800175a8	tmd_transform_vertices	read	vertex-projection	Unprojected RotTrans result writes XY and depth; do not collapse into perspective projection.		kept-existing-source	100.0	100.0
src/open/render_init.c	OPEN.EXE	0x800168dc	lighting_set_active_color_matrix	read	existing	Read OPEN palette-index wrapper; no additional helper needed.		kept-existing-source	100.0	100.0
src/open/render_init.c	OPEN.EXE	0x80016908	render_initialize	read	existing-sdk	Read OPEN initialization: larger two-buffer budget, authored quadrants/light values and one floor-item page; retain explicit initialization policy.		kept-existing-source	100.0	100.0
src/open/render_init.c	OPEN.EXE	0x80016adc	display_initialize	read	existing-sdk	Read OPEN mode-dependent reset/display enable and draw-environment setup; existing SDK helpers already name the operations.		kept-existing-source	100.0	100.0
src/open/render_init.c	OPEN.EXE	0x80016cb4	primitive_buffer_allocate	read	primitive-allocation	Existing checked allocation advances first, traps on overflow and increments count; direct cursor reservations lack those semantics.		kept-existing-source	100.0	100.0
src/open/render_map.c	OPEN.EXE	0x800185e8	render_enqueue_map	read	tmd-vertex-access;tmd-depth;tmd-packet-walk	FT3/FT4 source becomes GT3/GT4 for per-vertex depth cue; upper-bound OT guard differs from general TMD lower-bound guard.	TMD_PACKET_BODY;TMD_PACKET_BODY_BYTES;TMD_PREPARED_VERTEX	retained-exact	100.0	100.0
src/open/render_map_cells.c	OPEN.EXE	0x80018bbc	render_map_cell	read	map-cell-transform	Common orientation adjustment and view/light matrix setup; GAME first remaps illusion-staff meshes, OPEN does not.		kept-existing-source	100.0	100.0
src/open/render_map_cells.c	OPEN.EXE	0x80018d8c	opening_render_map_cells	read	cell-window-walk	Same bounded cell-window traversal as GAME after different window selection; preserve unsigned world-bound tests and byte loop counters.		kept-existing-source	100.0	100.0
src/open/render_sprite.c	OPEN.EXE	0x800189a0	render_enqueue_sprite	read	primitive-allocation;existing-sdk	Existing checked allocator and GTE/SDK operations are clear; packed XY memcpy preserves widths and optional boosted depth cue.		kept-existing-source	100.0	100.0
src/open/render_tmd.c	OPEN.EXE	0x8001764c	render_enqueue_tmd	read	tmd-vertex-access;tmd-depth;tmd-packet-walk	Full OPEN dispatch read: prepared vertex offsets and depth averages repeat; flat/Gouraud and semitransparent lighting calls differ and must stay explicit.	TMD_PACKET_BODY;TMD_PACKET_BODY_BYTES	retained-exact	100.0	100.0
src/open/render_unlit.c	OPEN.EXE	0x80018344	render_enqueue_unlit_triangles	read	tmd-vertex-access;tmd-depth;tmd-packet-walk	Prepared vertex-byte access and three-vertex OT average repeat in lit enqueuers; retain unlit color choices and mode dispatch.	TMD_PACKET_BODY;TMD_PACKET_BODY_BYTES	retained-exact	100.0	100.0
src/open/resources.c	OPEN.EXE	0x80016014	cd_file_load_allocated	read	cd-path;cd-location;cd-read	Path assembly and three-byte location copy repeat across images; whole retry helper must preserve image-specific errors, attempts and allocation lifetime.	CD_LOCATION_COPY	retained-exact	100.0	100.0
src/open/resources.c	OPEN.EXE	0x8001615c	cd_file_load_into	read	cd-path;cd-location;cd-read	Same candidate path/location operations as allocated load; existing failure policy differs across images.	CD_LOCATION_COPY	retained-exact	100.0	100.0
src/open/resources.c	OPEN.EXE	0x80016298	tim_upload_images	read	existing	Already a named TIM upload operation; preserve separate CLUT and pixel checks and DrawSync after each upload.		kept-existing-source	100.0	100.0
src/open/resources.c	OPEN.EXE	0x80016318	resource_stream_copy_words	read	existing	Already a counted word-copy helper returning the next source; do not replace its loop with memcpy.		kept-existing-source	100.0	100.0
src/open/resources.c	OPEN.EXE	0x80016348	opening_resources_load_scene0	read	resource-stream-next;map-grid-copy	Shared chunk macro retained at strict 100% with complete object byte identity. Keep five typed grid-copy calls and scene placement policy.	RESOURCE_STREAM_NEXT	retained-exact	100.0	100.0
src/open/resources.c	OPEN.EXE	0x80016510	opening_resources_load_scene1	read	resource-stream-next	Share chunk traversal; retain scene1 arena snapshot and sequence ordering. Shared macro retained; strict 100% and complete object byte-identical.	RESOURCE_STREAM_NEXT	retained-exact	100.0	100.0
src/open/resources.c	OPEN.EXE	0x800165c4	opening_resources_load_scene3	read	resource-stream-next	Share chunk traversal; entity height and scene1 cursor restoration belong to this transition. Shared macro retained; strict 100% and complete object byte-identical.	RESOURCE_STREAM_NEXT	retained-exact	100.0	100.0
src/open/resources.c	OPEN.EXE	0x800166b4	opening_resources_load_ending	read	resource-stream-next	Share chunk traversal; retain ending arena snapshot after TMD registration. Shared macro retained; strict 100% and complete object byte-identical.	RESOURCE_STREAM_NEXT	retained-exact	100.0	100.0
src/open/resources.c	OPEN.EXE	0x800167e8	opening_resources_load_ending_entities	read	resource-stream-next	Share chunk traversal; loader and release already express the operation. Shared macro retained; strict 100% and complete object byte-identical.	RESOURCE_STREAM_NEXT	retained-exact	100.0	100.0
src/open/resources.c	OPEN.EXE	0x80016840	opening_resources_load_ending_sequence	read	resource-stream-next	Share chunk traversal; preserve immediate stop and saved arena cursor. Shared macro retained; strict 100% and complete object byte-identical.	RESOURCE_STREAM_NEXT	retained-exact	100.0	100.0
src/open/sound_ref.c	OPEN.EXE	0x8001a220	sound_ref_play	read	existing	Existing sound descriptor to voice-arguments wrapper.		kept-existing-source	100.0	100.0
src/open/sprite_add_ft4.c	OPEN.EXE	0x8001399c	sprite_add_ft4	read	existing-sdk;primitive-allocation	Geometry/color use authentic SDK macros; typed primitive cursor allocation repeats in other render TUs and remains a candidate.		kept-existing-source	100.0	100.0
src/open/sprite_add_ft4.c	OPEN.EXE	0x80013b5c	sprite_add_f4	read	existing-sdk;primitive-allocation	Same cursor allocation idea for a different SDK primitive size; SDK setXYWH/setRGB0 already used.		kept-existing-source	100.0	100.0
src/open/vector_math.c	OPEN.EXE	0x80015be0	vector3s_scale_shift12	read	existing-sdk	Existing scaling helper uses setVector; do not hide signed products behind a width-generic multiply macro.		kept-existing-source	100.0	100.0
src/open/vector_math.c	OPEN.EXE	0x80015c3c	vector3s_scale_shift12_alt	read	fixed-scale	Array interface differs from SVECTOR helper; retain the named typed function rather than cast incompatible views to force sharing.		kept-existing-source	100.0	100.0
src/open/vector_math.c	OPEN.EXE	0x80015c98	angle_within_tolerance	read	existing	Existing wrapped-angle predicate already supplies the useful abstraction.		kept-existing-source	100.0	100.0
src/open/vector_xz_to_angle.c	OPEN.EXE	0x80015ce4	vector_xz_to_angle	read	existing	Existing heading helper keeps zero-Z and half-turn cases explicit.		kept-existing-source	100.0	100.0
src/psx/main.c	PSX.EXE	0x80010028	main	read	overlay-load	Two identical Load/Exec sequences in this TU only; candidate local inline, with request/result exchange kept outside.	OVERLAY_LAUNCH	retained-exact	100.0	100.0
src/shared/matrix_lerp.c	GAME.EXE	0x800202fc	matrix_interpolate	read	existing	Already shared across images; keep unsigned loads and explicit signed differences, so a generic lerp is not justified.		kept-existing-source	100.0	100.0
src/shared/matrix_lerp.c	GAME.EXE	0x80020364	lighting_set_color_matrix	read	existing	Already shared interpolation and SDK publication wrapper.		kept-existing-source	100.0	100.0
src/shared/matrix_lerp.c	GAME.EXE	0x80020390	lighting_set_light_matrix	read	existing	Already shared interpolation and SDK publication wrapper.		kept-existing-source	100.0	100.0
src/shared/matrix_lerp.c	OPEN.EXE	0x80019598	matrix_interpolate	read	existing	Already shared across images; keep unsigned loads and explicit signed differences, so a generic lerp is not justified.		kept-existing-source	100.0	100.0
src/shared/matrix_lerp.c	OPEN.EXE	0x80019600	lighting_set_color_matrix	read	existing	Already shared interpolation and SDK publication wrapper.		kept-existing-source	100.0	100.0
src/shared/matrix_lerp.c	OPEN.EXE	0x8001962c	lighting_set_light_matrix	read	existing	Already shared interpolation and SDK publication wrapper.		kept-existing-source	100.0	100.0
src/game/effect_map_collision.c	GAME.EXE		effect_collision_in_cell	read	map-cell-passable;collision-targets	Existing local validated-cell helper; repeated FLOOR-or-STEP predicate and target-specific query flags are wider collision candidates.		support-body-reviewed	n/a	n/a
src/game/geometry_render.c	GAME.EXE		notify_dequeue_group	read	existing	Existing local queue-group helper; gold payloads intentionally prevent grouping, so no generic ring-pop macro.		support-body-reviewed	n/a	n/a
src/game/menu_runtime.c	GAME.EXE		menu_status_draw_backdrop_quad	read	existing-sdk	Existing local reflected-backdrop helper composes SDK UV/XY operations; narrower UV dimensions and global current packet are local constraints.		support-body-reviewed	n/a	n/a
src/game/pool.c	GAME.EXE		copy_vertices	read	existing	Local two-word packed-vertex copy helper; nonzero u16 count and alignment differ from generic word-copy API.		support-body-reviewed	n/a	n/a
include/kf/game_effect.h	header		effect_sound_request	read	existing	Existing sound-request domain conversion supports typed constructor argument macros.		support-body-reviewed	n/a	n/a
include/kf/game_map.h	header		map_object_action_from_behavior	read	existing	Existing shared behavior-to-action domain conversion; retain C identity and modern enum check.		support-body-reviewed	n/a	n/a
include/kf/game_map.h	header		map_object_toggle_progress	read	existing	Existing semantic toggle; arbitrary nonzero progress maps to zero, unlike XOR.		support-body-reviewed	n/a	n/a
include/kf/game_menu.h	header		menu_confirm_result_from_choice	read	existing	Existing inline conversion from choice to signed result; do not mix with generic negation.		support-body-reviewed	n/a	n/a
include/kf/game_menu.h	header		menu_texture_from_magic	read	existing	Existing semantic artwork-index conversion; no additional wrapper.		support-body-reviewed	n/a	n/a
include/kf/item.h	header		floor_item_appearance	read	existing	Existing packed-facing/frame constructor masks numeric frame count and retains facing domain.		support-body-reviewed	n/a	n/a
include/kf/item.h	header		floor_item_facing	read	existing	Existing packed-facing extraction is the useful shared abstraction.		support-body-reviewed	n/a	n/a
include/kf/render_types.h	header		display_next_buffer	read	existing	Existing shared equality toggle includes the uninitialized sentinel; do not substitute XOR.		support-body-reviewed	n/a	n/a
include/kf/tmd.h	header		tmd_packet_mode	read	existing	Existing typed high-byte extraction preserves semitransparency bit.		support-body-reviewed	n/a	n/a
include/kf/tmd.h	header		tmd_packet_kind	read	existing	Existing typed dispatch extraction masks only the semitransparency bit.		support-body-reviewed	n/a	n/a
include/kf/enum.h	modern-checker		KF_ENUM_COUNTER::operator++(prefix)	read	existing	Shared enum checking infrastructure; no retail body and no additional gameplay helper.		support-body-reviewed	n/a	n/a
include/kf/enum.h	modern-checker		KF_ENUM_COUNTER::operator++(postfix)	read	existing	Shared enum checking infrastructure; no retail body and no additional gameplay helper.		support-body-reviewed	n/a	n/a
include/kf/enum.h	modern-checker		KF_ENUM_COUNTER::operator--(prefix)	read	existing	Shared enum checking infrastructure; no retail body and no additional gameplay helper.		support-body-reviewed	n/a	n/a
include/kf/enum.h	modern-checker		KF_ENUM_COUNTER::operator--(postfix)	read	existing	Shared enum checking infrastructure; no retail body and no additional gameplay helper.		support-body-reviewed	n/a	n/a
include/kf/enum.h	modern-checker		KF_ENUM_FLAGS::operator|	read	existing	Shared enum checking infrastructure; no retail body and no additional gameplay helper.		support-body-reviewed	n/a	n/a
include/kf/enum.h	modern-checker		KF_ENUM_FLAGS::operator&	read	existing	Shared enum checking infrastructure; no retail body and no additional gameplay helper.		support-body-reviewed	n/a	n/a
include/kf/enum.h	modern-checker		KF_ENUM_FLAGS::operator^	read	existing	Shared enum checking infrastructure; no retail body and no additional gameplay helper.		support-body-reviewed	n/a	n/a
include/kf/enum.h	modern-checker		KF_ENUM_FLAGS::operator~	read	existing	Shared enum checking infrastructure; no retail body and no additional gameplay helper.		support-body-reviewed	n/a	n/a
include/kf/enum.h	modern-checker		KF_ENUM_FLAGS::operator|=	read	existing	Shared enum checking infrastructure; no retail body and no additional gameplay helper.		support-body-reviewed	n/a	n/a
include/kf/enum.h	modern-checker		KF_ENUM_FLAGS::operator&=	read	existing	Shared enum checking infrastructure; no retail body and no additional gameplay helper.		support-body-reviewed	n/a	n/a
include/kf/enum.h	modern-checker		KF_ENUM_FLAGS::operator^=	read	existing	Shared enum checking infrastructure; no retail body and no additional gameplay helper.		support-body-reviewed	n/a	n/a
include/kf/enum.h	modern-checker		KfEnumStorage::KfEnumStorage(default)	read	existing	Shared enum checking infrastructure; no retail body and no additional gameplay helper.		support-body-reviewed	n/a	n/a
include/kf/enum.h	modern-checker		KfEnumStorage::KfEnumStorage(Enum)	read	existing	Shared enum checking infrastructure; no retail body and no additional gameplay helper.		support-body-reviewed	n/a	n/a
include/kf/enum.h	modern-checker		KfEnumStorage::operator Enum	read	existing	Shared enum checking infrastructure; no retail body and no additional gameplay helper.		support-body-reviewed	n/a	n/a
include/kf/enum.h	modern-checker		KfEnumStorage::encoded_value	read	existing	Shared enum checking infrastructure; no retail body and no additional gameplay helper.		support-body-reviewed	n/a	n/a
include/kf/enum.h	modern-checker		KfEnumStorage::operator=	read	existing	Shared enum checking infrastructure; no retail body and no additional gameplay helper.		support-body-reviewed	n/a	n/a
include/kf/enum.h	modern-checker		operator==(KfEnumStorage,KfEnumStorage)	read	existing	Shared enum checking infrastructure; no retail body and no additional gameplay helper.		support-body-reviewed	n/a	n/a
include/kf/enum.h	modern-checker		kf_enum_decode	read	existing	Shared enum checking infrastructure; no retail body and no additional gameplay helper.		support-body-reviewed	n/a	n/a
include/kf/enum.h	modern-checker		kf_enum_encode(Enum)	read	existing	Shared enum checking infrastructure; no retail body and no additional gameplay helper.		support-body-reviewed	n/a	n/a
include/kf/enum.h	modern-checker		kf_enum_encode(KfEnumStorage)	read	existing	Shared enum checking infrastructure; no retail body and no additional gameplay helper.		support-body-reviewed	n/a	n/a
include/kf/audio.h	header		audio_reset_voice_slots	read	audio-voice-reset	Retained extraction; typed body and all consumer comparisons reviewed. See candidate verdict.		support-body-reviewed	n/a	n/a
include/kf/audio.h	header		audio_key_on_next_slot	read	audio-voice-slot	Retained extraction; typed body and all consumer comparisons reviewed. See candidate verdict.		support-body-reviewed	n/a	n/a
include/kf/game_map.h	header		camera_path_publish_fixed	read	camera-fixed-state	Retained extraction; typed body and all consumer comparisons reviewed. See candidate verdict.		support-body-reviewed	n/a	n/a
include/kf/game_map.h	header		camera_path_advance_pose	read	camera-step	Retained extraction; typed body and all consumer comparisons reviewed. See candidate verdict.		support-body-reviewed	n/a	n/a
include/kf/game_math.h	header		fixed_vector3_length	read	distance3	Retained extraction; typed body and all consumer comparisons reviewed. See candidate verdict.		support-body-reviewed	n/a	n/a
include/kf/game_math.h	header		angle_error_magnitude	read	cone-angle-error	Retained extraction; typed body and all consumer comparisons reviewed. See candidate verdict.		support-body-reviewed	n/a	n/a
include/kf/game_math.h	header		radial_damage_attenuated_scale	read	radial-falloff	Retained extraction; typed body and all consumer comparisons reviewed. See candidate verdict.		support-body-reviewed	n/a	n/a
include/kf/game_menu.h	header		menu_list_previous	read	menu-list-step	Retained extraction; typed body and all consumer comparisons reviewed. See candidate verdict.		support-body-reviewed	n/a	n/a
include/kf/game_menu.h	header		menu_list_next	read	menu-list-step	Retained extraction; typed body and all consumer comparisons reviewed. See candidate verdict.		support-body-reviewed	n/a	n/a
include/kf/item.h	header		floor_item_advance_frame	read	floor-item-frame	Retained extraction; typed body and all consumer comparisons reviewed. See candidate verdict.		support-body-reviewed	n/a	n/a
include/kf/map_data.h	header		map_placement_axis_position	read	placement-position	Retained extraction; typed body and all consumer comparisons reviewed. See candidate verdict.		support-body-reviewed	n/a	n/a
src/game/actor.c	GAME.EXE		actor_initialize_at_home	read	actor-home-init	Retained extraction; typed body and all consumer comparisons reviewed. See candidate verdict.		support-body-reviewed	n/a	n/a
src/game/actor_behavior.c	GAME.EXE		actor_player_distance	read	actor-player-distance	Retained extraction; typed body and all consumer comparisons reviewed. See candidate verdict.		support-body-reviewed	n/a	n/a
src/game/lighting_presets.c	GAME.EXE		lighting_blend_current_color	read	current-color-blend	Retained extraction; typed body and all consumer comparisons reviewed. See candidate verdict.		support-body-reviewed	n/a	n/a
src/game/menu_runtime.c	GAME.EXE		menu_preview_light_source	read	menu-preview	Retained extraction; typed body and all consumer comparisons reviewed. See candidate verdict.		support-body-reviewed	n/a	n/a
src/game/menu_runtime.c	GAME.EXE		menu_begin_text_glyph	read	menu-glyph	Retained extraction; typed body and all consumer comparisons reviewed. See candidate verdict.		support-body-reviewed	n/a	n/a
src/game/save_system.c	GAME.EXE		memory_card_acknowledge_new_device	read	card-new-device	Retained extraction; typed body and all consumer comparisons reviewed. See candidate verdict.		support-body-reviewed	n/a	n/a
