source_enum	members	decision	current_enums	member_reuse	reason
include/kf/animation.h:KfAnimationClip	KF_ANIMATION_CLIP_FIRST=0;KF_ANIMATION_CLIP_SECOND=1;KF_ANIMATION_CLIP_THIRD=2;KF_ANIMATION_CLIP_FOURTH=3;KF_ANIMATION_CLIP_NONE=255	retain	include/kf/animation.h:KfAnimationClip		Clip IDs address animation resources; actor animation slots select actions within definitions and are not interchangeable clip IDs.
include/kf/animation.h:KfAnimationBlendDirection	KF_ANIMATION_BLEND_FORWARD=0;KF_ANIMATION_BLEND_REVERSE=1	retain	include/kf/animation.h:KfAnimationBlendDirection		Forward/reverse is the animation blend direction; actor movement uses signed -1/+1 and OPEN transition modes have different encodings.
include/kf/audio.h:KF_AUDIO_VOICE_SLOTS	KF_AUDIO_VOICE_SLOTS=10;KF_AUDIO_MAX_VOLUME=127;KF_AUDIO_DEFAULT_MAX_DISTANCE=16000;KF_AUDIO_DEFAULT_ATTENUATION_DISTANCE=28000;KF_AUDIO_SEQUENCE_CAPACITY=2;KF_AUDIO_TRACKS_PER_SEQUENCE=1;KF_AUDIO_VOICE_INACTIVE=-1;KF_AUDIO_VAB_AUTO=-1;KF_AUDIO_VAB_UNAVAILABLE=-1;KF_SOUND_TONE_INDEX_MASK=15;KF_SOUND_PACKED_NOTE_SHIFT=8	canonical	include/kf/audio.h:KF_AUDIO_VOICE_SLOTS		Shared audio capacity, volume and attenuation settings remain here; the extended boss/effect attenuation pair joins the common API policy. VAB allocation/error and voice-free sentinels retain distinct operations.
include/kf/audio.h:KfAudioSequenceState	KF_AUDIO_SEQUENCE_INACTIVE=0;KF_AUDIO_SEQUENCE_ACTIVE=1	retain	include/kf/audio.h:KfAudioSequenceState		Sequence activity belongs to the sequence controller, independent of sprite visibility and cache occupancy.
include/kf/audio.h:KfAudioStopMode	KF_AUDIO_STOP_IMMEDIATE=0;KF_AUDIO_STOP_FADE=1	retain	include/kf/audio.h:KfAudioStopMode		Immediate/faded audio stop is already shared across GAME/OPEN; neither encoding matches the cylinder lifecycle modes.
include/kf/audio.h:KfAudioPlaybackResult	KF_AUDIO_NOT_PLAYED=0;KF_AUDIO_PLAYED=1	retain	include/kf/audio.h:KfAudioPlaybackResult		Playback reports whether a voice was started; resource-load success uses the opposite zero/one convention.
include/kf/cd_file.h:KF_CD_SECTOR_BYTES	KF_CD_SECTOR_BYTES=2048;KF_CD_SECTOR_SHIFT=11;KF_CD_PATH_BYTES=80;KF_CD_READ_POLL=1;KF_CD_READ_STOP_ATTEMPT=100	retain	include/kf/cd_file.h:KF_CD_SECTOR_BYTES		CD sector representation and path-buffer extent are shared. Read polling and stop-attempt values control the SDK read loop, not menu status.
include/kf/cd_file.h:KfResourceLoadResult	KF_RESOURCE_LOADED=0;KF_RESOURCE_LOAD_FAILED=1	retain	include/kf/cd_file.h:KfResourceLoadResult		Resource loading returns zero on success and one on failure; audio playback and accepted menu results have different contracts.
include/kf/combat.h:KF_COMBAT_COMPONENT_CUTTING	KF_COMBAT_COMPONENT_CUTTING=0;KF_COMBAT_COMPONENT_STRIKING=1;KF_COMBAT_COMPONENT_PIERCING=2;KF_COMBAT_PHYSICAL_COMPONENT_COUNT=3;KF_COMBAT_COMPONENT_HOLY=3;KF_COMBAT_COMPONENT_FIRE=4;KF_COMBAT_COMPONENT_COUNT=5	canonical	include/kf/combat.h:KF_COMBAT_COMPONENT_CUTTING		Canonical cutting/striking/piercing/holy/fire order now serves weapon and actor arrays directly, including physical/full component counts.
include/kf/combat.h:KF_DAMAGE_SUBUNITS_PER_HP	KF_DAMAGE_SUBUNITS_PER_HP=10	retain	include/kf/combat.h:KF_DAMAGE_SUBUNITS_PER_HP		The decimal HP damage subunit is already shared by combat producers/consumers; actor damage scaling and player charge use different scales.
include/kf/debug.h:KfFormatDigitState	KF_FORMAT_DIGITS_LEADING=0;KF_FORMAT_DIGITS_EMITTED=1	retain	include/kf/debug.h:KfFormatDigitState		Leading/emitted tracks the formatter's digit state; it is separate from conversion parsing and space/zero padding.
include/kf/debug.h:KfFormatParserState	KF_FORMAT_PARSER_TEXT=0;KF_FORMAT_PARSER_CONVERSION=1	retain	include/kf/debug.h:KfFormatParserState		Text/conversion selects the formatter parser branch; digit emission and padding remain independent state variables.
include/kf/debug.h:KfFormatPaddingMode	KF_FORMAT_PAD_SPACES=0;KF_FORMAT_PAD_ZEROES=1	retain	include/kf/debug.h:KfFormatPaddingMode		Space/zero padding selects emitted bytes; it is not the digit parser state despite the same two encodings.
include/kf/debug.h:KF_FORMAT_LEADING_PAD_BYTES	KF_FORMAT_LEADING_PAD_BYTES=8;KF_FORMAT_DECIMAL_DIGITS=10;KF_FORMAT_DECIMAL_HIGHEST_PLACE=1000000000;KF_FORMAT_HEX_DIGITS=8;KF_FORMAT_HEX_HIGHEST_PLACE=268435456;KF_FORMAT_WIDTH_UNSPECIFIED=255	retain	include/kf/debug.h:KF_FORMAT_LEADING_PAD_BYTES		Shared formatter storage and decimal/hex representation limits already serve both images; width-unspecified is a parsing sentinel.
include/kf/floor.h:KfFloorId	KF_FLOOR_1=1;KF_FLOOR_2=2;KF_FLOOR_3=3;KF_FLOOR_4=4;KF_FLOOR_5=5;KF_FLOOR_FORCE_RELOAD=255	retain	include/kf/floor.h:KfFloorId		Floor numbers and force-reload travel through the map-loading API; map variants are an additional, independent selector.
include/kf/floor.h:KfMapVariant	KF_MAP_VARIANT_DEFAULT=0;KF_FLOOR5_ENTRY_VARIANT=1;KF_MAP_VARIANT_2=2;KF_FLOOR5_ALTERNATE_MUSIC_VARIANT=3	retain	include/kf/floor.h:KfMapVariant		Variant IDs select a floor's asset/music variant; floor numbers remain separate even when both appear in one load call.
include/kf/game_actor.h:KF_ACTOR_DEFINITION_COUNT	KF_ACTOR_DEFINITION_COUNT=12;KF_ACTOR_DEFINITION_WORD_COUNT=456;KF_ACTOR_ATTACHMENT_OFFSET_COUNT=2;KF_ACTOR_CAPACITY=128	retain	include/kf/game_actor.h:KF_ACTOR_DEFINITION_COUNT		Actor definition counts, pool capacity, record words and attachment slots bound different storage objects; none is a combat component count.
include/kf/game_actor.h:KfActorSlotState	KF_ACTOR_SLOT_DYNAMIC=0;KF_ACTOR_SLOT_PERSISTENT=1;KF_ACTOR_SLOT_RESPAWNING=2;KF_ACTOR_SLOT_HOMEBOUND=3;KF_ACTOR_SLOT_FREE=255	retain	include/kf/game_actor.h:KfActorSlotState		Slot provenance/free state controls allocation and respawn ownership; actor lifecycle and current action are independent fields.
include/kf/game_actor.h:KfActorLifecycle	KF_ACTOR_LIFECYCLE_DORMANT=0;KF_ACTOR_LIFECYCLE_ACTIVE=1;KF_ACTOR_LIFECYCLE_WAIT_FOR_RANGE_EXIT=2;KF_ACTOR_LIFECYCLE_DISABLED=3	retain	include/kf/game_actor.h:KfActorLifecycle		Activation lifecycle is independent of the slot's provenance and current action, including active actors running different actions.
include/kf/game_actor.h:KfActorCullingMode	KF_ACTOR_CULL_VISIBILITY_GRID=0;KF_ACTOR_CULL_NEAR_SQUARE=1	retain	include/kf/game_actor.h:KfActorCullingMode		Visibility-grid/near-square selects culling policy; the placement flag already maps to this enum rather than duplicating a type.
include/kf/game_actor.h:KfActorAction	KF_ACTOR_ACTION_IDLE=0;KF_ACTOR_ACTION_WANDER=1;KF_ACTOR_ACTION_PURSUE=2;KF_ACTOR_ACTION_RETREAT=3;KF_ACTOR_ACTION_MELEE_ATTACK=4;KF_ACTOR_ACTION_HIT_REACTION=5;KF_ACTOR_ACTION_DYING=6;KF_ACTOR_ACTION_JUMP_ATTACK=16;KF_ACTOR_ACTION_SPECIAL_ATTACK=17;KF_ACTOR_ACTION_DRIFT=18;KF_ACTOR_ACTION_EFFECT0=19;KF_ACTOR_ACTION_EFFECT1=20;KF_ACTOR_ACTION_EFFECT2=21;KF_ACTOR_ACTION_MULTI_HIT_ATTACK=22;KF_ACTOR_ACTION_EXIT_BLOCKED_PLACEMENT=32;KF_ACTOR_ACTION_RETURN_HOME=33;KF_ACTOR_ACTION_POST_DEATH=127;KF_ACTOR_ACTION_NONE=255	retain	include/kf/game_actor.h:KfActorAction		Actor dispatcher opcodes differ from animation-slot indices after the early actions; one cannot replace the other directly.
include/kf/game_actor.h:KfActorActionProgress	KF_ACTOR_PROGRESS_INIT=0;KF_ACTOR_PROGRESS_RUNNING=1;KF_ACTOR_PROGRESS_JUMP_RISING=1;KF_ACTOR_PROGRESS_JUMP_ATTACK_PENDING=2;KF_ACTOR_PROGRESS_JUMP_WAIT_FOR_LANDING=3;KF_ACTOR_PROGRESS_DRIFT_COLLIDED=2;KF_ACTOR_PROGRESS_POST_DEATH_END=7;KF_ACTOR_PROGRESS_BACKOFF_END=11;KF_ACTOR_PROGRESS_BACKOFF_BASE=13;KF_ACTOR_PROGRESS_BACKOFF_LAST=28;KF_ACTOR_PROGRESS_LOCKED=240;KF_ACTOR_PROGRESS_COMPLETE=255	retain	include/kf/game_actor.h:KfActorActionProgress		Progress is a counter with action-specific phase markers. Repeated numeric phases describe different transitions within this already shared domain.
include/kf/game_actor.h:KfActorMoveDirection	KF_ACTOR_MOVE_BACKWARD=-1;KF_ACTOR_MOVE_FORWARD=1	retain	include/kf/game_actor.h:KfActorMoveDirection		Backward/forward is signed -1/+1 movement, distinct from animation blend direction's zero/one encoding.
include/kf/game_actor.h:KfActorCollisionPolicy	KF_ACTOR_COLLISION_STEER=0;KF_ACTOR_COLLISION_STOP=1	retain	include/kf/game_actor.h:KfActorCollisionPolicy		Collision policy chooses steering versus stopping; collision results and actual sliding state are separately produced values.
include/kf/game_actor.h:KfActorMoveResult	KF_ACTOR_MOVE_SUCCEEDED=0;KF_ACTOR_MOVE_BLOCKED=1	retain	include/kf/game_actor.h:KfActorMoveResult		Movement success/blockage is the return protocol of actor movement; it does not encode the three-state collision field.
include/kf/game_actor.h:KfActorVerticalState	KF_ACTOR_VERTICAL_NONE=0;KF_ACTOR_VERTICAL_STEP_UP=1;KF_ACTOR_VERTICAL_FALL=2;KF_ACTOR_VERTICAL_LONG_DROP=3;KF_ACTOR_VERTICAL_JUMP_ATTACK=4	retain	include/kf/game_actor.h:KfActorVerticalState		Actor step/fall/jump states differ from player vertical-state codes and include long-drop/jump-attack branches.
include/kf/game_actor.h:KfActorCollisionState	KF_ACTOR_COLLISION_CLEAR=0;KF_ACTOR_COLLISION_SLIDING=1;KF_ACTOR_COLLISION_BLOCKED=2	retain	include/kf/game_actor.h:KfActorCollisionState		Clear/sliding/blocked are actual collision outcomes; the two-valued stop/steer input is a policy rather than an outcome.
include/kf/game_actor.h:KF_ACTOR_ANIM_SLOT_IDLE	KF_ACTOR_ANIM_SLOT_IDLE=0;KF_ACTOR_ANIM_SLOT_MOVE=1;KF_ACTOR_ANIM_SLOT_MELEE=2;KF_ACTOR_ANIM_SLOT_HIT_REACTION=3;KF_ACTOR_ANIM_SLOT_DEATH=4;KF_ACTOR_ANIM_SLOT_JUMP_ATTACK=5;KF_ACTOR_ANIM_SLOT_SPECIAL_ATTACK=6;KF_ACTOR_ANIM_SLOT_DRIFT=7;KF_ACTOR_ANIM_SLOT_EFFECT0=8;KF_ACTOR_ANIM_SLOT_EFFECT1=9;KF_ACTOR_ANIM_SLOT_EFFECT2=10;KF_ACTOR_ANIM_SLOT_MULTI_HIT_ATTACK=11;KF_ACTOR_ANIM_SLOT_COUNT=16	retain	include/kf/game_actor.h:KF_ACTOR_ANIM_SLOT_IDLE		Definition animation slots are indices into three parallel tables, not actor dispatcher opcodes or animation-resource clip IDs.
include/kf/game_actor.h:KF_ACTOR_ANIMATION_PHASE_PERIOD	KF_ACTOR_ANIMATION_PHASE_PERIOD=4096;KF_ACTOR_ANIMATION_PHASE_MAX=4095;KF_ACTOR_AIM_TOLERANCE=341	retain	include/kf/game_actor.h:KF_ACTOR_ANIMATION_PHASE_PERIOD		Animation phase period/mask and actor aim cone retain distinct units; equal angle masks do not identify an animation clock.
include/kf/game_actor.h:KF_ACTOR_SOUND_ATTACK	KF_ACTOR_SOUND_ATTACK=0;KF_ACTOR_SOUND_HIT_REACTION=1;KF_ACTOR_SOUND_DEATH=2;KF_ACTOR_SOUND_COUNT=3	retain	include/kf/game_actor.h:KF_ACTOR_SOUND_ATTACK		Actor attack/hit/death sound slots differ from the player attack/death/level-up order.
include/kf/game_actor.h:KF_ACTOR_ATTACK_CUTTING	KF_ACTOR_ATTACK_CUTTING=0;KF_ACTOR_ATTACK_STRIKING=1;KF_ACTOR_ATTACK_PIERCING=2;KF_ACTOR_ATTACK_COMPONENT_COUNT=3	reuse	include/kf/combat.h:KF_COMBAT_COMPONENT_CUTTING	KF_ACTOR_ATTACK_CUTTING=include/kf/combat.h:KF_COMBAT_COMPONENT_CUTTING;KF_ACTOR_ATTACK_STRIKING=include/kf/combat.h:KF_COMBAT_COMPONENT_STRIKING;KF_ACTOR_ATTACK_PIERCING=include/kf/combat.h:KF_COMBAT_COMPONENT_PIERCING;KF_ACTOR_ATTACK_COMPONENT_COUNT=include/kf/combat.h:KF_COMBAT_PHYSICAL_COMPONENT_COUNT	Remove the actor attack aliases; use the common combat component indices and physical count directly.
include/kf/game_actor.h:KF_ACTOR_DEFENSE_CUTTING	KF_ACTOR_DEFENSE_CUTTING=0;KF_ACTOR_DEFENSE_STRIKING=1;KF_ACTOR_DEFENSE_PIERCING=2;KF_ACTOR_DEFENSE_HOLY=3;KF_ACTOR_DEFENSE_FIRE=4;KF_ACTOR_DEFENSE_COMPONENT_COUNT=5	reuse	include/kf/combat.h:KF_COMBAT_COMPONENT_CUTTING	KF_ACTOR_DEFENSE_CUTTING=include/kf/combat.h:KF_COMBAT_COMPONENT_CUTTING;KF_ACTOR_DEFENSE_STRIKING=include/kf/combat.h:KF_COMBAT_COMPONENT_STRIKING;KF_ACTOR_DEFENSE_PIERCING=include/kf/combat.h:KF_COMBAT_COMPONENT_PIERCING;KF_ACTOR_DEFENSE_HOLY=include/kf/combat.h:KF_COMBAT_COMPONENT_HOLY;KF_ACTOR_DEFENSE_FIRE=include/kf/combat.h:KF_COMBAT_COMPONENT_FIRE;KF_ACTOR_DEFENSE_COMPONENT_COUNT=include/kf/combat.h:KF_COMBAT_COMPONENT_COUNT	Remove the actor defense aliases; use the common combat component indices and full count directly.
include/kf/game_actor.h:KF_ACTOR_MULTI_HIT_FORWARD_MIN_RANGE	KF_ACTOR_MULTI_HIT_FORWARD_MIN_RANGE=8000;KF_ACTOR_MULTI_HIT_MAX_RANGE=11000;KF_ACTOR_BOSS_DEATH_SOUND_COUNT=4	retain	include/kf/game_actor.h:KF_ACTOR_MULTI_HIT_FORWARD_MIN_RANGE		Multi-hit range thresholds and the boss-death sound count address different parts of actor behavior and are not projectile target limits.
include/kf/game_actor.h:KF_ACTOR_PLACEMENT_DEFINITION_MASK	KF_ACTOR_PLACEMENT_DEFINITION_MASK=31;KF_ACTOR_PLACEMENT_NEAR_SQUARE_CULLING=32	retain	include/kf/game_actor.h:KF_ACTOR_PLACEMENT_DEFINITION_MASK		Placement definition-index bits and the culling flag encode a packed placement byte; actor effect payload bits belong to another format.
include/kf/game_actor.h:KF_ACTOR_ACTION_PROFILE_COUNT	KF_ACTOR_ACTION_PROFILE_COUNT=25	retain	include/kf/game_actor.h:KF_ACTOR_ACTION_PROFILE_COUNT		The action-profile count bounds the curated profile table, independent of effect/magic record count and runtime actor capacity.
include/kf/game_actor.h:KfActorEffectSlot	KF_ACTOR_EFFECT_SLOT_FIRST=0;KF_ACTOR_EFFECT_SLOT_SECOND=1;KF_ACTOR_EFFECT_SLOT_THIRD=2	retain	include/kf/game_actor.h:KfActorEffectSlot		Effect slot selects matching parameter, chance and attachment rows; it is not an effect-kind ID.
include/kf/game_actor.h:KfActorEffectCode	KF_ACTOR_EFFECT_CODE_NONE=0;KF_ACTOR_EFFECT_CODE_LIGHTNING_BOLT=4;KF_ACTOR_EFFECT_CODE_FIRE_BALL=5;KF_ACTOR_EFFECT_CODE_GROUND_BRANCH=6;KF_ACTOR_EFFECT_CODE_WIND_CUTTER=7;KF_ACTOR_EFFECT_CODE_LIGHT_NEEDLE=8;KF_ACTOR_EFFECT_CODE_ACTOR_SPAWNER=9;KF_ACTOR_EFFECT_CODE_SCATTER_PROJECTILE=10;KF_ACTOR_EFFECT_CODE_DARKNESS_PROJECTILE=11;KF_ACTOR_EFFECT_CODE_CURSE_PROJECTILE=12;KF_ACTOR_EFFECT_CODE_EMERGING_PROJECTILE=13;KF_ACTOR_EFFECT_CODE_PHYSICAL_PROJECTILE=22;KF_ACTOR_EFFECT_CODE_LIGHTNING_ALTERNATE=23;KF_ACTOR_EFFECT_CODE_HOMING_ALTERNATE=24;KF_ACTOR_EFFECT_KIND_MASK=31;KF_ACTOR_EFFECT_PAIRED=32;KF_ACTOR_EFFECT_CODE_UNSET=255	reuse	include/kf/game_actor.h:KfActorEffectCode;include/kf/magic.h:KfEffectKind	KF_ACTOR_EFFECT_CODE_LIGHTNING_BOLT=include/kf/magic.h:KF_MAGIC_LIGHTNING_BOLT;KF_ACTOR_EFFECT_CODE_FIRE_BALL=include/kf/magic.h:KF_MAGIC_FIRE_BALL;KF_ACTOR_EFFECT_CODE_GROUND_BRANCH=include/kf/magic.h:KF_MAGIC_FIRE_WALL;KF_ACTOR_EFFECT_CODE_WIND_CUTTER=include/kf/magic.h:KF_MAGIC_WIND_CUTTER;KF_ACTOR_EFFECT_CODE_LIGHT_NEEDLE=include/kf/magic.h:KF_MAGIC_LIGHT_NEEDLE;KF_ACTOR_EFFECT_CODE_ACTOR_SPAWNER=include/kf/magic.h:KF_EFFECT_KIND_ACTOR_SPAWNER;KF_ACTOR_EFFECT_CODE_SCATTER_PROJECTILE=include/kf/magic.h:KF_EFFECT_KIND_SCATTER_PROJECTILE;KF_ACTOR_EFFECT_CODE_DARKNESS_PROJECTILE=include/kf/magic.h:KF_EFFECT_KIND_DARKNESS_PROJECTILE;KF_ACTOR_EFFECT_CODE_CURSE_PROJECTILE=include/kf/magic.h:KF_EFFECT_KIND_CURSE_PROJECTILE;KF_ACTOR_EFFECT_CODE_EMERGING_PROJECTILE=include/kf/magic.h:KF_EFFECT_KIND_EMERGING_PROJECTILE;KF_ACTOR_EFFECT_CODE_PHYSICAL_PROJECTILE=include/kf/magic.h:KF_EFFECT_KIND_PHYSICAL_PROJECTILE;KF_ACTOR_EFFECT_CODE_LIGHTNING_ALTERNATE=include/kf/magic.h:KF_EFFECT_KIND_LIGHTNING_BOLT_ALTERNATE;KF_ACTOR_EFFECT_CODE_HOMING_ALTERNATE=include/kf/magic.h:KF_EFFECT_KIND_HOMING_PROJECTILE_ALTERNATE	Keep only the packed code's mask, paired flag and sentinels; masked payload consumers now use the canonical spell/effect enum directly.
include/kf/game_actor.h:KF_ACTOR_EFFECT_PARAMETER_COUNT	KF_ACTOR_EFFECT_PARAMETER_COUNT=3	retain	include/kf/game_actor.h:KF_ACTOR_EFFECT_PARAMETER_COUNT		Three effect-parameter slots describe each actor action record; equal vector/physical-component dimensions refer to different fields.
include/kf/game_actor.h:KF_ACTOR_DAMAGE_SCALE_ONE	KF_ACTOR_DAMAGE_SCALE_ONE=5000	retain	include/kf/game_actor.h:KF_ACTOR_DAMAGE_SCALE_ONE		Actor damage magnitude uses its own decimal scale of 5000; player full charge and sound distance use unrelated units.
include/kf/game_actor.h:KfActorHeadingQuadrant	KF_ACTOR_HEADING_0=0;KF_ACTOR_HEADING_90=1;KF_ACTOR_HEADING_180=2;KF_ACTOR_HEADING_270=3	retain	include/kf/game_actor.h:KfActorHeadingQuadrant		Quarter headings encode 0..3, while map orientation and floor-sprite facing use different rotation/packed encodings.
include/kf/game_asset.h:KF_ASSET_ARCHIVE_HEADER_BYTES	KF_ASSET_ARCHIVE_HEADER_BYTES=4;KF_ASSET_ACTOR_FIRST=0;KF_ASSET_MAP_EVENT_FIRST=10;KF_ASSET_WEAPON=20;KF_ASSET_EFFECT_SPRITES=21;KF_ASSET_EFFECT_FIRST=30;KF_ASSET_REGISTRY_KNOWN_ENTRIES=48;KF_WEAPON_ASSET_BUFFER_BYTES=49152	retain	include/kf/game_asset.h:KF_ASSET_ARCHIVE_HEADER_BYTES		Asset registry indices and archive-header size belong to the asset format. The enclosing resource chunk has a separate length header.
include/kf/game_cd.h:KF_CD_FILE_TABLE_ENTRIES	KF_CD_FILE_TABLE_ENTRIES=80;KF_CD_FILE_NAME_BYTES=12	retain	include/kf/game_cd.h:KF_CD_FILE_TABLE_ENTRIES		The fixed CD lookup table's row count and twelve-byte names differ from path buffers and item database capacity.
include/kf/game_collision.h:KF_COLLISION_SKIP_TERRAIN	KF_COLLISION_SKIP_TERRAIN=1;KF_COLLISION_SKIP_ACTORS=16;KF_COLLISION_SKIP_MAP_OBJECTS=32;KF_COLLISION_SKIP_MAP_EVENTS=64;KF_COLLISION_SKIP_PLAYER=128;KF_COLLISION_CAPTURE_TARGET=2048;KF_COLLISION_CELL_FLAG_SHIFT=8;KF_COLLISION_CELL_FLAG_MASK=240;KF_COLLISION_IGNORE_HEIGHT=65535;KF_COLLISION_PLAYER_RADIUS=800;KF_COLLISION_PLAYER_HEIGHT=1700	retain	include/kf/game_collision.h:KF_COLLISION_SKIP_TERRAIN		Collision query flags, skip policies and player dimensions are shared by query callers; result-kind codes are a different bitfield.
include/kf/game_collision.h:KF_COLLISION_NONE	KF_COLLISION_NONE=-1;KF_COLLISION_TERRAIN=65536;KF_COLLISION_BELOW_FLOOR=131056;KF_COLLISION_CEILING=131057;KF_COLLISION_MISSING_ATTRIBUTE=131058;KF_COLLISION_ACTOR=1048576;KF_COLLISION_MAP_OBJECT=2097152;KF_COLLISION_MAP_EVENT=4194304;KF_COLLISION_PLAYER=8388608	retain	include/kf/game_collision.h:KF_COLLISION_NONE		Collision outcomes use high kind bits plus detail payload; neither query flags nor map cell attribute IDs use that encoding.
include/kf/game_collision.h:KF_COLLISION_KIND_SHIFT	KF_COLLISION_KIND_SHIFT=16;KF_COLLISION_DETAIL_MASK=65535;KF_COLLISION_DETAIL_BELOW_FLOOR=65520;KF_COLLISION_DETAIL_CEILING=65521	retain	include/kf/game_collision.h:KF_COLLISION_KIND_SHIFT		Collision detail masks and below-floor/ceiling payloads belong to the collision result format, not save IDs or status-effect flags.
include/kf/game_collision.h:KF_MAP_CELL_HEIGHT_RECORD_COUNT	KF_MAP_CELL_HEIGHT_RECORD_COUNT=7	retain	include/kf/game_collision.h:KF_MAP_CELL_HEIGHT_RECORD_COUNT		The map-attribute height lookup bounds a separate table from the raw map-attribute enum and grid cells.
include/kf/game_effect.h:KF_EFFECT_PROJECTILE_DEFAULT_SPEED	KF_EFFECT_PROJECTILE_DEFAULT_SPEED=600;KF_EFFECT_LIGHTNING_SPEED=800;KF_EFFECT_WIND_CUTTER_SPEED=800;KF_EFFECT_ACTOR_TARGET_MAX_DISTANCE=20000;KF_EFFECT_ACTOR_TARGET_WIDE_CONE=1365	retain	include/kf/game_effect.h:KF_EFFECT_PROJECTILE_DEFAULT_SPEED		Projectile speeds and actor acquisition limits already share launch/update consumers; aim distance is distinct from an equal audible radius.
include/kf/game_effect.h:KF_EFFECT_CAPACITY	KF_EFFECT_CAPACITY=48	retain	include/kf/game_effect.h:KF_EFFECT_CAPACITY		Effect pool capacity counts live records, not animation duration or the asset registry extent.
include/kf/game_effect.h:KfEffectKind	KF_EFFECT_KIND_LIGHTNING_BOLT=4;KF_EFFECT_KIND_FIRE_BALL=5;KF_EFFECT_KIND_GROUND_BRANCH=6;KF_EFFECT_KIND_WIND_CUTTER=7;KF_EFFECT_KIND_LIGHT_NEEDLE=8;KF_EFFECT_KIND_ACTOR_SPAWNER=9;KF_EFFECT_KIND_SCATTER_PROJECTILE=10;KF_EFFECT_KIND_DARKNESS_PROJECTILE=11;KF_EFFECT_KIND_CURSE_PROJECTILE=12;KF_EFFECT_KIND_EMERGING_PROJECTILE=13;KF_EFFECT_KIND_MAP_EMITTER_PROJECTILE=14;KF_EFFECT_KIND_SWINGING_HAZARD_SHORT=15;KF_EFFECT_KIND_SWINGING_HAZARD_LONG=16;KF_EFFECT_KIND_ORBITING_PROJECTILE=17;KF_EFFECT_KIND_RADIAL_BLAST=18;KF_EFFECT_KIND_GROUND_TRAIL=19;KF_EFFECT_KIND_HOMING_PROJECTILE=20;KF_EFFECT_KIND_WARP_SHIMMER=21;KF_EFFECT_KIND_PHYSICAL_PROJECTILE=22;KF_EFFECT_KIND_LIGHTNING_IMPACT=32;KF_EFFECT_KIND_LIGHTNING_RADIAL_BLAST=33;KF_EFFECT_KIND_GROUND_BRANCH_VISUAL=34;KF_EFFECT_KIND_MOONLIGHT_PROJECTILE=36;KF_EFFECT_KIND_LIGHTNING_BOLT_ALTERNATE=23;KF_EFFECT_KIND_HOMING_PROJECTILE_ALTERNATE=24;KF_EFFECT_KIND_LIGHTNING_IMPACT_ALTERNATE=41;KF_EFFECT_KIND_LIGHTNING_RADIAL_BLAST_ALTERNATE=42;KF_EFFECT_KIND_RADIAL_BLAST_ALTERNATE=44;KF_EFFECT_KIND_MAP_SWITCH=48;KF_EFFECT_KIND_FLOOR_DEFORMATION=52	reuse	include/kf/magic.h:KfEffectKind	KF_EFFECT_KIND_LIGHTNING_BOLT=include/kf/magic.h:KF_MAGIC_LIGHTNING_BOLT;KF_EFFECT_KIND_FIRE_BALL=include/kf/magic.h:KF_MAGIC_FIRE_BALL;KF_EFFECT_KIND_GROUND_BRANCH=include/kf/magic.h:KF_MAGIC_FIRE_WALL;KF_EFFECT_KIND_WIND_CUTTER=include/kf/magic.h:KF_MAGIC_WIND_CUTTER;KF_EFFECT_KIND_LIGHT_NEEDLE=include/kf/magic.h:KF_MAGIC_LIGHT_NEEDLE;KF_EFFECT_KIND_ACTOR_SPAWNER=include/kf/magic.h:KF_EFFECT_KIND_ACTOR_SPAWNER;KF_EFFECT_KIND_SCATTER_PROJECTILE=include/kf/magic.h:KF_EFFECT_KIND_SCATTER_PROJECTILE;KF_EFFECT_KIND_DARKNESS_PROJECTILE=include/kf/magic.h:KF_EFFECT_KIND_DARKNESS_PROJECTILE;KF_EFFECT_KIND_CURSE_PROJECTILE=include/kf/magic.h:KF_EFFECT_KIND_CURSE_PROJECTILE;KF_EFFECT_KIND_EMERGING_PROJECTILE=include/kf/magic.h:KF_EFFECT_KIND_EMERGING_PROJECTILE;KF_EFFECT_KIND_MAP_EMITTER_PROJECTILE=include/kf/magic.h:KF_EFFECT_KIND_MAP_EMITTER_PROJECTILE;KF_EFFECT_KIND_SWINGING_HAZARD_SHORT=include/kf/magic.h:KF_EFFECT_KIND_SWINGING_HAZARD_SHORT;KF_EFFECT_KIND_SWINGING_HAZARD_LONG=include/kf/magic.h:KF_EFFECT_KIND_SWINGING_HAZARD_LONG;KF_EFFECT_KIND_ORBITING_PROJECTILE=include/kf/magic.h:KF_EFFECT_KIND_ORBITING_PROJECTILE;KF_EFFECT_KIND_RADIAL_BLAST=include/kf/magic.h:KF_EFFECT_KIND_RADIAL_BLAST;KF_EFFECT_KIND_GROUND_TRAIL=include/kf/magic.h:KF_EFFECT_KIND_GROUND_TRAIL;KF_EFFECT_KIND_HOMING_PROJECTILE=include/kf/magic.h:KF_EFFECT_KIND_HOMING_PROJECTILE;KF_EFFECT_KIND_WARP_SHIMMER=include/kf/magic.h:KF_EFFECT_KIND_WARP_SHIMMER;KF_EFFECT_KIND_PHYSICAL_PROJECTILE=include/kf/magic.h:KF_EFFECT_KIND_PHYSICAL_PROJECTILE;KF_EFFECT_KIND_LIGHTNING_IMPACT=include/kf/magic.h:KF_EFFECT_KIND_LIGHTNING_IMPACT;KF_EFFECT_KIND_LIGHTNING_RADIAL_BLAST=include/kf/magic.h:KF_EFFECT_KIND_LIGHTNING_RADIAL_BLAST;KF_EFFECT_KIND_GROUND_BRANCH_VISUAL=include/kf/magic.h:KF_EFFECT_KIND_GROUND_BRANCH_VISUAL;KF_EFFECT_KIND_MOONLIGHT_PROJECTILE=include/kf/magic.h:KF_EFFECT_KIND_MOONLIGHT_PROJECTILE;KF_EFFECT_KIND_LIGHTNING_BOLT_ALTERNATE=include/kf/magic.h:KF_EFFECT_KIND_LIGHTNING_BOLT_ALTERNATE;KF_EFFECT_KIND_HOMING_PROJECTILE_ALTERNATE=include/kf/magic.h:KF_EFFECT_KIND_HOMING_PROJECTILE_ALTERNATE;KF_EFFECT_KIND_LIGHTNING_IMPACT_ALTERNATE=include/kf/magic.h:KF_EFFECT_KIND_LIGHTNING_IMPACT_ALTERNATE;KF_EFFECT_KIND_LIGHTNING_RADIAL_BLAST_ALTERNATE=include/kf/magic.h:KF_EFFECT_KIND_LIGHTNING_RADIAL_BLAST_ALTERNATE;KF_EFFECT_KIND_RADIAL_BLAST_ALTERNATE=include/kf/magic.h:KF_EFFECT_KIND_RADIAL_BLAST_ALTERNATE;KF_EFFECT_KIND_MAP_SWITCH=include/kf/magic.h:KF_EFFECT_KIND_MAP_SWITCH;KF_EFFECT_KIND_FLOOR_DEFORMATION=include/kf/magic.h:KF_EFFECT_KIND_FLOOR_DEFORMATION	Merge the effect-kind and spell-ID declarations: magic_cast transports the ID directly and effect construction indexes the same magic-record table.
include/kf/game_effect.h:KfEffectBillboardId	KF_EFFECT_BILLBOARD_FIRE_BALL=0;KF_EFFECT_BILLBOARD_FIRE_BALL_FRAME_1=1;KF_EFFECT_BILLBOARD_FIRE_BALL_FRAME_2=2;KF_EFFECT_BILLBOARD_FIRE_BALL_FRAME_3=3;KF_EFFECT_BILLBOARD_FIRE_BALL_FRAME_4=4;KF_EFFECT_BILLBOARD_WIND_CUTTER=5;KF_EFFECT_BILLBOARD_LIGHTNING_BOLT=6;KF_EFFECT_BILLBOARD_LIGHTNING_BOLT_FRAME_1=7;KF_EFFECT_BILLBOARD_DARKNESS_PROJECTILE=8;KF_EFFECT_BILLBOARD_SCATTER_PROJECTILE=9;KF_EFFECT_BILLBOARD_CURSE_PROJECTILE=10;KF_EFFECT_BILLBOARD_LIGHTNING_IMPACT=11;KF_EFFECT_BILLBOARD_LIGHTNING_IMPACT_FRAME_1=12;KF_EFFECT_BILLBOARD_LIGHTNING_IMPACT_FRAME_2=13;KF_EFFECT_BILLBOARD_GROUND_TRAIL=14;KF_EFFECT_BILLBOARD_GROUND_TRAIL_FRAME_1=15;KF_EFFECT_BILLBOARD_GROUND_TRAIL_FRAME_2=16;KF_EFFECT_BILLBOARD_LIGHTNING_BOLT_ALTERNATE=17;KF_EFFECT_BILLBOARD_LIGHTNING_ALTERNATE_FRAME_1=18;KF_EFFECT_BILLBOARD_LIGHTNING_IMPACT_ALTERNATE=19;KF_EFFECT_BILLBOARD_IMPACT_ALTERNATE_FRAME_1=20;KF_EFFECT_BILLBOARD_IMPACT_ALTERNATE_FRAME_2=21;KF_EFFECT_BILLBOARD_NONE=255	retain	include/kf/game_effect.h:KfEffectBillboardId		Billboard IDs index sprite artwork and animation frames; effect-kind IDs and model IDs address different tables with different orders.
include/kf/game_effect.h:KF_EFFECT_BILLBOARD_SPRITE_COUNT	KF_EFFECT_BILLBOARD_SPRITE_COUNT=22	retain	include/kf/game_effect.h:KF_EFFECT_BILLBOARD_SPRITE_COUNT		Billboard count bounds the sprite resource table, not the effect dispatcher namespace.
include/kf/game_effect.h:KfEffectModelId	KF_EFFECT_MODEL_LIGHTNING_RADIAL_BLAST=0;KF_EFFECT_MODEL_GROUND_BRANCH=1;KF_EFFECT_MODEL_GROUND_BRANCH_VISUAL=2;KF_EFFECT_MODEL_ACTOR_SPAWNER=3;KF_EFFECT_MODEL_MAP_EMITTER_PROJECTILE=4;KF_EFFECT_MODEL_MAP_SWITCH=5;KF_EFFECT_MODEL_LIGHT_NEEDLE=6;KF_EFFECT_MODEL_SWINGING_HAZARD=7;KF_EFFECT_MODEL_EMERGING_PROJECTILE=9;KF_EFFECT_MODEL_MOONLIGHT_PROJECTILE=10;KF_EFFECT_MODEL_RADIAL_BLAST=11;KF_EFFECT_MODEL_HOMING_PROJECTILE=12;KF_EFFECT_MODEL_WARP_SHIMMER=13;KF_EFFECT_MODEL_PHYSICAL_PROJECTILE=14;KF_EFFECT_MODEL_LIGHTNING_RADIAL_BLAST_ALTERNATE=15;KF_EFFECT_MODEL_HOMING_PROJECTILE_ALTERNATE=16;KF_EFFECT_MODEL_RADIAL_BLAST_ALTERNATE=17;KF_EFFECT_MODEL_NONE=255	retain	include/kf/game_effect.h:KfEffectModelId		Effect model IDs index TMD resources; dispatch kinds and billboard frame IDs retain their different encodings.
include/kf/game_effect.h:KfEffectType	KF_EFFECT_TYPE_NONE=0;KF_EFFECT_COLLISION_TARGET_ACTORS=1;KF_EFFECT_COLLISION_TARGET_PLAYER=2;KF_EFFECT_COLLISION_TARGET_ACTORS_AND_PLAYER=3;KF_EFFECT_COLLISION_TARGETS_MASK=3;KF_EFFECT_USE_PLAYER_MAGIC=16;KF_EFFECT_CLASS_20=32;KF_ACTOR_DAMAGE_CREDIT_PLAYER=16;KF_ACTOR_DAMAGE_CREDIT_MASK=240;KF_EFFECT_FLOOR_DEFORM_TYPE=240;KF_EFFECT_SLOT_FREE=255	retain	include/kf/game_effect.h:KfEffectType		Packed effect type flags select targets, power and damage credit; kind IDs select behavior and cannot replace those flags.
include/kf/game_effect.h:KfEffectHomingMode	KF_EFFECT_HOMING_WANDER=255;KF_EFFECT_HOMING_PLAYER=254	retain	include/kf/game_effect.h:KfEffectHomingMode		Homing wander/player values occupy the homing target/control field, independent of effect kind and ordinary actor slot indices.
include/kf/game_effect.h:KfEffectGroundBranchRole	KF_EFFECT_GROUND_BRANCH_ROOT=0;KF_EFFECT_GROUND_BRANCH_QUARTER_TURN=1;KF_EFFECT_GROUND_BRANCH_THREE_QUARTER_TURN=2;KF_EFFECT_GROUND_BRANCH_LEAF=255	retain	include/kf/game_effect.h:KfEffectGroundBranchRole		Ground-branch role selects root/side/leaf behavior; its 0/1/2/255 values differ from angle, map-orientation and opening transition encodings.
include/kf/game_effect.h:KF_EFFECT_GROUND_BRANCH_TIMER_DONE	KF_EFFECT_GROUND_BRANCH_TIMER_DONE=255	retain	include/kf/game_effect.h:KF_EFFECT_GROUND_BRANCH_TIMER_DONE		The completed ground-branch timer is a timer sentinel, distinct from absent effect kind or released pool slot.
include/kf/game_effect.h:KfEffectPhase	KF_EFFECT_PHASE_INIT=0;KF_EFFECT_FLOOR_DEFORM_ADVANCE=0;KF_EFFECT_FLOOR_DEFORM_HOLD=1;KF_EFFECT_FLOOR_DEFORM_REVERSE=2;KF_EFFECT_PROJECTILE_TRAVEL=0;KF_EFFECT_PROJECTILE_IMPACT_FIRST=1;KF_EFFECT_PROJECTILE_DISSIPATE_FIRST=50;KF_EFFECT_PROJECTILE_DISSIPATE_END=60;KF_EFFECT_PROJECTILE_EMERGE_FIRST=100;KF_EFFECT_PROJECTILE_EMERGE_LAST=119;KF_EFFECT_PROJECTILE_FALL=120;KF_EFFECT_PROJECTILE_SHRINK=121;KF_EFFECT_PROJECTILE_LAUNCH_WRAP=255;KF_EFFECT_GROUND_TRAIL_WAIT_FOR_PARENT=0;KF_EFFECT_GROUND_TRAIL_SHRINK=1;KF_EFFECT_HAZARD_RUNNING=0;KF_EFFECT_HAZARD_RELEASE_REQUEST=1;KF_EFFECT_HAZARD_RISE_FIRST=10;KF_EFFECT_SHORT_SWING_PHASE_LIMIT=40;KF_EFFECT_LONG_SWING_PHASE_LIMIT=60;KF_EFFECT_ORBIT_PHASE_LIMIT=40;KF_EFFECT_FIRE_BALL_IMPACT_END=5;KF_EFFECT_PROJECTILE_IMPACT_END=10;KF_EFFECT_MOONLIGHT_TRAVEL_LAST=10;KF_EFFECT_MOONLIGHT_TRAIL_EMIT_PHASE=2;KF_EFFECT_MOONLIGHT_IMPACT_FIRST=20;KF_EFFECT_MOONLIGHT_IMPACT_LAST=23;KF_EFFECT_RADIAL_BLAST_PHASE_END=13;KF_EFFECT_HOMING_INITIAL_PHASE_LAST=4;KF_EFFECT_HOMING_TRACKING_PHASE=20;KF_EFFECT_LIGHTNING_IMPACT_PHASE_LAST=9;KF_EFFECT_LIGHTNING_IMPACT_EMIT_FIRST=3;KF_EFFECT_LIGHTNING_IMPACT_EMIT_SECOND=5;KF_EFFECT_LIGHTNING_IMPACT_EMIT_LAST=7;KF_EFFECT_LIGHTNING_BLAST_PHASE_LAST=7;KF_EFFECT_GROUND_BRANCH_GROW_END=16;KF_EFFECT_GROUND_BRANCH_ROOT_HOLD_BASE=16;KF_EFFECT_GROUND_BRANCH_SIDE_HOLD_BASE=26;KF_EFFECT_GROUND_BRANCH_LEAF_HOLD_BASE=36;KF_EFFECT_GROUND_BRANCH_SHRINK_FIRST=48;KF_EFFECT_GROUND_BRANCH_PHASE_END=64;KF_EFFECT_GROUND_VISUAL_SHRINK_FIRST=4;KF_EFFECT_GROUND_VISUAL_PHASE_END=8;KF_EFFECT_ACTOR_SPAWNER_TRAVEL_FIRST=17;KF_EFFECT_ACTOR_SPAWNER_TRAVEL_LAST=40;KF_EFFECT_ACTOR_SPAWNER_WAIT_FIRST=117;KF_EFFECT_ACTOR_SPAWNER_CREATE_PHASE=132;KF_EFFECT_ACTOR_SPAWNER_SHRINK_FIRST=149;KF_EFFECT_ACTOR_SPAWNER_PHASE_END=165	retain	include/kf/game_effect.h:KfEffectPhase		One phase enum already serves the effect family; equal per-kind phase markers retain their transition meaning within that domain.
include/kf/game_effect.h:KF_EFFECT_EMERGE_Y_STEP	KF_EFFECT_EMERGE_Y_STEP=175;KF_EFFECT_EMERGE_DEPTH=3500;KF_EFFECT_ORBIT_CENTER_SHIFT=8	retain	include/kf/game_effect.h:KF_EFFECT_EMERGE_Y_STEP		Emerging depth/step and orbit-center representation are distinct quantities, already shared where the same update/constructor needs them.
include/kf/game_effect.h:KF_EFFECT_SWING_PROBE_SHORT	KF_EFFECT_SWING_PROBE_SHORT=0;KF_EFFECT_SWING_PROBE_LONG=1;KF_EFFECT_SWING_PROBE_COUNT=2	retain	include/kf/game_effect.h:KF_EFFECT_SWING_PROBE_SHORT		Short/long swing probe rows index the probe-length table; they are not the effect kind codes for the two hazards.
include/kf/game_effect.h:KfEffectSoundRequest	KF_EFFECT_SOUND_SILENT=0;KF_EFFECT_SOUND_PLAY=1	retain	include/kf/game_effect.h:KfEffectSoundRequest		Sound request controls whether effect construction plays a sound; it is independent of the audio playback outcome.
include/kf/game_equipment.h:KfEquipmentSlot	KF_EQUIPMENT_SLOT_HEAD=0;KF_EQUIPMENT_SLOT_BODY=1;KF_EQUIPMENT_SLOT_ARM=2;KF_EQUIPMENT_SLOT_LEG=3;KF_EQUIPMENT_SLOT_SHIELD=4;KF_EQUIPMENT_SLOT_ACCESSORY=5;KF_EQUIPMENT_SLOT_REFRESH_ONLY=255	retain	include/kf/game_equipment.h:KfEquipmentSlot		Equipment record slots differ from menu category order (menu includes weapon/magic and places shield earlier).
include/kf/game_equipment.h:KF_WEAPON_ATTACK_CUTTING	KF_WEAPON_ATTACK_CUTTING=0;KF_WEAPON_ATTACK_STRIKING=1;KF_WEAPON_ATTACK_PIERCING=2;KF_WEAPON_ATTACK_HOLY=3;KF_WEAPON_ATTACK_FIRE=4;KF_WEAPON_ATTACK_COMPONENT_COUNT=5	reuse	include/kf/combat.h:KF_COMBAT_COMPONENT_CUTTING	KF_WEAPON_ATTACK_CUTTING=include/kf/combat.h:KF_COMBAT_COMPONENT_CUTTING;KF_WEAPON_ATTACK_STRIKING=include/kf/combat.h:KF_COMBAT_COMPONENT_STRIKING;KF_WEAPON_ATTACK_PIERCING=include/kf/combat.h:KF_COMBAT_COMPONENT_PIERCING;KF_WEAPON_ATTACK_HOLY=include/kf/combat.h:KF_COMBAT_COMPONENT_HOLY;KF_WEAPON_ATTACK_FIRE=include/kf/combat.h:KF_COMBAT_COMPONENT_FIRE;KF_WEAPON_ATTACK_COMPONENT_COUNT=include/kf/combat.h:KF_COMBAT_COMPONENT_COUNT	Remove weapon-specific component aliases; the weapon array directly uses the common combat order/count.
include/kf/game_equipment.h:KF_WEAPON_RECORD_COUNT	KF_WEAPON_RECORD_COUNT=16;KF_ARMOR_RECORD_COUNT=42;KF_WEAPON_TABLE_WORD_COUNT=176;KF_ARMOR_TABLE_WORD_COUNT=294;KF_ARMOR_ITEM_FIRST=13;KF_WEAPON_ITEM_FIRST=0;KF_WEAPON_ITEM_END=13;KF_HEAD_ARMOR_ITEM_FIRST=13;KF_HEAD_ARMOR_ITEM_END=19;KF_BODY_ARMOR_ITEM_FIRST=19;KF_BODY_ARMOR_ITEM_END=26;KF_SHIELD_ITEM_FIRST=26;KF_SHIELD_ITEM_END=32;KF_ARM_ARMOR_ITEM_FIRST=32;KF_ARM_ARMOR_ITEM_END=35;KF_LEG_ARMOR_ITEM_FIRST=35;KF_LEG_ARMOR_ITEM_END=39;KF_ACCESSORY_ITEM_FIRST=48;KF_ACCESSORY_ITEM_END=52	reuse	include/kf/game_equipment.h:KF_WEAPON_RECORD_COUNT;include/kf/item.h:KfObjectId	KF_ARMOR_ITEM_FIRST=include/kf/item.h:KF_ITEM_IRON_MASK;KF_WEAPON_ITEM_FIRST=include/kf/item.h:KF_ITEM_SHORT_SWORD;KF_WEAPON_ITEM_END=include/kf/item.h:KF_ITEM_IRON_MASK;KF_HEAD_ARMOR_ITEM_FIRST=include/kf/item.h:KF_ITEM_IRON_MASK;KF_HEAD_ARMOR_ITEM_END=include/kf/item.h:KF_ITEM_BREASTPLATE;KF_BODY_ARMOR_ITEM_FIRST=include/kf/item.h:KF_ITEM_BREASTPLATE;KF_BODY_ARMOR_ITEM_END=include/kf/item.h:KF_ITEM_SMALL_SHIELD;KF_SHIELD_ITEM_FIRST=include/kf/item.h:KF_ITEM_SMALL_SHIELD;KF_SHIELD_ITEM_END=include/kf/item.h:KF_ITEM_GAUNTLET;KF_ARM_ARMOR_ITEM_FIRST=include/kf/item.h:KF_ITEM_GAUNTLET;KF_ARM_ARMOR_ITEM_END=include/kf/item.h:KF_ITEM_IRON_BOOTS;KF_LEG_ARMOR_ITEM_FIRST=include/kf/item.h:KF_ITEM_IRON_BOOTS;KF_LEG_ARMOR_ITEM_END=include/kf/item.h:KF_ITEM_GOLD_COIN;KF_ACCESSORY_ITEM_FIRST=include/kf/item.h:KF_ITEM_LIGHT_RING;KF_ACCESSORY_ITEM_END=include/kf/item.h:KF_ITEM_GOLD_CROSS	Use canonical item IDs directly for equipment range endpoints and armor indexing; keep actual table record/word counts with their owners.
include/kf/game_graphics.h:KF_FLOOR5_ACTOR_TEXTURE_COUNT	KF_FLOOR5_ACTOR_TEXTURE_COUNT=3;KF_PROJECTED_VERTEX_CAPACITY=1000;KF_MORPH_SCRATCH_CAPACITY=1001	reuse	include/kf/game_graphics.h:KF_FLOOR5_ACTOR_TEXTURE_COUNT;include/kf/render_types.h:KF_PROJECTED_VERTEX_CAPACITY	KF_PROJECTED_VERTEX_CAPACITY=include/kf/render_types.h:KF_PROJECTED_VERTEX_CAPACITY	Move the shared projected-vertex capacity to rendering types; morph scratch has its own extra-vector extent and texture count.
include/kf/game_map.h:MAP_INTERACTION_PROBE_DISTANCE	MAP_INTERACTION_PROBE_DISTANCE=1000;MAP_INTERACTION_RADIUS_PADDING=800;MAP_DOOR_FACING_TOLERANCE=341	retain	include/kf/game_map.h:MAP_INTERACTION_PROBE_DISTANCE		Interaction probe distance, radius padding and facing cone are distinct query parameters, even when another subsystem uses equal units.
include/kf/game_map.h:KF_MAP_OBJECT_DEFINITION_COUNT	KF_MAP_OBJECT_DEFINITION_COUNT=160;KF_MAP_OBJECT_DEFINITION_WORD_COUNT=320;KF_MAP_RESOURCE_PATH_BYTES=12;KF_MAP_OBJECT_CAPACITY=190;KF_MAP_CONTAINER_ITEM_COUNT=4;KF_MAP_OBJECT_EFFECT_FIRST=160;KF_MAP_EVENT_CAPACITY=8	retain	include/kf/game_map.h:KF_MAP_OBJECT_DEFINITION_COUNT		Definition records, runtime pool partitions, container items, path bytes and event capacity are separate storage dimensions.
include/kf/game_map.h:KF_MAP_SAVED_FLOOR_COUNT	KF_MAP_SAVED_FLOOR_COUNT=5;KF_MAP_SAVED_FLOOR_BYTES=1700;KF_MAP_SAVED_RECORDS_OFFSET=10;KF_MAP_SAVED_RECORD_BYTES=1690;KF_MAP_SAVED_WORLD_WORDS=2125;KF_MAP_SAVED_WORLD_BYTES=8500;KF_MAP_SAVED_YAW_SHIFT=4;KF_MAP_FLOOR3_REQUIRED_REVEALS=4	retain	include/kf/game_map.h:KF_MAP_SAVED_FLOOR_COUNT		Saved-floor prefix, record and word spans describe one serialized layout; floor-3 reveal progress is an independent script requirement.
include/kf/game_map.h:KfMapScriptFlag	KF_MAP_SCRIPT_UNSET=0;KF_MAP_SCRIPT_SET=1	retain	include/kf/game_map.h:KfMapScriptFlag		Per-floor script flags are saved progress facts; actor lifecycle, sequence activity and UI options are different state fields.
include/kf/game_map.h:KfMapAreaTriggerStage	KF_MAP_TRIGGER_AWAIT_ENTRY=0;KF_MAP_TRIGGER_AWAIT_EXIT=1;KF_MAP_TRIGGER_COMPLETE=2	retain	include/kf/game_map.h:KfMapAreaTriggerStage		Enter/exit/complete is a three-stage area trigger, not a Boolean saved script flag.
include/kf/game_map.h:KfMapObjectBehavior	KF_MAP_OBJECT_BEHAVIOR_HINGED_DOOR=0;KF_MAP_OBJECT_BEHAVIOR_HINGED_DOOR_PARTNER=1;KF_MAP_OBJECT_BEHAVIOR_LIFT_DOOR=2;KF_MAP_OBJECT_BEHAVIOR_03=3;KF_MAP_OBJECT_BEHAVIOR_HINGED_CONTAINER=8;KF_MAP_OBJECT_BEHAVIOR_ITEM_CONTAINER=9;KF_MAP_OBJECT_BEHAVIOR_COPY_REGION=10;KF_MAP_OBJECT_BEHAVIOR_RESTORE_POINT=11;KF_MAP_OBJECT_BEHAVIOR_REVEAL_MAP_PIECE=12;KF_MAP_OBJECT_BEHAVIOR_SCREEN_IMAGE=13;KF_MAP_OBJECT_BEHAVIOR_SAVE_POINT=14;KF_MAP_OBJECT_BEHAVIOR_ITEM_PICKUP=64;KF_MAP_OBJECT_BEHAVIOR_GOLD_PICKUP=65;KF_MAP_OBJECT_BEHAVIOR_EFFECT_SWITCH=83;KF_MAP_OBJECT_BEHAVIOR_NONE=255;KF_MAP_OBJECT_BEHAVIOR_HINGED_DOOR_END=2;KF_MAP_OBJECT_BEHAVIOR_LINK_TRIGGER_END=8;KF_MAP_OBJECT_BEHAVIOR_LINK_CLEAR_LAST=8	reuse	include/kf/game_map.h:KfMapObjectOperation	KF_MAP_OBJECT_BEHAVIOR_HINGED_DOOR=include/kf/game_map.h:KF_MAP_OBJECT_OP_HINGED_DOOR;KF_MAP_OBJECT_BEHAVIOR_HINGED_DOOR_PARTNER=include/kf/game_map.h:KF_MAP_OBJECT_OP_HINGED_DOOR_PARTNER;KF_MAP_OBJECT_BEHAVIOR_LIFT_DOOR=include/kf/game_map.h:KF_MAP_OBJECT_OP_LIFT_DOOR;KF_MAP_OBJECT_BEHAVIOR_03=include/kf/game_map.h:KF_MAP_OBJECT_OP_03;KF_MAP_OBJECT_BEHAVIOR_HINGED_CONTAINER=include/kf/game_map.h:KF_MAP_OBJECT_OP_HINGED_CONTAINER;KF_MAP_OBJECT_BEHAVIOR_ITEM_CONTAINER=include/kf/game_map.h:KF_MAP_OBJECT_OP_ITEM_CONTAINER;KF_MAP_OBJECT_BEHAVIOR_COPY_REGION=include/kf/game_map.h:KF_MAP_OBJECT_OP_COPY_REGION;KF_MAP_OBJECT_BEHAVIOR_RESTORE_POINT=include/kf/game_map.h:KF_MAP_OBJECT_OP_RESTORE_POINT;KF_MAP_OBJECT_BEHAVIOR_REVEAL_MAP_PIECE=include/kf/game_map.h:KF_MAP_OBJECT_OP_REVEAL_MAP_PIECE;KF_MAP_OBJECT_BEHAVIOR_SCREEN_IMAGE=include/kf/game_map.h:KF_MAP_OBJECT_OP_SCREEN_IMAGE;KF_MAP_OBJECT_BEHAVIOR_SAVE_POINT=include/kf/game_map.h:KF_MAP_OBJECT_OP_SAVE_POINT;KF_MAP_OBJECT_BEHAVIOR_ITEM_PICKUP=include/kf/game_map.h:KF_MAP_OBJECT_OP_ITEM_PICKUP;KF_MAP_OBJECT_BEHAVIOR_GOLD_PICKUP=include/kf/game_map.h:KF_MAP_OBJECT_OP_GOLD_PICKUP;KF_MAP_OBJECT_BEHAVIOR_EFFECT_SWITCH=include/kf/game_map.h:KF_MAP_OBJECT_OP_EFFECT_SWITCH;KF_MAP_OBJECT_BEHAVIOR_NONE=include/kf/game_map.h:KF_MAP_OBJECT_OP_NONE;KF_MAP_OBJECT_BEHAVIOR_HINGED_DOOR_END=include/kf/game_map.h:KF_MAP_OBJECT_OP_HINGED_DOOR_END;KF_MAP_OBJECT_BEHAVIOR_LINK_TRIGGER_END=include/kf/game_map.h:KF_MAP_OBJECT_OP_LINK_TRIGGER_END;KF_MAP_OBJECT_BEHAVIOR_LINK_CLEAR_LAST=include/kf/game_map.h:KF_MAP_OBJECT_OP_LINK_CLEAR_LAST	Merge definition behavior with runtime action into KfMapObjectOperation; door/link dispatch transports the encoding directly.
include/kf/game_map.h:KfMapObjectAction	KF_MAP_OBJECT_ACTION_SWING_DOOR=0;KF_MAP_OBJECT_ACTION_SWING_DOOR_PARTNER=1;KF_MAP_OBJECT_ACTION_LIFT_DOOR=2;KF_MAP_OBJECT_ACTION_COPY_REGION=10;KF_MAP_OBJECT_ACTION_ENABLE_RESTORE_POINT=11;KF_MAP_OBJECT_ACTION_REVEAL_MAP_PIECE=12;KF_MAP_OBJECT_ACTION_PROJECTILE_EMITTER=80;KF_MAP_OBJECT_ACTION_RELEASE_ORBIT_OR_SHORT_SWING=81;KF_MAP_OBJECT_ACTION_RELEASE_LONG_SWING=82;KF_MAP_OBJECT_ACTION_EFFECT_SWITCH=83;KF_MAP_OBJECT_ACTION_FALL_AND_TIP=96;KF_MAP_OBJECT_ACTION_FALL_AND_SPIN=97;KF_MAP_OBJECT_ACTION_BOUNCE=98;KF_MAP_OBJECT_ACTION_IDLE=255	reuse	include/kf/game_map.h:KfMapObjectOperation	KF_MAP_OBJECT_ACTION_SWING_DOOR=include/kf/game_map.h:KF_MAP_OBJECT_OP_HINGED_DOOR;KF_MAP_OBJECT_ACTION_SWING_DOOR_PARTNER=include/kf/game_map.h:KF_MAP_OBJECT_OP_HINGED_DOOR_PARTNER;KF_MAP_OBJECT_ACTION_LIFT_DOOR=include/kf/game_map.h:KF_MAP_OBJECT_OP_LIFT_DOOR;KF_MAP_OBJECT_ACTION_COPY_REGION=include/kf/game_map.h:KF_MAP_OBJECT_OP_COPY_REGION;KF_MAP_OBJECT_ACTION_ENABLE_RESTORE_POINT=include/kf/game_map.h:KF_MAP_OBJECT_OP_RESTORE_POINT;KF_MAP_OBJECT_ACTION_REVEAL_MAP_PIECE=include/kf/game_map.h:KF_MAP_OBJECT_OP_REVEAL_MAP_PIECE;KF_MAP_OBJECT_ACTION_PROJECTILE_EMITTER=include/kf/game_map.h:KF_MAP_OBJECT_OP_PROJECTILE_EMITTER;KF_MAP_OBJECT_ACTION_RELEASE_ORBIT_OR_SHORT_SWING=include/kf/game_map.h:KF_MAP_OBJECT_OP_RELEASE_ORBIT_OR_SHORT_SWING;KF_MAP_OBJECT_ACTION_RELEASE_LONG_SWING=include/kf/game_map.h:KF_MAP_OBJECT_OP_RELEASE_LONG_SWING;KF_MAP_OBJECT_ACTION_EFFECT_SWITCH=include/kf/game_map.h:KF_MAP_OBJECT_OP_EFFECT_SWITCH;KF_MAP_OBJECT_ACTION_FALL_AND_TIP=include/kf/game_map.h:KF_MAP_OBJECT_OP_FALL_AND_TIP;KF_MAP_OBJECT_ACTION_FALL_AND_SPIN=include/kf/game_map.h:KF_MAP_OBJECT_OP_FALL_AND_SPIN;KF_MAP_OBJECT_ACTION_BOUNCE=include/kf/game_map.h:KF_MAP_OBJECT_OP_BOUNCE;KF_MAP_OBJECT_ACTION_IDLE=include/kf/game_map.h:KF_MAP_OBJECT_OP_NONE	Use the shared map operation enum and remove the behavior-to-action bridge and duplicate members; retain distinct operation/range names.
include/kf/game_map.h:KF_MAP_LINK_BOSS_EMITTERS	KF_MAP_LINK_BOSS_EMITTERS=13;KF_MAP_LINK_WEAPON_TRANSFORM_DOORS=51;KF_MAP_LINK_FLOOR5_SWORD_DOOR=52	retain	include/kf/game_map.h:KF_MAP_LINK_BOSS_EMITTERS		Map link IDs identify authored groups; item IDs and object-pool indices address other tables.
include/kf/game_map.h:KfMapCopyRegionId	KF_MAP_COPY_FLOOR1_GRAVESTONE=0;KF_MAP_COPY_FLOOR1_PASSAGE=1;KF_MAP_COPY_FLOOR3_REVEAL_FIRST=2;KF_MAP_COPY_FLOOR3_REVEAL_SECOND=3;KF_MAP_COPY_FLOOR5_BOSS_ENCOUNTER=4;KF_MAP_COPY_REGION_NONE=255	retain	include/kf/game_map.h:KfMapCopyRegionId		Copy-region IDs select authored rectangle records; floor IDs and region coordinates are separate values.
include/kf/game_map.h:KF_MAP_COPY_REGION_COUNT	KF_MAP_COPY_REGION_COUNT=5;KF_MAP_LINK_NONE=255;KF_MAP_OBJECT_PARAMETER_NONE=255;KF_MAP_LINK_REUSABLE_FIRST=128;KF_MAP_OBJECT_EFFECT_GROUP_CAPACITY=10;KF_MAP_OBJECT_GOLD_DROP_FIRST=160;KF_MAP_OBJECT_DEFINITION_DROP_FIRST=170;KF_MAP_OBJECT_PLACEMENT_DROP_FIRST=180	retain	include/kf/game_map.h:KF_MAP_COPY_REGION_COUNT		Map link/parameter absence and pool range boundaries retain their field/range meaning; counts and starts are not object-definition IDs.
include/kf/game_map.h:KfMapObjectProgress	KF_MAP_OBJECT_PROGRESS_INIT=0;KF_MAP_OBJECT_PROGRESS_RUNNING=1;KF_MAP_OBJECT_SWING_OPEN_LAST=31;KF_MAP_OBJECT_SWING_OPEN_END=32;KF_MAP_OBJECT_LIFT_OPEN_LAST=40;KF_MAP_OBJECT_LIFT_OPEN_END=41;KF_MAP_OBJECT_DOOR_HOLD_FIRST=250;KF_MAP_OBJECT_DOOR_CLOSE_FIRST=300;KF_MAP_OBJECT_SWING_CLOSE_END=332;KF_MAP_OBJECT_LIFT_CLOSE_END=341;KF_MAP_OBJECT_REVEAL_SETTLE_END=6;KF_MAP_OBJECT_SWITCH_READY=0;KF_MAP_OBJECT_SWITCH_FORWARD=1;KF_MAP_OBJECT_SWITCH_DISABLED=2;KF_MAP_OBJECT_SWITCH_REVERSE=3	retain	include/kf/game_map.h:KfMapObjectProgress		Progress is a shared action counter; door phase ranges and switch states retain their different transition meanings within that enum.
include/kf/game_map.h:KfMapObjectDropSource	KF_MAP_OBJECT_DROP_FROM_PLACEMENT=0;KF_MAP_OBJECT_DROP_FROM_DEFINITION=1	retain	include/kf/game_map.h:KfMapObjectDropSource		Drop source chooses a placement or definition interpretation; it is not an object ID or a Boolean success result.
include/kf/game_map.h:KfMapObjectId	KF_MAP_OBJECT_DRAGON_SWORD=10;KF_MAP_OBJECT_MOONLIGHT_SWORD=11;KF_MAP_OBJECT_GOLD_COIN=39;KF_MAP_OBJECT_DRAGON_CHALICE=56;KF_MAP_OBJECT_WATER_SEAL_STONE=63;KF_MAP_OBJECT_EARTH_SEAL_STONE=64;KF_MAP_OBJECT_FIRE_SEAL_STONE=68;KF_MAP_OBJECT_WIND_SEAL_STONE=69;KF_MAP_OBJECT_BEVELED_WOODEN_LID=81;KF_MAP_OBJECT_FLAT_WOODEN_LID=83;KF_MAP_OBJECT_STONE_CONTAINER_LID=85;KF_MAP_OBJECT_GRAVESTONE=89;KF_MAP_OBJECT_BROKEN_STONE_CROSS=92;KF_MAP_OBJECT_DROP_DISABLED=99;KF_MAP_OBJECT_DRY_FOUNTAIN=111;KF_MAP_OBJECT_BOSS_PROJECTILE_EMITTER=115;KF_MAP_OBJECT_LIFTING_GATE=117;KF_MAP_OBJECT_PORTCULLIS=118;KF_MAP_OBJECT_HINGED_DOOR=119;KF_MAP_OBJECT_HINGED_DOOR_PARTNER=120;KF_MAP_OBJECT_TALL_HINGED_DOOR=121;KF_MAP_OBJECT_TALL_HINGED_DOOR_PARTNER=122;KF_MAP_OBJECT_FILLED_FOUNTAIN=123;KF_MAP_OBJECT_FIRE_BALL_EMITTER=124;KF_MAP_OBJECT_WIND_CUTTER_EMITTER=125;KF_MAP_OBJECT_SIGNBOARD=130;KF_MAP_OBJECT_INSCRIPTION_PANEL=131;KF_MAP_OBJECT_EFFECT_SWITCH=135;KF_MAP_OBJECT_ORBITING_PROJECTILE=136;KF_MAP_OBJECT_PROJECTILE_EMITTER=137;KF_MAP_OBJECT_SHORT_SWING=138;KF_MAP_OBJECT_LONG_SWING=139;KF_MAP_OBJECT_FREE=255;KF_MAP_OBJECT_RENDER_ID_END=133;KF_MAP_DROP_TIP_ID_END=43;KF_MAP_DROP_SPIN_ID_END=48;KF_MAP_DROP_BOUNCE_ID_END=65	reuse	include/kf/item.h:KfObjectId	KF_MAP_OBJECT_DRAGON_SWORD=include/kf/item.h:KF_ITEM_DRAGON_SWORD;KF_MAP_OBJECT_MOONLIGHT_SWORD=include/kf/item.h:KF_ITEM_MOONLIGHT_SWORD;KF_MAP_OBJECT_GOLD_COIN=include/kf/item.h:KF_ITEM_GOLD_COIN;KF_MAP_OBJECT_DRAGON_CHALICE=include/kf/item.h:KF_ITEM_DRAGON_CHALICE;KF_MAP_OBJECT_WATER_SEAL_STONE=include/kf/item.h:KF_ITEM_WATER_SEAL_STONE;KF_MAP_OBJECT_EARTH_SEAL_STONE=include/kf/item.h:KF_ITEM_EARTH_SEAL_STONE;KF_MAP_OBJECT_FIRE_SEAL_STONE=include/kf/item.h:KF_ITEM_FIRE_SEAL_STONE;KF_MAP_OBJECT_WIND_SEAL_STONE=include/kf/item.h:KF_ITEM_WIND_SEAL_STONE;KF_MAP_OBJECT_BEVELED_WOODEN_LID=include/kf/item.h:KF_MAP_OBJECT_BEVELED_WOODEN_LID;KF_MAP_OBJECT_FLAT_WOODEN_LID=include/kf/item.h:KF_MAP_OBJECT_FLAT_WOODEN_LID;KF_MAP_OBJECT_STONE_CONTAINER_LID=include/kf/item.h:KF_MAP_OBJECT_STONE_CONTAINER_LID;KF_MAP_OBJECT_GRAVESTONE=include/kf/item.h:KF_MAP_OBJECT_GRAVESTONE;KF_MAP_OBJECT_BROKEN_STONE_CROSS=include/kf/item.h:KF_MAP_OBJECT_BROKEN_STONE_CROSS;KF_MAP_OBJECT_DROP_DISABLED=include/kf/item.h:KF_MAP_OBJECT_DROP_DISABLED;KF_MAP_OBJECT_DRY_FOUNTAIN=include/kf/item.h:KF_MAP_OBJECT_DRY_FOUNTAIN;KF_MAP_OBJECT_BOSS_PROJECTILE_EMITTER=include/kf/item.h:KF_MAP_OBJECT_BOSS_PROJECTILE_EMITTER;KF_MAP_OBJECT_LIFTING_GATE=include/kf/item.h:KF_MAP_OBJECT_LIFTING_GATE;KF_MAP_OBJECT_PORTCULLIS=include/kf/item.h:KF_MAP_OBJECT_PORTCULLIS;KF_MAP_OBJECT_HINGED_DOOR=include/kf/item.h:KF_MAP_OBJECT_HINGED_DOOR;KF_MAP_OBJECT_HINGED_DOOR_PARTNER=include/kf/item.h:KF_MAP_OBJECT_HINGED_DOOR_PARTNER;KF_MAP_OBJECT_TALL_HINGED_DOOR=include/kf/item.h:KF_MAP_OBJECT_TALL_HINGED_DOOR;KF_MAP_OBJECT_TALL_HINGED_DOOR_PARTNER=include/kf/item.h:KF_MAP_OBJECT_TALL_HINGED_DOOR_PARTNER;KF_MAP_OBJECT_FILLED_FOUNTAIN=include/kf/item.h:KF_MAP_OBJECT_FILLED_FOUNTAIN;KF_MAP_OBJECT_FIRE_BALL_EMITTER=include/kf/item.h:KF_MAP_OBJECT_FIRE_BALL_EMITTER;KF_MAP_OBJECT_WIND_CUTTER_EMITTER=include/kf/item.h:KF_MAP_OBJECT_WIND_CUTTER_EMITTER;KF_MAP_OBJECT_SIGNBOARD=include/kf/item.h:KF_MAP_OBJECT_SIGNBOARD;KF_MAP_OBJECT_INSCRIPTION_PANEL=include/kf/item.h:KF_MAP_OBJECT_INSCRIPTION_PANEL;KF_MAP_OBJECT_EFFECT_SWITCH=include/kf/item.h:KF_MAP_OBJECT_EFFECT_SWITCH;KF_MAP_OBJECT_ORBITING_PROJECTILE=include/kf/item.h:KF_MAP_OBJECT_ORBITING_PROJECTILE;KF_MAP_OBJECT_PROJECTILE_EMITTER=include/kf/item.h:KF_MAP_OBJECT_PROJECTILE_EMITTER;KF_MAP_OBJECT_SHORT_SWING=include/kf/item.h:KF_MAP_OBJECT_SHORT_SWING;KF_MAP_OBJECT_LONG_SWING=include/kf/item.h:KF_MAP_OBJECT_LONG_SWING;KF_MAP_OBJECT_FREE=include/kf/item.h:KF_OBJECT_NONE;KF_MAP_OBJECT_RENDER_ID_END=include/kf/item.h:KF_MAP_OBJECT_RENDER_ID_END;KF_MAP_DROP_TIP_ID_END=include/kf/item.h:KF_MAP_DROP_TIP_ID_END;KF_MAP_DROP_SPIN_ID_END=include/kf/item.h:KF_MAP_DROP_SPIN_ID_END;KF_MAP_DROP_BOUNCE_ID_END=include/kf/item.h:KF_MAP_DROP_BOUNCE_ID_END	Merge map-object and inventory IDs into KfObjectId: pickup handling transports IDs directly; retain scenery IDs and explicit range boundaries.
include/kf/game_map.h:KF_MAP_OBJECT_REVEAL_DEPTH	KF_MAP_OBJECT_REVEAL_DEPTH=10000;KF_MAP_OBJECT_REVEAL_SETTLE_STEP=40	retain	include/kf/game_map.h:KF_MAP_OBJECT_REVEAL_DEPTH		Reveal depth and settle step remain distinct. MAP_REVEAL_LIFT includes five settle steps and must not collapse to the base depth.
include/kf/game_map.h:KF_CAMERA_PATH_END_X	KF_CAMERA_PATH_END_X=-1;KF_CAMERA_PATH_FINISHED=-1	retain	include/kf/game_map.h:KF_CAMERA_PATH_END_X		The X terminator belongs to path data and finished belongs to the stepping return protocol; retain the two meanings rather than a universal -1.
include/kf/game_map.h:KfCharacterId	KF_CHARACTER_KEY_OF_THE_DEAD_EXCHANGE=3;KF_CHARACTER_HARP_EXCHANGE=7;KF_CHARACTER_HEALING_EXCHANGE=8;KF_CHARACTER_FLOOR3_DOOR_UNLOCKER=12	retain	include/kf/game_map.h:KfCharacterId		Character IDs choose dialogue/event records; they are not map object IDs, floor IDs or notification text IDs.
include/kf/game_map.h:KfMapEventState	KF_MAP_EVENT_INACTIVE=0;KF_MAP_EVENT_ACTIVE=1;KF_MAP_EVENT_DISABLED=3;KF_MAP_EVENT_FREE=255	retain	include/kf/game_map.h:KfMapEventState		Event activity/free states control the event pool; event behavior and the separate collision-turn flag remain independent.
include/kf/game_map.h:KfMapEventBehavior	KF_MAP_EVENT_BEHAVIOR_SHOP=0;KF_MAP_EVENT_BEHAVIOR_WANDER=1;KF_MAP_EVENT_BEHAVIOR_ANIMATION_LOOP=2	retain	include/kf/game_map.h:KfMapEventBehavior		Shop/wander/animation behavior selects event update logic; it does not share the map-object operation encoding.
include/kf/game_map.h:KfMapEventCollisionTurn	KF_MAP_EVENT_COLLISION_TURN_NONE=0;KF_MAP_EVENT_COLLISION_TURN_PENDING=1	retain	include/kf/game_map.h:KfMapEventCollisionTurn		Pending collision turn is separate from event activity and selected behavior; only the wander update consumes it.
include/kf/game_map.h:KF_DIALOGUE_STAGE_COUNT	KF_DIALOGUE_STAGE_COUNT=5;KF_DIALOGUE_FIRST_STAGE=1;KF_DIALOGUE_FIRST_PAGE=1;KF_DIALOGUE_GATE_RELOAD=3;KF_DIALOGUE_PAGE_DELAY_TICKS=40;KF_MAP_EVENT_ANIMATION_PHASE_MASK=4095;KF_MAP_EVENT_ANIMATION_TALK_POSE=2048;KF_MAP_EVENT_ANIMATION_WANDER_STEP=110;KF_MAP_EVENT_ANIMATION_LOOP_STEP=200;KF_MAP_EVENT_ANIMATION_TALK_STEP=200;KF_MAP_EVENT_ANIMATION_FINISH_STEP=400	retain	include/kf/game_map.h:KF_DIALOGUE_STAGE_COUNT		Dialogue stage/page bounds and animation phase/rates have separate dimensions; existing text/page delay constants serve their own controller.
include/kf/game_math.h:KF_FIXED4_BITS	KF_FIXED4_BITS=4;KF_FIXED6_BITS=6;KF_FIXED7_BITS=7;KF_FIXED7_ONE=128;KF_FIXED8_BITS=8;KF_FIXED11_BITS=11;KF_FIXED12_BITS=12;KF_FIXED12_ONE=4096;KF_ANGLE_EIGHTH_TURN=512;KF_ANGLE_QUARTER_TURN=1024;KF_ANGLE_HALF_TURN=2048;KF_ANGLE_THREE_QUARTER_TURN=3072;KF_ANGLE_FULL_TURN=4096;KF_ANGLE_WRAP_MASK=4095;KF_MATRIX_ROTATION_ELEMENTS=9;KF_LENGTH_SQUARE_DOWNSHIFT=3	retain	include/kf/game_math.h:KF_FIXED4_BITS		Fixed-point scales, angles and matrix shape are common representation constants. Equal 4096 values retain Q12-versus-turn units.
include/kf/game_math.h:KF_RANDOM_ANGLE_SHIFT	KF_RANDOM_ANGLE_SHIFT=3;KF_CONE_SEARCH_INITIAL_ANGLE_ERROR=30000	retain	include/kf/game_math.h:KF_RANDOM_ANGLE_SHIFT		The random-to-angle shift and initial cone ranking error are already shared by actor/event queries, not unrelated chance/distance controls.
include/kf/game_menu.h:KfMenuMode	KF_MENU_MODE_ROOT=0;KF_MENU_MODE_ITEM_PICKUP=1;KF_MENU_MODE_SHOP=2	retain	include/kf/game_menu.h:KfMenuMode		Menu mode dispatches root/pickup/shop and interprets different arguments; window layout IDs and menu result codes are separate protocols.
include/kf/game_menu.h:KF_MENU_ROOT_PENDING	KF_MENU_ROOT_PENDING=-99;KF_MENU_ROOT_GAME_LOADED=-3;KF_MENU_ROOT_RETURN_TO_INTRO=-2;KF_MENU_ROOT_NO_ITEM=-1	reuse	include/kf/game_menu.h:KfMenuResult	KF_MENU_ROOT_PENDING=include/kf/game_menu.h:KF_MENU_RESULT_PENDING;KF_MENU_ROOT_GAME_LOADED=include/kf/game_menu.h:KF_MENU_RESULT_GAME_LOADED;KF_MENU_ROOT_RETURN_TO_INTRO=include/kf/game_menu.h:KF_MENU_RESULT_RETURN_TO_INTRO;KF_MENU_ROOT_NO_ITEM=include/kf/game_menu.h:KF_MENU_RESULT_CANCELLED	Remove root-specific control aliases; encode the shared KfMenuResult controls in the root's ID/result channel.
include/kf/game_menu.h:KfMenuRootChoice	KF_ROOT_CHOICE_NONE=-1;KF_ROOT_CHOICE_USE_ITEM=0;KF_ROOT_CHOICE_USE_MAGIC=1;KF_ROOT_CHOICE_EQUIPMENT=2;KF_ROOT_CHOICE_STATUS=3;KF_ROOT_CHOICE_DROP_ITEM=4;KF_ROOT_CHOICE_SYSTEM=5;KF_ROOT_CHOICE_CONFIG=6	retain	include/kf/game_menu.h:KfMenuRootChoice		Root choices select distinct subpanels; equipment category, window resource ID and result status use different orderings.
include/kf/game_menu.h:KfMenuPanelPhase	KF_MENU_PANEL_OPEN=-99;KF_MENU_PANEL_CLOSED=-1	reuse	include/kf/game_menu.h:KfMenuResult	KF_MENU_PANEL_OPEN=include/kf/game_menu.h:KF_MENU_RESULT_PENDING;KF_MENU_PANEL_CLOSED=include/kf/game_menu.h:KF_MENU_RESULT_CANCELLED	Use KfMenuResult pending/cancelled for panel lifecycle, removing the two-valued phase alias domain.
include/kf/game_menu.h:KfEquipmentMenuCategory	KF_EQUIP_MENU_NONE=-1;KF_EQUIP_MENU_WEAPON=0;KF_EQUIP_MENU_MAGIC=1;KF_EQUIP_MENU_SHIELD=2;KF_EQUIP_MENU_HEAD=3;KF_EQUIP_MENU_BODY=4;KF_EQUIP_MENU_ARM=5;KF_EQUIP_MENU_LEG=6;KF_EQUIP_MENU_ACCESSORY=7	retain	include/kf/game_menu.h:KfEquipmentMenuCategory		Equipment menu categories include weapon/magic and have a different ordering from equipment-record slots; keep the actual menu order.
include/kf/game_menu.h:KF_MENU_ROOT_RETURN_ROW	KF_MENU_ROOT_RETURN_ROW=7;KF_MENU_ROOT_ROW_COUNT=8;KF_MENU_EQUIPMENT_RETURN_ROW=8;KF_MENU_EQUIPMENT_ROW_COUNT=9;KF_MENU_CONFIG_EFFECTS_ROW=0;KF_MENU_CONFIG_MUSIC_ROW=1;KF_MENU_CONFIG_GAUGES_ROW=2;KF_MENU_CONFIG_COMPASS_ROW=3;KF_MENU_CONFIG_SETTING_COUNT=4;KF_MENU_CONFIG_RETURN_ROW=4;KF_MENU_CONFIG_ROW_COUNT=5	retain	include/kf/game_menu.h:KF_MENU_ROOT_RETURN_ROW		Row counts and return rows bound loaded windows; config setting rows select individual option fields rather than root actions.
include/kf/game_menu.h:KfMenuConfirmKind	KF_MENU_CONFIRM_USE=0;KF_MENU_CONFIRM_DROP=1;KF_MENU_CONFIRM_YES_NO=2;KF_MENU_CONFIRM_BUY=3;KF_MENU_CONFIRM_SELL=4;KF_MENU_CONFIRM_EQUIP=5	retain	include/kf/game_menu.h:KfMenuConfirmKind		Confirmation kind chooses prompt text/layout; accepted/cancelled result and button-request state are separate inputs/outputs.
include/kf/game_menu.h:KfMenuPreviewMode	KF_MENU_PREVIEW_ITEM_MODEL=0;KF_MENU_PREVIEW_ITEM_DETAIL=1;KF_MENU_PREVIEW_MAGIC_ICON=2	retain	include/kf/game_menu.h:KfMenuPreviewMode		Preview mode selects model/detail/icon rendering, not the window layout ID or the item/spell payload.
include/kf/game_menu.h:KfItemPriceMode	KF_ITEM_PRICE_BUY=0;KF_ITEM_PRICE_SELL=1	reuse	include/kf/game_menu.h:KfTradeMode	KF_ITEM_PRICE_BUY=include/kf/game_menu.h:KF_TRADE_BUY;KF_ITEM_PRICE_SELL=include/kf/game_menu.h:KF_TRADE_SELL	Use KfTradeMode for pricing and shop buy/sell dispatch; both use the same transaction direction.
include/kf/game_menu.h:KfMenuWindowKind	KF_MENU_WINDOW_ROOT=0;KF_MENU_WINDOW_EQUIPMENT=1;KF_MENU_WINDOW_SYSTEM=2;KF_MENU_WINDOW_SAVE_LOAD=3;KF_MENU_WINDOW_SAVE=4;KF_MENU_WINDOW_LOAD=5;KF_MENU_WINDOW_CONFIG=6;KF_MENU_WINDOW_SHOP=7	retain	include/kf/game_menu.h:KfMenuWindowKind		Window IDs index COM/STAT.DAT layouts; root choice/equipment category IDs address different tables with different orders.
include/kf/game_menu.h:KF_MENU_WINDOW_LAYOUT_COUNT	KF_MENU_WINDOW_LAYOUT_COUNT=9	retain	include/kf/game_menu.h:KF_MENU_WINDOW_LAYOUT_COUNT		Window layout count includes its final zero record and is not the number of user-selectable root choices.
include/kf/game_menu.h:KfShopMenuAction	KF_SHOP_ACTION_NONE=-1;KF_SHOP_ACTION_BUY=0;KF_SHOP_ACTION_SELL=1	reuse	include/kf/game_menu.h:KfTradeMode	KF_SHOP_ACTION_NONE=include/kf/game_menu.h:KF_TRADE_NONE;KF_SHOP_ACTION_BUY=include/kf/game_menu.h:KF_TRADE_BUY;KF_SHOP_ACTION_SELL=include/kf/game_menu.h:KF_TRADE_SELL	Merge shop action and price mode into KfTradeMode, including its no-transaction sentinel.
include/kf/game_menu.h:KF_SHOP_ROW_BUY	KF_SHOP_ROW_BUY=0;KF_SHOP_ROW_SELL=1;KF_SHOP_ROW_RETURN=2;KF_SHOP_ROW_GOLD=3;KF_SHOP_CHOICE_COUNT=3	reuse	include/kf/game_menu.h:KF_SHOP_ROW_RETURN;include/kf/game_menu.h:KfTradeMode	KF_SHOP_ROW_BUY=include/kf/game_menu.h:KF_TRADE_BUY;KF_SHOP_ROW_SELL=include/kf/game_menu.h:KF_TRADE_SELL	Use trade buy/sell members directly as encoded row indices; keep return/gold rows and the choice count with the shop layout.
include/kf/game_menu.h:KfMenuConfirmState	KF_MENU_CONFIRM_IDLE=0;KF_MENU_CONFIRM_REQUESTED=1	retain	include/kf/game_menu.h:KfMenuConfirmState		Confirm-request state is button input, separate from the selected accept/decline option and the resulting completion code.
include/kf/game_menu.h:KfMenuConfirmChoice	KF_MENU_CHOICE_ACCEPT=0;KF_MENU_CHOICE_DECLINE=1	retain	include/kf/game_menu.h:KfMenuConfirmChoice		Accept/decline is the option index; menu_confirm_result_from_choice negates it to produce accepted/cancelled results.
include/kf/game_menu.h:KfMenuConfirmResult	KF_MENU_CONFIRM_PENDING=-99;KF_MENU_CONFIRM_CANCELLED=-1;KF_MENU_CONFIRM_ACCEPTED=0	reuse	include/kf/game_menu.h:KfMenuResult	KF_MENU_CONFIRM_PENDING=include/kf/game_menu.h:KF_MENU_RESULT_PENDING;KF_MENU_CONFIRM_CANCELLED=include/kf/game_menu.h:KF_MENU_RESULT_CANCELLED;KF_MENU_CONFIRM_ACCEPTED=include/kf/game_menu.h:KF_MENU_RESULT_ACCEPTED	Use the shared KfMenuResult protocol; retain the actual choice-to-result negation at the input boundary.
include/kf/game_menu.h:MENU_CONFIRM_TEXT_X	MENU_CONFIRM_TEXT_X=96;MENU_CONFIRM_ROW_STEP=20	retain	include/kf/game_menu.h:MENU_CONFIRM_TEXT_X		Confirmation text X and row pitch are distinct layout dimensions, not status values or font-cell dimensions.
include/kf/game_menu.h:KF_MENU_LIST_PENDING	KF_MENU_LIST_PENDING=-99;KF_MENU_LIST_NO_SELECTION=-1	reuse	include/kf/game_menu.h:KfMenuResult	KF_MENU_LIST_PENDING=include/kf/game_menu.h:KF_MENU_RESULT_PENDING;KF_MENU_LIST_NO_SELECTION=include/kf/game_menu.h:KF_MENU_RESULT_CANCELLED	Remove list-specific signed controls; encode the shared pending/cancelled results in ID/row channels.
include/kf/game_menu.h:KfMagicPanelResult	KF_MAGIC_PANEL_PENDING=-99;KF_MAGIC_PANEL_CANCELLED=-1;KF_MAGIC_PANEL_HEALING=0;KF_MAGIC_PANEL_DISPOISON=1;KF_MAGIC_PANEL_RESIST_FIRE=2;KF_MAGIC_PANEL_BLESS=3	reuse	include/kf/game_menu.h:KfMenuResult;include/kf/magic.h:KfEffectKind	KF_MAGIC_PANEL_PENDING=include/kf/game_menu.h:KF_MENU_RESULT_PENDING;KF_MAGIC_PANEL_CANCELLED=include/kf/game_menu.h:KF_MENU_RESULT_CANCELLED;KF_MAGIC_PANEL_HEALING=include/kf/magic.h:KF_MAGIC_HEALING;KF_MAGIC_PANEL_DISPOISON=include/kf/magic.h:KF_MAGIC_DISPOISON;KF_MAGIC_PANEL_RESIST_FIRE=include/kf/magic.h:KF_MAGIC_RESIST_FIRE;KF_MAGIC_PANEL_BLESS=include/kf/magic.h:KF_MAGIC_BLESS	Replace duplicated controls and spell members with a selection type accepting KfMenuResult or the shared spell/effect ID directly.
include/kf/game_menu.h:KF_MENU_SYSTEM_LOAD_ROW	KF_MENU_SYSTEM_LOAD_ROW=0;KF_MENU_SYSTEM_QUIT_ROW=1;KF_MENU_SYSTEM_RETURN_ROW=2;KF_MENU_SYSTEM_ROW_COUNT=3;KF_MENU_SAVE_FORMAT_ROW=3;KF_MENU_SAVE_RETURN_ROW=4;KF_MENU_SAVE_ROW_COUNT=5;KF_MENU_LOAD_RETURN_ROW=3;KF_MENU_LOAD_ROW_COUNT=4	reuse	include/kf/game_menu.h:KF_MENU_SYSTEM_RETURN_ROW;include/kf/game_menu.h:KfMenuSystemAction	KF_MENU_SYSTEM_LOAD_ROW=include/kf/game_menu.h:KF_MENU_SYSTEM_ACTION_LOAD;KF_MENU_SYSTEM_QUIT_ROW=include/kf/game_menu.h:KF_MENU_SYSTEM_ACTION_QUIT	Use the system action enum directly for load/quit rows; keep window-specific return rows, counts and save-slot-derived positions.
include/kf/game_menu.h:KfMenuSystemAction	KF_MENU_SYSTEM_ACTION_NONE=-1;KF_MENU_SYSTEM_ACTION_LOAD=0;KF_MENU_SYSTEM_ACTION_QUIT=1	canonical	include/kf/game_menu.h:KfMenuSystemAction		Canonical system actions own load/quit encodings. They differ from root choice, shop transaction and window resource IDs.
include/kf/game_menu.h:KfMenuSystemResult	KF_MENU_SYSTEM_PENDING=-99;KF_MENU_SYSTEM_CANCELLED=-1;KF_MENU_SYSTEM_LOADED=-3;KF_MENU_SYSTEM_ACCEPTED=0	reuse	include/kf/game_menu.h:KfMenuResult	KF_MENU_SYSTEM_PENDING=include/kf/game_menu.h:KF_MENU_RESULT_PENDING;KF_MENU_SYSTEM_CANCELLED=include/kf/game_menu.h:KF_MENU_RESULT_CANCELLED;KF_MENU_SYSTEM_LOADED=include/kf/game_menu.h:KF_MENU_RESULT_GAME_LOADED;KF_MENU_SYSTEM_ACCEPTED=include/kf/game_menu.h:KF_MENU_RESULT_ACCEPTED	Use KfMenuResult for the system hub and confirmation callees; remove no-op result-to-result conversion wrappers.
include/kf/game_menu.h:KfSaveSlotOverlay	KF_SAVE_OVERLAY_NONE=-1;KF_SAVE_OVERLAY_SKIP_FIRST=0;KF_SAVE_OVERLAY_SKIP_SECOND=1;KF_SAVE_OVERLAY_SKIP_THIRD=2;KF_SAVE_OVERLAY_ALL=3	retain	include/kf/game_menu.h:KfSaveSlotOverlay		Overlay selection skips a zero-based slot or all/none; saved-file slot IDs are one-based, so they are not the same encoding.
include/kf/game_menu.h:KfMenuTextureId	KF_MENU_TEXTURE_NONE=255;MENU_TEXTURE_LOADING_DATA=103;MENU_TEXTURE_SAVING_DATA=104;MENU_TEXTURE_FORMATTING_CARD=105;MENU_TEXTURE_CONFIRM_CARD_FORMAT=114;MENU_TEXTURE_POWER_OFF=998	retain	include/kf/game_menu.h:KfMenuTextureId		Menu texture IDs are zero-based and the loader adds one; direct save-message image numbers therefore cannot replace them.
include/kf/game_menu.h:KfItemPickupResult	KF_ITEM_PICKUP_PENDING=-99;KF_ITEM_PICKUP_ACQUIRED=0;KF_ITEM_PICKUP_NOT_ACQUIRED=1;KF_ITEM_PICKUP_STACK_FULL=2	reuse	include/kf/game_menu.h:KfMenuResult	KF_ITEM_PICKUP_PENDING=include/kf/game_menu.h:KF_MENU_RESULT_PENDING;KF_ITEM_PICKUP_ACQUIRED=include/kf/game_menu.h:KF_MENU_RESULT_ACCEPTED;KF_ITEM_PICKUP_NOT_ACQUIRED=include/kf/game_menu.h:KF_MENU_RESULT_DECLINED;KF_ITEM_PICKUP_STACK_FULL=include/kf/game_menu.h:KF_MENU_RESULT_STACK_FULL	Use shared pending/accepted/declined/stack-full menu results for item pickup; the nonnegative item payload channel remains separate.
include/kf/game_menu.h:KfMenuSoundCue	MENU_SOUND_CURSOR=0;MENU_SOUND_CONFIRM=1;MENU_SOUND_CANCEL_OR_ERROR=2	retain	include/kf/game_menu.h:KfMenuSoundCue		Cursor/confirm/cancel sound cues select UI feedback, not button-state or menu result codes.
include/kf/game_menu.h:MENU_TEXT_END	MENU_TEXT_END=-1;MENU_TEXT_BLANK=255;MENU_TEXT_GLYPH_MASK=4095;MENU_TEXT_DAKUTEN=4096;MENU_TEXT_HANDAKUTEN=8192;MENU_NUMBER_BLANK=10;MENU_NUMBER_SLASH=11;MENU_NUMBER_ADVANCE=7	retain	include/kf/game_menu.h:MENU_TEXT_END		Text glyph masks/marks and number-atlas blanks belong to those resource encodings; independent terminators remain tied to their stream.
include/kf/game_menu.h:MENU_STATS_VITAL_DIGITS	MENU_STATS_VITAL_DIGITS=4;MENU_STATS_VALUE_DIGITS=6	retain	include/kf/game_menu.h:MENU_STATS_VITAL_DIGITS		Vital and stat digit widths format different displayed quantities; they are not storage sizes or shared numeric maxima.
include/kf/game_menu.h:MENU_CLASS_MIDDLE_STAT_MIN	MENU_CLASS_MIDDLE_STAT_MIN=40;MENU_CLASS_HIGH_STAT_MIN=60;MENU_CLASS_MAGIC_TIER_COUNT=3;MENU_CLASS_LABEL_GLYPHS=4;MENU_CLASS_FIRST_GLYPH=256	retain	include/kf/game_menu.h:MENU_CLASS_MIDDLE_STAT_MIN		Class thresholds and class-label atlas dimensions belong to the status-name calculation, not player level or inventory IDs.
include/kf/game_menu.h:MENU_BACKDROP_COLUMN_STEP	MENU_BACKDROP_COLUMN_STEP=71;MENU_BACKDROP_ROW_STEP=104;MENU_BACKDROP_TOP_Y=16;MENU_BACKDROP_BOTTOM_Y=120	retain	include/kf/game_menu.h:MENU_BACKDROP_COLUMN_STEP		Backdrop stride and top/bottom positions describe the menu tile geometry, not font rows or unrelated world coordinates.
include/kf/game_menu.h:MENU_WIDGET_OT_DEPTH	MENU_WIDGET_OT_DEPTH=2000;MENU_WINDOW_OT_DEPTH=2900;MENU_BACKGROUND_OT_DEPTH=3000;MENU_PANEL_INPUT_RELEASE_FRAME=2	reuse	include/kf/game_menu.h:MENU_MARKER_OT_DEPTH		Shared menu depth layers serve markers, content, widgets, windows and backgrounds. Input-release timing remains a separate frame threshold.
include/kf/game_menu.h:MENU_GLYPHS_PER_ROW	MENU_GLYPHS_PER_ROW=10;MENU_WINDOW_ROW_CAPACITY=10	retain	include/kf/game_menu.h:MENU_GLYPHS_PER_ROW		Entry glyph width and window row capacity bound different dimensions of the menu list/window structures.
include/kf/game_menu.h:MENU_LIST_TILE_BACKDROP	MENU_LIST_TILE_BACKDROP=0;MENU_LIST_TILE_ROW=1;MENU_LIST_TILE_END=2;MENU_LIST_TILE_SELECTED=3;MENU_LIST_TILE_COUNT=4	retain	include/kf/game_menu.h:MENU_LIST_TILE_BACKDROP		List tile indices address backdrop/row/end/selection primitives; they are not root choice or window resource IDs.
include/kf/game_menu.h:MENU_BACKGROUND_QUAD_COUNT	MENU_BACKGROUND_QUAD_COUNT=4;MENU_DIALOG_QUAD_COUNT=6	retain	include/kf/game_menu.h:MENU_BACKGROUND_QUAD_COUNT		Background and dialog quad counts describe separate primitive arrays with different extents.
include/kf/game_menu.h:MENU_ITEM_PREVIEW_YAW_STEP	MENU_ITEM_PREVIEW_YAW_STEP=16;MENU_PICKUP_PREVIEW_YAW_STEP=8	retain	include/kf/game_menu.h:MENU_ITEM_PREVIEW_YAW_STEP		Item-preview and pickup-preview yaw increments remain distinct animation rates; their values already differ.
include/kf/game_menu.h:MENU_ITEM_PREVIEW_TRANSLATION_X	MENU_ITEM_PREVIEW_TRANSLATION_X=560;MENU_ITEM_PREVIEW_TRANSLATION_Y=140;MENU_ITEM_PREVIEW_TRANSLATION_Z=1500	retain	include/kf/game_menu.h:MENU_ITEM_PREVIEW_TRANSLATION_X		Preview translation X/Y/Z are world/view coordinates for the model, distinct from its on-screen name position.
include/kf/game_menu.h:MENU_ITEM_PREVIEW_NAME_X	MENU_ITEM_PREVIEW_NAME_X=174;MENU_ITEM_PREVIEW_NAME_Y=36;MENU_ITEM_PREVIEW_LINE_HEIGHT=18;MENU_ITEM_PREVIEW_QUANTITY_DIGITS=2	reuse	include/kf/game_menu.h:MENU_ITEM_NAME_X	MENU_ITEM_PREVIEW_NAME_X=include/kf/game_menu.h:MENU_ITEM_NAME_X	Use the common item-name X column for equipment and item preview; retain preview Y, line height and quantity digits.
include/kf/game_menu.h:KfMenuModelAllocation	KF_MENU_MODEL_RELEASED=0;KF_MENU_MODEL_ALLOCATED=1	retain	include/kf/game_menu.h:KfMenuModelAllocation		Model allocated/released tracks preview resource ownership, not whether the item exists in inventory or the panel is pending.
include/kf/game_player.h:KF_PLAYER_SOUND_WEAPON_ATTACK	KF_PLAYER_SOUND_WEAPON_ATTACK=0;KF_PLAYER_SOUND_DEATH=1;KF_PLAYER_SOUND_LEVEL_UP=2;KF_PLAYER_SOUND_COUNT=3	retain	include/kf/game_player.h:KF_PLAYER_SOUND_WEAPON_ATTACK		Player attack/death/level-up sound slots have a different order from actor attack/hit/death slots.
include/kf/game_player.h:KfPlayerOption	KF_PLAYER_OPTION_OFF=0;KF_PLAYER_OPTION_ON=1	retain	include/kf/game_player.h:KfPlayerOption		Player options are exact zero/one persisted settings; keep their checked domain and byte/word storage wrappers shared across config consumers.
include/kf/game_player.h:KfPlayerVerticalState	KF_PLAYER_VERTICAL_GROUNDED=0;KF_PLAYER_VERTICAL_FALLING=16;KF_PLAYER_VERTICAL_STEP_UP=32	retain	include/kf/game_player.h:KfPlayerVerticalState		Player grounded/falling/step-up uses a different encoding and state set from actor vertical motion.
include/kf/game_player.h:KF_PLAYER_CAMERA_HEIGHT	KF_PLAYER_CAMERA_HEIGHT=1500	retain	include/kf/game_player.h:KF_PLAYER_CAMERA_HEIGHT		Player camera height is shared by camera positioning; identical attachment/launch offsets do not identify the same measurement.
include/kf/game_player.h:KF_PLAYER_CAMERA_PITCH_LIMIT	KF_PLAYER_CAMERA_PITCH_LIMIT=191	canonical	include/kf/game_player.h:KF_PLAYER_CAMERA_PITCH_LIMIT		Canonical camera pitch limit is used directly by the player clamp and the container-camera script.
include/kf/game_player.h:KF_PLAYER_CHARGE_FULL	KF_PLAYER_CHARGE_FULL=5000;KF_PLAYER_CHARGE_GAIN_MULTIPLIER=2;KF_WEAPON_ATTACK_INACTIVE=-1;KF_WEAPON_ATTACK_PHASE_STEP=300;KF_WEAPON_ATTACK_PHASE_END=4096	retain	include/kf/game_player.h:KF_PLAYER_CHARGE_FULL		Charge magnitude, gain multiplier and weapon animation phase/countdown markers retain their separate quantities, despite some equal values.
include/kf/game_player.h:KfWarpShimmerMode	KF_WARP_SHIMMER_GROW_REMOVE=0;KF_WARP_SHIMMER_SHRINK_REMOVE=1;KF_WARP_SHIMMER_GROW_KEEP=2	retain	include/kf/game_player.h:KfWarpShimmerMode		GAME grow-remove/shrink-remove/grow-keep modes differ from OPEN grow/remove/shrink/create codes; only cylinder tuning is shared.
include/kf/game_player.h:KF_PLAYER_FLOOR_ENTRY_COUNT	KF_PLAYER_FLOOR_ENTRY_COUNT=5	retain	include/kf/game_player.h:KF_PLAYER_FLOOR_ENTRY_COUNT		The player's floor-entry table count bounds its recorded destinations; it is not the count of saved floors or map cells.
include/kf/game_player.h:KfPlayerUpdateState	KF_PLAYER_UPDATE_NORMAL=0;KF_PLAYER_DAMAGE_FRAME_FIRST=1;KF_PLAYER_DAMAGE_FRAME_2=2;KF_PLAYER_DAMAGE_FRAME_3=3;KF_PLAYER_DAMAGE_FRAME_4=4;KF_PLAYER_DAMAGE_FRAME_5=5;KF_PLAYER_DAMAGE_FRAME_6=6;KF_PLAYER_DAMAGE_FRAME_7=7;KF_PLAYER_DAMAGE_FRAME_END=8;KF_PLAYER_UPDATE_RECOVERY_FADE=254;KF_PLAYER_UPDATE_DYING=255	retain	include/kf/game_player.h:KfPlayerUpdateState		Normal, damage-counter, recovery and dying values belong to the player update dispatcher; equal sentinels elsewhere do not encode these states.
include/kf/game_player.h:KfActorSpawnPermission	KF_ACTOR_NEAR_SPAWN_FORBIDDEN=0;KF_ACTOR_NEAR_SPAWN_ALLOWED=1	retain	include/kf/game_player.h:KfActorSpawnPermission		Near-spawn permission is the caller's spawning policy, independent of actual slot/lifecycle state and player options.
include/kf/game_player.h:KfWeaponAttackCharge	KF_WEAPON_ATTACK_NORMAL_CHARGE=0;KF_WEAPON_ATTACK_FULL_CHARGE=1	retain	include/kf/game_player.h:KfWeaponAttackCharge		Normal/full attack charge selects the attack calculation branch; the numeric charge accumulator uses a different scale.
include/kf/game_player.h:KF_PLAYER_STATUS_TIMER_INACTIVE	KF_PLAYER_STATUS_TIMER_INACTIVE=-1;KF_CURSE_DURATION_UPDATES=600;KF_DARKNESS_DURATION_UPDATES=1000;KF_DARKNESS_REAPPLY_TIMER=970;KF_POISON_DURATION_UPDATES=600;KF_SLOWED_DURATION_UPDATES=300;KF_FIRE_DEFENSE_DURATION_UPDATES=500	retain	include/kf/game_player.h:KF_PLAYER_STATUS_TIMER_INACTIVE		Status timers share the inactive marker but keep per-status duration/reapply behavior; equal durations do not couple curse and poison logic.
include/kf/game_player.h:KF_ILLUSION_STAFF_INACTIVE	KF_ILLUSION_STAFF_INACTIVE=-1	retain	include/kf/game_player.h:KF_ILLUSION_STAFF_INACTIVE		The illusion-staff timer's inactive marker belongs to its map-remap lifetime, not a menu cancellation or free object ID.
include/kf/game_player.h:KF_PLAYER_POWER_MAX	KF_PLAYER_POWER_MAX=999;KF_PLAYER_VITAL_MAX=9999;KF_PLAYER_EXPERIENCE_MAX=99999;KF_PLAYER_LEVEL_MAX=255;KF_PLAYER_LEVEL_GROWTH_COUNT=40;KF_PLAYER_TRAINING_POINTS_PER_GAIN=100	retain	include/kf/game_player.h:KF_PLAYER_POWER_MAX		Power, vitals, experience, level and training thresholds bound different player quantities; equal displayed limits do not share units.
include/kf/game_player.h:KF_PLAYER_DAMAGE_MULTIPLIER_ONE	KF_PLAYER_DAMAGE_MULTIPLIER_ONE=10	retain	include/kf/game_player.h:KF_PLAYER_DAMAGE_MULTIPLIER_ONE		Player damage multiplier one is a unit multiplier passed to effect creation; actor damage scaling uses 5000-based fixed-point magnitude.
include/kf/game_render.h:KfGameColorPreset	KF_GAME_COLOR_DEFAULT=0;KF_GAME_COLOR_DAMAGE=1;KF_GAME_COLOR_DEFENSE_EFFECT=2;KF_GAME_COLOR_WHITE=3;KF_GAME_COLOR_BLACK=4;KF_GAME_COLOR_GREEN=5;KF_GAME_COLOR_BLUE=6	retain	include/kf/game_render.h:KfGameColorPreset		GAME color presets index a seven-row bank whose damage/default ordering differs from OPEN's five-row palette bank.
include/kf/game_render.h:KfSystemScreen	KF_SYSTEM_SCREEN_CD_SEARCH_FAILED=0;KF_SYSTEM_SCREEN_CD_READ_FAILED=1;KF_SYSTEM_SCREEN_NO_MEMORY_CARD=2;KF_SYSTEM_SCREEN_PAUSE=3	retain	include/kf/game_render.h:KfSystemScreen		System screen IDs select CD/card/pause artwork, separate from zero-based menu texture IDs and direct TIM message IDs.
include/kf/game_render.h:KF_SYSTEM_SCREEN_LEFT	KF_SYSTEM_SCREEN_LEFT=32;KF_SYSTEM_SCREEN_TOP=112;KF_SYSTEM_SCREEN_RIGHT=288;KF_SYSTEM_SCREEN_BOTTOM=240;KF_SYSTEM_SCREEN_U_SPAN=255;KF_SYSTEM_SCREEN_V_SPAN=128;KF_SYSTEM_SCREEN_TPAGE_X=960;KF_SYSTEM_SCREEN_CLUT_Y=501	retain	include/kf/game_render.h:KF_SYSTEM_SCREEN_LEFT		System screen coordinates, UV extents, TPAGE and CLUT belong to its full-screen primitive; equal display sizes do not identify texture coordinates.
include/kf/game_render.h:KF_GAME_COLOR_PRESET_COUNT	KF_GAME_COLOR_PRESET_COUNT=7;KF_GAME_TMD_SLOT_COUNT=8;KF_HUD_DEFAULT_BRIGHTNESS=86	retain	include/kf/game_render.h:KF_GAME_COLOR_PRESET_COUNT		Color-preset count, TMD slot count and HUD brightness describe separate banks/quantities; OPEN has different counts.
include/kf/game_render.h:KF_HUD_HP_GAUGE	KF_HUD_HP_GAUGE=0;KF_HUD_MP_GAUGE=1;KF_HUD_ATTACK_GAUGE=2;KF_HUD_MAGIC_GAUGE=3;KF_HUD_POISON_ICON=4;KF_HUD_SLOWED_ICON=5;KF_HUD_DARKNESS_ICON=6;KF_HUD_CURSE_ICON=7;KF_HUD_HP_PANEL=8;KF_HUD_MP_PANEL=9;KF_HUD_ATTACK_PANEL=10;KF_HUD_MAGIC_PANEL=11;KF_HUD_COMPASS=12;KF_HUD_TABLE_ROWS=14	retain	include/kf/game_render.h:KF_HUD_HP_GAUGE		HUD sprite rows index gauges/status icons/panels/compass; combat components and menu categories have different orders and dimensions.
include/kf/game_render.h:KfHudSpriteState	KF_HUD_HIDDEN=0;KF_HUD_VISIBLE=1;KF_HUD_END=255	reuse	include/kf/game_render.h:KfSpriteState	KF_HUD_HIDDEN=include/kf/game_render.h:KF_SPRITE_HIDDEN;KF_HUD_VISIBLE=include/kf/game_render.h:KF_SPRITE_VISIBLE;KF_HUD_END=include/kf/game_render.h:KF_SPRITE_END	Canonical KfSpriteState now supplies hidden/visible/end to HUD, effect and notification records; traversal rules remain in each renderer.
include/kf/game_render.h:KfEffectSpriteState	KF_EFFECT_SPRITE_HIDDEN=0;KF_EFFECT_SPRITE_ACTIVE=1;KF_EFFECT_SPRITE_END=255	reuse	include/kf/game_render.h:KfSpriteState	KF_EFFECT_SPRITE_HIDDEN=include/kf/game_render.h:KF_SPRITE_HIDDEN;KF_EFFECT_SPRITE_ACTIVE=include/kf/game_render.h:KF_SPRITE_VISIBLE;KF_EFFECT_SPRITE_END=include/kf/game_render.h:KF_SPRITE_END	Reuse KfSpriteState; effect traversal still stops at any non-visible state, while HUD traversal has a distinct end-marker rule.
include/kf/game_render.h:KF_EFFECT_SPRITE_COMPASS	KF_EFFECT_SPRITE_COMPASS=0;KF_EFFECT_SPRITE_TABLE_ROWS=2	retain	include/kf/game_render.h:KF_EFFECT_SPRITE_COMPASS		The compass row and effect-sprite table size bound that resource table; HUD compass row and notification rows are different indices.
include/kf/game_render.h:KF_RENDER_LIGHT_ACTOR	KF_RENDER_LIGHT_ACTOR=0;KF_RENDER_LIGHT_FLOOR_ITEM=1;KF_RENDER_LIGHT_EFFECT=2;KF_RENDER_LIGHT_WEAPON=3;KF_RENDER_LIGHT_HUD=4;KF_RENDER_LIGHT_NOTIFICATION=5;KF_RENDER_LIGHT_COUNT=6	retain	include/kf/game_render.h:KF_RENDER_LIGHT_ACTOR		Render light slots group actor/item/effect/weapon/HUD/notification lighting, independent of color-preset IDs and effect kinds.
include/kf/game_save.h:KF_CARD_CHANNEL	KF_CARD_CHANNEL=0	retain	include/kf/game_save.h:KF_CARD_CHANNEL		The memory-card SDK channel identifies a hardware port, not a save slot or menu row.
include/kf/game_save.h:KfSaveStatus	KF_CARD_STATUS_NOT_STARTED=0;KF_CARD_STATUS_IO_END=1;KF_CARD_STATUS_TIMEOUT=2;KF_CARD_STATUS_NEW_DEVICE=3;KF_CARD_STATUS_ERROR=4;SAVE_STATUS_OK=1;SAVE_STATUS_FORMAT_REQUIRED=3;SAVE_STATUS_NO_SPACE=5;SAVE_STATUS_FAILED=6;SAVE_STATUS_NO_DATA=7;SAVE_STATUS_FORMAT_CONFIRMATION=8;SAVE_STATUS_09=9;SAVE_STATUS_10=10;SAVE_STATUS_FORMAT_FAILED=11;SAVE_STATUS_STALE_CATALOG=12;SAVE_STATUS_READ_FAILED=13;SAVE_STATUS_WRITE_FAILED=14	reuse	include/kf/game_save.h:KfSaveStatus	KF_CARD_STATUS_IO_END=include/kf/game_save.h:SAVE_STATUS_OK	Card events and file-policy statuses already share KfSaveStatus; retain new-device versus format-required meanings within that channel and reuse its completion code directly.
include/kf/game_save.h:KfSaveResult	KF_SAVE_RESULT_FAILED=0;KF_SAVE_RESULT_OK=1;KF_SAVE_RESULT_FORMAT_REQUIRED=2;KF_SAVE_RESULT_FORMAT_CONFIRMATION=2;KF_SAVE_RESULT_NO_SPACE=3;KF_SAVE_RESULT_READ_FAILED=13	reuse	include/kf/game_save.h:KfSaveResult	KF_SAVE_RESULT_FORMAT_CONFIRMATION=include/kf/game_save.h:KF_SAVE_RESULT_FORMAT_REQUIRED	Remove duplicate format-result naming; retain result codes because failed/format/no-space remap the internal status channel's encodings.
include/kf/game_save.h:KfSaveCleanupResult	KF_SAVE_CLEANUP_TEMP_OPEN_FAILED=0;KF_SAVE_CLEANUP_TEMP_OPENED=1;KF_SAVE_CLEANUP_CARD_TIMEOUT=2;KF_SAVE_CLEANUP_CARD_ERROR=4	retain	include/kf/game_save.h:KfSaveCleanupResult		Cleanup's zero/opened result differs from internal not-started/IO-complete state; timeout/error explicitly transport status encodings without merging incompatible meanings.
include/kf/game_save.h:KfCardFormatConfirmation	KF_CARD_FORMAT_UNCONFIRMED=0;KF_CARD_FORMAT_CONFIRMED=1	retain	include/kf/game_save.h:KfCardFormatConfirmation		Format confirmation is a signed-halfword input policy checked on the completion path, separate from the returned format-required result.
include/kf/game_save.h:KF_SAVE_SLOT_COUNT	KF_SAVE_SLOT_COUNT=3;KF_SAVE_DIRECTORY_ENTRIES=4	retain	include/kf/game_save.h:KF_SAVE_SLOT_COUNT		Save-slot count and directory capacity differ; menu save/load rows already derive from the shared slot count.
include/kf/game_save.h:KfSaveSlotId	KF_SAVE_SLOT_EMPTY=0;KF_SAVE_SLOT_FIRST=1;KF_SAVE_SLOT_SECOND=2;KF_SAVE_SLOT_THIRD=3;KF_SAVE_SLOT_SPARE=4	retain	include/kf/game_save.h:KfSaveSlotId		One-based save slot IDs and empty/spare markers are shared by directory and I/O APIs; zero-based overlay/menu rows remain distinct.
include/kf/game_save.h:KfSaveIconType	KF_SAVE_ICON_THREE_FRAMES=19	retain	include/kf/game_save.h:KfSaveIconType		The icon type is the encoded memory-card header format 0x13, not the numeric frame count three.
include/kf/game_save.h:KF_SAVE_MAGIC_BYTES	KF_SAVE_MAGIC_BYTES=2;KF_SAVE_TITLE_BYTES=64;KF_SAVE_ICON_PALETTE_COLORS=16;KF_SAVE_ICON_FRAME_COUNT=3;KF_SAVE_ICON_FRAME_BYTES=128;KF_SAVE_PLAYER_STATE_WORDS=56	retain	include/kf/game_save.h:KF_SAVE_MAGIC_BYTES		Magic/title/palette/frame byte spans and player-state word count describe distinct fields in the card layout.
include/kf/game_state.h:KF_GAMEPLAY_SOUND_COUNT	KF_GAMEPLAY_SOUND_COUNT=13	retain	include/kf/game_state.h:KF_GAMEPLAY_SOUND_COUNT		Gameplay sound count bounds the global SoundRef table, not actor/player per-record sound slots.
include/kf/item.h:KF_ITEM_COUNT	KF_ITEM_COUNT=80;KF_ITEM_SHOP_COUNT=2;KF_ITEM_STOCK_BANK_COUNT=3	retain	include/kf/item.h:KF_ITEM_COUNT		Item count, shop count and stock-bank count are separate table axes; the player bank explains why bank count exceeds shop count.
include/kf/item.h:KF_ITEM_STOCK_PLAYER	KF_ITEM_STOCK_PLAYER=0;KF_ITEM_STOCK_FIRST_SHOP=1;KF_ITEM_STOCK_SECOND_SHOP=2	reuse	include/kf/item.h:KfItemStockBank		Promote the canonical stock-bank names into KfItemStockBank and use them directly for inventory indexing and shop arguments.
include/kf/item.h:KfShopId	KF_SHOP_NONE=0;KF_SHOP_FIRST=1;KF_SHOP_SECOND=2	reuse	include/kf/item.h:KfItemStockBank	KF_SHOP_NONE=include/kf/item.h:KF_ITEM_STOCK_PLAYER;KF_SHOP_FIRST=include/kf/item.h:KF_ITEM_STOCK_FIRST_SHOP;KF_SHOP_SECOND=include/kf/item.h:KF_ITEM_STOCK_SECOND_SHOP	Remove KfShopId and its aliases; shops and the player are rows of the same stock-bank namespace.
include/kf/item.h:KF_FLOOR_ITEM_CAPACITY	KF_FLOOR_ITEM_CAPACITY=64;KF_FLOOR_ITEM_RENDER_BRIGHTNESS=180;KF_ITEM_STACK_CAPACITY=99	retain	include/kf/item.h:KF_FLOOR_ITEM_CAPACITY		Floor-item pool capacity, render brightness and maximum owned stack have different units; equal other capacities are unrelated.
include/kf/item.h:KfItemId	KF_ITEM_SHORT_SWORD=0;KF_ITEM_BATTLE_AXE=1;KF_ITEM_KNIGHT_SWORD=2;KF_ITEM_COLICHEMARDE=3;KF_ITEM_MORNING_STAR=4;KF_ITEM_BASTARD_SWORD=5;KF_ITEM_CRESCENT_AXE=6;KF_ITEM_TRIPLE_FANG=7;KF_ITEM_FLAME_SWORD=8;KF_ITEM_SHADOW_BLADE=9;KF_ITEM_DRAGON_SWORD=10;KF_ITEM_MOONLIGHT_SWORD=11;KF_ITEM_IRON_MASK=13;KF_ITEM_KNIGHT_HELM=14;KF_ITEM_GREAT_HELM=15;KF_ITEM_BLACK_MASK=16;KF_ITEM_MIST_CROWN=17;KF_ITEM_BREASTPLATE=19;KF_ITEM_KNIGHT_PLATE=20;KF_ITEM_FULL_PLATE=21;KF_ITEM_FIRE_MAIL=22;KF_ITEM_SKULL_ARMOR=23;KF_ITEM_FOREST_ARMOR=24;KF_ITEM_SMALL_SHIELD=26;KF_ITEM_KNIGHT_SHIELD=27;KF_ITEM_TOWER_SHIELD=28;KF_ITEM_BLACK_DRAGON=29;KF_ITEM_WIND_GUARD=30;KF_ITEM_GAUNTLET=32;KF_ITEM_KNIGHT_GLOVE=33;KF_ITEM_STONE_HAND=34;KF_ITEM_IRON_BOOTS=35;KF_ITEM_KNIGHT_BOOTS=36;KF_ITEM_LEG_GUARDS=37;KF_ITEM_FEATHER_BOOTS=38;KF_ITEM_GOLD_COIN=39;KF_ITEM_BLOODSTONE=40;KF_ITEM_MOONSTONE=41;KF_ITEM_VERDITE=42;KF_ITEM_MEDICINAL_HERB=43;KF_ITEM_ANTIDOTE_HERB=44;KF_ITEM_RECOVERY_MEDICINE=45;KF_ITEM_DRAGON_KING_GRASS_LEAF=46;KF_ITEM_DRAGON_KING_GRASS_FRUIT=47;KF_ITEM_LIGHT_RING=48;KF_ITEM_MOON_AMULET=49;KF_ITEM_WIND_BLADE_BRACELET=50;KF_ITEM_TWO_HEADED_DRAGON_RING=51;KF_ITEM_GOLD_CROSS=52;KF_ITEM_KEY_OF_THE_DEAD=53;KF_ITEM_RAITO_FAMILY_KEY=54;KF_ITEM_WATCHMAN_MAP=55;KF_ITEM_DRAGON_CHALICE=56;KF_ITEM_ILLUSION_STAFF=57;KF_ITEM_GREEN_DRAGON_STAFF=58;KF_ITEM_MIRROR_OF_TRUTH=59;KF_ITEM_DUNGEON_KEY=60;KF_ITEM_DRAGON_CREST=61;KF_ITEM_HARP=62;KF_ITEM_WATER_SEAL_STONE=63;KF_ITEM_EARTH_SEAL_STONE=64;KF_ITEM_SEAL_CANDLESTICK=67;KF_ITEM_FIRE_SEAL_STONE=68;KF_ITEM_WIND_SEAL_STONE=69;KF_ITEM_HOLY_SEAL_STONE=70;KF_ITEM_SORCERER_MAP=73;KF_ITEM_SORCERER_KEY=74;KF_ITEM_DEMON_KING_HAND=75;KF_ITEM_SALAMANDER_STATUE=76;KF_ITEM_NONE=255	reuse	include/kf/item.h:KfObjectId	KF_ITEM_NONE=include/kf/item.h:KF_OBJECT_NONE	Canonical KfObjectId covers inventory items and map objects; item table users retain their explicit item-count/subset constraints.
include/kf/item.h:KfFloorItemSpriteId	KF_FLOOR_ITEM_SPRITE_0=0;KF_FLOOR_ITEM_SPRITE_1=1;KF_FLOOR_ITEM_SPRITE_2=2;KF_FLOOR_ITEM_SPRITE_3=3;KF_FLOOR_ITEM_SPRITE_4=4;KF_FLOOR_ITEM_SPRITE_5=5;KF_FLOOR_ITEM_SPRITE_6=6;KF_FLOOR_ITEM_END=65535	retain	include/kf/item.h:KfFloorItemSpriteId		Floor-sprite row IDs identify a seven-entry descriptor/animation bank; they are distinct from inventory and map-object IDs.
include/kf/item.h:KF_FLOOR_ITEM_SPRITE_COUNT	KF_FLOOR_ITEM_SPRITE_COUNT=7;KF_FLOOR_ITEM_FACING_MASK=240;KF_FLOOR_ITEM_FACING_TO_ANGLE_SHIFT=6;KF_FLOOR_ITEM_FRAME_COUNT_MASK=15;KF_FLOOR_ITEM_INITIAL_FRAME_RANDOM_BITS=15;KF_FLOOR_ITEM_FIXED_FACING_DEPTH_BIAS=150;KF_FLOOR_ITEM_BILLBOARD_DEPTH_BIAS=200	reuse	include/kf/item.h:KF_FLOOR_ITEM_SPRITE_COUNT;include/kf/item.h:KfFloorItemAppearance	KF_FLOOR_ITEM_FACING_MASK=include/kf/item.h:KF_FLOOR_ITEM_APPEARANCE_FACING_MASK;KF_FLOOR_ITEM_FRAME_COUNT_MASK=include/kf/item.h:KF_FLOOR_ITEM_APPEARANCE_FRAME_MASK	Remove the duplicate numeric appearance masks; encode the canonical appearance mask enum in packing arithmetic. Retain angle/random conversions and render depth biases.
include/kf/item.h:KfFloorItemFacing	KF_FLOOR_ITEM_FACING_BILLBOARD=0;KF_FLOOR_ITEM_FACING_ZERO_YAW=16;KF_FLOOR_ITEM_FACING_QUARTER_TURN=32;KF_FLOOR_ITEM_FACING_HALF_TURN=48;KF_FLOOR_ITEM_FACING_THREE_QUARTER_TURN=64;KF_FLOOR_ITEM_FACING_50=80;KF_FLOOR_ITEM_FACING_60=96;KF_FLOOR_ITEM_FACING_70=112;KF_FLOOR_ITEM_FACING_80=128;KF_FLOOR_ITEM_FACING_90=144;KF_FLOOR_ITEM_FACING_A0=160;KF_FLOOR_ITEM_FACING_B0=176;KF_FLOOR_ITEM_FACING_C0=192;KF_FLOOR_ITEM_FACING_D0=208;KF_FLOOR_ITEM_FACING_E0=224;KF_FLOOR_ITEM_FACING_F0=240	retain	include/kf/item.h:KfFloorItemFacing		Facing is a biased high-nibble selector, not ordinary quarter-heading or one-based map orientation. Packing/unpacking keeps that representation boundary.
include/kf/item.h:KfFloorItemAppearance	KF_FLOOR_ITEM_APPEARANCE_EMPTY=0;KF_FLOOR_ITEM_APPEARANCE_FRAME_MASK=15;KF_FLOOR_ITEM_APPEARANCE_FACING_MASK=240	canonical	include/kf/item.h:KfFloorItemAppearance		Canonical packed appearance masks now serve both flag operations and integer arithmetic directly, without a second alias enum.
include/kf/magic.h:KF_MAGIC_PLAYER_COUNT	KF_MAGIC_PLAYER_COUNT=9;KF_MAGIC_RECORD_COUNT=24;KF_MAGIC_TABLE_WORD_COUNT=120;KF_MAGIC_SOUND_COUNT=2;KF_MAGIC_DAMAGE_COMPONENT_COUNT=4	retain	include/kf/magic.h:KF_MAGIC_PLAYER_COUNT		Player spell count and full magic-record count differ; record words, sound slots and damage components bound distinct table dimensions.
include/kf/magic.h:KfMagicId	KF_MAGIC_HEALING=0;KF_MAGIC_DISPOISON=1;KF_MAGIC_RESIST_FIRE=2;KF_MAGIC_BLESS=3;KF_MAGIC_LIGHTNING_BOLT=4;KF_MAGIC_FIRE_BALL=5;KF_MAGIC_FIRE_WALL=6;KF_MAGIC_WIND_CUTTER=7;KF_MAGIC_LIGHT_NEEDLE=8;KF_MAGIC_NONE=255	reuse	include/kf/magic.h:KfEffectKind		Move spell IDs into the common KfEffectKind namespace; constructors and magic record accesses use that same identity without conversion aliases.
include/kf/magic.h:KfMagicLearningState	KF_MAGIC_UNLEARNED=0;KF_MAGIC_LEARNED=1	retain	include/kf/magic.h:KfMagicLearningState		Learned=1 checks coexist with nonzero gameplay checks; retain this exact serialized state domain rather than normalizing arbitrary bytes as Boolean.
include/kf/map_data.h:KF_MAP_COLUMNS	KF_MAP_COLUMNS=100;KF_MAP_ROWS=100;KF_MAP_CELL_COUNT=10000;KF_MAP_GRID_WORD_COUNT=2500;KF_MAP_TILE_SIZE=2000;KF_MAP_TILE_CENTER=1000;KF_MAP_HEIGHT_STEP=100;KF_MAP_MESHES_PER_BANK=100;KF_MAP_ATTRIBUTE_COUNT=255;KF_MAP_CELL_COORD_INVALID=255	retain	include/kf/map_data.h:KF_MAP_COLUMNS		Map columns/rows, cells/words, tile size/center and height units describe different dimensions; orientation and attribute IDs are separate encodings.
include/kf/map_data.h:KfMapAttribute	KF_MAP_ATTRIBUTE_00=0;KF_MAP_ATTRIBUTE_01=1;KF_MAP_ATTRIBUTE_02=2;KF_MAP_ATTRIBUTE_03=3;KF_MAP_ATTRIBUTE_04=4;KF_MAP_ATTRIBUTE_05=5;KF_MAP_ATTRIBUTE_06=6;KF_MAP_ATTRIBUTE_07=7;KF_MAP_ATTRIBUTE_08=8;KF_MAP_ATTRIBUTE_09=9;KF_MAP_ATTRIBUTE_0A=10;KF_MAP_ATTRIBUTE_0B=11;KF_MAP_ATTRIBUTE_0C=12;KF_MAP_ATTRIBUTE_0D=13;KF_MAP_ATTRIBUTE_0E=14;KF_MAP_ATTRIBUTE_0F=15;KF_MAP_ATTRIBUTE_10=16;KF_MAP_ATTRIBUTE_11=17;KF_MAP_ATTRIBUTE_12=18;KF_MAP_ATTRIBUTE_13=19;KF_MAP_ATTRIBUTE_14=20;KF_MAP_ATTRIBUTE_15=21;KF_MAP_ATTRIBUTE_16=22;KF_MAP_ATTRIBUTE_17=23;KF_MAP_ATTRIBUTE_18=24;KF_MAP_ATTRIBUTE_19=25;KF_MAP_ATTRIBUTE_1A=26;KF_MAP_ATTRIBUTE_1B=27;KF_MAP_ATTRIBUTE_1C=28;KF_MAP_ATTRIBUTE_1D=29;KF_MAP_ATTRIBUTE_1E=30;KF_MAP_ATTRIBUTE_1F=31;KF_MAP_ATTRIBUTE_20=32;KF_MAP_ATTRIBUTE_21=33;KF_MAP_ATTRIBUTE_22=34;KF_MAP_ATTRIBUTE_23=35;KF_MAP_ATTRIBUTE_24=36;KF_MAP_ATTRIBUTE_25=37;KF_MAP_ATTRIBUTE_26=38;KF_MAP_ATTRIBUTE_27=39;KF_MAP_ATTRIBUTE_28=40;KF_MAP_ATTRIBUTE_29=41;KF_MAP_ATTRIBUTE_2A=42;KF_MAP_ATTRIBUTE_2B=43;KF_MAP_ATTRIBUTE_2C=44;KF_MAP_ATTRIBUTE_2D=45;KF_MAP_ATTRIBUTE_2E=46;KF_MAP_ATTRIBUTE_2F=47;KF_MAP_ATTRIBUTE_30=48;KF_MAP_ATTRIBUTE_31=49;KF_MAP_ATTRIBUTE_32=50;KF_MAP_ATTRIBUTE_33=51;KF_MAP_ATTRIBUTE_34=52;KF_MAP_ATTRIBUTE_35=53;KF_MAP_ATTRIBUTE_36=54;KF_MAP_ATTRIBUTE_37=55;KF_MAP_ATTRIBUTE_38=56;KF_MAP_ATTRIBUTE_39=57;KF_MAP_ATTRIBUTE_PITFALL=58;KF_MAP_ATTRIBUTE_3B=59;KF_MAP_ATTRIBUTE_3C=60;KF_MAP_ATTRIBUTE_3D=61;KF_MAP_ATTRIBUTE_3E=62;KF_MAP_ATTRIBUTE_POISON_HOLE=63;KF_MAP_ATTRIBUTE_WARP=64;KF_MAP_ATTRIBUTE_41=65;KF_MAP_ATTRIBUTE_42=66;KF_MAP_ATTRIBUTE_43=67;KF_MAP_ATTRIBUTE_44=68;KF_MAP_ATTRIBUTE_HIDDEN_DOOR=69;KF_MAP_ATTRIBUTE_46=70;KF_MAP_ATTRIBUTE_47=71;KF_MAP_ATTRIBUTE_48=72;KF_MAP_ATTRIBUTE_49=73;KF_MAP_ATTRIBUTE_4A=74;KF_MAP_ATTRIBUTE_4B=75;KF_MAP_ATTRIBUTE_4C=76;KF_MAP_ATTRIBUTE_4D=77;KF_MAP_ATTRIBUTE_4E=78;KF_MAP_ATTRIBUTE_4F=79;KF_MAP_ATTRIBUTE_50=80;KF_MAP_ATTRIBUTE_51=81;KF_MAP_ATTRIBUTE_52=82;KF_MAP_ATTRIBUTE_53=83;KF_MAP_ATTRIBUTE_54=84;KF_MAP_ATTRIBUTE_55=85;KF_MAP_ATTRIBUTE_56=86;KF_MAP_ATTRIBUTE_57=87;KF_MAP_ATTRIBUTE_58=88;KF_MAP_ATTRIBUTE_59=89;KF_MAP_ATTRIBUTE_5A=90;KF_MAP_ATTRIBUTE_5B=91;KF_MAP_ATTRIBUTE_5C=92;KF_MAP_ATTRIBUTE_BOTTOMLESS_PIT=93;KF_MAP_ATTRIBUTE_5E=94;KF_MAP_ATTRIBUTE_5F=95;KF_MAP_ATTRIBUTE_60=96;KF_MAP_ATTRIBUTE_61=97;KF_MAP_ATTRIBUTE_62=98;KF_MAP_ATTRIBUTE_66=102;KF_MAP_ATTRIBUTE_67=103;KF_MAP_ATTRIBUTE_NONE=255	retain	include/kf/map_data.h:KfMapAttribute		Map attributes index terrain metadata; named hazards remain evidence-based and unresolved values keep address-neutral numeric names. Item/notification IDs are different tables.
include/kf/map_data.h:KfMapCellKind	KF_MAP_CELL_BLOCKED=0;KF_MAP_CELL_FLOOR=1;KF_MAP_CELL_X_GE_Z=2;KF_MAP_CELL_SUM_LE_SIZE=3;KF_MAP_CELL_Z_GE_X=4;KF_MAP_CELL_SUM_GE_SIZE=5;KF_MAP_CELL_STEP=6	retain	include/kf/map_data.h:KfMapCellKind		Cell collision kinds encode floor/step/diagonal geometry tests, independent of map attributes and occupant/result bitfields.
include/kf/map_data.h:KF_MAP_HALF_CELL_STEP_HEIGHT	KF_MAP_HALF_CELL_STEP_HEIGHT=300;KF_OCCUPANCY_CELL_RADIUS=2;KF_OCCUPANCY_CELL_SPAN=5;KF_CELL_OCCUPANT_COUNT_MASK=31;KF_CELL_PRESERVED_FLAGS_MASK=224	retain	include/kf/map_data.h:KF_MAP_HALF_CELL_STEP_HEIGHT		Half-cell height, occupancy radius/span and packed occupant masks describe different collision-grid quantities, not shared angle/status masks.
include/kf/map_data.h:KfMapOrientation	KF_MAP_ORIENT_UNROTATED=1;KF_MAP_ORIENT_QUARTER_TURN=2;KF_MAP_ORIENT_HALF_TURN=3;KF_MAP_ORIENT_THREE_QUARTER_TURN=4	retain	include/kf/map_data.h:KfMapOrientation		Map orientation is one-based 1..4; actor quarter-heading is zero-based and floor-sprite facing is packed/biased.
include/kf/memory.h:KfMemoryAllocationMode	KF_MEMORY_CREATE_ARENA=0;KF_MEMORY_REBASE_ARENA=1;KF_MEMORY_USE_HEAP=2	retain	include/kf/memory.h:KfMemoryAllocationMode		Create/rebase/heap allocation modes select distinct allocator paths; they are not an allocation-success result or simple Boolean flag.
include/kf/memory.h:KF_MEMORY_STACK_WORDS	KF_MEMORY_STACK_WORDS=17;KF_MEMORY_STACK_DEPTH_INDEX=0;KF_MEMORY_STACK_FIRST_ENTRY=1	retain	include/kf/memory.h:KF_MEMORY_STACK_WORDS		Memory stack capacity, depth slot and first entry describe the stack layout, not save-slot or animation indices.
include/kf/memory_layout.h:KF_MAIN_RAM_BYTES	KF_MAIN_RAM_BYTES=2097152	canonical	include/kf/memory_layout.h:KF_MAIN_RAM_BYTES		Canonical fixed main-RAM capacity now serves overlay bounds and allocator checks directly; hardware capacity does not imply individual global placement.
include/kf/notify.h:KF_NOTIFICATION_CAPACITY	KF_NOTIFICATION_CAPACITY=8;KF_NOTIFICATION_SPRITE_COUNT=6;KF_NOTIFICATION_DIGIT_CAPACITY=12;KF_NOTIFICATION_TEXT_SPRITE=0;KF_NOTIFICATION_GOLD_SPRITE=1;KF_NOTIFICATION_ONES_SPRITE=2;KF_NOTIFICATION_TENS_SPRITE=3;KF_NOTIFICATION_HUNDREDS_SPRITE=4;KF_NOTIFICATION_THOUSANDS_SPRITE=5	retain	include/kf/notify.h:KF_NOTIFICATION_CAPACITY		Notification queue capacity, six sprite rows and digit storage describe different arrays; row identities are not menu glyph or item IDs.
include/kf/notify.h:KfNotificationSpriteState	KF_NOTIFICATION_SPRITE_HIDDEN=0;KF_NOTIFICATION_SPRITE_VISIBLE=1	reuse	include/kf/game_render.h:KfSpriteState	KF_NOTIFICATION_SPRITE_HIDDEN=include/kf/game_render.h:KF_SPRITE_HIDDEN;KF_NOTIFICATION_SPRITE_VISIBLE=include/kf/game_render.h:KF_SPRITE_VISIBLE	Reuse the common hidden/visible KfSpriteState in notification sprite records while preserving their six-row traversal.
include/kf/notify_types.h:KfNotificationId	KF_NOTIFICATION_LEVEL_UP=0;KF_NOTIFICATION_MAGIC_LEARNED=1;KF_NOTIFICATION_LOCKED=2;KF_NOTIFICATION_SEALED=3;KF_NOTIFICATION_KEY_DOES_NOT_FIT=4;KF_NOTIFICATION_NOTHING_THERE=5;KF_NOTIFICATION_NOTHING_INSIDE=6;KF_NOTIFICATION_DEAD=7;KF_NOTIFICATION_BROKEN_SWORD=8;KF_NOTIFICATION_OLD_BONES=9;KF_NOTIFICATION_SCHOLAR_BONES=10;KF_NOTIFICATION_HANS_CORPSE=11;KF_NOTIFICATION_PITFALL=12;KF_NOTIFICATION_HEALING_SPRING=13;KF_NOTIFICATION_REINHARDT_II=14;KF_NOTIFICATION_INVISIBLE_WALL=15;KF_NOTIFICATION_CANNOT_CARRY_MORE=16;KF_NOTIFICATION_HIDDEN_DOOR=17;KF_NOTIFICATION_NOTHING_HAPPENS=18;KF_NOTIFICATION_GOLD=19;KF_NOTIFICATION_RAITO_FAMILY_GRAVE=20;KF_NOTIFICATION_GRAVESTONE=21;KF_NOTIFICATION_BROKEN_SHOVEL=22;KF_NOTIFICATION_POISON_HOLE=23;KF_NOTIFICATION_BOTTOMLESS_PIT=24;KF_NOTIFICATION_WIND_SEAL=25;KF_NOTIFICATION_FIRE_SEAL=26;KF_NOTIFICATION_EARTH_SEAL=27;KF_NOTIFICATION_WATER_SEAL=28;KF_NOTIFICATION_RECOVERED=29;KF_NOTIFICATION_PHYSICAL_POWER_INCREASED=30;KF_NOTIFICATION_MAGIC_POWER_INCREASED=31;KF_NOTIFICATION_NONE=255	retain	include/kf/notify_types.h:KfNotificationId		Notification IDs select messages, independent of inventory IDs and map attributes even when labels refer to the same gameplay event.
include/kf/notify_types.h:KfNotificationPhase	KF_NOTIFICATION_IDLE=0;KF_NOTIFICATION_HOLD=2;KF_NOTIFICATION_ROTATE_OUT=3	retain	include/kf/notify_types.h:KfNotificationPhase		Idle/hold/rotate-out is the notification presentation state machine; sprite visibility is a separate field/state domain.
include/kf/open_controller.h:KF_OPENING_INITIAL_TIM_PATH_BYTES	KF_OPENING_INITIAL_TIM_PATH_BYTES=6	retain	include/kf/open_controller.h:KF_OPENING_INITIAL_TIM_PATH_BYTES		The initial TIM path byte extent belongs to the opening path buffer; identical word/vector dimensions have different owners and units.
include/kf/open_opening_helpers.h:KfOpeningInputAction	KF_OPENING_INPUT_NONE=0;KF_OPENING_INPUT_ADVANCE=1;KF_OPENING_INPUT_SKIP=2	retain	include/kf/open_opening_helpers.h:KfOpeningInputAction		Opening input none/advance/skip is the scene controller's action protocol; its code meanings differ from menu result and phase values.
include/kf/open_opening_scenes.h:KF_OPENING_SCENE3_OVERLAY_COUNT	KF_OPENING_SCENE3_OVERLAY_COUNT=2	retain	include/kf/open_opening_scenes.h:KF_OPENING_SCENE3_OVERLAY_COUNT		Scene-3 overlay count bounds its texture/primitive collection, not the number of color presets or transition cylinders.
include/kf/open_opening_scenes.h:KF_OPENING_SCENE0_CAMERA_POINT_COUNT	KF_OPENING_SCENE0_CAMERA_POINT_COUNT=17;KF_OPENING_SCENE3_CAMERA_POINT_COUNT=3;KF_OPENING_ENDING_CAMERA_POINT_COUNT=9	retain	include/kf/open_opening_scenes.h:KF_OPENING_SCENE0_CAMERA_POINT_COUNT		Scene camera-point counts bound independently authored paths; equal ending panel or matrix dimensions do not identify these arrays.
include/kf/open_opening_scenes.h:KfOpeningTransitionMode	KF_OPENING_TRANSITION_GROW=0;KF_OPENING_TRANSITION_REMOVE=1;KF_OPENING_TRANSITION_SHRINK=2;KF_OPENING_TRANSITION_CREATE=3	retain	include/kf/open_opening_scenes.h:KfOpeningTransitionMode		OPEN transition lifecycle codes differ from GAME shimmer modes, including remove/create behavior; reuse the common animation tuning only.
include/kf/open_render.h:KfOpenColorPreset	KF_OPEN_COLOR_DEFAULT=0;KF_OPEN_COLOR_BLACK=1;KF_OPEN_COLOR_WHITE=2;KF_OPEN_COLOR_ENDING_MIDPOINT=3;KF_OPEN_COLOR_ENDING_GREEN=4	retain	include/kf/open_render.h:KfOpenColorPreset		OPEN color presets have a different order and count from GAME, including ending-only interpolation targets.
include/kf/open_render.h:KF_OPEN_PROJECTED_VERTEX_CAPACITY	KF_OPEN_PROJECTED_VERTEX_CAPACITY=1000;KF_OPEN_COLOR_PRESET_COUNT=5;KF_OPEN_TMD_SLOT_COUNT=2	reuse	include/kf/open_render.h:KF_OPEN_COLOR_PRESET_COUNT;include/kf/render_types.h:KF_PROJECTED_VERTEX_CAPACITY	KF_OPEN_PROJECTED_VERTEX_CAPACITY=include/kf/render_types.h:KF_PROJECTED_VERTEX_CAPACITY	Reuse the shared projected-vertex capacity directly; preserve OPEN's own palette and TMD-slot counts.
include/kf/open_resources.h:KF_OPENING_ENTITY_CAPACITY	KF_OPENING_ENTITY_CAPACITY=32;KF_OPENING_ENTITY_FLOOR_HEIGHT=0;KF_OPENING_SCENE_BASE_Y=-10000	retain	include/kf/open_resources.h:KF_OPENING_ENTITY_CAPACITY		Opening entity capacity, floor plane and scene base Y have different dimensions; model-ID limits are not pool capacities.
include/kf/open_resources.h:KfOpeningModelId	KF_OPENING_SCENE0_DECREASING_YAW_MODEL=11;KF_OPENING_SCENE0_INCREASING_YAW_MODEL=12;KF_OPENING_SCENE3_INCREASING_YAW_MODEL=13;KF_OPENING_SCENE3_DECREASING_YAW_MODEL=14;KF_OPENING_TRANSITION_CYLINDER=19;KF_OPENING_TAPERED_COLUMN=20;KF_OPENING_GREEN_CRYSTAL_INCREASING_YAW=21;KF_OPENING_PINK_CRYSTAL_INCREASING_YAW=22;KF_OPENING_GREEN_CRYSTAL_DECREASING_YAW=23;KF_OPENING_PINK_CRYSTAL_DECREASING_YAW=24;KF_OPENING_CASTLE_MOUNTAIN_BACKDROP=25;KF_OPENING_ENDING_ORANGE_DISK=26;KF_OPENING_ENDING_STARFIELD=27;KF_OPENING_ENTITY_MODEL_LIMIT=32;KF_OPENING_ENTITY_FREE=255	retain	include/kf/open_resources.h:KfOpeningModelId		Opening model IDs address the opening TMD bank and cannot replace GAME map/effect IDs. Free/limit markers retain that bank's constraints.
include/kf/overlay.h:OVERLAY_RAM_BYTES	OVERLAY_RAM_BYTES=2097152;OVERLAY_STACK_BYTES=32768	reuse	include/kf/memory_layout.h:KF_MAIN_RAM_BYTES;include/kf/overlay.h:OVERLAY_STACK_BYTES	OVERLAY_RAM_BYTES=include/kf/memory_layout.h:KF_MAIN_RAM_BYTES	Use the canonical main-RAM capacity directly; retain the overlay's independent stack reservation and derived link-layout boundaries.
include/kf/overlay.h:KfOpenMode	KF_OPEN_MODE_INTRO=1;KF_OPEN_MODE_ENDING=254	reuse	include/kf/overlay.h:KfOverlayMode	KF_OPEN_MODE_INTRO=include/kf/overlay.h:KF_OVERLAY_MODE_INTRO;KF_OPEN_MODE_ENDING=include/kf/overlay.h:KF_OVERLAY_MODE_ENDING	KfOverlayMode now represents both OPEN request and GAME result; only their signed/unsigned stored word types differ.
include/kf/overlay.h:KfGameExitCode	KF_GAME_EXIT_NONE=0;KF_GAME_EXIT_INTRO=1;KF_GAME_EXIT_ENDING=254	reuse	include/kf/overlay.h:KfOverlayMode	KF_GAME_EXIT_NONE=include/kf/overlay.h:KF_OVERLAY_MODE_NONE;KF_GAME_EXIT_INTRO=include/kf/overlay.h:KF_OVERLAY_MODE_INTRO;KF_GAME_EXIT_ENDING=include/kf/overlay.h:KF_OVERLAY_MODE_ENDING	Remove the separate game-exit enum and intro/ending aliases; use the shared overlay protocol and a width-preserving result-word typedef.
include/kf/overlay.h:KF_OVERLAY_ENTRY_ARGC	KF_OVERLAY_ENTRY_ARGC=1;KF_OVERLAY_PATH_COUNT=2;KF_OVERLAY_OPEN_PATH=0;KF_OVERLAY_GAME_PATH=1	retain	include/kf/overlay.h:KF_OVERLAY_ENTRY_ARGC		Exec argument count and OPEN/GAME path-table rows describe the loader interface; they are not overlay mode codes.
include/kf/player_status.h:KfPlayerStatusFlags	KF_PLAYER_STATUS_NONE=0;KF_PLAYER_STATUS_CURSE=1;KF_PLAYER_STATUS_DARKNESS=2;KF_PLAYER_STATUS_POISON=4;KF_PLAYER_STATUS_SLOWED=8;KF_PLAYER_STATUS_FIRE_DEFENSE_BOOST=16;KF_PLAYER_STATUS_KEEP_UPPER=65520	retain	include/kf/player_status.h:KfPlayerStatusFlags		Player status bits are shared across damage, items and rendering; equal collision flags and parser masks belong to other representations.
include/kf/pool.h:KfAnimationCacheState	KF_ANIMATION_CACHE_FREE=0;KF_ANIMATION_CACHE_STALE=1;KF_ANIMATION_CACHE_LIVE=2	retain	include/kf/pool.h:KfAnimationCacheState		Animation cache free/stale/live controls cache reuse, not actor activity or resource-load success.
include/kf/pool.h:KF_ANIMATION_CACHE_CAPACITY	KF_ANIMATION_CACHE_CAPACITY=12;KF_ANIMATION_BIND_STATIC=1	retain	include/kf/pool.h:KF_ANIMATION_CACHE_CAPACITY		Cache capacity and static-animation binding sentinel belong to the pool/cache API, distinct from live actor or effect capacities.
include/kf/render_types.h:KfSpriteDepthCueMode	KF_SPRITE_DEPTH_CUE_NORMAL=0;KF_SPRITE_DEPTH_CUE_BOOSTED=1	retain	include/kf/render_types.h:KfSpriteDepthCueMode		Depth-cue mode chooses the shading formula, independent of sprite visibility and GPU blend modes.
include/kf/render_types.h:KfDisplayBuffer	KF_DISPLAY_BUFFER_FIRST=0;KF_DISPLAY_BUFFER_SECOND=1;KF_DISPLAY_BUFFER_UNINITIALIZED=255	retain	include/kf/render_types.h:KfDisplayBuffer		Display first/second/uninitialized is one shared buffer selector; save slots and overlay paths do not use that identity.
include/kf/render_types.h:KF_VRAM_WIDTH	KF_VRAM_WIDTH=1024;KF_VRAM_HEIGHT=512;KF_DISPLAY_WIDTH=320;KF_DISPLAY_HEIGHT=240;KF_DISPLAY_BUFFER_COUNT=2;KF_ORDERING_TABLE_LENGTH=16384;KF_ORDERING_TABLE_INDEX_MASK=16383;KF_SCENE_MIN_OT_DEPTH=5;KF_MAP_OT_DEPTH_BIAS=200;KF_GTE_DEPTH_TO_OT_SHIFT=2;KF_TEXTURE_BASE_BRIGHTNESS=128;KF_VIEW_QUADRANT_COUNT=4;KF_CELL_WINDOW_YAW_COUNT=16;KF_CELL_WINDOW_CELL_CAPACITY=196;KF_CELL_WINDOW_YAW_SHIFT=8;KF_DEFAULT_PROJECTION_DISTANCE=200;KF_INITIAL_FOG_NEAR_DISTANCE=11000;KF_RGB555_CHANNEL_MASK=31;KF_RGB555_GREEN_SHIFT=5;KF_RGB555_BLUE_SHIFT=10;KF_RGB555_STP=32768	canonical	include/kf/render_types.h:KF_VRAM_WIDTH		Canonical render dimensions, OT geometry, brightness, fog and pixel masks retain their units; common projection/cylinder constants also live in this header.
include/kf/render_types.h:KF_GPU_TEXTURE_4BIT	KF_GPU_TEXTURE_4BIT=0;KF_GPU_TEXTURE_8BIT=1;KF_GPU_TEXTURE_16BIT=2;KF_GPU_BLEND_AVERAGE=0;KF_GPU_RESET_FULL=0;KF_GPU_RESET_KEEP_DISPLAY=3;KF_TEXTURE_LOWER_PAGE_Y=256	retain	include/kf/render_types.h:KF_GPU_TEXTURE_4BIT		GPU texture depth, blend/reset modes and texture-page Y belong to specific SDK argument positions; equal zero/one values are not one interchangeable enum.
include/kf/render_types.h:KF_TRANSITION_RECT_X	KF_TRANSITION_RECT_X=32;KF_TRANSITION_RECT_WIDTH=255;KF_TRANSITION_RECT_HEIGHT=240;KF_TRANSITION_TPAGE_X=576;KF_TRANSITION_CLUT_Y=495;KF_TRANSITION_FADE_FRAMES=18;KF_TRANSITION_FADE_STEP=6;KF_TRANSITION_FADE_LIMIT=255;KF_TRANSITION_OT_DEPTH=4	retain	include/kf/render_types.h:KF_TRANSITION_RECT_X		Full-screen transition texture rectangle, fade and OT values are already shared; they are distinct from the world-space cylinder animation.
include/kf/render_types.h:KF_QUAD_TEX_U	KF_QUAD_TEX_U=0;KF_QUAD_TEX_V=2;KF_QUAD_TEX_U_SPAN=4;KF_QUAD_TEX_V_SPAN=6;KF_QUAD_TEX_DESCRIPTOR_BYTES=8	retain	include/kf/render_types.h:KF_QUAD_TEX_U		Quad texture descriptor offsets/extents belong to its resource representation; they are not floor-item appearance nibbles.
include/kf/render_types.h:KfCellVisibility	KF_CELL_WINDOW_HIDDEN=0;KF_CELL_WINDOW_DISTANT=1;KF_CELL_WINDOW_NEAR=2	retain	include/kf/render_types.h:KfCellVisibility		Cell visibility hidden/distant/near is a culling-grid result with distance levels, unlike sprite hidden/visible/end.
include/kf/resources.h:KF_RESOURCE_CHUNK_HEADER_BYTES	KF_RESOURCE_CHUNK_HEADER_BYTES=4;KF_RESOURCE_REUSE_PREFIX_BYTES=16	retain	include/kf/resources.h:KF_RESOURCE_CHUNK_HEADER_BYTES		Resource chunk length-header and reuse-prefix sizes describe the enclosing stream, distinct from the nested asset archive's count header.
include/kf/tmd.h:KfTmdSlot	KF_TMD_SLOT_MAP=0;KF_TMD_SLOT_ENTITIES=1;KF_TMD_SLOT_MENU_ITEM=4	retain	include/kf/tmd.h:KfTmdSlot		TMD slots select map/entities/menu banks; OPEN uses a subset but the slot identity is already shared.
include/kf/tmd.h:KF_TMD_HEADER_BYTES	KF_TMD_HEADER_BYTES=12;KF_TMD_PACKET_HEADER_BYTES=4;KF_TMD_WORD_BYTES=4;KF_TMD_ILEN_BYTE=1;KF_TMD_MODE_SHIFT=24;KF_TMD_MODE_MASK=253;KF_TMD_ILEN_TO_BYTES_SHIFT=6;KF_TMD_BODY_BYTES_MASK=1020;KF_TMD_VECTOR_OFFSET_SHIFT=3;KF_TMD_DEFAULT_PERSPECTIVE_SHIFT=1	retain	include/kf/tmd.h:KF_TMD_HEADER_BYTES		TMD header/packet/mode/word offsets describe one serialized format; equal generic four-byte sizes retain their field/encoding meanings.
include/kf/tmd.h:KfTmdMode	KF_TMD_MODE_NONE=0;KF_TMD_MODE_SEMITRANS=2;KF_TMD_MODE_F3=32;KF_TMD_MODE_FT3=36;KF_TMD_MODE_F4=40;KF_TMD_MODE_FT4=44;KF_TMD_MODE_G3=48;KF_TMD_MODE_GT3=52;KF_TMD_MODE_G4=56;KF_TMD_MODE_GT4=60	retain	include/kf/tmd.h:KfTmdMode		Primitive modes are actual TMD opcode encodings; model IDs, texture modes and effect kinds do not share that namespace.
src/game/actor.c:ACTOR_SELECTION_ANGLE_TOLERANCE	ACTOR_SELECTION_ANGLE_TOLERANCE=398;ACTOR_MULTI_HIT_SELECTION_ANGLE_TOLERANCE=455	retain	src/game/actor.c:ACTOR_SELECTION_ANGLE_TOLERANCE		The two actor selection cones have different measured values and algorithms; retain their separate thresholds.
src/game/actor.c:COMBAT_BASE_POWER_WEIGHT_DIVISOR	COMBAT_BASE_POWER_WEIGHT_DIVISOR=5;COMBAT_DEFENSE_DENOMINATOR_MULTIPLIER=2;ACTOR_DYING_DAMAGE_CUTOFF_PHASE=1548;ACTOR_STATUS_CHANCE_RANDOM_SHIFT=7;ACTOR_BOSS_SOUND_MAX_DISTANCE=20000;ACTOR_BOSS_SOUND_ATTENUATION_DISTANCE=60000;ACTOR_SELECTION_RANDOM_SHIFT=4;ACTOR_SELECTION_FACING_BYPASS_LIMIT=1638;ACTOR_PROFILE_FACING_BYPASS_LIMIT=819;ACTOR_SELECTION_FAR_RANGE_FACTOR=4;ACTOR_SELECTION_FAR_CHANCE_SHIFT=4;ACTOR_SELECTION_NEAR_CHANCE_SHIFT=2;ACTOR_SELECTION_MIDDLE_CHANCE_SHIFT=1;ACTOR_SELECTION_OUTER_CHANCE_SHIFT=2;ACTOR_GROUND_SELECTION_FAR_RANGE=7000;ACTOR_GROUND_SELECTION_MIN_RANGE=4001;ACTOR_GROUND_FAR_CHANCE_SHIFT=1;ACTOR_GROUND_NEAR_CHANCE_SHIFT=3;ACTOR_MULTI_HIT_FAR_CHANCE_SHIFT=4;ACTOR_MULTI_HIT_NEAR_CHANCE_SHIFT=2;ACTOR_SPAWNER_POPULATION_LIMIT=2	reuse	include/kf/audio.h:KF_AUDIO_VOICE_SLOTS;src/game/actor.c:COMBAT_BASE_POWER_WEIGHT_DIVISOR	ACTOR_BOSS_SOUND_MAX_DISTANCE=include/kf/audio.h:KF_AUDIO_EXTENDED_MAX_DISTANCE;ACTOR_BOSS_SOUND_ATTENUATION_DISTANCE=include/kf/audio.h:KF_AUDIO_EXTENDED_ATTENUATION_DISTANCE	Reuse the common extended audio range pair. Combat formula divisors, action-selection odds/ranges and population limits remain distinct inputs to different branches.
src/game/actor_behavior.c:ACTOR_ACTIVATION_RANGE	ACTOR_ACTIVATION_RANGE=28000;ACTOR_NEAR_SPAWN_EXCLUSION_RANGE=26000;ACTOR_ACTIVE_RANGE=32000;ACTOR_GRAVITY=20;ACTOR_DRIFT_AXIS_ACCELERATION=1;ACTOR_DRIFT_AXIS_SPEED_LIMIT=100;ACTOR_DRIFT_YAW_SPEED_LIMIT=32;ACTOR_HOME_AXIS_TOLERANCE=200;ACTOR_WALK_COLLISION_FLAGS=32832;ACTOR_VELOCITY_COLLISION_FLAGS=32864	retain	src/game/actor_behavior.c:ACTOR_ACTIVATION_RANGE		Actor activation/drift/home/gravity settings retain their physical meaning; velocity collision flags add skip-map-objects to walking flags and are not an alias.
src/game/actor_behavior.c:ACTOR_PURSUIT_DISTANCE_SHIFT	ACTOR_PURSUIT_DISTANCE_SHIFT=8;ACTOR_MULTI_HIT_SELECTION_WEIGHT=80;ACTOR_RETREAT_RANGE_FACTOR=2;ACTOR_RECENT_PURSUIT_RANGE_FACTOR=6;ACTOR_RETREAT_RANDOM_MIN=5462;ACTOR_WANDER_TO_IDLE_RANDOM_LIMIT=1092;ACTOR_REMAIN_IDLE_RANDOM_MIN=8193;ACTOR_SPAWN_CHANCE_SHIFT=7;ACTOR_WANDER_TURN_RANDOM_LIMIT=2048;ACTOR_PURSUIT_TURN_RANDOM_LIMIT=4096;ACTOR_HOME_TURN_RANDOM_LIMIT=2048;ACTOR_PURSUIT_BACKOFF_RANDOM_SHIFT=11	retain	src/game/actor_behavior.c:ACTOR_PURSUIT_DISTANCE_SHIFT		Pursuit/retreat/wander/spawn probabilities and distance factors feed distinct decisions; equal RNG shifts do not encode absolute angles.
src/game/actor_behavior.c:ACTOR_BLOCKED_TURN_STEP	ACTOR_BLOCKED_TURN_STEP=64;ACTOR_LONG_DROP_HEIGHT=600;ACTOR_DEEP_DROP_HEIGHT=3000;ACTOR_LONG_DROP_RANDOM_MAX=16384;ACTOR_DEEP_DROP_RANDOM_MAX=1024;ACTOR_STEP_HEIGHT_LIMIT=1001;ACTOR_HIGH_STEP_HEIGHT=400;ACTOR_HIGH_STEP_VELOCITY_Y=-300;ACTOR_LOW_STEP_VELOCITY_Y=-120;ACTOR_CHARGE_LENGTH_SHIFT=2;ACTOR_CHARGE_COMPONENT_DIVISOR=16;ACTOR_JUMP_HEIGHT_THRESHOLD=-5000;ACTOR_JUMP_SHORT_VELOCITY_Y=-220;ACTOR_JUMP_LONG_VELOCITY_Y=-300;ACTOR_JUMP_SHORT_ANIMATION_STEP=140;ACTOR_JUMP_LONG_ANIMATION_STEP=110;ACTOR_JUMP_BOUNCE_VELOCITY_Y=-120;ACTOR_JUMP_CEILING_VELOCITY_Y=100;ACTOR_JUMP_CONTACT_STRIKING_DAMAGE=15	retain	src/game/actor_behavior.c:ACTOR_BLOCKED_TURN_STEP		Drop-height tests, step/jump velocities and animation rates have different trigger branches and quantities; no universal gravity or ascent parameter is implied.
src/game/actor_behavior.c:ACTOR_PAIRED_EFFECT_X_OFFSET	ACTOR_PAIRED_EFFECT_X_OFFSET=1500;ACTOR_EFFECT_AIM_RANGE=50000;ACTOR_PROPAGATING_EFFECT_SPEED=250;ACTOR_LIGHTNING_FALLBACK_PITCH=-32;ACTOR_EFFECT_FALLBACK_MOVE_COUNT=20;ACTOR_LIGHTNING_TARGET_Y_OFFSET=1000;ACTOR_SCATTER_TARGET_STANDOFF=4500;ACTOR_SPAWNER_TARGET_STANDOFF=2000;ACTOR_SCATTER_GENERATIONS=3;ACTOR_SCATTER_INITIAL_SCALE=3000	retain	src/game/actor_behavior.c:ACTOR_PAIRED_EFFECT_X_OFFSET		Paired-emission spacing, aim/fallback parameters and scatter/spawner setup are different effect arguments; common projectile speed IDs already moved to the shared family.
src/game/actor_behavior.c:ACTOR_MELEE_CONTACT_PHASE	ACTOR_MELEE_CONTACT_PHASE=2700;ACTOR_SPECIAL_CONTACT_PHASE=3000;ACTOR_JUMP_CONTACT_PHASE=3400;ACTOR_HOME_ANIMATION_RESET_PHASE=1200;ACTOR_MULTI_HIT_FORWARD_PHASE1=2240;ACTOR_MULTI_HIT_FORWARD_PHASE2=2688;ACTOR_MULTI_HIT_FORWARD_PHASE3=3200;ACTOR_MULTI_HIT_FORWARD_PHASE4=3584;ACTOR_MULTI_HIT_NEGATIVE_YAW_PHASE=3500;ACTOR_MULTI_HIT_POSITIVE_YAW_PHASE=3800;ACTOR_DEATH_DROP_PHASE=2048;ACTOR_GOLD_RANDOM_SHIFT=15;ACTOR_DROP_CHANCE_RANDOM_SHIFT=7;ACTOR_BOSS_DEATH_SOUND_PHASE1=500;ACTOR_BOSS_DEATH_SOUND_PHASE2=1000;ACTOR_BOSS_DEATH_SOUND_PHASE3=1500;ACTOR_BOSS_DEATH_EFFECT_PERIOD=2;ACTOR_BOSS_DEATH_SOUND_PERIOD=4;ACTOR_BOSS_DEATH_SCATTER_XZ_MASK=8191;ACTOR_BOSS_DEATH_SCATTER_XZ_BIAS=4096;ACTOR_BOSS_DEATH_SCATTER_Y_MASK=4095;ACTOR_BOSS_DEATH_LOOP_VOLUME=100	retain	src/game/actor_behavior.c:ACTOR_MELEE_CONTACT_PHASE		Contact/death animation phases, drop odds, boss sound/effect periods and scatter bounds are independent phase/probability/position quantities.
src/game/actor_pool.c:KfActorPlacementStreamState	KF_ACTOR_PLACEMENTS_READING=0;KF_ACTOR_PLACEMENTS_EXHAUSTED=1	retain	src/game/actor_pool.c:KfActorPlacementStreamState		Placement reading/exhausted controls stream termination and pool filling, separate from a live actor slot's provenance/free state.
src/game/audio.c:GAME_SEQUENCE_BUFFER_BYTES	GAME_SEQUENCE_BUFFER_BYTES=12288;GAME_SEQUENCE_VOLUME=75;GAME_REVERB_DEPTH=16;GAME_SOUND_ATTENUATION_BOOST=36;GAME_SOUND_PAN_NARROW_THRESHOLD=64;GAME_SOUND_PAN_DIVISOR=3000	retain	src/game/audio.c:GAME_SEQUENCE_BUFFER_BYTES		GAME sequence buffer/volume/reverb and spatial pan formulas differ from OPEN's settings; retain the actual per-program values.
src/game/cd_file.c:CD_PATH_READ_ATTEMPTS	CD_PATH_READ_ATTEMPTS=3;CD_TABLE_READ_ATTEMPTS=5	retain	src/game/cd_file.c:CD_PATH_READ_ATTEMPTS		Path and table reads use different retry budgets and loops; their attempt counts are not resource IDs or image capacities.
src/game/effect_dispatch.c:EFFECT_ORBIT_RADIUS	EFFECT_ORBIT_RADIUS=6500	retain	src/game/effect_dispatch.c:EFFECT_ORBIT_RADIUS		Orbit radius is a world-space ring radius, distinct from its collision radius, sound radius and scale.
src/game/effect_dispatch.c:PROJECTILE_COLLISION_RADIUS	PROJECTILE_COLLISION_RADIUS=100;EMERGING_COLLISION_RADIUS=150;FIRE_DARKNESS_ROLL_STEP=200;LIGHTNING_ROLL_STEP=200;EMERGING_ROLL_STEP=100;PROJECTILE_DEFAULT_ROLL_STEP=600;PROJECTILE_DISSIPATE_SCALE_STEP=400;EMERGING_FALL_ACCELERATION=20;EMERGING_RETIRE_DEPTH=3000;STATUS_PROJECTILE_SHRINK_STEP=384;SCATTER_FINAL_COUNTDOWN=15;SCATTER_BRANCH_COUNTDOWN=5;SCATTER_PULSE_ANGLE_SHIFT=9;MAP_EMITTER_SOUND_RANDOM_CUTOFF=8192;MAP_EMITTER_SOUND_MAX_DISTANCE=4000;MAP_EMITTER_SOUND_ATTENUATION_DISTANCE=12000	reuse	src/game/effect_dispatch.c:PROJECTILE_COLLISION_RADIUS	FIRE_DARKNESS_ROLL_STEP=src/game/effect_dispatch.c:PROJECTILE_ROLL_STEP;LIGHTNING_ROLL_STEP=src/game/effect_dispatch.c:PROJECTILE_ROLL_STEP;PROJECTILE_DISSIPATE_SCALE_STEP=src/game/effect_dispatch.c:EFFECT_DISSIPATE_SCALE_STEP	Reuse the common projectile roll rate and dissipation scale step in the same effect dispatcher. Collision sizes, emitter sound range, status shrink and emergence timing remain distinct.
src/game/effect_dispatch.c:MOONLIGHT_LENGTH_STEP	MOONLIGHT_LENGTH_STEP=1024;MOONLIGHT_LENGTH_MAX=32767;MOONLIGHT_NEAR_TRAIL_ANGLE=1774;MOONLIGHT_FAR_TRAIL_ANGLE=1824;MOONLIGHT_NEAR_TRAIL_DISTANCE=4000;MOONLIGHT_FAR_TRAIL_DISTANCE=8000;GROUND_TRAIL_SHRINK_STEP=400;GROUND_TRAIL_RENDER_FRAME_COUNT=3	reuse	src/game/effect_dispatch.c:MOONLIGHT_LENGTH_STEP;src/game/effect_dispatch.c:PROJECTILE_COLLISION_RADIUS	GROUND_TRAIL_SHRINK_STEP=src/game/effect_dispatch.c:EFFECT_DISSIPATE_SCALE_STEP	Reuse the common dissipation step for ground trails; keep moonlight trail offsets/distances, length growth and the trail's frame count.
src/game/effect_dispatch.c:RADIAL_BLAST_SCALE_STEP	RADIAL_BLAST_SCALE_STEP=1024;RADIAL_BLAST_RADIUS_STEP=333;EFFECT_PLAYER_RADIAL_SCALE_Q12=5000	retain	src/game/effect_dispatch.c:RADIAL_BLAST_SCALE_STEP		Radial blast scale/radius growth and player power scale have different units; lightning blast has a different scale increment.
src/game/effect_dispatch.c:HOMING_PITCH_RANDOM_SHIFT	HOMING_PITCH_RANDOM_SHIFT=6;HOMING_PITCH_RANDOM_BIAS=128;HOMING_YAW_RANDOM_SHIFT=3;HOMING_YAW_RANDOM_BIAS=512;HOMING_WANDER_RANDOM_CUTOFF=3276;HOMING_PLAYER_AIM_Y_OFFSET=800;HOMING_TURN_STEP=64;HOMING_FORWARD_STEP=650;HOMING_ROLL_STEP=256	retain	src/game/effect_dispatch.c:HOMING_PITCH_RANDOM_SHIFT		Homing pitch/yaw randomness, turn/forward/roll rates and player aim offset describe different steering quantities, not generic angle generation.
src/game/effect_dispatch.c:LIGHTNING_IMPACT_RENDER_FRAME_COUNT	LIGHTNING_IMPACT_RENDER_FRAME_COUNT=3;LIGHTNING_BLAST_SCALE_STEP=3583;LIGHTNING_BLAST_YAW_STEP=1300;LIGHTNING_BLAST_RADIUS_STEP=1000	retain	src/game/effect_dispatch.c:LIGHTNING_IMPACT_RENDER_FRAME_COUNT		Lightning impact frame count and blast scale/yaw/radius increments are distinct; their scale step differs from ordinary radial blast.
src/game/effect_dispatch.c:GROUND_BRANCH_SCALE_STEP	GROUND_BRANCH_SCALE_STEP=256;GROUND_BRANCH_DAMAGE_PERIOD=4;GROUND_BRANCH_DAMAGE_RADIUS=1500;GROUND_BRANCH_YAW_STEP=500;GROUND_VISUAL_RADIUS_RANDOM_SCALE=325;GROUND_VISUAL_RADIUS_RANDOM_SHIFT=13	reuse	src/game/effect_dispatch.c:GROUND_BRANCH_SCALE_STEP	GROUND_BRANCH_YAW_STEP=src/game/effect_dispatch.c:GROUND_EFFECT_YAW_STEP	Use the common ground-effect yaw step for the branch and its visual child; retain branch growth/damage cadence and visual spawn randomness.
src/game/effect_dispatch.c:GROUND_VISUAL_SCALE_STEP	GROUND_VISUAL_SCALE_STEP=4000;GROUND_VISUAL_RISE_STEP=1800;GROUND_VISUAL_YAW_STEP=500	reuse	src/game/effect_dispatch.c:GROUND_BRANCH_SCALE_STEP;src/game/effect_dispatch.c:GROUND_VISUAL_SCALE_STEP	GROUND_VISUAL_YAW_STEP=src/game/effect_dispatch.c:GROUND_EFFECT_YAW_STEP	Reuse ground-effect yaw speed; the visual child's scale and vertical rise rates differ from its parent branch.
src/game/effect_dispatch.c:ACTOR_SPAWNER_SCALE_STEP	ACTOR_SPAWNER_SCALE_STEP=220;ACTOR_SPAWNER_COLLISION_RADIUS=1000;ACTOR_SPAWNER_CREATE_Y_OFFSET=800;ACTOR_SPAWNER_SELECTION_RANDOM_CUTOFF=3000;ACTOR_SPAWNER_YAW_STEP=1700;ACTOR_SPAWNER_PITCH_STEP=1400;ACTOR_SPAWNER_ROLL_STEP=1900	retain	src/game/effect_dispatch.c:ACTOR_SPAWNER_SCALE_STEP		Actor-spawner collision/create/selection and three rotation rates describe separate arguments and motion axes; equal capacities elsewhere are unrelated.
src/game/effect_dispatch.c:SHORT_SWING_PROBE_LENGTH	SHORT_SWING_PROBE_LENGTH=2500;LONG_SWING_PROBE_LENGTH=4900	retain	src/game/effect_dispatch.c:SHORT_SWING_PROBE_LENGTH		Short/long swing probe lengths are distinct table values indexed by the shared swing-probe row constants.
src/game/effect_pool.c:EFFECT_WIND_CUTTER_PITCH	EFFECT_WIND_CUTTER_PITCH=850;EFFECT_GROUND_BRANCH_DELAY=6;EFFECT_GROUND_BRANCH_SOUND_VOLUME=120;EFFECT_EMERGING_INITIAL_SCALE=1500;EFFECT_SHORT_SWING_SCALE=2600;EFFECT_ORBIT_SCALE=2800;EFFECT_WARP_HORIZONTAL_SCALE=6144;EFFECT_EXTENDED_SOUND_MAX_DISTANCE=20000;EFFECT_EXTENDED_SOUND_ATTENUATION_DISTANCE=60000	reuse	include/kf/audio.h:KF_AUDIO_VOICE_SLOTS;src/game/effect_pool.c:EFFECT_WIND_CUTTER_PITCH	EFFECT_EXTENDED_SOUND_MAX_DISTANCE=include/kf/audio.h:KF_AUDIO_EXTENDED_MAX_DISTANCE;EFFECT_EXTENDED_SOUND_ATTENUATION_DISTANCE=include/kf/audio.h:KF_AUDIO_EXTENDED_ATTENUATION_DISTANCE	Use the shared extended audio attenuation pair; retain effect-specific initial scales, pitch, branch delay/volume and GAME horizontal shimmer scale.
src/game/effect_update.c:EFFECT_FIXED_MAGIC_POWER	EFFECT_FIXED_MAGIC_POWER=5;EFFECT_SWING_COLLISION_RADIUS=120;EFFECT_ORBIT_COLLISION_RADIUS=150;EFFECT_SWING_ANGULAR_ACCEL=10;EFFECT_HAZARD_RISE_STEP=60;EFFECT_HAZARD_SOUND_RANDOM_CUTOFF=8192;EFFECT_SWING_SOUND_MAX_DISTANCE=3000;EFFECT_ORBIT_SOUND_MAX_DISTANCE=5000;EFFECT_ORBIT_SOUND_RESET_DISTANCE=5000;EFFECT_HAZARD_SOUND_ATTENUATION_DISTANCE=14000;EFFECT_ORBIT_UPDATES_PER_TURN=64;FLOOR_DEFORM_SOUND_PROGRESS=3900;FLOOR_DEFORM_SEGMENT_COUNT=5;TRAIL_UNIT_SCALE_DISTANCE=800;GROUND_BRANCH_CHILD_SPACING=1500	reuse	src/game/effect_update.c:EFFECT_FIXED_MAGIC_POWER	EFFECT_ORBIT_SOUND_RESET_DISTANCE=src/game/effect_update.c:EFFECT_ORBIT_SOUND_MAX_DISTANCE	Use one orbit audible/reset radius. Hazard sound, swing/orbit geometry, deformation segments and branch spacing retain their respective physical/countdown roles.
src/game/effect_update.c:SCATTER_RANDOM_SHIFT	SCATTER_RANDOM_SHIFT=8;SCATTER_VELOCITY_BIAS=64	retain	src/game/effect_update.c:SCATTER_RANDOM_SHIFT		Scatter random shift and bias jointly center velocity noise; the same integers in other RNG transforms do not imply the same distribution.
src/game/entity_model_render.c:ACTOR_MODEL_ASSET_MASK	ACTOR_MODEL_ASSET_MASK=15;ACTOR_MODEL_TEXTURE_SHIFT=4;MAP_LIFT_DOOR_DEPTH_BIAS=180;MAP_HINGED_DOOR_DEPTH_BIAS=15;MENU_ITEM_DEPTH_BIAS=1000	retain	src/game/entity_model_render.c:ACTOR_MODEL_ASSET_MASK		Actor asset-mask/texture shift and map-door/menu model depth biases are different representation/render quantities, not menu OT layer indices.
src/game/entity_render.c:EFFECT_MODEL_DEPTH_BIAS	EFFECT_MODEL_DEPTH_BIAS=100	retain	src/game/entity_render.c:EFFECT_MODEL_DEPTH_BIAS		Effect model depth bias adjusts projected model depth; it is not a two-dimensional menu content layer.
src/game/game.c:INITIAL_ACTOR_CLEAR_BYTES	INITIAL_ACTOR_CLEAR_BYTES=11080;INITIAL_MAP_OBJECT_CLEAR_BYTES=9656;INITIAL_MAP_EVENT_CLEAR_BYTES=9056;FRAME_PACER_INTERVAL_TICKS=3;ENDING_MASTER_FADE_STEP_Q8=128	retain	src/game/game.c:INITIAL_ACTOR_CLEAR_BYTES		Startup clear byte spans cover different runtime regions; frame-pacer interval and ending audio fade step have separate units.
src/game/geometry_render.c:WEAPON_PROJECTED_DEPTH_SHIFT	WEAPON_PROJECTED_DEPTH_SHIFT=3;WEAPON_DEPTH_BIAS_SHIFT=5;WEAPON_BASE_DEPTH_BIAS=50	retain	src/game/geometry_render.c:WEAPON_PROJECTED_DEPTH_SHIFT		Weapon projection shift, depth-bias shift and base depth adjust the weapon model, distinct from menu or screen-sprite OT layers.
src/game/geometry_render.c:NOTIFICATION_HOLD_FRAMES	NOTIFICATION_HOLD_FRAMES=15;NOTIFICATION_EXIT_ANGLE_STEP=128;NOTIFICATION_GOLD_DIGITS=4;NOTIFICATION_DIGIT_ROW_HEIGHT=11;NOTIFICATION_ATLAS_COLUMN_MASK=240;NOTIFICATION_ATLAS_COLUMN_SHIFT=3;NOTIFICATION_ATLAS_ROW_MASK=15;NOTIFICATION_ATLAS_ROW_SHIFT=4	retain	src/game/geometry_render.c:NOTIFICATION_HOLD_FRAMES		Notification hold/rotation timing and atlas/digit packing describe its separate animation and digit resource; menu font columns are another atlas.
src/game/item.c:MENU_SHOP_VISIBLE_ROWS	MENU_SHOP_VISIBLE_ROWS=9;MENU_PICKUP_CONFIRM_TEXT_X=60;MENU_PICKUP_CONFIRM_ACCEPT_Y=26;MENU_PICKUP_CONFIRM_DECLINE_Y=46	retain	src/game/item.c:MENU_SHOP_VISIBLE_ROWS		Shop visible rows and pickup confirmation coordinates define the pickup/shop layouts; glyph row capacity and prompt offsets are different dimensions.
src/game/lighting.c:LIGHTING_COLOR_BLEND_STEP	LIGHTING_COLOR_BLEND_STEP=1024;VITAL_RESTORE_COLOR_LEVEL=4095	retain	src/game/lighting.c:LIGHTING_COLOR_BLEND_STEP		Light interpolation step and restore color target use different scales/roles; equality with angles or texture masks is incidental.
src/game/lighting_presets.c:SHADOW_BLADE_COLOR_BLEND	SHADOW_BLADE_COLOR_BLEND=2500;LIGHTING_EFFECT_BLEND=3072	retain	src/game/lighting_presets.c:SHADOW_BLADE_COLOR_BLEND		Shadow-blade and general lighting-effect blend amounts intentionally differ; they are Q12 interpolation weights rather than angles.
src/game/magic.c:MAGIC_LAUNCH_OFFSET_X	MAGIC_LAUNCH_OFFSET_X=-200;MAGIC_LAUNCH_OFFSET_Y=200;MAGIC_LAUNCH_OFFSET_Z=400;LIGHTNING_UNTARGETED_PITCH=-128;LIGHTNING_UNTARGETED_UPDATES=20;LIGHTNING_HEIGHT_CLASS_THRESHOLD=-4999;LIGHTNING_DEFAULT_TARGET_Y_OFFSET=3000;LIGHTNING_LOWER_HEIGHT_Y_OFFSET=5000;FIRE_WALL_UNTARGETED_DISTANCE=6000	retain	src/game/magic.c:MAGIC_LAUNCH_OFFSET_X		Spell launch coordinates and lightning fallback/height rules remain specific launch parameters; player weapon spawning has different axes and timing.
src/game/map_events.c:MAP_AMBIENT_COUNTDOWN_RELOAD	MAP_AMBIENT_COUNTDOWN_RELOAD=10;MAP_EVENT_WANDER_TURN_STEP=70;MAP_EVENT_WANDER_VECTOR_SCALE=20;MAP_EVENT_WANDER_TURN_RANDOM_LIMIT=1584;MAP_EVENT_LOOP_SOUND_MAX_DISTANCE=18000;MAP_EVENT_LOOP_SOUND_ATTENUATION_DISTANCE=50000	retain	src/game/map_events.c:MAP_AMBIENT_COUNTDOWN_RELOAD		Map ambient cadence, wander motion/odds and loop-sound attenuation differ from actor/effect sound policies and update states.
src/game/map_load.c:MAP_RESTORE_POSITION_RANDOM_BITS	MAP_RESTORE_POSITION_RANDOM_BITS=15	retain	src/game/map_load.c:MAP_RESTORE_POSITION_RANDOM_BITS		Restore-position random bits select a coordinate perturbation, not the full random-to-angle conversion.
src/game/map_object.c:MAP_DOOR_INTERACTION_LOCAL_Z	MAP_DOOR_INTERACTION_LOCAL_Z=550;MAP_GOLD_DROP_SCATTER_RADIUS=600;MAP_GOLD_DROP_INITIAL_VELOCITY_Y=-120;MAP_EFFECT_SPAWN_SEQUENCE_MODULUS=65536;MAP_SWING_DOOR_YAW_STEP=32;MAP_LIFT_DOOR_Y_STEP=60;MAP_DROP_TIP_GRAVITY=20;MAP_DROP_TIP_INITIAL_ANGULAR_VELOCITY=16;MAP_DROP_TIP_ANGULAR_ACCELERATION=16;MAP_DROP_SPIN_Y_STEP=20;MAP_DROP_SPIN_YAW_STEP=256;MAP_DROP_BOUNCE_PITCH_STEP=160;MAP_DROP_BOUNCE_GRAVITY=30;MAP_DROP_BOUNCE_STOP_VELOCITY=120;MAP_EMITTER_PLAYER_RANGE=30000;MAP_EMITTER_COUNTDOWN_RANDOM_SHIFT=12;MAP_EMITTER_COUNTDOWN_BASE=10;MAP_BOSS_EMITTER_COUNTDOWN_BASE=20;MAP_EMITTER_VELOCITY_SHIFT=10;MAP_FIRE_BALL_EMITTER_VELOCITY_SHIFT=7;MAP_FIRE_BALL_EMITTER_Y_OFFSET=-1400;MAP_WIND_CUTTER_EMITTER_Y_OFFSET=600;MAP_BOSS_EMITTER_X_OFFSET=1100;MAP_BOSS_EMITTER_Z_OFFSET=1000;MAP_BOSS_EMITTER_Y_OFFSET=-1000;MAP_BOSS_EMITTER_SOUND_RANDOM_LIMIT=4096;MAP_EFFECT_SWITCH_PHASE_STEP=128;MAP_REVEAL_LIFT=10200;MAP_RESTORE_POINT_YAW_STEP=8	retain	src/game/map_object.c:MAP_DOOR_INTERACTION_LOCAL_Z		Door/drop/emitter/restore motion settings retain their actual units. Reveal lift is derived from depth plus settling overshoot, not an equal alias.
src/game/map_object_pool.c:MAP_DOOR_CLOSING_PROBE_RADIUS	MAP_DOOR_CLOSING_PROBE_RADIUS=3000	retain	src/game/map_object_pool.c:MAP_DOOR_CLOSING_PROBE_RADIUS		The door closing probe radius is the specific obstruction query size; projectile and actor collision radii remain independent.
src/game/map_scripts.c:KfMapWeaponTransformPhase	MAP_WEAPON_TRANSFORM_SPIN_UP=0;MAP_WEAPON_TRANSFORM_SPIN_DOWN=1	retain	src/game/map_scripts.c:KfMapWeaponTransformPhase		Weapon transform spin-up/spin-down tracks one cutscene's phase, separate from blend direction and object operation codes.
src/game/map_scripts.c:KfMapImageGroup	MAP_IMAGE_GROUP_SIGNBOARD=0;MAP_IMAGE_GROUP_INSCRIPTION=1	retain	src/game/map_scripts.c:KfMapImageGroup		Signboard/inscription selects map-image resource groups, distinct from item/spell IDs and direct menu texture numbers.
src/game/map_scripts.c:MAP_WEAPON_TRANSFORM_HOLD_UPDATES	MAP_WEAPON_TRANSFORM_HOLD_UPDATES=40;MAP_WEAPON_TRANSFORM_SWAP_COUNTDOWN=20;MAP_SHOP_SEQUENCE_INDEX=2;MAP_FLOOR3_DIALOGUE_DOOR_LINK=55	retain	src/game/map_scripts.c:MAP_WEAPON_TRANSFORM_HOLD_UPDATES		Weapon transform hold/swap countdown, shop music index and authored door link are separate script quantities and namespaces.
src/game/map_scripts.c:MAP_FLOOR1_AMBIENT_VOLUME	MAP_FLOOR1_AMBIENT_VOLUME=115;MAP_SCRIPT_OBJECT_SEARCH_PADDING=3000;MAP_FLOOR2_AMBIENT_RANDOM_LIMIT=4000;MAP_BOSS_REVEAL_YAW_MIN=1808;MAP_BOSS_REVEAL_YAW_END=2289;MAP_PASSAGE_OPEN_SOUND_VOLUME=100;MAP_REVEAL_FADE_IN_STEP=128;MAP_REVEAL_LIGHT_BLEND_SHIFT=2;MAP_REVEAL_RISE_STEP=130;MAP_REVEAL_YAW_STEP=128;MAP_REVEAL_FADE_OUT_STEP=256;MAP_WEAPON_TRANSFORM_HEIGHT=1300;MAP_WEAPON_TRANSFORM_BLAST_HEIGHT=600;MAP_WEAPON_TRANSFORM_MAX_YAW_STEP=240;MAP_WEAPON_TRANSFORM_YAW_ACCELERATION=1;MAP_ATTRIBUTE_PROBE_DISTANCE=1500;MAP_CONTAINER_CAMERA_PITCH_MIN=191;MAP_CONTAINER_CAMERA_PITCH_SPAN=1858;MAP_CONTAINER_CAMERA_PITCH_STEP=16;MAP_CONTAINER_OPEN_PITCH_STEP=32;MAP_DOOR_PARTNER_SEARCH_PADDING=6000	reuse	include/kf/game_player.h:KF_PLAYER_CAMERA_PITCH_LIMIT;src/game/map_scripts.c:MAP_FLOOR1_AMBIENT_VOLUME	MAP_CONTAINER_CAMERA_PITCH_MIN=include/kf/game_player.h:KF_PLAYER_CAMERA_PITCH_LIMIT	Use the shared camera pitch limit directly. Reveal/cutscene effects, search padding, camera approach span/rate and door/container rotations retain their own quantities.
src/game/memory.c:MEMORY_INITIAL_ARENA_BYTES	MEMORY_INITIAL_ARENA_BYTES=1048576;MEMORY_MAIN_RAM_BYTES=2097152;MEMORY_ALLOCATION_ALIGNMENT=4	reuse	include/kf/memory_layout.h:KF_MAIN_RAM_BYTES;src/game/memory.c:MEMORY_INITIAL_ARENA_BYTES	MEMORY_MAIN_RAM_BYTES=include/kf/memory_layout.h:KF_MAIN_RAM_BYTES	Use the canonical hardware RAM capacity directly; initial arena size and allocator alignment retain their memory-policy/representation roles.
src/game/menu.c:MEDICINAL_HERB_HP_RECOVERY	MEDICINAL_HERB_HP_RECOVERY=25;ANTIDOTE_HERB_HP_RECOVERY=10;RECOVERY_MEDICINE_HP_RECOVERY=80;DRAGON_KING_GRASS_LEAF_HP_RECOVERY=150;DRAGON_KING_GRASS_FRUIT_HP_RECOVERY=300	retain	src/game/menu.c:MEDICINAL_HERB_HP_RECOVERY		Each healing item's recovery amount is an item-specific effect, not combat HP subunits or a single shared healing strength.
src/game/menu_map_viewer.c:MENU_MAP_MARKER_OT_DEPTH	MENU_MAP_MARKER_OT_DEPTH=500;MENU_MAP_IMAGE_OT_DEPTH=1000;MENU_MAP_PIXELS_PER_CELL=2;MENU_MAP_MARKER_SPAN=4;MENU_MAP_WATCHMAN_SET=1;MENU_MAP_DEFAULT_SET=2;MENU_MAP_BRIGHTNESS=64;MENU_MAP_IMAGE_CLUT=32064;MENU_MAP_IMAGE_TPAGE=31;MENU_MAP_MARKER_CLUT=31808;MENU_MAP_MARKER_TPAGE=27;MENU_MAP_IMAGE_SPAN=219;MENU_MAP_IMAGE_LEFT_X=50;MENU_MAP_IMAGE_TOP_Y=10;MENU_MAP_MARKER_ORIGIN_X=58;MENU_MAP_MARKER_ORIGIN_Y=216	reuse	include/kf/game_menu.h:MENU_MARKER_OT_DEPTH;src/game/menu_map_viewer.c:MENU_MAP_PIXELS_PER_CELL	MENU_MAP_MARKER_OT_DEPTH=include/kf/game_menu.h:MENU_MARKER_OT_DEPTH;MENU_MAP_IMAGE_OT_DEPTH=include/kf/game_menu.h:MENU_CONTENT_OT_DEPTH	Use shared menu marker/content OT layers; retain map-specific pixel scale, geometry, texture pages, CLUTs and map-resource set IDs.
src/game/menu_panels.c:BLESS_HP_RECOVERY_MAGIC_MULTIPLIER	BLESS_HP_RECOVERY_MAGIC_MULTIPLIER=3	retain	src/game/menu_panels.c:BLESS_HP_RECOVERY_MAGIC_MULTIPLIER		Bless's HP multiplier is a spell-specific calculation, not a generic combat or lighting multiplier.
src/game/menu_runtime.c:MENU_STATUS_BACKDROP_LEFT_X	MENU_STATUS_BACKDROP_LEFT_X=6;MENU_STATUS_BACKDROP_RIGHT_X=77	retain	src/game/menu_runtime.c:MENU_STATUS_BACKDROP_LEFT_X		Status backdrop left/right positions derive from tile placement and remain specific to that layout.
src/game/menu_runtime.c:CONFIG_OPTION_ON_X	CONFIG_OPTION_ON_X=180;CONFIG_OPTION_OFF_X=240;CONFIG_OPTION_FIRST_Y=41;CONFIG_OPTION_ROW_STEP=22	retain	src/game/menu_runtime.c:CONFIG_OPTION_ON_X		Config on/off columns and first-row/pitch positions lay out persisted options; they are not sprite visibility codes or font-cell dimensions.
src/game/menu_runtime.c:STATS_HEADER_ROW_STEP	STATS_HEADER_ROW_STEP=23	retain	src/game/menu_runtime.c:STATS_HEADER_ROW_STEP		Stats header row pitch differs from the component/summary/preview row pitches and atlas cell height.
src/game/menu_runtime.c:STATUS_SUMMARY_ROW_STEP	STATUS_SUMMARY_ROW_STEP=16;STATUS_COMPONENT_ROW_STEP=14	retain	src/game/menu_runtime.c:STATUS_SUMMARY_ROW_STEP		Status summary and component row pitches differ and format separate display sections.
src/game/menu_runtime.c:STATUS_PHYSICAL_ATTACK_MULTIPLIER	STATUS_PHYSICAL_ATTACK_MULTIPLIER=3;STATUS_PHYSICAL_ATTACK_DOWNSHIFT=1;STATUS_ELEMENTAL_ATTACK_MULTIPLIER=2;STATUS_ATTACK_SCALE_NUMERATOR=10;STATUS_ATTACK_SCALE_DENOMINATOR=8;STATUS_POISON_RESISTANCE_DIVISOR=5;STATUS_DEFENSE_SCALE_NUMERATOR=10;STATUS_DEFENSE_SCALE_DENOMINATOR=7	retain	src/game/menu_runtime.c:STATUS_PHYSICAL_ATTACK_MULTIPLIER		Displayed attack/defense scaling and poison resistance formulas use different inputs/units; equal ratios do not collapse the calculations.
src/game/menu_runtime.c:EQUIPMENT_NAME_X	EQUIPMENT_NAME_X=174;EQUIPMENT_NAME_FIRST_Y=40;EQUIPMENT_NAME_ROW_STEP=20	reuse	include/kf/game_menu.h:MENU_ITEM_NAME_X;src/game/menu_runtime.c:EQUIPMENT_NAME_FIRST_Y	EQUIPMENT_NAME_X=include/kf/game_menu.h:MENU_ITEM_NAME_X	Use the common item-name X column; retain equipment list Y origin and row pitch.
src/game/menu_runtime.c:MENU_INVENTORY_QUANTITY_LABEL_X	MENU_INVENTORY_QUANTITY_LABEL_X=230;MENU_INVENTORY_QUANTITY_VALUE_X=279	retain	src/game/menu_runtime.c:MENU_INVENTORY_QUANTITY_LABEL_X		Inventory quantity label and value columns are distinct screen positions, not save-summary label/value ownership.
src/game/menu_runtime.c:MENU_ITEM_DETAIL_PRICE_X	MENU_ITEM_DETAIL_PRICE_X=200;MENU_ITEM_DETAIL_LABEL_X=242;MENU_ITEM_DETAIL_QUANTITY_X=284;MENU_ITEM_DETAIL_GOLD_X_OFFSET=28;MENU_ITEM_DETAIL_PRICE_DIGITS=6;MENU_ITEM_DETAIL_GOLD_DIGITS=6;MENU_MARKER_OT_DEPTH=500;MENU_DIALOG_OT_DEPTH=1000;MENU_SAVE_SLOT0_QUAD=2;MENU_SAVE_SLOT1_QUAD=3;MENU_SAVE_SLOT2_QUAD=4;MENU_SAVE_SUMMARY_ROW_HEIGHT=65;MENU_SAVE_SUMMARY_LINE_HEIGHT=14;MENU_SAVE_SUMMARY_LABEL_X=181;MENU_SAVE_SUMMARY_VALUE_X=230;MENU_SAVE_STATUS_DIGITS=4	reuse	include/kf/game_menu.h:MENU_MARKER_OT_DEPTH;src/game/menu_runtime.c:MENU_ITEM_DETAIL_PRICE_X	MENU_MARKER_OT_DEPTH=include/kf/game_menu.h:MENU_MARKER_OT_DEPTH;MENU_DIALOG_OT_DEPTH=include/kf/game_menu.h:MENU_CONTENT_OT_DEPTH	Use shared menu marker/content OT layers; retain item price/quantity/digit layout and save-summary primitive rows/geometry.
src/game/menu_runtime.c:MENU_LIST_CONFIRM_ACCEPT_Y	MENU_LIST_CONFIRM_ACCEPT_Y=185;MENU_LIST_CONFIRM_DECLINE_Y=205	retain	src/game/menu_runtime.c:MENU_LIST_CONFIRM_ACCEPT_Y		List confirmation absolute Y positions differ from pickup confirmation coordinates and prompt-relative offsets.
src/game/menu_runtime.c:MENU_PROMPT_ACCEPT_Y_OFFSET	MENU_PROMPT_ACCEPT_Y_OFFSET=44;MENU_PROMPT_DECLINE_Y_OFFSET=64	retain	src/game/menu_runtime.c:MENU_PROMPT_ACCEPT_Y_OFFSET		Prompt accept/decline offsets are relative to the selected window origin, unlike list/pickup absolute coordinates.
src/game/menu_runtime.c:MENU_LIST_TEXT_INSET	MENU_LIST_TEXT_INSET=3;MENU_LIST_ROW_HEIGHT=12;MENU_LIST_QUANTITY_X_OFFSET=110;MENU_LIST_QUANTITY_Y_OFFSET=1	retain	src/game/menu_runtime.c:MENU_LIST_TEXT_INSET		List text inset, row pitch and quantity offsets describe different geometric dimensions; they are not font atlas cell sizes.
src/game/menu_runtime.c:MENU_TRANSLUCENT_SPRITE_X_OFFSET	MENU_TRANSLUCENT_SPRITE_X_OFFSET=4;MENU_TRANSLUCENT_SPRITE_Y_OFFSET=3;MENU_OPAQUE_SPRITE_X_OFFSET=18;MENU_OPAQUE_SPRITE_Y_OFFSET=2;MENU_PRIMITIVE_BRIGHTNESS=96;MENU_LIST_DEFAULT_VISIBLE_ROWS=11;MENU_LIST_DEFAULT_GLYPHS_PER_ENTRY=8;MENU_BACKDROP_LEFT_X=166;MENU_BACKDROP_RIGHT_X=237;MENU_PICKUP_BACKDROP_LEFT_X=118;MENU_PICKUP_BACKDROP_RIGHT_X=189	retain	src/game/menu_runtime.c:MENU_TRANSLUCENT_SPRITE_X_OFFSET		Sprite offsets, menu brightness and backdrop geometry retain their respective primitive/layout roles; capacities are distinct row/glyph axes.
src/game/menu_runtime.c:MENU_FONT_COLUMNS	MENU_FONT_COLUMNS=16;MENU_FONT_CELL_WIDTH=14;MENU_FONT_CELL_HEIGHT=12;MENU_NUMBER_CELL_HEIGHT=11;MENU_DAKUTEN_U=196;MENU_HANDAKUTEN_U=210;MENU_KANA_MARK_V=24;MENU_TEXT_OT_DEPTH=1000	reuse	include/kf/game_menu.h:MENU_MARKER_OT_DEPTH;src/game/menu_runtime.c:MENU_FONT_COLUMNS	MENU_TEXT_OT_DEPTH=include/kf/game_menu.h:MENU_CONTENT_OT_DEPTH	Use the shared menu content layer for text. Keep font atlas grid/cell dimensions and kana mark coordinates tied to that atlas.
src/game/player_core.c:PLAYER_FATAL_DROP_DISTANCE	PLAYER_FATAL_DROP_DISTANCE=3000;PLAYER_FALL_ACCELERATION=40;PLAYER_FALL_LANDING_OVERSHOOT=100;PLAYER_STEP_UP_ACCELERATION=5;PLAYER_FAST_STEP_MIN_SPEED=181;PLAYER_FAST_STEP_UP_VELOCITY=-300;PLAYER_SLOW_STEP_UP_VELOCITY=-100;PLAYER_BOB_PHASE_PER_SPEED=2;PLAYER_BOB_SINE_DOWNSHIFT=6	retain	src/game/player_core.c:PLAYER_FATAL_DROP_DISTANCE		Player fall/step/bob mechanics use different rates and triggers from actor and object motion; equal initial velocities alone do not define one integrator.
src/game/player_core.c:PLAYER_WEAPON_CHARGE_DELAY_UPDATES	PLAYER_WEAPON_CHARGE_DELAY_UPDATES=10;PLAYER_COLICHEMARDE_HIT_PHASE=1000;PLAYER_WEAPON_HIT_PHASE=3072;PLAYER_WEAPON_HIT_WINDOW=300;PLAYER_WEAPON_HIT_Y_OFFSET=1000;PLAYER_WEAPON_HIT_RADIUS=800;PLAYER_WEAPON_HIT_HEIGHT=1000;PLAYER_COLLISION_SLIDE_CLEARANCE=100;PLAYER_COLLISION_DEFLECTION_ANGLE=64;PLAYER_MAX_STEP_RISE=699;PLAYER_DIAGONAL_COMPONENT_Q12=2896	retain	src/game/player_core.c:PLAYER_WEAPON_CHARGE_DELAY_UPDATES		Weapon charge/hit timing, contact geometry and player collision limits retain their separate calculations and event boundaries.
src/game/player_death.c:CURSE_PHYSICAL_POWER_PENALTY	CURSE_PHYSICAL_POWER_PENALTY=20;FIRE_DEFENSE_STATUS_BONUS=10;DISPOISON_REQUIRED_BASE_MAGIC=37;FIRE_WALL_REQUIRED_BASE_MAGIC=70;LIGHTNING_BOLT_REQUIRED_BASE_MAGIC=75;PLAYER_POISON_ROLL_BUCKETS=100;PLAYER_POISON_ROLL_SHIFT=15	retain	src/game/player_death.c:CURSE_PHYSICAL_POWER_PENALTY		Status penalties/bonuses, spell-learning power thresholds and poison-roll distribution are distinct rules, despite some equal numerical values.
src/game/player_death.c:PLAYER_STARTING_GOLD	PLAYER_STARTING_GOLD=150;PLAYER_STARTING_DEFENSE=5;LIGHT_RING_HOLY_ATTACK_BONUS=5;MOON_AMULET_MAGIC_DEFENSE_BONUS=7;WIND_BLADE_BRACELET_FIRE_DEFENSE_BONUS=7;TWO_HEADED_DRAGON_RING_MAGIC_BONUS=8;VERDITE_EQUIPPED_MAGIC_BONUS=1;GOLD_CROSS_HOLY_ATTACK_BONUS=3;BLACK_MASK_PHYSICAL_POWER_PENALTY=8;PLAYER_DAMAGE_POWER_DIVISOR=5;PLAYER_DAMAGE_THRESHOLD_MULTIPLIER=2	retain	src/game/player_death.c:PLAYER_STARTING_GOLD		Starting state, accessory bonuses and damage threshold arithmetic are independent player/stat quantities; shared combat indices already replace aliases.
src/game/player_death_fade.c:PLAYER_DEATH_BOB_THRESHOLD	PLAYER_DEATH_BOB_THRESHOLD=1000;PLAYER_DEATH_BOB_REST=1060;PLAYER_DEATH_INITIAL_PITCH_STEP=10;PLAYER_DEATH_REST_PITCH_ACCELERATION=10;PLAYER_DEATH_FALL_ACCELERATION=15;PLAYER_DEATH_PITCH_MIN=-800;PLAYER_DEATH_FADE_STEP=100	retain	src/game/player_death_fade.c:PLAYER_DEATH_BOB_THRESHOLD		Death bob, camera pitch, falling and fade settings form a separate camera/death sequence from ordinary player motion.
src/game/player_update.c:POISON_DAMAGE_INTERVAL_UPDATES	POISON_DAMAGE_INTERVAL_UPDATES=20;POISON_FLASH_UPDATES=2	retain	src/game/player_update.c:POISON_DAMAGE_INTERVAL_UPDATES		Poison damage cadence and visual flash length are distinct durations in the same periodic status effect.
src/game/player_update.c:PLAYER_WEAPON_MAGIC_PHASE_FIRST	PLAYER_WEAPON_MAGIC_PHASE_FIRST=2400;PLAYER_WEAPON_MAGIC_PHASE_LAST=3900;PLAYER_COLICHEMARDE_MAGIC_PHASE_FIRST=900;PLAYER_COLICHEMARDE_MAGIC_PHASE_LAST=2400	retain	src/game/player_update.c:PLAYER_WEAPON_MAGIC_PHASE_FIRST		Weapon and Colichemarde magic windows have distinct inclusive phase bounds; a coincident endpoint is not one shared interval.
src/game/player_update.c:DARKNESS_FADE_BITS	DARKNESS_FADE_BITS=5;DARKNESS_FADE_STEPS=32;PLAYER_NORMAL_MOVEMENT_LIMIT=180;PLAYER_SLOWED_MOVEMENT_LIMIT=36;PLAYER_NORMAL_TURN_LIMIT=28;PLAYER_SLOWED_TURN_LIMIT=5;PLAYER_DARKNESS_FOG_NEAR=5000;PLAYER_NORMAL_FOG_NEAR=11000	reuse	include/kf/render_types.h:KF_VRAM_WIDTH;src/game/player_update.c:DARKNESS_FADE_BITS	PLAYER_NORMAL_FOG_NEAR=include/kf/render_types.h:KF_INITIAL_FOG_NEAR_DISTANCE	Use the shared initial fog distance directly when restoring normal vision; movement/turn limits and darkness interpolation remain separate.
src/game/player_update.c:PLAYER_FORWARD_ACCEL_SHIFT	PLAYER_FORWARD_ACCEL_SHIFT=2;PLAYER_FORWARD_DECEL_SHIFT=3;PLAYER_STRAFE_ACCEL_DECEL_SHIFT=2;PLAYER_YAW_ACCEL_DECEL_SHIFT=2;PLAYER_PITCH_ACCEL=3;PLAYER_PITCH_DECEL=2;PLAYER_PITCH_STEP_LIMIT=10;PLAYER_CAMERA_PITCH_LIMIT=191	reuse	include/kf/game_player.h:KF_PLAYER_CAMERA_PITCH_LIMIT;src/game/player_update.c:PLAYER_FORWARD_ACCEL_SHIFT	PLAYER_CAMERA_PITCH_LIMIT=include/kf/game_player.h:KF_PLAYER_CAMERA_PITCH_LIMIT	Use the shared camera pitch clamp directly; acceleration, deceleration and pitch-step limits remain separate control coefficients.
src/game/player_update.c:PLAYER_WEAPON_MAGIC_READY	PLAYER_WEAPON_MAGIC_READY=1;PLAYER_TRIPLE_FANG_MAGIC_DELAY=3;PLAYER_FLAME_SWORD_MAGIC_DELAY=2;PLAYER_MOONLIGHT_SWORD_MAGIC_DELAY=3;PLAYER_TRIPLE_FANG_MAGIC_MIN_POWER=80;PLAYER_MOONLIGHT_SWORD_MAGIC_MIN_POWER=80;PLAYER_COLICHEMARDE_MAGIC_MIN_POWER=60;PLAYER_COLICHEMARDE_SHOTS_PER_PHASE=2;PLAYER_WEAPON_MAGIC_SPAWN_X=200;PLAYER_WEAPON_MAGIC_SPAWN_Y=200;PLAYER_WEAPON_MAGIC_SPAWN_Z=400;PLAYER_WEAPON_MAGIC_BURST_CONE=341;PLAYER_WEAPON_MAGIC_JITTER_BIAS=4;PLAYER_WEAPON_MAGIC_RANDOM_SHIFT=9;PLAYER_WEAPON_MAGIC_SPEED=900;PLAYER_TRIPLE_FANG_Y_OFFSET=300;PLAYER_TRIPLE_FANG_PITCH_OFFSET=64	retain	src/game/player_update.c:PLAYER_WEAPON_MAGIC_READY		Weapon-specific burst delays, power thresholds, spawn coordinates and jitter/speed parameters retain their distinct launch rules.
src/game/player_use_item.c:PLAYER_KEY_UNLOCK_VOLUME	PLAYER_KEY_UNLOCK_VOLUME=110;PLAYER_ILLUSION_STAFF_TIMER_RELOAD=1000;PLAYER_MIRROR_TARGET_DISTANCE=6000;PLAYER_MIRROR_ANGLE_TOLERANCE=341;PLAYER_HARP_PROGRESS_PER_UPDATE=150;PLAYER_HARP_CELL_STAGGER=800;PLAYER_HARP_FLOOR2_FIRST_SEGMENT=0;PLAYER_HARP_FLOOR2_SEGMENT_COUNT=4;PLAYER_HARP_FLOOR2_SWEEP_UPDATES=43;PLAYER_HARP_FLOOR2_HOLD_COUNTDOWN=70;PLAYER_HARP_FLOOR3_FIRST_SEGMENT=4;PLAYER_HARP_FLOOR3_SEGMENT_COUNT=1;PLAYER_HARP_FLOOR3_SWEEP_UPDATES=88;PLAYER_HARP_FLOOR3_HOLD_COUNTDOWN=270	retain	src/game/player_use_item.c:PLAYER_KEY_UNLOCK_VOLUME		Key/staff/mirror/harp effects have different lifetimes, distances and authored floor-segment ranges; equal timer values do not couple those item behaviors.
src/game/player_warp.c:WARP_SHIMMER_COUNT	WARP_SHIMMER_COUNT=4;WARP_SHIMMER_OWNER_ID=10;WARP_SHIMMER_TALL_SCALE=8192;WARP_SHIMMER_SCALE_STEP=256;WARP_SHIMMER_YAW_STEP=512;WARP_SHIMMER_FRAMES=48;WARP_SHIMMER_SOUND_FRAME=8;WARP_SHIMMER_STAGGER_FRAMES=8;WARP_CELL_X_SHIFT=24;WARP_CELL_Z_SHIFT=16;ACTOR_TRANSFORM_RESULT_DEFINITION=6;ACTOR_TRANSFORM_BLEND_INTERVALS=64;ACTOR_TRANSFORM_Y_STEP=40	reuse	include/kf/render_types.h:KF_CYLINDER_TRANSITION_COUNT;src/game/player_warp.c:WARP_SHIMMER_OWNER_ID	WARP_SHIMMER_COUNT=include/kf/render_types.h:KF_CYLINDER_TRANSITION_COUNT;WARP_SHIMMER_TALL_SCALE=include/kf/render_types.h:KF_CYLINDER_TRANSITION_TALL_SCALE;WARP_SHIMMER_SCALE_STEP=include/kf/render_types.h:KF_CYLINDER_TRANSITION_SCALE_STEP;WARP_SHIMMER_YAW_STEP=include/kf/render_types.h:KF_CYLINDER_TRANSITION_YAW_STEP;WARP_SHIMMER_FRAMES=include/kf/render_types.h:KF_CYLINDER_TRANSITION_FRAMES;WARP_SHIMMER_STAGGER_FRAMES=include/kf/render_types.h:KF_CYLINDER_TRANSITION_STAGGER_FRAMES	Share cylinder count, tall scale, growth, yaw, frame budget and stagger with OPEN; retain sound timing, owner ID, warp-cell packing and actor-transform settings.
src/game/render.c:RENDER_PALETTE_HUD	RENDER_PALETTE_HUD=0;RENDER_PALETTE_NOTIFICATION=1;RENDER_PALETTE_COUNT=2;ERROR_SCREEN_READ_ATTEMPTS=50;PRIMITIVE_BUFFER_BYTES=104000;INITIAL_BACK_COLOR=60;SYSTEM_SCREEN_BRIGHTNESS=96;SYSTEM_SCREEN_PATH_DIGIT=2;EFFECT_TEXTURE_FIRST_PAGE_X=320;EFFECT_TEXTURE_SECOND_PAGE_X=384;EFFECT_TEXTURE_THIRD_PAGE_X=832;EFFECT_TEXTURE_CLUT_Y=491;FLOOR_ITEM_TPAGE_X=896;FLOOR_ITEM_CLUT=31296;HUD_TPAGE_X=896;NOTIFICATION_TPAGE_X=832;NOTIFICATION_DIGIT_TPAGE=28	retain	src/game/render.c:RENDER_PALETTE_HUD		GAME primitive buffer and texture placement differ from OPEN. Palette rows, screen retry/brightness and individual texture uploads retain their owners.
src/game/render_frame.c:HUD_GAUGE_WIDTH	HUD_GAUGE_WIDTH=50;NOTIFICATION_RENDER_BRIGHTNESS=255;NOTIFICATION_MODEL_Y=160;NOTIFICATION_MODEL_Z=200;HUD_CHARGE_UNITS_PER_PIXEL=100	retain	src/game/render_frame.c:HUD_GAUGE_WIDTH		HUD gauge width and charge-to-pixel scale relate by representation; notification brightness/model offsets belong to its separate render path.
src/game/render_map_cells.c:ILLUSION_STAFF_REMAP_PHASE_MASK	ILLUSION_STAFF_REMAP_PHASE_MASK=3;ILLUSION_STAFF_REMAP_ACTIVE_UPDATES=2	retain	src/game/render_map_cells.c:ILLUSION_STAFF_REMAP_PHASE_MASK		Illusion-staff remap phase mask and active interval describe its repeating visual window, not the item's lifetime timer sentinel.
src/game/render_scene.c:ACTOR_CULL_SQUARE_HALF_WIDTH	ACTOR_CULL_SQUARE_HALF_WIDTH=12;ACTOR_CULL_SQUARE_WIDTH=24	retain	src/game/render_scene.c:ACTOR_CULL_SQUARE_HALF_WIDTH		Actor cull square width derives from half-width; neither is a live actor count or model extent.
src/game/render_sprite.c:HUD_SPRITE_OT_DEPTH	HUD_SPRITE_OT_DEPTH=1	retain	src/game/render_sprite.c:HUD_SPRITE_OT_DEPTH		HUD screen sprites use their own frontmost OT depth, separate from modal menu layers and model-depth biases.
src/game/resources.c:MAP_VARIANT_ASSET_BUFFER_BYTES	MAP_VARIANT_ASSET_BUFFER_BYTES=368640;MAP_SEQUENCE_DEFAULT=0;MAP_SEQUENCE_ALTERNATE=1;MAP_FLOOR1_ALTERNATE_MUSIC_PROGRESS=15;MAP_FLOOR2_ALTERNATE_MUSIC_PROGRESS=25	retain	src/game/resources.c:MAP_VARIANT_ASSET_BUFFER_BYTES		Floor asset-buffer bytes, sequence variants and authored music-progress thresholds select specific resources/events; floor and overlay mode IDs differ.
src/game/save_system.c:SAVE_MESSAGE_NO_CARD	SAVE_MESSAGE_NO_CARD=101;SAVE_MESSAGE_NO_SPACE=102;SAVE_MESSAGE_KEEP_CARD_INSERTED=103;SAVE_MESSAGE_WRITE_FAILED=107;SAVE_MESSAGE_FORMAT_FAILED=108;SAVE_MESSAGE_FORMAT_REQUIRED=109;SAVE_MESSAGE_CARD_UNUSABLE=110;SAVE_MESSAGE_NO_DATA=111;SAVE_MESSAGE_READ_FAILED=112;SAVE_MESSAGE_SYSTEM_ERROR=113;SAVE_MESSAGE_FAILED=114;SAVE_MESSAGE_FORMAT_CONFIRMATION=115;MESSAGE_IMAGE_SKIP=255	retain	src/game/save_system.c:SAVE_MESSAGE_NO_CARD		Save messages load direct image IDs; zero-based menu texture IDs load the next image and must remain separate conventions.
src/game/save_system.c:SAVE_FILE_IO_ATTEMPTS	SAVE_FILE_IO_ATTEMPTS=5;CARD_FORMAT_ATTEMPTS=5;SAVE_DIRECTORY_ENTRY_NOT_FOUND=-1	retain	src/game/save_system.c:SAVE_FILE_IO_ATTEMPTS		File I/O and card-format retries belong to different operations; missing directory-entry index is a lookup sentinel.
src/game/save_system.c:MENU_INPUT_SOUND_VOLUME	MENU_INPUT_SOUND_VOLUME=64	retain	src/game/save_system.c:MENU_INPUT_SOUND_VOLUME		Input sound volume is an audio amplitude; equal renderer intensity or RNG thresholds do not share that unit.
src/game/save_system.c:IMAGE_WAIT_INITIAL_BRIGHTNESS	IMAGE_WAIT_INITIAL_BRIGHTNESS=32;IMAGE_WAIT_MAX_BRIGHTNESS=127	retain	src/game/save_system.c:IMAGE_WAIT_INITIAL_BRIGHTNESS		Image wait brightness bounds are color-intensity values, distinct from audio maximum volume even where both use seven bits.
src/game/save_system.c:SAVE_ICON_TIM_CLUT_OFFSET	SAVE_ICON_TIM_CLUT_OFFSET=20;SAVE_ICON_TIM_PIXELS_OFFSET=64	retain	src/game/save_system.c:SAVE_ICON_TIM_CLUT_OFFSET		TIM CLUT and pixel offsets locate different serialized blocks; field offsets are not primitive modes or UI coordinates.
src/open/audio.c:OPEN_SEQUENCE_BUFFER_BYTES	OPEN_SEQUENCE_BUFFER_BYTES=18432;OPEN_SEQUENCE_VOLUME=80;OPEN_REVERB_DEPTH=48;OPEN_VAB_SETTLE_FRAMES=100;OPEN_SEQUENCE_FADE_IN_STEP=8;OPEN_SEQUENCE_FADE_OUT_STEP=4	retain	src/open/audio.c:OPEN_SEQUENCE_BUFFER_BYTES		OPEN sequence buffer, mix/reverb and fade/settle timing differ from GAME; keep independent program-specific audio initialization.
src/open/audio_spatial.c:OPEN_SOUND_EQUAL_PAN_THRESHOLD	OPEN_SOUND_EQUAL_PAN_THRESHOLD=96	retain	src/open/audio_spatial.c:OPEN_SOUND_EQUAL_PAN_THRESHOLD		OPEN's equal-pan threshold has a different panning formula from GAME and is not a visual brightness setting.
src/open/display_adjust.c:VRAM_VIEW_PAN_STEP	VRAM_VIEW_PAN_STEP=4	retain	src/open/display_adjust.c:VRAM_VIEW_PAN_STEP		VRAM-view pan step moves a debug viewport in pixels; map/effect movement rates use world or angle units.
src/open/entity_render.c:OPENING_MODEL_DEPTH_BIAS	OPENING_MODEL_DEPTH_BIAS=-100;OPENING_MODEL_YAW_STEP=64;ENDING_TRANSLATING_MODEL_DEPTH_BIAS=1000;ENDING_ROTATING_MODEL_DEPTH_BIAS=10000	retain	src/open/entity_render.c:OPENING_MODEL_DEPTH_BIAS		Opening model yaw and projected-depth biases belong to the scene model renderer; they are not menu OT layer indices or player velocity.
src/open/opening_render.c:ENDING_GRADIENT_OT_DEPTH	ENDING_GRADIENT_OT_DEPTH=16367	retain	src/open/opening_render.c:ENDING_GRADIENT_OT_DEPTH		Ending gradient OT depth places a specific background primitive, separate from GAME modal menu content layers.
src/open/opening_scenes.c:SCENE0_ROTATION_START_POINT	SCENE0_ROTATION_START_POINT=8;SCENE0_FADE_OUT_START_POINT=15;SCENE0_YAW_STEP=40;SCENE0_SOUND_VOLUME=100;OPENING_COLOR_FADE_STEP=256;SCENE1_LEFT_TPAGE_X=320;SCENE1_RIGHT_TPAGE_X=448;SCENE1_PANEL_WIDTH=192;SCENE1_RIGHT_PANEL_X=128;SCENE1_SHADE_STEP=4;SCENE1_SEQUENCE_STOP_FRAME=600;SCENE1_HOLD_FRAMES=1000;TRANSITION_FIRST_ENTITY_SLOT=24;TRANSITION_ENTITY_COUNT=4;TRANSITION_TALL_SCALE_Y=8192;TRANSITION_SCALE_STEP=256;TRANSITION_YAW_STEP=512;TRANSITION_ENTITY_DELAY_SHIFT=3;TRANSITION_FRAMES=48	reuse	include/kf/render_types.h:KF_CYLINDER_TRANSITION_COUNT;src/open/opening_scenes.c:SCENE0_ROTATION_START_POINT	TRANSITION_ENTITY_COUNT=include/kf/render_types.h:KF_CYLINDER_TRANSITION_COUNT;TRANSITION_TALL_SCALE_Y=include/kf/render_types.h:KF_CYLINDER_TRANSITION_TALL_SCALE;TRANSITION_SCALE_STEP=include/kf/render_types.h:KF_CYLINDER_TRANSITION_SCALE_STEP;TRANSITION_YAW_STEP=include/kf/render_types.h:KF_CYLINDER_TRANSITION_YAW_STEP;TRANSITION_ENTITY_DELAY_SHIFT=include/kf/render_types.h:KF_CYLINDER_TRANSITION_STAGGER_SHIFT;TRANSITION_FRAMES=include/kf/render_types.h:KF_CYLINDER_TRANSITION_FRAMES	Share the staggered-cylinder animation parameters with GAME; keep OPEN's reserved entity slots and scene-specific rotation/fade/panel timing.
src/open/opening_scenes.c:SCENE3_YAW_STEP	SCENE3_YAW_STEP=16;SCENE3_CLUT_WORK_CAPACITY=6;SCENE_CAMERA_WAVE_SHIFT=7;SCENE_CAMERA_WAVE_ANGLE_STEP=100;PANEL_TPAGE_FIRST_X=448;PANEL_TPAGE_X_STRIDE=64;PANEL_CLUT_FIRST_Y=493;PANEL_CLIP_Y_BIAS=255;PANEL_CLIP_SPAN=495;PANEL_OT_DEPTH=4;ENDING_ROTATION_START_POINT=4;ENDING_MAX_BRIGHTNESS=255;ENDING_BRIGHTEN_STEP=4;ENDING_FADE_DARKEN_STEP=16;ENDING_PANEL_COUNT=9;ENDING_PANEL_STOP_Y=50;ENDING_BACKGROUND_OT_DEPTH=12133;ENDING_TMD_PROJECTION_SHIFT=2;ENDING_MODEL_START_Y_OFFSET=1500;ENDING_MODEL_FINAL_Y=-8000;ENDING_MODEL_Y_STEP=3;ENDING_LIGHT_MIDPOINT_STEP=64;ENDING_LIGHT_GREEN_STEP=3;ENDING_BACKGROUND_BLEND_STEP=3;ENDING_SEQUENCE_DELAY_START=20;ENDING_SEQUENCE_VOLUME_DIVISOR=3;ENDING_SCROLL_CAMERA_POINT_COUNT=3	retain	src/open/opening_scenes.c:SCENE3_YAW_STEP		Scene/ending camera, panel clipping/atlas, lighting, scroll and sequence parameters retain their actual resource/coordinate/time roles.
src/open/opening_scenes.c:KfEndingLightingPhase	ENDING_LIGHT_TO_MIDPOINT=0;ENDING_LIGHT_TO_GREEN=1;ENDING_LIGHT_FINISHED=2	retain	src/open/opening_scenes.c:KfEndingLightingPhase		Ending lighting phases select successive interpolation targets; sequence and scrolling have independent state machines.
src/open/opening_scenes.c:KfEndingSequencePhase	ENDING_SEQUENCE_WAIT_SCROLL=0;ENDING_SEQUENCE_DELAY=1;ENDING_SEQUENCE_FADE=2;ENDING_SEQUENCE_REPLACED=3	retain	src/open/opening_scenes.c:KfEndingSequencePhase		Ending sequence wait/delay/fade/replaced controls audio sequencing, separate from lighting transition and scrolling activation.
src/open/opening_scenes.c:KfEndingScrollState	ENDING_SCROLL_WAIT_DISK=0;ENDING_SCROLL_ACTIVE=1	retain	src/open/opening_scenes.c:KfEndingScrollState		Ending scroll activation waits for the disk; the tick scheduler and audio sequence states are independent.
src/open/opening_scenes.c:KfEndingScrollTick	ENDING_SCROLL_TICK_WRAP=-1;ENDING_SCROLL_TICK_STARFIELD_AND_PANELS=0;ENDING_SCROLL_TICK_HOLD_AFTER_PANELS=1;ENDING_SCROLL_TICK_PANELS=2;ENDING_SCROLL_TICK_HOLD_AFTER_STARFIELD=3	retain	src/open/opening_scenes.c:KfEndingScrollTick		Ending scroll ticks schedule alternating panels/starfield/holds; wrap -1 is a counter marker rather than a universal invalid result.
src/open/render_init.c:PRIMITIVE_BUFFER_BYTES	PRIMITIVE_BUFFER_BYTES=156000;FLOOR_ITEM_TPAGE_X=832;FLOOR_ITEM_CLUT=31232	retain	src/open/render_init.c:PRIMITIVE_BUFFER_BYTES		OPEN primitive buffer size and floor-item texture placement differ from GAME; these are independent memory and VRAM allocations.
src/open/resources.c:OPEN_CD_READ_ATTEMPTS	OPEN_CD_READ_ATTEMPTS=100	retain	src/open/resources.c:OPEN_CD_READ_ATTEMPTS		OPEN CD read retries apply to its resource-loading loop and differ from GAME's path/table retry budgets.
