kind	image	scope	old_name	new_name	decision	evidence	reason
data	GAME.EXE	actor.c	actor_action_profiles	actor_action_profiles	retain	src/game/actor.c:44; used by: actor_try_select_profiled_action; data_identities.tsv:data.tsv:direct-references;game_semantic_actor_ai.tsv;game_semantic_actor_actions.tsv;asm;25x0x0a-stride	25 KfActorActionProfile rows indexed by effect kind in actor_try_select_profiled_action (far/middle/near distance weights)
data	GAME.EXE	actor.c	boss_death_phase_sounds	boss_death_phase_sounds	retain	src/game/actor.c:77; used by: actor_update_boss_death_sequence; data_identities.tsv:data.tsv:direct-references;game_semantic_actor_actions.tsv;asm;packed-3-byte-records	SoundRef[4]; entries 1..3 played at phases 500/1000/1500 by actor_update_boss_death_sequence
data	GAME.EXE	actor.c	boss_death_loop_sound	boss_death_loop_sound	retain	src/game/actor.c:85; used by: actor_update_boss_death_sequence; data_identities.tsv:data.tsv:direct-references;game_semantic_actor_actions.tsv;asm;sound_ref_play	SoundRef played every fourth effect period during the boss death sequence
function	GAME.EXE	actor.c	actor_pool_find_free	actor_pool_find_free	retain	src/game/actor.c:88; callers: func_8002cab4; function_identities.tsv:game_semantic_actor_core.tsv;asm;CFG;xrefs;actor_pool	Returns a free actor slot. Body: scans 128 slots for KF_ACTOR_SLOT_FREE
function	GAME.EXE	actor.c	actor_set_player_transform	actor_set_player_transform	retain	src/game/actor.c:114; callers: game_main_loop; function_identities.tsv:game_semantic_actor_core.tsv;asm;main-loop;xrefs;actor_player_position;actor_player_rotation	Stores the player transform in actor context. Body: copies non-null position/rotation into actor_state.player_position/rotation
function	GAME.EXE	actor.c	actor_update_cell_from_position	actor_update_cell_from_position	retain	src/game/actor.c:127; callers: none in reconstructed source; function_identities.tsv:game_semantic_actor_core.tsv;asm;CFG;actor-layout	Recomputes the actor cell from its position. Body: writes cell_x/cell_z = position / KF_MAP_TILE_SIZE
function	GAME.EXE	actor.c	actor_set_position	actor_set_position	retain	src/game/actor.c:134; callers: actor_initialize_at_home, actor_pool_spawn; function_identities.tsv:game_semantic_actor_core.tsv;asm;xrefs;actor-layout	Sets actor position. Body: copies VECTOR and recomputes cells
function	GAME.EXE	actor.c	actor_set_rotation	actor_set_rotation	retain	src/game/actor.c:144; callers: actor_initialize_at_home, actor_pool_spawn; function_identities.tsv:game_semantic_actor_core.tsv;asm;xrefs;exact-C	Sets actor rotation; x/y/z are the Euler lanes. Body: writes rotation.angles.x/y/z
function	GAME.EXE	actor.c	actor_initialize	actor_initialize	retain	src/game/actor.c:156; callers: actor_initialize_at_home, actor_pool_spawn, actor_update_current_action; function_identities.tsv:game_semantic_actor_core.tsv;asm;xrefs;actor_definitions;rand	Common actor initialization. Body: resets action/vertical state, loads initial_health, seeds yaw, joins cell occupancy
function	GAME.EXE	actor.c	actor_initialize_current	actor_initialize_current	retain	src/game/actor.c:190; callers: actor_update_awareness; function_identities.tsv:game_semantic_actor_core.tsv;asm;xrefs;current_actor	Initializes the bound actor. Body: initializes actor_state.current at its home placement
function	GAME.EXE	actor.c	actor_initialize_slot	actor_initialize_slot	retain	src/game/actor.c:198; callers: map_ambient_script_floor1; function_identities.tsv:game_semantic_actor_core.tsv;asm;xrefs;actor_pool	Initializes a pool slot by index. Body: activates actors[actor_index] then home initialization
function	GAME.EXE	actor.c	actor_pool_clear	actor_pool_clear	retain	src/game/actor.c:207; callers: game_main_loop; function_identities.tsv:game_semantic_actor_core.tsv;asm;CFG;main-loop;actor_pool	Clears the actor pool. Body: marks all 128 slots free, dormant, and clears animation_cache
function	GAME.EXE	actor.c	actor_set_action	actor_set_action	retain	src/game/actor.c:220; callers: actor_apply_damage, actor_pool_begin_death_by_definition, actor_pool_spawn, actor_select_next_action, actor_update_awareness; function_identities.tsv:game_semantic_actor_core.tsv;asm;xrefs;exact-C	Sets the action; name exact. Body: stores action and resets action_progress to INIT
function	GAME.EXE	actor.c	actor_pool_spawn	actor_pool_spawn	retain	src/game/actor.c:227; callers: effect_update_dispatch; function_identities.tsv:game_semantic_actor_core.tsv;asm;CFG;xrefs;actor_pool	Spawns a dynamic actor. Body: fills a free slot as DYNAMIC and starts PURSUE
function	GAME.EXE	actor.c	actor_pool_begin_death_by_definition	actor_pool_begin_death_by_definition	retain	src/game/actor.c:255; callers: actor_update_boss_death_sequence, map_restore_floor_state; function_identities.tsv:game_semantic_actor_core.tsv;asm;CFG;xrefs;actor_definitions	Starts death for all actors of one definition. Body: every live actor of definition_id enters DYING or is disabled
function	GAME.EXE	actor.c	combat_calculate_damage_component	combat_calculate_damage_component	retain	src/game/actor.c:275; callers: actor_apply_damage; function_identities.tsv:game_semantic_actor_core.tsv;asm;CFG;xrefs	One component of the actor-side damage formula; base_power is the attacker power. Body: attack plus base_power/5 against defense with quadratic term
function	GAME.EXE	actor.c	actor_apply_damage	actor_apply_damage	retain	src/game/actor.c:294; callers: actor_pool_apply_radial_damage, effect_update_dispatch, effect_update_orbiting_projectile, effect_update_swinging_hazard, player_update_weapon_attack; function_identities.tsv:game_semantic_actor_core.tsv;asm;CFG;xrefs;actor_definitions;enum-field-review.md	Applies damage to actors[actor_index]. Body: five defended components, scale, credit to player training/experience, HIT_REACTION or DYING
function	GAME.EXE	actor.c	actor_pool_apply_radial_damage	actor_pool_apply_radial_damage	retain	src/game/actor.c:381; callers: effect_update_dispatch; function_identities.tsv:game_semantic_actor_ai.tsv;asm;CFG;xrefs;actor_pool;actor_apply_damage;enum-field-review.md	Area damage over the actor pool. Body: distance falloff via radial_damage_attenuated_scale then actor_apply_damage per actor
function	GAME.EXE	actor.c	actor_try_attack_player	actor_try_attack_player	retain	src/game/actor.c:441; callers: actor_update_current_action; function_identities.tsv:game_semantic_actor_ai.tsv;asm;CFG;xrefs;actor_player_position;player-damage-call	Attempts an actor attack on the player. Body: range/facing test then player_apply_damage with attack_components and status roll
function	GAME.EXE	actor.c	actor_pool_find_target_in_cone	actor_pool_find_target_in_cone	retain	src/game/actor.c:488; callers: effect_update_dispatch, magic_cast, player_update, player_use_item; function_identities.tsv:game_semantic_actor_ai.tsv;asm;CFG;xrefs;actor_pool;game-actor-cone-search.md	Finds an actor target in a view cone. Body: best facing error within max_distance and angle_tolerance
function	GAME.EXE	actor.c	actor_distance_to_point	actor_distance_to_point	retain	src/game/actor.c:536; callers: actor_player_distance, actor_pool_apply_radial_damage, actor_pool_find_overlap, actor_pool_find_target_in_cone, actor_try_attack_player; function_identities.tsv:game_semantic_actor_ai.tsv;asm;CFG;xrefs;SquareRoot0;actor-layout	Actor-to-point distance with bounds. Body: box/vertical rejection then SquareRoot0 distance or -1
function	GAME.EXE	actor.c	actor_pool_find_overlap	actor_pool_find_overlap	retain	src/game/actor.c:582; callers: actor_update_awareness, actor_update_current_action, collision_query_world, player_update_weapon_attack; function_identities.tsv:game_semantic_actor_ai.tsv;asm;CFG;xrefs;actor_pool;actor_definitions	Finds an overlapping actor index; parameters now point_x/y/z and radius_padding like the other pool finders. Body: first live non-current actor whose volume overlaps
function	GAME.EXE	actor.c	actor_bind_current	actor_bind_current	retain	src/game/actor.c:617; callers: actor_pool_update; function_identities.tsv:game_semantic_actor_core.tsv;asm;CFG;xrefs;actor_pool;actor_definitions	Binds the current actor context. Body: sets current, current_definition, current_index, current_definition_id
function	GAME.EXE	actor.c	actor_advance_animation_wrapped	actor_advance_animation_wrapped	retain	src/game/actor.c:629; callers: actor_update_current_action; function_identities.tsv:game_semantic_actor_ai.tsv;asm;CFG;xrefs;actor-layout	Wrapping animation advance. Body: looping arms (idle, wander, pursue, retreat, drift, return home); phase += delta modulo 4096, animation_step = |delta|
function	GAME.EXE	actor.c	actor_advance_animation_clamped	actor_advance_animation_clamped	retain	src/game/actor.c:640; callers: actor_update_current_action, actor_update_effect_action; function_identities.tsv:game_semantic_actor_ai.tsv;asm;CFG;xrefs;actor-layout	Clamping animation advance. Body: one-shot arms (hit, death, melee, special, effect, multi-hit); clamps phase to 0..4095
function	GAME.EXE	actor.c	actor_animation_crossed_phase	actor_animation_crossed_phase	retain	src/game/actor.c:659; callers: actor_play_sound_at_phase, actor_update_current_action, actor_update_effect_action; function_identities.tsv:game_semantic_actor_ai.tsv;asm;CFG;xrefs;actor-layout;boolean-modeling.tsv	Tests whether the last advance crossed a phase. Body: phase in (current-step, current]
function	GAME.EXE	actor.c	actor_play_sound_at_phase	actor_play_sound_at_phase	retain	src/game/actor.c:666; callers: actor_update_boss_death_sequence, actor_update_current_action; function_identities.tsv:game_semantic_actor_ai.tsv;game_semantic_audio_spatial.tsv;asm;CFG;xrefs;audio-call;current_actor	Phase-triggered actor sound. Body: plays spatial sound when the phase is crossed, extended range for the floor-5 boss
function	GAME.EXE	actor.c	actor_try_select_ground_action	actor_try_select_ground_action	retain	src/game/actor.c:727; callers: actor_select_next_action; function_identities.tsv:game_semantic_actor_ai.tsv;asm;CFG;xrefs;player_target_actor;map-floor;asm;actor-module-reconstruction	Ground-gated selector; name describes its distinguishing test. Body: requires the actor standing on its floor and honours actor_state.player_target
function	GAME.EXE	actor.c	actor_try_select_profiled_action	actor_try_select_profiled_action	retain	src/game/actor.c:799; callers: actor_select_next_action; function_identities.tsv:game_semantic_actor_ai.tsv;asm;CFG;xrefs;actor_action_profiles;asm;actor-module-reconstruction;three-call-profile-mask-audit;enum-field-review.md	Profile-weighted selector. Body: weights from actor_action_profiles[effect kind]; spawner population cap
function	GAME.EXE	actor.c	actor_initialize_at_home	actor_initialize_at_home	retain	src/game/actor.c:177; callers: actor_initialize_current, actor_initialize_slot	Initialization at the authored home position. Body: static inline shared by the two initializers; position from tile/local placement and floor height
enum_constant	GAME.EXE	enum@actor.c:11	ACTOR_SELECTION_ANGLE_TOLERANCE	ACTOR_SELECTION_ANGLE_TOLERANCE	retain	src/game/actor.c:11	Reviewed as family: facing tolerances of the selectors (general and multi-hit)
enum_constant	GAME.EXE	enum@actor.c:11	ACTOR_MULTI_HIT_SELECTION_ANGLE_TOLERANCE	ACTOR_MULTI_HIT_SELECTION_ANGLE_TOLERANCE	retain	src/game/actor.c:11	Reviewed as family: facing tolerances of the selectors (general and multi-hit)
enum_constant	GAME.EXE	enum@actor.c:16	COMBAT_BASE_POWER_WEIGHT_DIVISOR	COMBAT_BASE_POWER_WEIGHT_DIVISOR	retain	src/game/actor.c:16	Reviewed as family: damage formula divisors and selector shifts/limits in actor.c; names follow each comparison
enum_constant	GAME.EXE	enum@actor.c:16	COMBAT_DEFENSE_DENOMINATOR_MULTIPLIER	COMBAT_DEFENSE_DENOMINATOR_MULTIPLIER	retain	src/game/actor.c:16	Reviewed as family: damage formula divisors and selector shifts/limits in actor.c; names follow each comparison
enum_constant	GAME.EXE	enum@actor.c:16	ACTOR_DYING_DAMAGE_CUTOFF_PHASE	ACTOR_DYING_DAMAGE_CUTOFF_PHASE	retain	src/game/actor.c:16	Reviewed as family: damage formula divisors and selector shifts/limits in actor.c; names follow each comparison
enum_constant	GAME.EXE	enum@actor.c:16	ACTOR_STATUS_CHANCE_RANDOM_SHIFT	ACTOR_STATUS_CHANCE_RANDOM_SHIFT	retain	src/game/actor.c:16	Reviewed as family: damage formula divisors and selector shifts/limits in actor.c; names follow each comparison
enum_constant	GAME.EXE	enum@actor.c:16	ACTOR_SELECTION_RANDOM_SHIFT	ACTOR_SELECTION_RANDOM_SHIFT	retain	src/game/actor.c:16	Reviewed as family: damage formula divisors and selector shifts/limits in actor.c; names follow each comparison
enum_constant	GAME.EXE	enum@actor.c:16	ACTOR_SELECTION_FACING_BYPASS_LIMIT	ACTOR_SELECTION_FACING_BYPASS_LIMIT	retain	src/game/actor.c:16	Reviewed as family: damage formula divisors and selector shifts/limits in actor.c; names follow each comparison
enum_constant	GAME.EXE	enum@actor.c:16	ACTOR_PROFILE_FACING_BYPASS_LIMIT	ACTOR_PROFILE_FACING_BYPASS_LIMIT	retain	src/game/actor.c:16	Reviewed as family: damage formula divisors and selector shifts/limits in actor.c; names follow each comparison
enum_constant	GAME.EXE	enum@actor.c:16	ACTOR_SELECTION_FAR_RANGE_FACTOR	ACTOR_SELECTION_FAR_RANGE_FACTOR	retain	src/game/actor.c:16	Reviewed as family: damage formula divisors and selector shifts/limits in actor.c; names follow each comparison
enum_constant	GAME.EXE	enum@actor.c:16	ACTOR_SELECTION_FAR_CHANCE_SHIFT	ACTOR_SELECTION_FAR_CHANCE_SHIFT	retain	src/game/actor.c:16	Reviewed as family: damage formula divisors and selector shifts/limits in actor.c; names follow each comparison
enum_constant	GAME.EXE	enum@actor.c:16	ACTOR_SELECTION_NEAR_CHANCE_SHIFT	ACTOR_SELECTION_NEAR_CHANCE_SHIFT	retain	src/game/actor.c:16	Reviewed as family: damage formula divisors and selector shifts/limits in actor.c; names follow each comparison
enum_constant	GAME.EXE	enum@actor.c:16	ACTOR_SELECTION_MIDDLE_CHANCE_SHIFT	ACTOR_SELECTION_MIDDLE_CHANCE_SHIFT	retain	src/game/actor.c:16	Reviewed as family: damage formula divisors and selector shifts/limits in actor.c; names follow each comparison
enum_constant	GAME.EXE	enum@actor.c:16	ACTOR_SELECTION_OUTER_CHANCE_SHIFT	ACTOR_SELECTION_OUTER_CHANCE_SHIFT	retain	src/game/actor.c:16	Reviewed as family: damage formula divisors and selector shifts/limits in actor.c; names follow each comparison
enum_constant	GAME.EXE	enum@actor.c:16	ACTOR_GROUND_SELECTION_FAR_RANGE	ACTOR_GROUND_SELECTION_FAR_RANGE	retain	src/game/actor.c:16	Reviewed as family: damage formula divisors and selector shifts/limits in actor.c; names follow each comparison
enum_constant	GAME.EXE	enum@actor.c:16	ACTOR_GROUND_SELECTION_MIN_RANGE	ACTOR_GROUND_SELECTION_MIN_RANGE	retain	src/game/actor.c:16	Reviewed as family: damage formula divisors and selector shifts/limits in actor.c; names follow each comparison
enum_constant	GAME.EXE	enum@actor.c:16	ACTOR_GROUND_FAR_CHANCE_SHIFT	ACTOR_GROUND_FAR_CHANCE_SHIFT	retain	src/game/actor.c:16	Reviewed as family: damage formula divisors and selector shifts/limits in actor.c; names follow each comparison
enum_constant	GAME.EXE	enum@actor.c:16	ACTOR_GROUND_NEAR_CHANCE_SHIFT	ACTOR_GROUND_NEAR_CHANCE_SHIFT	retain	src/game/actor.c:16	Reviewed as family: damage formula divisors and selector shifts/limits in actor.c; names follow each comparison
enum_constant	GAME.EXE	enum@actor.c:16	ACTOR_MULTI_HIT_FAR_CHANCE_SHIFT	ACTOR_MULTI_HIT_FAR_CHANCE_SHIFT	retain	src/game/actor.c:16	Reviewed as family: damage formula divisors and selector shifts/limits in actor.c; names follow each comparison
enum_constant	GAME.EXE	enum@actor.c:16	ACTOR_MULTI_HIT_NEAR_CHANCE_SHIFT	ACTOR_MULTI_HIT_NEAR_CHANCE_SHIFT	retain	src/game/actor.c:16	Reviewed as family: damage formula divisors and selector shifts/limits in actor.c; names follow each comparison
enum_constant	GAME.EXE	enum@actor.c:16	ACTOR_SPAWNER_POPULATION_LIMIT	ACTOR_SPAWNER_POPULATION_LIMIT	retain	src/game/actor.c:16	Reviewed as family: damage formula divisors and selector shifts/limits in actor.c; names follow each comparison
function	GAME.EXE	actor_behavior.c	actor_select_next_action	actor_select_next_action	retain	src/game/actor_behavior.c:119; callers: actor_update_awareness, actor_update_current_action, actor_update_effect_action; function_identities.tsv:game_semantic_actor_ai.tsv;asm;CFG;xrefs;actor_definitions;actor_set_action	Chooses the next action from the ordered definition candidates; parameter player_distance is the actor_player_distance result. Body: walks multi-hit, jump, special, effect0-2, melee, drift, retreat, pursue, idle, wander/return-home candidates and installs the winner
function	GAME.EXE	actor_behavior.c	actor_update_awareness	actor_update_awareness	retain	src/game/actor_behavior.c:261; callers: actor_pool_update; function_identities.tsv:game_semantic_actor_ai.tsv;asm;CFG;xrefs;actor_pool;actor_definitions	Updates the lifecycle from player distance, i.e. awareness of the player. Body: switches on lifecycle DORMANT/ACTIVE/WAIT_FOR_RANGE_EXIT using ACTOR_ACTIVATION_RANGE/ACTOR_ACTIVE_RANGE, spawn roll and overlap test
function	GAME.EXE	actor_behavior.c	actor_move_xz_with_collision	actor_move_xz_with_collision	retain	src/game/actor_behavior.c:342; callers: actor_move_along_heading; function_identities.tsv:game_semantic_actor_actions.tsv;asm;CFG;xrefs;current_actor;collision-calls;strict-enum-audit.md	Applies an X/Z delta with collision; returns KfActorMoveResult. Body: adds delta to position, queries collision_query_world, slides or steers, starts step/fall/long-drop vertical states
function	GAME.EXE	actor_behavior.c	actor_move_along_heading	actor_move_along_heading	retain	src/game/actor_behavior.c:449; callers: actor_update_current_action; function_identities.tsv:game_semantic_actor_actions.tsv;asm;CFG;xrefs;angle_approach;actor_move_xz_with_collision;strict-enum-audit.md	Moves along the actor heading; name exact. Body: turns toward movement_yaw by turn_rate, scales forward vector by move_speed, negates for KF_ACTOR_MOVE_BACKWARD
function	GAME.EXE	actor_behavior.c	actor_spawn_action_effect	actor_spawn_action_effect	retain	src/game/actor_behavior.c:479; callers: actor_update_effect_action; function_identities.tsv:game_semantic_actor_actions.tsv;asm;CFG;xrefs;effect-jump-table;transform;effect-spawn;enum-field-review.md	Spawns the effect of an action effect code. Body: transforms attachment_offsets[effect_slot], aims at the player cone, emits one or two (PAIRED) effect_pool_construct calls
function	GAME.EXE	actor_behavior.c	actor_prepare_charge_toward_player	actor_prepare_charge_toward_player	retain	src/game/actor_behavior.c:629; callers: actor_update_current_action; function_identities.tsv:game_semantic_actor_actions.tsv;asm;CFG;xrefs;actor_player_position;actor-layout	Prepares the horizontal charge of the jump attack toward the player. Body: sets movement_yaw toward player (within KF_ACTOR_AIM_TOLERANCE) and movement_x/z from a quarter of the player distance
function	GAME.EXE	actor_behavior.c	actor_apply_horizontal_movement	actor_apply_horizontal_movement	retain	src/game/actor_behavior.c:650; callers: actor_update_current_action; function_identities.tsv:game_semantic_actor_actions.tsv;asm;CFG;xrefs;collision-call;actor-layout	Applies stored horizontal velocity. Body: applies movement_x/z with collision_query_world, halves and reflects or zeroes them on hit
function	GAME.EXE	actor_behavior.c	actor_update_effect_action	actor_update_effect_action	retain	src/game/actor_behavior.c:685; callers: actor_update_current_action; function_identities.tsv:game_semantic_actor_actions.tsv;asm;CFG;xrefs;actor_spawn_action_effect;actor_select_next_action	Updates one effect action; parameter effect_slot selects the parallel entries. Body: locks progress, plays action_animations[slot+8], spawns at its phase
function	GAME.EXE	actor_behavior.c	actor_apply_random_movement	actor_apply_random_movement	retain	src/game/actor_behavior.c:714; callers: actor_update_current_action; function_identities.tsv:game_semantic_actor_actions.tsv;asm;CFG;xrefs;rand;collision-calls;actor-layout	Random 3D drift movement; parameters step/limit are per-axis increment and bound. Body: random-walks movement_x/y/z within ±limit then applies with per-axis reflection
function	GAME.EXE	actor_behavior.c	actor_update_boss_death_sequence	actor_update_boss_death_sequence	retain	src/game/actor_behavior.c:805; callers: actor_update_current_action; function_identities.tsv:game_semantic_actor_actions.tsv;asm;CFG;xrefs;boss-death-sounds;boss_defeat_complete	Boss death sequence update; name exact. Body: plays boss_death_phase_sounds, sets floor5.boss_defeat, triggers KF_MAP_LINK_BOSS_EMITTERS, kills definitions 0/2/3/4, emits radial blasts
function	GAME.EXE	actor_behavior.c	actor_update_current_action	actor_update_current_action	retain	src/game/actor_behavior.c:857; callers: actor_pool_update; function_identities.tsv:game_semantic_actor_actions.tsv;asm;CFG;xrefs;action-jump-tables;known-actor-calls	Runs the bound (current) actor's action. Body: per-action switch then vertical-state integration with occupancy bookkeeping
function	GAME.EXE	actor_behavior.c	actor_player_distance	actor_player_distance	retain	src/game/actor_behavior.c:111; callers: actor_update_awareness, actor_update_current_action, actor_update_effect_action	Horizontal actor-to-player distance helper. Body: static inline; actor_distance_to_point against actor_state.player_position with height ignored
enum_constant	GAME.EXE	enum@actor_behavior.c:9	ACTOR_ACTIVATION_RANGE	ACTOR_ACTIVATION_RANGE	retain	src/game/actor_behavior.c:9	Reviewed as family: activation/active ranges, gravity, drift limits, home tolerance and collision query flags of actor behaviour
enum_constant	GAME.EXE	enum@actor_behavior.c:9	ACTOR_NEAR_SPAWN_EXCLUSION_RANGE	ACTOR_NEAR_SPAWN_EXCLUSION_RANGE	retain	src/game/actor_behavior.c:9	Reviewed as family: activation/active ranges, gravity, drift limits, home tolerance and collision query flags of actor behaviour
enum_constant	GAME.EXE	enum@actor_behavior.c:9	ACTOR_ACTIVE_RANGE	ACTOR_ACTIVE_RANGE	retain	src/game/actor_behavior.c:9	Reviewed as family: activation/active ranges, gravity, drift limits, home tolerance and collision query flags of actor behaviour
enum_constant	GAME.EXE	enum@actor_behavior.c:9	ACTOR_GRAVITY	ACTOR_GRAVITY	retain	src/game/actor_behavior.c:9	Reviewed as family: activation/active ranges, gravity, drift limits, home tolerance and collision query flags of actor behaviour
enum_constant	GAME.EXE	enum@actor_behavior.c:9	ACTOR_DRIFT_AXIS_ACCELERATION	ACTOR_DRIFT_AXIS_ACCELERATION	retain	src/game/actor_behavior.c:9	Reviewed as family: activation/active ranges, gravity, drift limits, home tolerance and collision query flags of actor behaviour
enum_constant	GAME.EXE	enum@actor_behavior.c:9	ACTOR_DRIFT_AXIS_SPEED_LIMIT	ACTOR_DRIFT_AXIS_SPEED_LIMIT	retain	src/game/actor_behavior.c:9	Reviewed as family: activation/active ranges, gravity, drift limits, home tolerance and collision query flags of actor behaviour
enum_constant	GAME.EXE	enum@actor_behavior.c:9	ACTOR_DRIFT_YAW_SPEED_LIMIT	ACTOR_DRIFT_YAW_SPEED_LIMIT	retain	src/game/actor_behavior.c:9	Reviewed as family: activation/active ranges, gravity, drift limits, home tolerance and collision query flags of actor behaviour
enum_constant	GAME.EXE	enum@actor_behavior.c:9	ACTOR_HOME_AXIS_TOLERANCE	ACTOR_HOME_AXIS_TOLERANCE	retain	src/game/actor_behavior.c:9	Reviewed as family: activation/active ranges, gravity, drift limits, home tolerance and collision query flags of actor behaviour
enum_constant	GAME.EXE	enum@actor_behavior.c:9	ACTOR_WALK_COLLISION_FLAGS	ACTOR_WALK_COLLISION_FLAGS	retain	src/game/actor_behavior.c:9	Reviewed as family: activation/active ranges, gravity, drift limits, home tolerance and collision query flags of actor behaviour
enum_constant	GAME.EXE	enum@actor_behavior.c:9	ACTOR_VELOCITY_COLLISION_FLAGS	ACTOR_VELOCITY_COLLISION_FLAGS	retain	src/game/actor_behavior.c:9	Reviewed as family: activation/active ranges, gravity, drift limits, home tolerance and collision query flags of actor behaviour
enum_constant	GAME.EXE	enum@actor_behavior.c:30	ACTOR_PURSUIT_DISTANCE_SHIFT	ACTOR_PURSUIT_DISTANCE_SHIFT	retain	src/game/actor_behavior.c:30	Reviewed as family: selection weights, range factors and random cutoffs of actor_select_next_action/awareness/turning; each named by its comparison role
enum_constant	GAME.EXE	enum@actor_behavior.c:30	ACTOR_MULTI_HIT_SELECTION_WEIGHT	ACTOR_MULTI_HIT_SELECTION_WEIGHT	retain	src/game/actor_behavior.c:30	Reviewed as family: selection weights, range factors and random cutoffs of actor_select_next_action/awareness/turning; each named by its comparison role
enum_constant	GAME.EXE	enum@actor_behavior.c:30	ACTOR_RETREAT_RANGE_FACTOR	ACTOR_RETREAT_RANGE_FACTOR	retain	src/game/actor_behavior.c:30	Reviewed as family: selection weights, range factors and random cutoffs of actor_select_next_action/awareness/turning; each named by its comparison role
enum_constant	GAME.EXE	enum@actor_behavior.c:30	ACTOR_RECENT_PURSUIT_RANGE_FACTOR	ACTOR_RECENT_PURSUIT_RANGE_FACTOR	retain	src/game/actor_behavior.c:30	Reviewed as family: selection weights, range factors and random cutoffs of actor_select_next_action/awareness/turning; each named by its comparison role
enum_constant	GAME.EXE	enum@actor_behavior.c:30	ACTOR_RETREAT_RANDOM_MIN	ACTOR_RETREAT_RANDOM_MIN	retain	src/game/actor_behavior.c:30	Reviewed as family: selection weights, range factors and random cutoffs of actor_select_next_action/awareness/turning; each named by its comparison role
enum_constant	GAME.EXE	enum@actor_behavior.c:30	ACTOR_WANDER_TO_IDLE_RANDOM_LIMIT	ACTOR_WANDER_TO_IDLE_RANDOM_LIMIT	retain	src/game/actor_behavior.c:30	Reviewed as family: selection weights, range factors and random cutoffs of actor_select_next_action/awareness/turning; each named by its comparison role
enum_constant	GAME.EXE	enum@actor_behavior.c:30	ACTOR_REMAIN_IDLE_RANDOM_MIN	ACTOR_REMAIN_IDLE_RANDOM_MIN	retain	src/game/actor_behavior.c:30	Reviewed as family: selection weights, range factors and random cutoffs of actor_select_next_action/awareness/turning; each named by its comparison role
enum_constant	GAME.EXE	enum@actor_behavior.c:30	ACTOR_SPAWN_CHANCE_SHIFT	ACTOR_SPAWN_CHANCE_SHIFT	retain	src/game/actor_behavior.c:30	Reviewed as family: selection weights, range factors and random cutoffs of actor_select_next_action/awareness/turning; each named by its comparison role
enum_constant	GAME.EXE	enum@actor_behavior.c:30	ACTOR_WANDER_TURN_RANDOM_LIMIT	ACTOR_WANDER_TURN_RANDOM_LIMIT	retain	src/game/actor_behavior.c:30	Reviewed as family: selection weights, range factors and random cutoffs of actor_select_next_action/awareness/turning; each named by its comparison role
enum_constant	GAME.EXE	enum@actor_behavior.c:30	ACTOR_PURSUIT_TURN_RANDOM_LIMIT	ACTOR_PURSUIT_TURN_RANDOM_LIMIT	retain	src/game/actor_behavior.c:30	Reviewed as family: selection weights, range factors and random cutoffs of actor_select_next_action/awareness/turning; each named by its comparison role
enum_constant	GAME.EXE	enum@actor_behavior.c:30	ACTOR_HOME_TURN_RANDOM_LIMIT	ACTOR_HOME_TURN_RANDOM_LIMIT	retain	src/game/actor_behavior.c:30	Reviewed as family: selection weights, range factors and random cutoffs of actor_select_next_action/awareness/turning; each named by its comparison role
enum_constant	GAME.EXE	enum@actor_behavior.c:30	ACTOR_PURSUIT_BACKOFF_RANDOM_SHIFT	ACTOR_PURSUIT_BACKOFF_RANDOM_SHIFT	retain	src/game/actor_behavior.c:30	Reviewed as family: selection weights, range factors and random cutoffs of actor_select_next_action/awareness/turning; each named by its comparison role
enum_constant	GAME.EXE	enum@actor_behavior.c:46	ACTOR_BLOCKED_TURN_STEP	ACTOR_BLOCKED_TURN_STEP	retain	src/game/actor_behavior.c:46	Reviewed as family: vertical and charge motion limits in actor_move_xz_with_collision and the jump arm (heights, velocities, steps)
enum_constant	GAME.EXE	enum@actor_behavior.c:46	ACTOR_LONG_DROP_HEIGHT	ACTOR_LONG_DROP_HEIGHT	retain	src/game/actor_behavior.c:46	Reviewed as family: vertical and charge motion limits in actor_move_xz_with_collision and the jump arm (heights, velocities, steps)
enum_constant	GAME.EXE	enum@actor_behavior.c:46	ACTOR_DEEP_DROP_HEIGHT	ACTOR_DEEP_DROP_HEIGHT	retain	src/game/actor_behavior.c:46	Reviewed as family: vertical and charge motion limits in actor_move_xz_with_collision and the jump arm (heights, velocities, steps)
enum_constant	GAME.EXE	enum@actor_behavior.c:46	ACTOR_LONG_DROP_RANDOM_MAX	ACTOR_LONG_DROP_RANDOM_MAX	retain	src/game/actor_behavior.c:46	Reviewed as family: vertical and charge motion limits in actor_move_xz_with_collision and the jump arm (heights, velocities, steps)
enum_constant	GAME.EXE	enum@actor_behavior.c:46	ACTOR_DEEP_DROP_RANDOM_MAX	ACTOR_DEEP_DROP_RANDOM_MAX	retain	src/game/actor_behavior.c:46	Reviewed as family: vertical and charge motion limits in actor_move_xz_with_collision and the jump arm (heights, velocities, steps)
enum_constant	GAME.EXE	enum@actor_behavior.c:46	ACTOR_STEP_HEIGHT_LIMIT	ACTOR_STEP_HEIGHT_LIMIT	retain	src/game/actor_behavior.c:46	Reviewed as family: vertical and charge motion limits in actor_move_xz_with_collision and the jump arm (heights, velocities, steps)
enum_constant	GAME.EXE	enum@actor_behavior.c:46	ACTOR_HIGH_STEP_HEIGHT	ACTOR_HIGH_STEP_HEIGHT	retain	src/game/actor_behavior.c:46	Reviewed as family: vertical and charge motion limits in actor_move_xz_with_collision and the jump arm (heights, velocities, steps)
enum_constant	GAME.EXE	enum@actor_behavior.c:46	ACTOR_HIGH_STEP_VELOCITY_Y	ACTOR_HIGH_STEP_VELOCITY_Y	retain	src/game/actor_behavior.c:46	Reviewed as family: vertical and charge motion limits in actor_move_xz_with_collision and the jump arm (heights, velocities, steps)
enum_constant	GAME.EXE	enum@actor_behavior.c:46	ACTOR_LOW_STEP_VELOCITY_Y	ACTOR_LOW_STEP_VELOCITY_Y	retain	src/game/actor_behavior.c:46	Reviewed as family: vertical and charge motion limits in actor_move_xz_with_collision and the jump arm (heights, velocities, steps)
enum_constant	GAME.EXE	enum@actor_behavior.c:46	ACTOR_CHARGE_LENGTH_SHIFT	ACTOR_CHARGE_LENGTH_SHIFT	retain	src/game/actor_behavior.c:46	Reviewed as family: vertical and charge motion limits in actor_move_xz_with_collision and the jump arm (heights, velocities, steps)
enum_constant	GAME.EXE	enum@actor_behavior.c:46	ACTOR_CHARGE_COMPONENT_DIVISOR	ACTOR_CHARGE_COMPONENT_DIVISOR	retain	src/game/actor_behavior.c:46	Reviewed as family: vertical and charge motion limits in actor_move_xz_with_collision and the jump arm (heights, velocities, steps)
enum_constant	GAME.EXE	enum@actor_behavior.c:46	ACTOR_JUMP_HEIGHT_THRESHOLD	ACTOR_JUMP_HEIGHT_THRESHOLD	retain	src/game/actor_behavior.c:46	Reviewed as family: vertical and charge motion limits in actor_move_xz_with_collision and the jump arm (heights, velocities, steps)
enum_constant	GAME.EXE	enum@actor_behavior.c:46	ACTOR_JUMP_SHORT_VELOCITY_Y	ACTOR_JUMP_SHORT_VELOCITY_Y	retain	src/game/actor_behavior.c:46	Reviewed as family: vertical and charge motion limits in actor_move_xz_with_collision and the jump arm (heights, velocities, steps)
enum_constant	GAME.EXE	enum@actor_behavior.c:46	ACTOR_JUMP_LONG_VELOCITY_Y	ACTOR_JUMP_LONG_VELOCITY_Y	retain	src/game/actor_behavior.c:46	Reviewed as family: vertical and charge motion limits in actor_move_xz_with_collision and the jump arm (heights, velocities, steps)
enum_constant	GAME.EXE	enum@actor_behavior.c:46	ACTOR_JUMP_SHORT_ANIMATION_STEP	ACTOR_JUMP_SHORT_ANIMATION_STEP	retain	src/game/actor_behavior.c:46	Reviewed as family: vertical and charge motion limits in actor_move_xz_with_collision and the jump arm (heights, velocities, steps)
enum_constant	GAME.EXE	enum@actor_behavior.c:46	ACTOR_JUMP_LONG_ANIMATION_STEP	ACTOR_JUMP_LONG_ANIMATION_STEP	retain	src/game/actor_behavior.c:46	Reviewed as family: vertical and charge motion limits in actor_move_xz_with_collision and the jump arm (heights, velocities, steps)
enum_constant	GAME.EXE	enum@actor_behavior.c:46	ACTOR_JUMP_BOUNCE_VELOCITY_Y	ACTOR_JUMP_BOUNCE_VELOCITY_Y	retain	src/game/actor_behavior.c:46	Reviewed as family: vertical and charge motion limits in actor_move_xz_with_collision and the jump arm (heights, velocities, steps)
enum_constant	GAME.EXE	enum@actor_behavior.c:46	ACTOR_JUMP_CEILING_VELOCITY_Y	ACTOR_JUMP_CEILING_VELOCITY_Y	retain	src/game/actor_behavior.c:46	Reviewed as family: vertical and charge motion limits in actor_move_xz_with_collision and the jump arm (heights, velocities, steps)
enum_constant	GAME.EXE	enum@actor_behavior.c:46	ACTOR_JUMP_CONTACT_STRIKING_DAMAGE	ACTOR_JUMP_CONTACT_STRIKING_DAMAGE	retain	src/game/actor_behavior.c:46	Reviewed as family: vertical and charge motion limits in actor_move_xz_with_collision and the jump arm (heights, velocities, steps)
enum_constant	GAME.EXE	enum@actor_behavior.c:69	ACTOR_PAIRED_EFFECT_X_OFFSET	ACTOR_PAIRED_EFFECT_X_OFFSET	retain	src/game/actor_behavior.c:69	Reviewed as family: effect aiming, fallback and standoff values of actor_spawn_action_effect
enum_constant	GAME.EXE	enum@actor_behavior.c:69	ACTOR_EFFECT_AIM_RANGE	ACTOR_EFFECT_AIM_RANGE	retain	src/game/actor_behavior.c:69	Reviewed as family: effect aiming, fallback and standoff values of actor_spawn_action_effect
enum_constant	GAME.EXE	enum@actor_behavior.c:69	ACTOR_PROPAGATING_EFFECT_SPEED	ACTOR_PROPAGATING_EFFECT_SPEED	retain	src/game/actor_behavior.c:69	Reviewed as family: effect aiming, fallback and standoff values of actor_spawn_action_effect
enum_constant	GAME.EXE	enum@actor_behavior.c:69	ACTOR_LIGHTNING_FALLBACK_PITCH	ACTOR_LIGHTNING_FALLBACK_PITCH	retain	src/game/actor_behavior.c:69	Reviewed as family: effect aiming, fallback and standoff values of actor_spawn_action_effect
enum_constant	GAME.EXE	enum@actor_behavior.c:69	ACTOR_EFFECT_FALLBACK_MOVE_COUNT	ACTOR_EFFECT_FALLBACK_MOVE_COUNT	retain	src/game/actor_behavior.c:69	Reviewed as family: effect aiming, fallback and standoff values of actor_spawn_action_effect
enum_constant	GAME.EXE	enum@actor_behavior.c:69	ACTOR_LIGHTNING_TARGET_Y_OFFSET	ACTOR_LIGHTNING_TARGET_Y_OFFSET	retain	src/game/actor_behavior.c:69	Reviewed as family: effect aiming, fallback and standoff values of actor_spawn_action_effect
enum_constant	GAME.EXE	enum@actor_behavior.c:69	ACTOR_SCATTER_TARGET_STANDOFF	ACTOR_SCATTER_TARGET_STANDOFF	retain	src/game/actor_behavior.c:69	Reviewed as family: effect aiming, fallback and standoff values of actor_spawn_action_effect
enum_constant	GAME.EXE	enum@actor_behavior.c:69	ACTOR_SPAWNER_TARGET_STANDOFF	ACTOR_SPAWNER_TARGET_STANDOFF	retain	src/game/actor_behavior.c:69	Reviewed as family: effect aiming, fallback and standoff values of actor_spawn_action_effect
enum_constant	GAME.EXE	enum@actor_behavior.c:69	ACTOR_SCATTER_GENERATIONS	ACTOR_SCATTER_GENERATIONS	retain	src/game/actor_behavior.c:69	Reviewed as family: effect aiming, fallback and standoff values of actor_spawn_action_effect
enum_constant	GAME.EXE	enum@actor_behavior.c:69	ACTOR_SCATTER_INITIAL_SCALE	ACTOR_SCATTER_INITIAL_SCALE	retain	src/game/actor_behavior.c:69	Reviewed as family: effect aiming, fallback and standoff values of actor_spawn_action_effect
enum_constant	GAME.EXE	enum@actor_behavior.c:83	ACTOR_MELEE_CONTACT_PHASE	ACTOR_MELEE_CONTACT_PHASE	retain	src/game/actor_behavior.c:83	Reviewed as family: animation contact/sound phases and boss-death scatter parameters of actor_update_current_action
enum_constant	GAME.EXE	enum@actor_behavior.c:83	ACTOR_SPECIAL_CONTACT_PHASE	ACTOR_SPECIAL_CONTACT_PHASE	retain	src/game/actor_behavior.c:83	Reviewed as family: animation contact/sound phases and boss-death scatter parameters of actor_update_current_action
enum_constant	GAME.EXE	enum@actor_behavior.c:83	ACTOR_JUMP_CONTACT_PHASE	ACTOR_JUMP_CONTACT_PHASE	retain	src/game/actor_behavior.c:83	Reviewed as family: animation contact/sound phases and boss-death scatter parameters of actor_update_current_action
enum_constant	GAME.EXE	enum@actor_behavior.c:83	ACTOR_HOME_ANIMATION_RESET_PHASE	ACTOR_HOME_ANIMATION_RESET_PHASE	retain	src/game/actor_behavior.c:83	Reviewed as family: animation contact/sound phases and boss-death scatter parameters of actor_update_current_action
enum_constant	GAME.EXE	enum@actor_behavior.c:83	ACTOR_MULTI_HIT_FORWARD_PHASE1	ACTOR_MULTI_HIT_FORWARD_PHASE1	retain	src/game/actor_behavior.c:83	Reviewed as family: animation contact/sound phases and boss-death scatter parameters of actor_update_current_action
enum_constant	GAME.EXE	enum@actor_behavior.c:83	ACTOR_MULTI_HIT_FORWARD_PHASE2	ACTOR_MULTI_HIT_FORWARD_PHASE2	retain	src/game/actor_behavior.c:83	Reviewed as family: animation contact/sound phases and boss-death scatter parameters of actor_update_current_action
enum_constant	GAME.EXE	enum@actor_behavior.c:83	ACTOR_MULTI_HIT_FORWARD_PHASE3	ACTOR_MULTI_HIT_FORWARD_PHASE3	retain	src/game/actor_behavior.c:83	Reviewed as family: animation contact/sound phases and boss-death scatter parameters of actor_update_current_action
enum_constant	GAME.EXE	enum@actor_behavior.c:83	ACTOR_MULTI_HIT_FORWARD_PHASE4	ACTOR_MULTI_HIT_FORWARD_PHASE4	retain	src/game/actor_behavior.c:83	Reviewed as family: animation contact/sound phases and boss-death scatter parameters of actor_update_current_action
enum_constant	GAME.EXE	enum@actor_behavior.c:83	ACTOR_MULTI_HIT_NEGATIVE_YAW_PHASE	ACTOR_MULTI_HIT_NEGATIVE_YAW_PHASE	retain	src/game/actor_behavior.c:83	Reviewed as family: animation contact/sound phases and boss-death scatter parameters of actor_update_current_action
enum_constant	GAME.EXE	enum@actor_behavior.c:83	ACTOR_MULTI_HIT_POSITIVE_YAW_PHASE	ACTOR_MULTI_HIT_POSITIVE_YAW_PHASE	retain	src/game/actor_behavior.c:83	Reviewed as family: animation contact/sound phases and boss-death scatter parameters of actor_update_current_action
enum_constant	GAME.EXE	enum@actor_behavior.c:83	ACTOR_DEATH_DROP_PHASE	ACTOR_DEATH_DROP_PHASE	retain	src/game/actor_behavior.c:83	Reviewed as family: animation contact/sound phases and boss-death scatter parameters of actor_update_current_action
enum_constant	GAME.EXE	enum@actor_behavior.c:83	ACTOR_GOLD_RANDOM_SHIFT	ACTOR_GOLD_RANDOM_SHIFT	retain	src/game/actor_behavior.c:83	Reviewed as family: animation contact/sound phases and boss-death scatter parameters of actor_update_current_action
enum_constant	GAME.EXE	enum@actor_behavior.c:83	ACTOR_DROP_CHANCE_RANDOM_SHIFT	ACTOR_DROP_CHANCE_RANDOM_SHIFT	retain	src/game/actor_behavior.c:83	Reviewed as family: animation contact/sound phases and boss-death scatter parameters of actor_update_current_action
enum_constant	GAME.EXE	enum@actor_behavior.c:83	ACTOR_BOSS_DEATH_SOUND_PHASE1	ACTOR_BOSS_DEATH_SOUND_PHASE1	retain	src/game/actor_behavior.c:83	Reviewed as family: animation contact/sound phases and boss-death scatter parameters of actor_update_current_action
enum_constant	GAME.EXE	enum@actor_behavior.c:83	ACTOR_BOSS_DEATH_SOUND_PHASE2	ACTOR_BOSS_DEATH_SOUND_PHASE2	retain	src/game/actor_behavior.c:83	Reviewed as family: animation contact/sound phases and boss-death scatter parameters of actor_update_current_action
enum_constant	GAME.EXE	enum@actor_behavior.c:83	ACTOR_BOSS_DEATH_SOUND_PHASE3	ACTOR_BOSS_DEATH_SOUND_PHASE3	retain	src/game/actor_behavior.c:83	Reviewed as family: animation contact/sound phases and boss-death scatter parameters of actor_update_current_action
enum_constant	GAME.EXE	enum@actor_behavior.c:83	ACTOR_BOSS_DEATH_EFFECT_PERIOD	ACTOR_BOSS_DEATH_EFFECT_PERIOD	retain	src/game/actor_behavior.c:83	Reviewed as family: animation contact/sound phases and boss-death scatter parameters of actor_update_current_action
enum_constant	GAME.EXE	enum@actor_behavior.c:83	ACTOR_BOSS_DEATH_SOUND_PERIOD	ACTOR_BOSS_DEATH_SOUND_PERIOD	retain	src/game/actor_behavior.c:83	Reviewed as family: animation contact/sound phases and boss-death scatter parameters of actor_update_current_action
enum_constant	GAME.EXE	enum@actor_behavior.c:83	ACTOR_BOSS_DEATH_SCATTER_XZ_MASK	ACTOR_BOSS_DEATH_SCATTER_XZ_MASK	retain	src/game/actor_behavior.c:83	Reviewed as family: animation contact/sound phases and boss-death scatter parameters of actor_update_current_action
enum_constant	GAME.EXE	enum@actor_behavior.c:83	ACTOR_BOSS_DEATH_SCATTER_XZ_BIAS	ACTOR_BOSS_DEATH_SCATTER_XZ_BIAS	retain	src/game/actor_behavior.c:83	Reviewed as family: animation contact/sound phases and boss-death scatter parameters of actor_update_current_action
enum_constant	GAME.EXE	enum@actor_behavior.c:83	ACTOR_BOSS_DEATH_SCATTER_Y_MASK	ACTOR_BOSS_DEATH_SCATTER_Y_MASK	retain	src/game/actor_behavior.c:83	Reviewed as family: animation contact/sound phases and boss-death scatter parameters of actor_update_current_action
enum_constant	GAME.EXE	enum@actor_behavior.c:83	ACTOR_BOSS_DEATH_LOOP_VOLUME	ACTOR_BOSS_DEATH_LOOP_VOLUME	retain	src/game/actor_behavior.c:83	Reviewed as family: animation contact/sound phases and boss-death scatter parameters of actor_update_current_action
data	GAME.EXE	actor_pool.c	actor_state	actor_state	retain	src/game/actor_pool.c:14; used by: actor_apply_damage, actor_apply_horizontal_movement, actor_apply_random_movement, actor_bind_current, actor_definitions_load, actor_initialize, actor_initialize_current, actor_initialize_slot, actor_move_along_heading, actor_move_xz_with_collision, actor_play_sound_at_phase, actor_player_distance; data_identities.tsv:game_semantic_actor_core.tsv;asm;main-loop-memset;0x720-copy;0x98-stride;128x0x48-loops;pool-relative-definition-and-current-actor-addresses	definitions, 128 actors, player transform and current/target context; used by every actor routine, collision and scripts
function	GAME.EXE	actor_pool.c	actor_pool_update	actor_pool_update	retain	src/game/actor_pool.c:17; callers: game_main_loop; function_identities.tsv:game_semantic_actor_actions.tsv;asm;CFG;xrefs;actor_pool;game_main_loop	Per-frame actor pool driver. Body: binds each slot, runs awareness and live actions, unbinds
function	GAME.EXE	actor_pool.c	actor_pool_load_placements	actor_pool_load_placements	retain	src/game/actor_pool.c:41; callers: map_resources_load; function_identities.tsv:game_semantic_map_objects.tsv;asm;CFG;xrefs;128x0x10-input;actor_pool	Loads actor placements into the pool. Body: copies KfActorPlacement fields until the 0xff terminator, frees the rest
function	GAME.EXE	actor_pool.c	actor_definitions_load	actor_definitions_load	retain	src/game/actor_pool.c:90; callers: map_resources_load; function_identities.tsv:game_semantic_map_objects.tsv;asm;CFG;xrefs;0x1c8-word-copy;typed-map-tables.md	Loads actor definitions. Body: word copy of the 12-definition table into actor_state.definitions
type	GAME.EXE	actor_pool.c	KfActorPlacementStreamState	KfActorPlacementStreamState	retain	src/game/actor_pool.c:7	local s32 state of actor_pool_load_placements: reading until the 0xff terminator, then exhausted
enum_constant	GAME.EXE	KfActorPlacementStreamState	KF_ACTOR_PLACEMENTS_READING	KF_ACTOR_PLACEMENTS_READING	retain	src/game/actor_pool.c:7	Reviewed as family: placement stream states
enum_constant	GAME.EXE	KfActorPlacementStreamState	KF_ACTOR_PLACEMENTS_EXHAUSTED	KF_ACTOR_PLACEMENTS_EXHAUSTED	retain	src/game/actor_pool.c:7	Reviewed as family: placement stream states
data	GAME.EXE	collision.c	map_cell_attribute_height_table	map_cell_attribute_height_table	retain	src/game/collision.c:11; used by: actor_update_current_action, collision_query_world, effect_collision_in_cell, magic_cast; data_identities.tsv:game_collision_attribute_data.md;asm;xrefs;2-byte-stride-by-attribute	s16 per KfMapAttribute: negative ceiling clearance above the floor (collision_query_world, jump velocity, lightning aim) or a map_cell_height_records selector (effect_map_collision)
data	GAME.EXE	collision.c	collision_target	collision_target	retain	src/game/collision.c:47; used by: collision_query_world, player_move_horizontal; data_identities.tsv:game_semantic_player_interactions.tsv;asm;xrefs;collision_query_world	written by collision_query_world when KF_COLLISION_CAPTURE_TARGET is set; read by player_move_horizontal to slide around the hit object
function	GAME.EXE	collision.c	collision_query_world	collision_query_world	retain	src/game/collision.c:57; callers: actor_apply_horizontal_movement, actor_apply_random_movement, actor_move_xz_with_collision, actor_update_current_action, effect_collision_in_cell, effect_update_dispatch, map_event_update_wander, map_object_probe_door_closing, player_move_horizontal; function_identities.tsv:game_semantic_player_interactions.tsv;asm;cfg;xrefs;ghidra;typed-callers	World collision query; name exact. Body: terrain, flag grid, player, actor, object, event tests with optional collision_target capture
function	GAME.EXE	collision_grid.c	map_floor_height_for_cell_position	map_floor_height_for_cell_position	retain	src/game/collision_grid.c:7; callers: collision_query_world, map_floor_height_at_position; function_identities.tsv:game_semantic_collision_grid.tsv;asm;cfg;xrefs;collision_query_world;three-map-grids	Floor height at a point in a given cell. Body: floor Y of a flat cell index plus half-step for oriented step cells
function	GAME.EXE	collision_grid.c	map_floor_height_at_position	map_floor_height_at_position	retain	src/game/collision_grid.c:40; callers: actor_initialize_at_home, actor_move_xz_with_collision, actor_pool_load_placements, actor_update_current_action; function_identities.tsv:game_semantic_collision_grid.tsv;asm;cfg;xrefs;actor-callers;typed-return-users	Floor height at a world position. Body: derives cell from VECTOR and delegates
function	GAME.EXE	collision_grid.c	collision_adjust_cell_occupancy	collision_adjust_cell_occupancy	retain	src/game/collision_grid.c:52; callers: actor_initialize, actor_update_current_action, map_event_pool_load, map_event_update_wander, map_floor5_weapon_transform_cutscene, map_object_pool_load, player_sync_position_to_map, player_update, player_warp_same_floor; function_identities.tsv:game_semantic_collision_grid.tsv;asm;cfg;xrefs;entity-lifecycle;lbu-lhu-callers;map_collision_flag_grid	Adjusts broad-phase occupancy counts. Body: adds delta to the low-5-bit occupancy counts of a 5x5 neighbourhood
data	GAME.EXE	effect_dispatch.c	effect_swing_probe_offsets	effect_swing_probe_offsets	retain	src/game/effect_dispatch.c:99; used by: effect_update_dispatch; data_identities.tsv:data.tsv:direct-references;asm;effect_update_dispatch;retail-initializers	two SVECTOR probe offsets (2500/4900 on Y) passed to effect_update_swinging_hazard for the short/long swing kinds
function	GAME.EXE	effect_dispatch.c	effect_update_dispatch	effect_update_dispatch	retain	src/game/effect_dispatch.c:110; callers: effect_pool_update; function_identities.tsv:asm;xrefs;effect-dispatch-table-0x80012cf8;effect_update.c	Per-kind effect update dispatcher. Body: per-kind switch over the effect record
enum_constant	GAME.EXE	enum@effect_dispatch.c:9	EFFECT_ORBIT_RADIUS	EFFECT_ORBIT_RADIUS	retain	src/game/effect_dispatch.c:9	Reviewed as family: orbit radius passed to effect_update_orbiting_projectile
enum_constant	GAME.EXE	enum@effect_dispatch.c:13	PROJECTILE_COLLISION_RADIUS	PROJECTILE_COLLISION_RADIUS	retain	src/game/effect_dispatch.c:13	Reviewed as family: projectile collision radii, roll steps, dissipate/fall/shrink steps, scatter countdowns and emitter sound range in effect_update_dispatch
enum_constant	GAME.EXE	enum@effect_dispatch.c:13	EMERGING_COLLISION_RADIUS	EMERGING_COLLISION_RADIUS	retain	src/game/effect_dispatch.c:13	Reviewed as family: projectile collision radii, roll steps, dissipate/fall/shrink steps, scatter countdowns and emitter sound range in effect_update_dispatch
enum_constant	GAME.EXE	enum@effect_dispatch.c:13	PROJECTILE_ROLL_STEP	PROJECTILE_ROLL_STEP	retain	src/game/effect_dispatch.c:13	Reviewed as family: projectile collision radii, roll steps, dissipate/fall/shrink steps, scatter countdowns and emitter sound range in effect_update_dispatch
enum_constant	GAME.EXE	enum@effect_dispatch.c:13	EMERGING_ROLL_STEP	EMERGING_ROLL_STEP	retain	src/game/effect_dispatch.c:13	Reviewed as family: projectile collision radii, roll steps, dissipate/fall/shrink steps, scatter countdowns and emitter sound range in effect_update_dispatch
enum_constant	GAME.EXE	enum@effect_dispatch.c:13	PROJECTILE_DEFAULT_ROLL_STEP	PROJECTILE_DEFAULT_ROLL_STEP	retain	src/game/effect_dispatch.c:13	Reviewed as family: projectile collision radii, roll steps, dissipate/fall/shrink steps, scatter countdowns and emitter sound range in effect_update_dispatch
enum_constant	GAME.EXE	enum@effect_dispatch.c:13	EFFECT_DISSIPATE_SCALE_STEP	EFFECT_DISSIPATE_SCALE_STEP	retain	src/game/effect_dispatch.c:13	Reviewed as family: projectile collision radii, roll steps, dissipate/fall/shrink steps, scatter countdowns and emitter sound range in effect_update_dispatch
enum_constant	GAME.EXE	enum@effect_dispatch.c:13	EMERGING_FALL_ACCELERATION	EMERGING_FALL_ACCELERATION	retain	src/game/effect_dispatch.c:13	Reviewed as family: projectile collision radii, roll steps, dissipate/fall/shrink steps, scatter countdowns and emitter sound range in effect_update_dispatch
enum_constant	GAME.EXE	enum@effect_dispatch.c:13	EMERGING_RETIRE_DEPTH	EMERGING_RETIRE_DEPTH	retain	src/game/effect_dispatch.c:13	Reviewed as family: projectile collision radii, roll steps, dissipate/fall/shrink steps, scatter countdowns and emitter sound range in effect_update_dispatch
enum_constant	GAME.EXE	enum@effect_dispatch.c:13	STATUS_PROJECTILE_SHRINK_STEP	STATUS_PROJECTILE_SHRINK_STEP	retain	src/game/effect_dispatch.c:13	Reviewed as family: projectile collision radii, roll steps, dissipate/fall/shrink steps, scatter countdowns and emitter sound range in effect_update_dispatch
enum_constant	GAME.EXE	enum@effect_dispatch.c:13	SCATTER_FINAL_COUNTDOWN	SCATTER_FINAL_COUNTDOWN	retain	src/game/effect_dispatch.c:13	Reviewed as family: projectile collision radii, roll steps, dissipate/fall/shrink steps, scatter countdowns and emitter sound range in effect_update_dispatch
enum_constant	GAME.EXE	enum@effect_dispatch.c:13	SCATTER_BRANCH_COUNTDOWN	SCATTER_BRANCH_COUNTDOWN	retain	src/game/effect_dispatch.c:13	Reviewed as family: projectile collision radii, roll steps, dissipate/fall/shrink steps, scatter countdowns and emitter sound range in effect_update_dispatch
enum_constant	GAME.EXE	enum@effect_dispatch.c:13	SCATTER_PULSE_ANGLE_SHIFT	SCATTER_PULSE_ANGLE_SHIFT	retain	src/game/effect_dispatch.c:13	Reviewed as family: projectile collision radii, roll steps, dissipate/fall/shrink steps, scatter countdowns and emitter sound range in effect_update_dispatch
enum_constant	GAME.EXE	enum@effect_dispatch.c:13	MAP_EMITTER_SOUND_RANDOM_CUTOFF	MAP_EMITTER_SOUND_RANDOM_CUTOFF	retain	src/game/effect_dispatch.c:13	Reviewed as family: projectile collision radii, roll steps, dissipate/fall/shrink steps, scatter countdowns and emitter sound range in effect_update_dispatch
enum_constant	GAME.EXE	enum@effect_dispatch.c:13	MAP_EMITTER_SOUND_MAX_DISTANCE	MAP_EMITTER_SOUND_MAX_DISTANCE	retain	src/game/effect_dispatch.c:13	Reviewed as family: projectile collision radii, roll steps, dissipate/fall/shrink steps, scatter countdowns and emitter sound range in effect_update_dispatch
enum_constant	GAME.EXE	enum@effect_dispatch.c:13	MAP_EMITTER_SOUND_ATTENUATION_DISTANCE	MAP_EMITTER_SOUND_ATTENUATION_DISTANCE	retain	src/game/effect_dispatch.c:13	Reviewed as family: projectile collision radii, roll steps, dissipate/fall/shrink steps, scatter countdowns and emitter sound range in effect_update_dispatch
enum_constant	GAME.EXE	enum@effect_dispatch.c:31	MOONLIGHT_LENGTH_STEP	MOONLIGHT_LENGTH_STEP	retain	src/game/effect_dispatch.c:31	Reviewed as family: moonlight length and trail spawn parameters
enum_constant	GAME.EXE	enum@effect_dispatch.c:31	MOONLIGHT_LENGTH_MAX	MOONLIGHT_LENGTH_MAX	retain	src/game/effect_dispatch.c:31	Reviewed as family: moonlight length and trail spawn parameters
enum_constant	GAME.EXE	enum@effect_dispatch.c:31	MOONLIGHT_NEAR_TRAIL_ANGLE	MOONLIGHT_NEAR_TRAIL_ANGLE	retain	src/game/effect_dispatch.c:31	Reviewed as family: moonlight length and trail spawn parameters
enum_constant	GAME.EXE	enum@effect_dispatch.c:31	MOONLIGHT_FAR_TRAIL_ANGLE	MOONLIGHT_FAR_TRAIL_ANGLE	retain	src/game/effect_dispatch.c:31	Reviewed as family: moonlight length and trail spawn parameters
enum_constant	GAME.EXE	enum@effect_dispatch.c:31	MOONLIGHT_NEAR_TRAIL_DISTANCE	MOONLIGHT_NEAR_TRAIL_DISTANCE	retain	src/game/effect_dispatch.c:31	Reviewed as family: moonlight length and trail spawn parameters
enum_constant	GAME.EXE	enum@effect_dispatch.c:31	MOONLIGHT_FAR_TRAIL_DISTANCE	MOONLIGHT_FAR_TRAIL_DISTANCE	retain	src/game/effect_dispatch.c:31	Reviewed as family: moonlight length and trail spawn parameters
enum_constant	GAME.EXE	enum@effect_dispatch.c:31	GROUND_TRAIL_RENDER_FRAME_COUNT	GROUND_TRAIL_RENDER_FRAME_COUNT	retain	src/game/effect_dispatch.c:31	Reviewed as family: moonlight length and trail spawn parameters
enum_constant	GAME.EXE	enum@effect_dispatch.c:41	RADIAL_BLAST_SCALE_STEP	RADIAL_BLAST_SCALE_STEP	retain	src/game/effect_dispatch.c:41	Reviewed as family: radial blast growth and player damage scale
enum_constant	GAME.EXE	enum@effect_dispatch.c:41	RADIAL_BLAST_RADIUS_STEP	RADIAL_BLAST_RADIUS_STEP	retain	src/game/effect_dispatch.c:41	Reviewed as family: radial blast growth and player damage scale
enum_constant	GAME.EXE	enum@effect_dispatch.c:41	EFFECT_PLAYER_RADIAL_SCALE_Q12	EFFECT_PLAYER_RADIAL_SCALE_Q12	retain	src/game/effect_dispatch.c:41	Reviewed as family: radial blast growth and player damage scale
enum_constant	GAME.EXE	enum@effect_dispatch.c:47	HOMING_PITCH_RANDOM_SHIFT	HOMING_PITCH_RANDOM_SHIFT	retain	src/game/effect_dispatch.c:47	Reviewed as family: homing direction randomisation and tracking steps
enum_constant	GAME.EXE	enum@effect_dispatch.c:47	HOMING_PITCH_RANDOM_BIAS	HOMING_PITCH_RANDOM_BIAS	retain	src/game/effect_dispatch.c:47	Reviewed as family: homing direction randomisation and tracking steps
enum_constant	GAME.EXE	enum@effect_dispatch.c:47	HOMING_YAW_RANDOM_SHIFT	HOMING_YAW_RANDOM_SHIFT	retain	src/game/effect_dispatch.c:47	Reviewed as family: homing direction randomisation and tracking steps
enum_constant	GAME.EXE	enum@effect_dispatch.c:47	HOMING_YAW_RANDOM_BIAS	HOMING_YAW_RANDOM_BIAS	retain	src/game/effect_dispatch.c:47	Reviewed as family: homing direction randomisation and tracking steps
enum_constant	GAME.EXE	enum@effect_dispatch.c:47	HOMING_WANDER_RANDOM_CUTOFF	HOMING_WANDER_RANDOM_CUTOFF	retain	src/game/effect_dispatch.c:47	Reviewed as family: homing direction randomisation and tracking steps
enum_constant	GAME.EXE	enum@effect_dispatch.c:47	HOMING_PLAYER_AIM_Y_OFFSET	HOMING_PLAYER_AIM_Y_OFFSET	retain	src/game/effect_dispatch.c:47	Reviewed as family: homing direction randomisation and tracking steps
enum_constant	GAME.EXE	enum@effect_dispatch.c:47	HOMING_TURN_STEP	HOMING_TURN_STEP	retain	src/game/effect_dispatch.c:47	Reviewed as family: homing direction randomisation and tracking steps
enum_constant	GAME.EXE	enum@effect_dispatch.c:47	HOMING_FORWARD_STEP	HOMING_FORWARD_STEP	retain	src/game/effect_dispatch.c:47	Reviewed as family: homing direction randomisation and tracking steps
enum_constant	GAME.EXE	enum@effect_dispatch.c:47	HOMING_ROLL_STEP	HOMING_ROLL_STEP	retain	src/game/effect_dispatch.c:47	Reviewed as family: homing direction randomisation and tracking steps
enum_constant	GAME.EXE	enum@effect_dispatch.c:59	LIGHTNING_IMPACT_RENDER_FRAME_COUNT	LIGHTNING_IMPACT_RENDER_FRAME_COUNT	retain	src/game/effect_dispatch.c:59	Reviewed as family: lightning impact frames and blast growth
enum_constant	GAME.EXE	enum@effect_dispatch.c:59	LIGHTNING_BLAST_SCALE_STEP	LIGHTNING_BLAST_SCALE_STEP	retain	src/game/effect_dispatch.c:59	Reviewed as family: lightning impact frames and blast growth
enum_constant	GAME.EXE	enum@effect_dispatch.c:59	LIGHTNING_BLAST_YAW_STEP	LIGHTNING_BLAST_YAW_STEP	retain	src/game/effect_dispatch.c:59	Reviewed as family: lightning impact frames and blast growth
enum_constant	GAME.EXE	enum@effect_dispatch.c:59	LIGHTNING_BLAST_RADIUS_STEP	LIGHTNING_BLAST_RADIUS_STEP	retain	src/game/effect_dispatch.c:59	Reviewed as family: lightning impact frames and blast growth
enum_constant	GAME.EXE	enum@effect_dispatch.c:66	GROUND_BRANCH_SCALE_STEP	GROUND_BRANCH_SCALE_STEP	retain	src/game/effect_dispatch.c:66	Reviewed as family: fire-wall branch growth/damage and visual spawn parameters
enum_constant	GAME.EXE	enum@effect_dispatch.c:66	GROUND_BRANCH_DAMAGE_PERIOD	GROUND_BRANCH_DAMAGE_PERIOD	retain	src/game/effect_dispatch.c:66	Reviewed as family: fire-wall branch growth/damage and visual spawn parameters
enum_constant	GAME.EXE	enum@effect_dispatch.c:66	GROUND_BRANCH_DAMAGE_RADIUS	GROUND_BRANCH_DAMAGE_RADIUS	retain	src/game/effect_dispatch.c:66	Reviewed as family: fire-wall branch growth/damage and visual spawn parameters
enum_constant	GAME.EXE	enum@effect_dispatch.c:66	GROUND_EFFECT_YAW_STEP	GROUND_EFFECT_YAW_STEP	retain	src/game/effect_dispatch.c:66	Reviewed as family: fire-wall branch growth/damage and visual spawn parameters
enum_constant	GAME.EXE	enum@effect_dispatch.c:66	GROUND_VISUAL_RADIUS_RANDOM_SCALE	GROUND_VISUAL_RADIUS_RANDOM_SCALE	retain	src/game/effect_dispatch.c:66	Reviewed as family: fire-wall branch growth/damage and visual spawn parameters
enum_constant	GAME.EXE	enum@effect_dispatch.c:66	GROUND_VISUAL_RADIUS_RANDOM_SHIFT	GROUND_VISUAL_RADIUS_RANDOM_SHIFT	retain	src/game/effect_dispatch.c:66	Reviewed as family: fire-wall branch growth/damage and visual spawn parameters
enum_constant	GAME.EXE	enum@effect_dispatch.c:75	GROUND_VISUAL_SCALE_STEP	GROUND_VISUAL_SCALE_STEP	retain	src/game/effect_dispatch.c:75	Reviewed as family: fire-wall visual growth/rise
enum_constant	GAME.EXE	enum@effect_dispatch.c:75	GROUND_VISUAL_RISE_STEP	GROUND_VISUAL_RISE_STEP	retain	src/game/effect_dispatch.c:75	Reviewed as family: fire-wall visual growth/rise
enum_constant	GAME.EXE	enum@effect_dispatch.c:80	ACTOR_SPAWNER_SCALE_STEP	ACTOR_SPAWNER_SCALE_STEP	retain	src/game/effect_dispatch.c:80	Reviewed as family: actor spawner growth, collision, creation and spin parameters
enum_constant	GAME.EXE	enum@effect_dispatch.c:80	ACTOR_SPAWNER_COLLISION_RADIUS	ACTOR_SPAWNER_COLLISION_RADIUS	retain	src/game/effect_dispatch.c:80	Reviewed as family: actor spawner growth, collision, creation and spin parameters
enum_constant	GAME.EXE	enum@effect_dispatch.c:80	ACTOR_SPAWNER_CREATE_Y_OFFSET	ACTOR_SPAWNER_CREATE_Y_OFFSET	retain	src/game/effect_dispatch.c:80	Reviewed as family: actor spawner growth, collision, creation and spin parameters
enum_constant	GAME.EXE	enum@effect_dispatch.c:80	ACTOR_SPAWNER_SELECTION_RANDOM_CUTOFF	ACTOR_SPAWNER_SELECTION_RANDOM_CUTOFF	retain	src/game/effect_dispatch.c:80	Reviewed as family: actor spawner growth, collision, creation and spin parameters
enum_constant	GAME.EXE	enum@effect_dispatch.c:80	ACTOR_SPAWNER_YAW_STEP	ACTOR_SPAWNER_YAW_STEP	retain	src/game/effect_dispatch.c:80	Reviewed as family: actor spawner growth, collision, creation and spin parameters
enum_constant	GAME.EXE	enum@effect_dispatch.c:80	ACTOR_SPAWNER_PITCH_STEP	ACTOR_SPAWNER_PITCH_STEP	retain	src/game/effect_dispatch.c:80	Reviewed as family: actor spawner growth, collision, creation and spin parameters
enum_constant	GAME.EXE	enum@effect_dispatch.c:80	ACTOR_SPAWNER_ROLL_STEP	ACTOR_SPAWNER_ROLL_STEP	retain	src/game/effect_dispatch.c:80	Reviewed as family: actor spawner growth, collision, creation and spin parameters
enum_constant	GAME.EXE	enum@effect_dispatch.c:90	SHORT_SWING_PROBE_LENGTH	SHORT_SWING_PROBE_LENGTH	retain	src/game/effect_dispatch.c:90	Reviewed as family: swing probe lengths used to initialise effect_swing_probe_offsets
enum_constant	GAME.EXE	enum@effect_dispatch.c:90	LONG_SWING_PROBE_LENGTH	LONG_SWING_PROBE_LENGTH	retain	src/game/effect_dispatch.c:90	Reviewed as family: swing probe lengths used to initialise effect_swing_probe_offsets
data	GAME.EXE	effect_map_collision.c	map_cell_height_records	map_cell_height_records	retain	src/game/effect_map_collision.c:8; used by: effect_collision_in_cell; data_identities.tsv:game_collision_attribute_data.md;asm;xrefs;8-byte-stride;retail-initializer	seven floor-relative rectangles selected by non-negative map_cell_attribute_height_table values in effect_map_collision
function	GAME.EXE	effect_map_collision.c	effect_map_collision	effect_map_collision	retain	src/game/effect_map_collision.c:160; callers: effect_update_dispatch, effect_update_orbiting_projectile, effect_update_swinging_hazard; function_identities.tsv:asm;xrefs;map_cell_attribute_height_table;collision_query_world	Effect-versus-map collision probe. Body: cell geometry then collision_query_world by effect target class
function	GAME.EXE	effect_map_collision.c	effect_collision_in_cell	effect_collision_in_cell	retain	src/game/effect_map_collision.c:22; callers: effect_map_collision	Cell-level part of the effect collision probe. Body: static inline of effect_map_collision for an in-range cell
data	GAME.EXE	effect_pool.c	effect_state	effect_state	retain	src/game/effect_pool.c:20; used by: actor_try_select_profiled_action, effect_map_collision, effect_pool_construct, effect_pool_find_free, effect_pool_reset, effect_pool_set_current, effect_pool_update, effect_spawn_ground_trail, effect_update_dispatch, effect_update_orbiting_projectile, effect_update_swinging_hazard, game_main_loop; data_identities.tsv:asm;game_main_loop:memset-0xd28;magic_load_records:120-words;effect_pool_sweep:48x60;effect_pool_set_current:derived-base;game-effect-state.md	magic rows, 48 effect records and current magic/record pointers; used by all effect code, magic and scripts
function	GAME.EXE	effect_pool.c	effect_pool_find_free	effect_pool_find_free	retain	src/game/effect_pool.c:26; callers: effect_pool_construct, effect_pool_spawn_floor_deformation; function_identities.tsv:asm;cfg;xrefs;game_semantic_effect_pool.tsv	Finds a free effect record. Body: first KF_EFFECT_SLOT_FREE record
function	GAME.EXE	effect_pool.c	effect_pool_construct	effect_pool_construct	retain	src/game/effect_pool.c:43; callers: actor_spawn_action_effect, actor_update_boss_death_sequence, effect_spawn_ground_branch, effect_spawn_ground_trail, effect_update_dispatch, magic_cast, map_floor5_weapon_transform_cutscene, map_object_pool_load, map_object_pool_update, player_update, player_warp_shimmer; function_identities.tsv:asm;cfg;xrefs;game_semantic_effect_pool.tsv;game-effect-constructor.md;29-caller-slot-audit;enum-field-review.md	General effect constructor. Body: initializes a record per kind from variadic slots
function	GAME.EXE	effect_pool.c	effect_pool_set_current	effect_pool_set_current	retain	src/game/effect_pool.c:405; callers: effect_pool_update; function_identities.tsv:asm;cfg;xrefs;game_semantic_effect_pool.tsv	Sets the current effect context. Body: publishes current_record and current_magic
enum_constant	GAME.EXE	enum@effect_pool.c:7	EFFECT_MOONLIGHT_INITIAL_CONTROL_BYTE	EFFECT_MOONLIGHT_INITIAL_CONTROL_BYTE	retain	src/game/effect_pool.c:7	Reviewed as family: constructor initial values per kind (moonlight bytes, wind cutter pitch, branch delay, scales)
enum_constant	GAME.EXE	enum@effect_pool.c:7	EFFECT_WIND_CUTTER_PITCH	EFFECT_WIND_CUTTER_PITCH	retain	src/game/effect_pool.c:7	Reviewed as family: constructor initial values per kind (moonlight bytes, wind cutter pitch, branch delay, scales)
enum_constant	GAME.EXE	enum@effect_pool.c:7	EFFECT_GROUND_BRANCH_DELAY	EFFECT_GROUND_BRANCH_DELAY	retain	src/game/effect_pool.c:7	Reviewed as family: constructor initial values per kind (moonlight bytes, wind cutter pitch, branch delay, scales)
enum_constant	GAME.EXE	enum@effect_pool.c:7	EFFECT_GROUND_BRANCH_SOUND_VOLUME	EFFECT_GROUND_BRANCH_SOUND_VOLUME	retain	src/game/effect_pool.c:7	Reviewed as family: constructor initial values per kind (moonlight bytes, wind cutter pitch, branch delay, scales)
enum_constant	GAME.EXE	enum@effect_pool.c:7	EFFECT_EMERGING_INITIAL_SCALE	EFFECT_EMERGING_INITIAL_SCALE	retain	src/game/effect_pool.c:7	Reviewed as family: constructor initial values per kind (moonlight bytes, wind cutter pitch, branch delay, scales)
enum_constant	GAME.EXE	enum@effect_pool.c:7	EFFECT_SHORT_SWING_SCALE	EFFECT_SHORT_SWING_SCALE	retain	src/game/effect_pool.c:7	Reviewed as family: constructor initial values per kind (moonlight bytes, wind cutter pitch, branch delay, scales)
enum_constant	GAME.EXE	enum@effect_pool.c:7	EFFECT_ORBIT_SCALE	EFFECT_ORBIT_SCALE	retain	src/game/effect_pool.c:7	Reviewed as family: constructor initial values per kind (moonlight bytes, wind cutter pitch, branch delay, scales)
enum_constant	GAME.EXE	enum@effect_pool.c:7	EFFECT_WARP_HORIZONTAL_SCALE	EFFECT_WARP_HORIZONTAL_SCALE	retain	src/game/effect_pool.c:7	Reviewed as family: constructor initial values per kind (moonlight bytes, wind cutter pitch, branch delay, scales)
data	GAME.EXE	effect_update.c	floor_deform_segments	floor_deform_segments	retain	src/game/effect_update.c:27; used by: effect_floor_deform_line; data_identities.tsv:asm;xrefs;config/evidence/game_map_script_data.md	five KfFloorDeformSegment lines consumed by effect_floor_deform_line for the harp deformation
function	GAME.EXE	effect_update.c	effect_magic_power	effect_magic_power	retain	src/game/effect_update.c:39; callers: effect_update_dispatch; function_identities.tsv:asm;cfg;xrefs;effect_update.c;game-effect-update-constants.md	Magic power used for effect damage. Body: player_state.magic when KF_EFFECT_USE_PLAYER_MAGIC else 5
function	GAME.EXE	effect_update.c	effect_floor_deform_line	effect_floor_deform_line	retain	src/game/effect_update.c:169; callers: effect_update_dispatch; function_identities.tsv:asm;cfg;xrefs;effect_update.c;game-effect-update-constants.md	Deforms one floor line. Body: interpolates floor heights along one floor_deform_segments line with a sound threshold
function	GAME.EXE	effect_update.c	effect_scatter_triple	effect_scatter_triple	retain	src/game/effect_update.c:216; callers: effect_update_dispatch; function_identities.tsv:asm;cfg;xrefs;effect_update.c;KfEffectRecord.direction.words;game-effect-scatter.md;typed-effect-records.md	Jitters the three velocity lanes of the scatter projectile; "triple" states the three-lane shape. Body: adds (rand()>>8)-64 to three halfwords
function	GAME.EXE	effect_update.c	effect_rotate_scale_offset_y	effect_rotate_scale_offset_y	retain	src/game/effect_update.c:236; callers: effect_spawn_ground_trail; function_identities.tsv:asm;cfg;xrefs;effect_update.c;game-effect-update-constants.md	Name exact. Body: Q12-scales X/Z of an offset and rotates it about Y
function	GAME.EXE	effect_update.c	effect_spawn_ground_trail	effect_spawn_ground_trail	retain	src/game/effect_update.c:252; callers: effect_update_dispatch; function_identities.tsv:asm;cfg;xrefs;effect_update.c;game-effect-update-constants.md;ground-effect-branch-domain.md	Spawns a ground-trail child. Body: child GROUND_TRAIL at a rotated/scaled offset with the parent index
function	GAME.EXE	effect_update.c	effect_spawn_ground_branch	effect_spawn_ground_branch	retain	src/game/effect_update.c:267; callers: effect_update_dispatch; function_identities.tsv:asm;cfg;xrefs;effect_update.c;game-effect-update-constants.md;ground-effect-branch-domain.md	Spawns a fire-wall ground branch child. Body: child FIRE_WALL 1500 units away at the floor
enum_constant	GAME.EXE	enum@effect_update.c:9	EFFECT_FIXED_MAGIC_POWER	EFFECT_FIXED_MAGIC_POWER	retain	src/game/effect_update.c:9	Reviewed as family: hazard/orbit collision radii, sound ranges, rise step, floor deformation and trail/branch spacing
enum_constant	GAME.EXE	enum@effect_update.c:9	EFFECT_SWING_COLLISION_RADIUS	EFFECT_SWING_COLLISION_RADIUS	retain	src/game/effect_update.c:9	Reviewed as family: hazard/orbit collision radii, sound ranges, rise step, floor deformation and trail/branch spacing
enum_constant	GAME.EXE	enum@effect_update.c:9	EFFECT_ORBIT_COLLISION_RADIUS	EFFECT_ORBIT_COLLISION_RADIUS	retain	src/game/effect_update.c:9	Reviewed as family: hazard/orbit collision radii, sound ranges, rise step, floor deformation and trail/branch spacing
enum_constant	GAME.EXE	enum@effect_update.c:9	EFFECT_SWING_ANGULAR_ACCEL	EFFECT_SWING_ANGULAR_ACCEL	retain	src/game/effect_update.c:9	Reviewed as family: hazard/orbit collision radii, sound ranges, rise step, floor deformation and trail/branch spacing
enum_constant	GAME.EXE	enum@effect_update.c:9	EFFECT_HAZARD_RISE_STEP	EFFECT_HAZARD_RISE_STEP	retain	src/game/effect_update.c:9	Reviewed as family: hazard/orbit collision radii, sound ranges, rise step, floor deformation and trail/branch spacing
enum_constant	GAME.EXE	enum@effect_update.c:9	EFFECT_HAZARD_SOUND_RANDOM_CUTOFF	EFFECT_HAZARD_SOUND_RANDOM_CUTOFF	retain	src/game/effect_update.c:9	Reviewed as family: hazard/orbit collision radii, sound ranges, rise step, floor deformation and trail/branch spacing
enum_constant	GAME.EXE	enum@effect_update.c:9	EFFECT_SWING_SOUND_MAX_DISTANCE	EFFECT_SWING_SOUND_MAX_DISTANCE	retain	src/game/effect_update.c:9	Reviewed as family: hazard/orbit collision radii, sound ranges, rise step, floor deformation and trail/branch spacing
enum_constant	GAME.EXE	enum@effect_update.c:9	EFFECT_ORBIT_SOUND_MAX_DISTANCE	EFFECT_ORBIT_SOUND_MAX_DISTANCE	retain	src/game/effect_update.c:9	Reviewed as family: hazard/orbit collision radii, sound ranges, rise step, floor deformation and trail/branch spacing
enum_constant	GAME.EXE	enum@effect_update.c:9	EFFECT_HAZARD_SOUND_ATTENUATION_DISTANCE	EFFECT_HAZARD_SOUND_ATTENUATION_DISTANCE	retain	src/game/effect_update.c:9	Reviewed as family: hazard/orbit collision radii, sound ranges, rise step, floor deformation and trail/branch spacing
enum_constant	GAME.EXE	enum@effect_update.c:9	EFFECT_ORBIT_UPDATES_PER_TURN	EFFECT_ORBIT_UPDATES_PER_TURN	retain	src/game/effect_update.c:9	Reviewed as family: hazard/orbit collision radii, sound ranges, rise step, floor deformation and trail/branch spacing
enum_constant	GAME.EXE	enum@effect_update.c:9	FLOOR_DEFORM_SOUND_PROGRESS	FLOOR_DEFORM_SOUND_PROGRESS	retain	src/game/effect_update.c:9	Reviewed as family: hazard/orbit collision radii, sound ranges, rise step, floor deformation and trail/branch spacing
enum_constant	GAME.EXE	enum@effect_update.c:9	FLOOR_DEFORM_SEGMENT_COUNT	FLOOR_DEFORM_SEGMENT_COUNT	retain	src/game/effect_update.c:9	Reviewed as family: hazard/orbit collision radii, sound ranges, rise step, floor deformation and trail/branch spacing
enum_constant	GAME.EXE	enum@effect_update.c:9	TRAIL_UNIT_SCALE_DISTANCE	TRAIL_UNIT_SCALE_DISTANCE	retain	src/game/effect_update.c:9	Reviewed as family: hazard/orbit collision radii, sound ranges, rise step, floor deformation and trail/branch spacing
enum_constant	GAME.EXE	enum@effect_update.c:9	GROUND_BRANCH_CHILD_SPACING	GROUND_BRANCH_CHILD_SPACING	retain	src/game/effect_update.c:9	Reviewed as family: hazard/orbit collision radii, sound ranges, rise step, floor deformation and trail/branch spacing
enum_constant	GAME.EXE	enum@effect_update.c:210	SCATTER_RANDOM_SHIFT	SCATTER_RANDOM_SHIFT	retain	src/game/effect_update.c:210	Reviewed as family: scatter jitter shift/bias of effect_scatter_triple
enum_constant	GAME.EXE	enum@effect_update.c:210	SCATTER_VELOCITY_BIAS	SCATTER_VELOCITY_BIAS	retain	src/game/effect_update.c:210	Reviewed as family: scatter jitter shift/bias of effect_scatter_triple
data	GAME.EXE	equipment.c	weapon_records	weapon_records	retain	src/game/equipment.c:6; used by: player_equip_weapon, player_recalculate_combat_stats, weapon_records_load_and_mirror_angles; data_identities.tsv:game_tu_equipment.tsv;game_match_campaign_30.tsv;game_semantic_player_interactions.tsv;reviewed-reloc;asm;16x0x2c-stride	KfWeaponTable loaded by weapon_records_load_and_mirror_angles, indexed by equipped weapon id in player code and renderers
data	GAME.EXE	equipment.c	armor_records	armor_records	retain	src/game/equipment.c:9; used by: armor_records_load, player_recalculate_combat_stats, player_set_equipment_slot; data_identities.tsv:game_tu_equipment.tsv;game_match_campaign_30.tsv;reviewed-reloc;asm;player_recalculate_combat_stats	KfArmorTable loaded by armor_records_load, indexed by item id minus 13 in player_set_equipment_slot/recalculate
function	GAME.EXE	equipment.c	weapon_records_load_and_mirror_angles	weapon_records_load_and_mirror_angles	retain	src/game/equipment.c:12; callers: common_resources_load; function_identities.tsv:game_tu_equipment.tsv;game_match_campaign_30.tsv;game_semantic_player_interactions.tsv;asm;xrefs;exact-C-match	Loads weapon records and mirrors their render yaw. Body: copies 16 weapon records then negates render_rotation.vy
function	GAME.EXE	equipment.c	armor_records_load	armor_records_load	retain	src/game/equipment.c:32; callers: common_resources_load; function_identities.tsv:game_tu_equipment.tsv;game_match_campaign_30.tsv;asm;xrefs;exact-C-match	Loads armor records. Body: copies 42 armor/accessory records
function	GAME.EXE	equipment.c	fixed6_ratio_step	fixed6_ratio_step	retain	src/game/equipment.c:44; callers: player_update, player_update_weapon_attack; function_identities.tsv:game_tu_equipment.tsv;game_semantic_math_lifecycle.tsv;asm;xrefs	Q6 ratio step used as charge gain; name states the arithmetic. Body: (value<<6)/(span+1)+1
data	GAME.EXE	item.c	menu_assets	menu_assets	retain	src/game/item.c:26; used by: item_load_database, menu_add_frame_quad, menu_add_marker_quad, menu_config_panel_draw, menu_draw_dialog_frame, menu_draw_item_detail, menu_draw_item_name_frame, menu_draw_name_list, menu_draw_stats_header, menu_draw_status_details, menu_draw_two_option, menu_draw_window; data_identities.tsv:game_menu_assets.md;item_load_database;menu_draw_item_name_frame;menu_draw_window_backdrop;STAT.DAT;LIBGPU.H	first COM\STAT.DAT bank copied by item_load_database; menu renderers read its quads
data	GAME.EXE	item.c	menu_window_layouts	menu_window_layouts	retain	src/game/item.c:29; used by: item_load_database, menu_draw_item_detail, menu_draw_window, menu_list_init; data_identities.tsv:game_semantic_menu_window_layouts.tsv;item_load_database;asm;0x108-stride;0x18-labels;game_menu_banks.md	second STAT.DAT bank; nine window layouts consumed by menu_draw_window/menu_list_init
data	GAME.EXE	item.c	item_name_rows	item_name_rows	retain	src/game/item.c:32; used by: item_load_database, menu_draw_item_detail, menu_draw_item_name_frame, menu_draw_name_list, menu_drop_item, menu_equip_select, menu_item_model_preview, menu_use_item_panel, shop_menu_buy, shop_menu_sell; data_identities.tsv:game_semantic_item_menu_data.tsv;item_load_database;menu-consumers;game_menu_banks.md	third STAT.DAT bank; 80 glyph rows indexed by item id in shop/menu lists
data	GAME.EXE	item.c	magic_name_rows	magic_name_rows	retain	src/game/item.c:35; used by: item_load_database, menu_draw_name_list, menu_magic_panel, menu_spell_select; data_identities.tsv:game_semantic_item_menu_data.tsv;item_load_database;menu-consumers;game_menu_banks.md	fourth STAT.DAT bank; nine spell-name glyph rows
data	GAME.EXE	item.c	item_buy_prices	item_buy_prices	retain	src/game/item.c:38; used by: item_load_database, menu_draw_item_detail, shop_menu_buy; data_identities.tsv:game_semantic_item_menu_data.tsv;item_load_database;item_menu_buy;menu_draw_item_detail;game_menu_banks.md	fifth STAT.DAT bank; [item][shop] prices read by shop_menu_buy and menu_draw_item_detail
data	GAME.EXE	item.c	item_sell_prices	item_sell_prices	retain	src/game/item.c:41; used by: item_load_database, menu_draw_item_detail, shop_menu_sell; data_identities.tsv:game_semantic_item_menu_data.tsv;item_load_database;item_menu_sell;menu_draw_item_detail;game_menu_banks.md	sixth STAT.DAT bank; read by shop_menu_sell and menu_draw_item_detail
function	GAME.EXE	item.c	item_load_database	item_load_database	retain	src/game/item.c:59; callers: game_main_loop; function_identities.tsv:game_semantic_menu_list_tiles.tsv;game_semantic_menu_window_layouts.tsv;game_semantic_item_menu_data.tsv;asm;xrefs;reconstructed-body	Loads the item database. Body: loads COM\STAT.DAT banks (menu assets, layouts, names, prices) and searches the 80 item TMD files
function	GAME.EXE	item.c	item_pickup_confirm	item_pickup_confirm	retain	src/game/item.c:419; callers: menu_enter_mode; function_identities.tsv:asm;xrefs;reconstructed-body;game-item-pickup-outcomes.md	Pickup confirmation dialog. Body: yes/no dialog incrementing player stock
enum_constant	GAME.EXE	enum@item.c:18	MENU_SHOP_VISIBLE_ROWS	MENU_SHOP_VISIBLE_ROWS	retain	src/game/item.c:18	Reviewed as family: shop list rows and pickup confirmation layout
enum_constant	GAME.EXE	enum@item.c:18	MENU_PICKUP_CONFIRM_TEXT_X	MENU_PICKUP_CONFIRM_TEXT_X	retain	src/game/item.c:18	Reviewed as family: shop list rows and pickup confirmation layout
enum_constant	GAME.EXE	enum@item.c:18	MENU_PICKUP_CONFIRM_ACCEPT_Y	MENU_PICKUP_CONFIRM_ACCEPT_Y	retain	src/game/item.c:18	Reviewed as family: shop list rows and pickup confirmation layout
enum_constant	GAME.EXE	enum@item.c:18	MENU_PICKUP_CONFIRM_DECLINE_Y	MENU_PICKUP_CONFIRM_DECLINE_Y	retain	src/game/item.c:18	Reviewed as family: shop list rows and pickup confirmation layout
function	GAME.EXE	magic.c	magic_load_records	magic_load_records	retain	src/game/magic.c:34; callers: common_resources_load; function_identities.tsv:asm;magic_records;common_resources_load;typed-record-tables.md	Loads magic records. Body: word copy of 24 magic records into effect_state.magic
function	GAME.EXE	magic.c	magic_cast	magic_cast	retain	src/game/magic.c:51; callers: player_update; function_identities.tsv:asm;xrefs;selected_magic_id;DAT_80012dc0-jump-table;effect_pool_construct	Casts the selected spell. Body: spawns spells 4..8 aimed at a cone target
enum_constant	GAME.EXE	enum@magic.c:9	MAGIC_LAUNCH_OFFSET_X	MAGIC_LAUNCH_OFFSET_X	retain	src/game/magic.c:9	Reviewed as family: magic launch offset and lightning/fire-wall targeting constants of magic_cast
enum_constant	GAME.EXE	enum@magic.c:9	MAGIC_LAUNCH_OFFSET_Y	MAGIC_LAUNCH_OFFSET_Y	retain	src/game/magic.c:9	Reviewed as family: magic launch offset and lightning/fire-wall targeting constants of magic_cast
enum_constant	GAME.EXE	enum@magic.c:9	MAGIC_LAUNCH_OFFSET_Z	MAGIC_LAUNCH_OFFSET_Z	retain	src/game/magic.c:9	Reviewed as family: magic launch offset and lightning/fire-wall targeting constants of magic_cast
enum_constant	GAME.EXE	enum@magic.c:9	LIGHTNING_UNTARGETED_PITCH	LIGHTNING_UNTARGETED_PITCH	retain	src/game/magic.c:9	Reviewed as family: magic launch offset and lightning/fire-wall targeting constants of magic_cast
enum_constant	GAME.EXE	enum@magic.c:9	LIGHTNING_UNTARGETED_UPDATES	LIGHTNING_UNTARGETED_UPDATES	retain	src/game/magic.c:9	Reviewed as family: magic launch offset and lightning/fire-wall targeting constants of magic_cast
enum_constant	GAME.EXE	enum@magic.c:9	LIGHTNING_HEIGHT_CLASS_THRESHOLD	LIGHTNING_HEIGHT_CLASS_THRESHOLD	retain	src/game/magic.c:9	Reviewed as family: magic launch offset and lightning/fire-wall targeting constants of magic_cast
enum_constant	GAME.EXE	enum@magic.c:9	LIGHTNING_DEFAULT_TARGET_Y_OFFSET	LIGHTNING_DEFAULT_TARGET_Y_OFFSET	retain	src/game/magic.c:9	Reviewed as family: magic launch offset and lightning/fire-wall targeting constants of magic_cast
enum_constant	GAME.EXE	enum@magic.c:9	LIGHTNING_LOWER_HEIGHT_Y_OFFSET	LIGHTNING_LOWER_HEIGHT_Y_OFFSET	retain	src/game/magic.c:9	Reviewed as family: magic launch offset and lightning/fire-wall targeting constants of magic_cast
enum_constant	GAME.EXE	enum@magic.c:9	FIRE_WALL_UNTARGETED_DISTANCE	FIRE_WALL_UNTARGETED_DISTANCE	retain	src/game/magic.c:9	Reviewed as family: magic launch offset and lightning/fire-wall targeting constants of magic_cast
function	GAME.EXE	map_event.c	map_event_set_current	map_event_set_current	retain	src/game/map_event.c:10; callers: map_event_pool_update; function_identities.tsv:game_semantic_camera_events.tsv;asm;xrefs;ambiguous-16-byte-FID	Sets the current map event. Body: stores map_runtime_state.current_event
function	GAME.EXE	map_event.c	map_event_refresh_dialogue_stage	map_event_refresh_dialogue_stage	retain	src/game/map_event.c:16; callers: map_event_interact, map_refresh_dialogue_stages; function_identities.tsv:game_semantic_camera_events.tsv;asm;cfg;xrefs;player_progress_state;game-map-dialogue-state.md;retail-TALK-paths	Refreshes one event's dialogue stage. Body: raises stage to highest floor up to stage_limit, resets page
function	GAME.EXE	map_event.c	map_event_advance_animation_blocking	map_event_advance_animation_blocking	retain	src/game/map_event.c:34; callers: map_interaction_dispatch; function_identities.tsv:game_semantic_camera_events.tsv;asm;cfg;frame_pacer_wait;game-map-dialogue-state.md;retail-TALK-paths	Blocking event animation advance. Body: steps animation_phase to target while rendering
function	GAME.EXE	map_event.c	map_event_pool_load	map_event_pool_load	retain	src/game/map_event.c:46; callers: map_resources_load; function_identities.tsv:game_semantic_camera_events.tsv;asm;cfg;xrefs;resource-stride	Loads map events. Body: loads up to 8 definitions until the 0xff sentinel
function	GAME.EXE	map_event.c	map_event_distance_to_point	map_event_distance_to_point	retain	src/game/map_event.c:97; callers: map_event_pool_find_overlap, map_event_pool_find_target_in_cone; function_identities.tsv:game_semantic_event_queries_matrix.tsv;asm;cfg;xrefs;SquareRoot0	Event-to-point distance. Body: bounded horizontal distance from reference_position
function	GAME.EXE	map_event.c	map_event_pool_find_target_in_cone	map_event_pool_find_target_in_cone	retain	src/game/map_event.c:120; callers: player_use_item; function_identities.tsv:game_semantic_event_queries_matrix.tsv;asm;cfg;xrefs;actor-selector-analogy;game-event-cone-search.md	Finds an event in a view cone. Body: best-facing active event
function	GAME.EXE	map_event.c	map_event_pool_find_overlap	map_event_pool_find_overlap	retain	src/game/map_event.c:161; callers: collision_query_world, map_interaction_dispatch; function_identities.tsv:game_semantic_event_queries_matrix.tsv;asm;cfg;xrefs;map_event_pool	Finds an overlapping event index. Body: first active event within radius+padding
data	GAME.EXE	map_events.c	map_runtime_state	map_runtime_state	retain	src/game/map_events.c:34; used by: actor_apply_damage, actor_transform_definition5_to6, actor_update_boss_death_sequence, collision_query_world, game_main_loop, game_state_initialize, map_action_script_floor1, map_action_script_floor2, map_action_script_floor3, map_action_script_floor5, map_ambient_script_floor1, map_ambient_script_floor2; data_identities.tsv:asm;game_main_loop:0x2360-clear;save-read-write:0x2134-copy;world-state-pool-relative-access;spinner-current-minus-544	eight map events, current event, variant buffer, two timers and the saved world block; map event, script, save and death code
function	GAME.EXE	map_events.c	map_event_timers_reset	map_event_timers_reset	retain	src/game/map_events.c:41; callers: game_main_loop; function_identities.tsv:asm;cfg;xrefs;game_main_loop-caller;sets-gate-3;sets-countdown-10	Resets the two event timers. Body: reloads dialogue_advance_gate and ambient_script_countdown
function	GAME.EXE	map_events.c	map_event_update_wander	map_event_update_wander	retain	src/game/map_events.c:48; callers: map_event_pool_update; function_identities.tsv:asm;cfg;xrefs;map_event_pool_update-dispatch;behavior-1	Wander behaviour update. Body: turns toward rotation_target, moves 20 units with collision, animates
function	GAME.EXE	map_events.c	map_event_update_animation_loop	map_event_update_animation_loop	retain	src/game/map_events.c:93; callers: map_event_pool_update; function_identities.tsv:asm;cfg;xrefs;map_event_pool_update-dispatch;behavior-2;map_runtime_state;game-map-dialogue-state.md;retail-TALK-paths	Looping-animation behaviour update. Body: phase +200 mod 4096, floor-5 loop sound
function	GAME.EXE	map_events.c	map_event_pool_update	map_event_pool_update	retain	src/game/map_events.c:111; callers: game_main_loop; function_identities.tsv:game_semantic_camera_events.tsv;asm;cfg;xrefs;game_main_loop-driver;map_event_pool	Per-frame map-event driver. Body: behaviours, dialogue page delays, ambient script countdown
function	GAME.EXE	map_events.c	map_world_state_persist	map_world_state_persist	retain	src/game/map_events.c:178; callers: map_interaction_dispatch, map_unload_floor, player_death_restart; function_identities.tsv:asm;cfg;xrefs;DAT_8009ddb4-world-state;death-restart;floor-teleport	Persists floor world state. Body: serializes events, actors, objects and drop bands into the floor record
function	GAME.EXE	map_events.c	map_unload_floor	map_unload_floor	retain	src/game/map_events.c:279; callers: player_warp_change_floor; function_identities.tsv:asm;cfg;xrefs;player_warp_change_floor-caller;pool_release_all;audio_close_vab	Floor teardown. Body: releases animation cache, closes VAB, persists world state
enum_constant	GAME.EXE	enum@map_events.c:9	MAP_AMBIENT_COUNTDOWN_RELOAD	MAP_AMBIENT_COUNTDOWN_RELOAD	retain	src/game/map_events.c:9	Reviewed as family: ambient countdown and map-event wander/loop parameters
enum_constant	GAME.EXE	enum@map_events.c:9	MAP_EVENT_WANDER_TURN_STEP	MAP_EVENT_WANDER_TURN_STEP	retain	src/game/map_events.c:9	Reviewed as family: ambient countdown and map-event wander/loop parameters
enum_constant	GAME.EXE	enum@map_events.c:9	MAP_EVENT_WANDER_VECTOR_SCALE	MAP_EVENT_WANDER_VECTOR_SCALE	retain	src/game/map_events.c:9	Reviewed as family: ambient countdown and map-event wander/loop parameters
enum_constant	GAME.EXE	enum@map_events.c:9	MAP_EVENT_WANDER_TURN_RANDOM_LIMIT	MAP_EVENT_WANDER_TURN_RANDOM_LIMIT	retain	src/game/map_events.c:9	Reviewed as family: ambient countdown and map-event wander/loop parameters
enum_constant	GAME.EXE	enum@map_events.c:9	MAP_EVENT_LOOP_SOUND_MAX_DISTANCE	MAP_EVENT_LOOP_SOUND_MAX_DISTANCE	retain	src/game/map_events.c:9	Reviewed as family: ambient countdown and map-event wander/loop parameters
enum_constant	GAME.EXE	enum@map_events.c:9	MAP_EVENT_LOOP_SOUND_ATTENUATION_DISTANCE	MAP_EVENT_LOOP_SOUND_ATTENUATION_DISTANCE	retain	src/game/map_events.c:9	Reviewed as family: ambient countdown and map-event wander/loop parameters
function	GAME.EXE	map_load.c	map_restore_floor_state	map_restore_floor_state	retain	src/game/map_load.c:37; callers: map_load_floor; function_identities.tsv:asm;cfg;xrefs;map_load.c;func_80035b5c-inverse	Restores floor world state. Body: inverse of map_world_state_persist plus per-floor setup
function	GAME.EXE	map_load.c	map_refresh_dialogue_stages	map_refresh_dialogue_stages	retain	src/game/map_load.c:211; callers: map_load_floor; function_identities.tsv:asm;cfg;xrefs;map_load.c;game-map-dialogue-state.md;retail-TALK-paths	Refreshes all event dialogue stages. Body: refreshes every active event
function	GAME.EXE	map_load.c	map_load_floor	map_load_floor	retain	src/game/map_load.c:225; callers: map_load_floor_wrapper, player_warp_change_floor; function_identities.tsv:asm;cfg;xrefs;map_load.c	Loads the current floor. Body: resources, restore, refresh, effect textures, lighting
enum_constant	GAME.EXE	enum@map_load.c:8	MAP_RESTORE_POSITION_RANDOM_BITS	MAP_RESTORE_POSITION_RANDOM_BITS	retain	src/game/map_load.c:8	Reviewed as family: restore position jitter bits
macro	GAME.EXE	map_object.c	MAP_EMITTER_VELOCITY_NUMERATOR	MAP_EMITTER_VELOCITY_NUMERATOR	retain	src/game/map_object.c:43	unsigned numerator of generic emitter projectile velocity
macro	GAME.EXE	map_object.c	MAP_FIRE_BALL_EMITTER_VELOCITY_NUMERATOR	MAP_FIRE_BALL_EMITTER_VELOCITY_NUMERATOR	retain	src/game/map_object.c:44	unsigned numerator of fire-ball emitter velocity
macro	GAME.EXE	map_object.c	MAP_BOSS_EMITTER_VELOCITY_NUMERATOR	MAP_BOSS_EMITTER_VELOCITY_NUMERATOR	retain	src/game/map_object.c:45	unsigned numerator of boss emitter velocity
data	GAME.EXE	map_object.c	gameplay_sound_refs	gameplay_sound_refs	retain	src/game/map_object.c:48; used by: effect_floor_deform_line, map_action_script_floor1, map_ambient_script_floor1, map_ambient_script_floor2, map_event_update_animation_loop, map_interaction_dispatch, map_object_pool_update, player_use_item, player_warp_shimmer; data_identities.tsv:data.tsv:direct-references;game_semantic_map_runtime.tsv;asm;packed-3-byte-records;data-repair-campaign.md:packed-array	13 SoundRefs indexed by KF_GAMEPLAY_SOUND_* from door, drop, switch, deformation, warp, key and script code
function	GAME.EXE	map_object.c	map_object_pool_find_interaction_from	map_object_pool_find_interaction_from	retain	src/game/map_object.c:72; callers: map_interaction_dispatch, player_use_item; function_identities.tsv:game_semantic_map_runtime.tsv;asm;CFG;xrefs;map_object_definitions;map_object_pool	Finds an interactable object from an index. Body: scan from start_index with hinged-door offsets and interaction_radius
function	GAME.EXE	map_object.c	map_object_start_action_if_idle	map_object_start_action_if_idle	retain	src/game/map_object.c:118; callers: map_floor5_weapon_transform_cutscene, map_interaction_dispatch, map_object_pool_load, map_object_pool_trigger_link, map_object_spawn_drop, map_object_spawn_gold_drop; function_identities.tsv:game_semantic_map_runtime.tsv;asm;CFG;xrefs;100%-exact	Name exact. Body: sets action and resets action_timer only when action is NONE
function	GAME.EXE	map_object.c	map_object_effect_pool_acquire	map_object_effect_pool_acquire	retain	src/game/map_object.c:127; callers: map_floor5_weapon_transform_cutscene, map_object_spawn_drop, map_object_spawn_gold_drop; function_identities.tsv:game_semantic_map_runtime.tsv;asm;CFG;xrefs;reserved-slot-bands	Acquires a slot in the reserved spawned-object band. Body: free or oldest slot in a reserved band by wrapping sequence
function	GAME.EXE	map_object.c	map_object_pool_trigger_link	map_object_pool_trigger_link	retain	src/game/map_object.c:227; callers: actor_update_boss_death_sequence, map_object_pool_update, map_restore_floor_state, player_use_item; function_identities.tsv:game_semantic_map_runtime.tsv;asm;CFG;xrefs;map_object_definitions;boss-death	Triggers one object link. Body: starts idle linked objects, clears emitter/restore links
function	GAME.EXE	map_object.c	map_object_pool_clear_link	map_object_pool_clear_link	retain	src/game/map_object.c:259; callers: map_event_interact, map_restore_floor_state; function_identities.tsv:game_semantic_map_runtime.tsv;asm;CFG;xrefs;map_object_definitions	Clears one object link. Body: clears matching link_id on door-like behaviours 0..8
function	GAME.EXE	map_object.c	map_object_pool_update	map_object_pool_update	retain	src/game/map_object.c:282; callers: game_main_loop; function_identities.tsv:game_semantic_map_runtime.tsv;asm;CFG;xrefs;game_main_loop;99-entry-action-jump-table	Per-frame map-object driver. Body: per-object action switch (doors, drops, emitters, hazards, switch, copy region, reveal, restore point)
enum_constant	GAME.EXE	enum@map_object.c:9	MAP_DOOR_INTERACTION_LOCAL_Z	MAP_DOOR_INTERACTION_LOCAL_Z	retain	src/game/map_object.c:9	Reviewed as family: door, drop, emitter, switch and reveal motion constants of map_object_pool_update and spawners
enum_constant	GAME.EXE	enum@map_object.c:9	MAP_GOLD_DROP_SCATTER_RADIUS	MAP_GOLD_DROP_SCATTER_RADIUS	retain	src/game/map_object.c:9	Reviewed as family: door, drop, emitter, switch and reveal motion constants of map_object_pool_update and spawners
enum_constant	GAME.EXE	enum@map_object.c:9	MAP_GOLD_DROP_INITIAL_VELOCITY_Y	MAP_GOLD_DROP_INITIAL_VELOCITY_Y	retain	src/game/map_object.c:9	Reviewed as family: door, drop, emitter, switch and reveal motion constants of map_object_pool_update and spawners
enum_constant	GAME.EXE	enum@map_object.c:9	MAP_EFFECT_SPAWN_SEQUENCE_MODULUS	MAP_EFFECT_SPAWN_SEQUENCE_MODULUS	retain	src/game/map_object.c:9	Reviewed as family: door, drop, emitter, switch and reveal motion constants of map_object_pool_update and spawners
enum_constant	GAME.EXE	enum@map_object.c:9	MAP_SWING_DOOR_YAW_STEP	MAP_SWING_DOOR_YAW_STEP	retain	src/game/map_object.c:9	Reviewed as family: door, drop, emitter, switch and reveal motion constants of map_object_pool_update and spawners
enum_constant	GAME.EXE	enum@map_object.c:9	MAP_LIFT_DOOR_Y_STEP	MAP_LIFT_DOOR_Y_STEP	retain	src/game/map_object.c:9	Reviewed as family: door, drop, emitter, switch and reveal motion constants of map_object_pool_update and spawners
enum_constant	GAME.EXE	enum@map_object.c:9	MAP_DROP_TIP_GRAVITY	MAP_DROP_TIP_GRAVITY	retain	src/game/map_object.c:9	Reviewed as family: door, drop, emitter, switch and reveal motion constants of map_object_pool_update and spawners
enum_constant	GAME.EXE	enum@map_object.c:9	MAP_DROP_TIP_INITIAL_ANGULAR_VELOCITY	MAP_DROP_TIP_INITIAL_ANGULAR_VELOCITY	retain	src/game/map_object.c:9	Reviewed as family: door, drop, emitter, switch and reveal motion constants of map_object_pool_update and spawners
enum_constant	GAME.EXE	enum@map_object.c:9	MAP_DROP_TIP_ANGULAR_ACCELERATION	MAP_DROP_TIP_ANGULAR_ACCELERATION	retain	src/game/map_object.c:9	Reviewed as family: door, drop, emitter, switch and reveal motion constants of map_object_pool_update and spawners
enum_constant	GAME.EXE	enum@map_object.c:9	MAP_DROP_SPIN_Y_STEP	MAP_DROP_SPIN_Y_STEP	retain	src/game/map_object.c:9	Reviewed as family: door, drop, emitter, switch and reveal motion constants of map_object_pool_update and spawners
enum_constant	GAME.EXE	enum@map_object.c:9	MAP_DROP_SPIN_YAW_STEP	MAP_DROP_SPIN_YAW_STEP	retain	src/game/map_object.c:9	Reviewed as family: door, drop, emitter, switch and reveal motion constants of map_object_pool_update and spawners
enum_constant	GAME.EXE	enum@map_object.c:9	MAP_DROP_BOUNCE_PITCH_STEP	MAP_DROP_BOUNCE_PITCH_STEP	retain	src/game/map_object.c:9	Reviewed as family: door, drop, emitter, switch and reveal motion constants of map_object_pool_update and spawners
enum_constant	GAME.EXE	enum@map_object.c:9	MAP_DROP_BOUNCE_GRAVITY	MAP_DROP_BOUNCE_GRAVITY	retain	src/game/map_object.c:9	Reviewed as family: door, drop, emitter, switch and reveal motion constants of map_object_pool_update and spawners
enum_constant	GAME.EXE	enum@map_object.c:9	MAP_DROP_BOUNCE_STOP_VELOCITY	MAP_DROP_BOUNCE_STOP_VELOCITY	retain	src/game/map_object.c:9	Reviewed as family: door, drop, emitter, switch and reveal motion constants of map_object_pool_update and spawners
enum_constant	GAME.EXE	enum@map_object.c:9	MAP_EMITTER_PLAYER_RANGE	MAP_EMITTER_PLAYER_RANGE	retain	src/game/map_object.c:9	Reviewed as family: door, drop, emitter, switch and reveal motion constants of map_object_pool_update and spawners
enum_constant	GAME.EXE	enum@map_object.c:9	MAP_EMITTER_COUNTDOWN_RANDOM_SHIFT	MAP_EMITTER_COUNTDOWN_RANDOM_SHIFT	retain	src/game/map_object.c:9	Reviewed as family: door, drop, emitter, switch and reveal motion constants of map_object_pool_update and spawners
enum_constant	GAME.EXE	enum@map_object.c:9	MAP_EMITTER_COUNTDOWN_BASE	MAP_EMITTER_COUNTDOWN_BASE	retain	src/game/map_object.c:9	Reviewed as family: door, drop, emitter, switch and reveal motion constants of map_object_pool_update and spawners
enum_constant	GAME.EXE	enum@map_object.c:9	MAP_BOSS_EMITTER_COUNTDOWN_BASE	MAP_BOSS_EMITTER_COUNTDOWN_BASE	retain	src/game/map_object.c:9	Reviewed as family: door, drop, emitter, switch and reveal motion constants of map_object_pool_update and spawners
enum_constant	GAME.EXE	enum@map_object.c:9	MAP_EMITTER_VELOCITY_SHIFT	MAP_EMITTER_VELOCITY_SHIFT	retain	src/game/map_object.c:9	Reviewed as family: door, drop, emitter, switch and reveal motion constants of map_object_pool_update and spawners
enum_constant	GAME.EXE	enum@map_object.c:9	MAP_FIRE_BALL_EMITTER_VELOCITY_SHIFT	MAP_FIRE_BALL_EMITTER_VELOCITY_SHIFT	retain	src/game/map_object.c:9	Reviewed as family: door, drop, emitter, switch and reveal motion constants of map_object_pool_update and spawners
enum_constant	GAME.EXE	enum@map_object.c:9	MAP_FIRE_BALL_EMITTER_Y_OFFSET	MAP_FIRE_BALL_EMITTER_Y_OFFSET	retain	src/game/map_object.c:9	Reviewed as family: door, drop, emitter, switch and reveal motion constants of map_object_pool_update and spawners
enum_constant	GAME.EXE	enum@map_object.c:9	MAP_WIND_CUTTER_EMITTER_Y_OFFSET	MAP_WIND_CUTTER_EMITTER_Y_OFFSET	retain	src/game/map_object.c:9	Reviewed as family: door, drop, emitter, switch and reveal motion constants of map_object_pool_update and spawners
enum_constant	GAME.EXE	enum@map_object.c:9	MAP_BOSS_EMITTER_X_OFFSET	MAP_BOSS_EMITTER_X_OFFSET	retain	src/game/map_object.c:9	Reviewed as family: door, drop, emitter, switch and reveal motion constants of map_object_pool_update and spawners
enum_constant	GAME.EXE	enum@map_object.c:9	MAP_BOSS_EMITTER_Z_OFFSET	MAP_BOSS_EMITTER_Z_OFFSET	retain	src/game/map_object.c:9	Reviewed as family: door, drop, emitter, switch and reveal motion constants of map_object_pool_update and spawners
enum_constant	GAME.EXE	enum@map_object.c:9	MAP_BOSS_EMITTER_Y_OFFSET	MAP_BOSS_EMITTER_Y_OFFSET	retain	src/game/map_object.c:9	Reviewed as family: door, drop, emitter, switch and reveal motion constants of map_object_pool_update and spawners
enum_constant	GAME.EXE	enum@map_object.c:9	MAP_BOSS_EMITTER_SOUND_RANDOM_LIMIT	MAP_BOSS_EMITTER_SOUND_RANDOM_LIMIT	retain	src/game/map_object.c:9	Reviewed as family: door, drop, emitter, switch and reveal motion constants of map_object_pool_update and spawners
enum_constant	GAME.EXE	enum@map_object.c:9	MAP_EFFECT_SWITCH_PHASE_STEP	MAP_EFFECT_SWITCH_PHASE_STEP	retain	src/game/map_object.c:9	Reviewed as family: door, drop, emitter, switch and reveal motion constants of map_object_pool_update and spawners
enum_constant	GAME.EXE	enum@map_object.c:9	MAP_REVEAL_LIFT	MAP_REVEAL_LIFT	retain	src/game/map_object.c:9	Reviewed as family: door, drop, emitter, switch and reveal motion constants of map_object_pool_update and spawners
enum_constant	GAME.EXE	enum@map_object.c:9	MAP_RESTORE_POINT_YAW_STEP	MAP_RESTORE_POINT_YAW_STEP	retain	src/game/map_object.c:9	Reviewed as family: door, drop, emitter, switch and reveal motion constants of map_object_pool_update and spawners
data	GAME.EXE	map_object_pool.c	map_copy_regions	map_copy_regions	retain	src/game/map_object_pool.c:25; used by: map_apply_copy_region; data_identities.tsv:data.tsv:direct-references;game_semantic_map_objects.tsv;asm;5x6-byte-records;game-map-copy-region-source.md	five KfMapCopyRegion rectangles applied by map_apply_copy_region
data	GAME.EXE	map_object_pool.c	map_object_state	map_object_state	retain	src/game/map_object_pool.c:34; used by: collision_query_world, game_main_loop, map_ambient_script_floor1, map_floor5_weapon_transform_cutscene, map_interaction_dispatch, map_object_definitions_load, map_object_effect_pool_acquire, map_object_mark_collision_edge, map_object_pool_clear, map_object_pool_clear_link, map_object_pool_find_interaction_from, map_object_pool_find_near_point; data_identities.tsv:asm;base-register;map_object_pool_clear_link;data-repair-campaign.md	160 definitions, 190 objects and the drop-band sequences; map object, script, collision and save code
function	GAME.EXE	map_object_pool.c	map_apply_copy_region	map_apply_copy_region	retain	src/game/map_object_pool.c:37; callers: map_action_script_floor1, map_ambient_script_floor5, map_object_pool_update, map_restore_floor_state; function_identities.tsv:game_semantic_map_objects.tsv;asm;CFG;xrefs;map_copy_regions;five-map-layers	Applies one map copy region. Body: copies a rectangle across all five map grids
function	GAME.EXE	map_object_pool.c	map_object_mark_collision_edge	map_object_mark_collision_edge	retain	src/game/map_object_pool.c:78; callers: map_object_pool_load, map_object_pool_update; function_identities.tsv:game_semantic_map_objects.tsv;asm;CFG;xrefs;map_object_definitions;map-collision-layer;strict-enum-audit.md	Marks door collision cells. Body: writes door cells into map_collision_grid by behaviour and yaw
function	GAME.EXE	map_object_pool.c	map_object_pool_clear	map_object_pool_clear	retain	src/game/map_object_pool.c:171; callers: game_main_loop; function_identities.tsv:game_semantic_map_objects.tsv;asm;CFG;xrefs;190x0x2c-loop;game-main	Clears the map-object pool. Body: frees 190 records and zeroes the three drop sequences
function	GAME.EXE	map_object_pool.c	map_object_definitions_load	map_object_definitions_load	retain	src/game/map_object_pool.c:192; callers: common_resources_load; function_identities.tsv:game_semantic_map_objects.tsv;game_semantic_map_runtime.tsv;asm;CFG;xrefs;160x8;0x140-word-copy;typed-map-tables.md	Loads map-object definitions. Body: word copy of 160 definitions
function	GAME.EXE	map_object_pool.c	map_object_pool_load	map_object_pool_load	retain	src/game/map_object_pool.c:210; callers: map_resources_load; function_identities.tsv:game_semantic_map_objects.tsv;asm;CFG;xrefs;190x0x14-input;map_object_pool	Loads map-object placements. Body: placements until sentinel, hazard effects, reveal pieces, restore points, collision edges
function	GAME.EXE	map_object_pool.c	map_object_distance_to_point	map_object_distance_to_point	retain	src/game/map_object_pool.c:321; callers: map_object_pool_find_interaction_from, map_object_pool_find_near_point; function_identities.tsv:game_semantic_map_runtime.tsv;asm;CFG;xrefs;SquareRoot0	Object-to-point distance. Body: bounded X/Z distance or -1
function	GAME.EXE	map_object_pool.c	map_object_pool_find_near_point	map_object_pool_find_near_point	retain	src/game/map_object_pool.c:343; callers: collision_query_world, map_ambient_script_floor1; function_identities.tsv:game_semantic_map_runtime.tsv;asm;CFG;xrefs;map_object_definitions;map_object_pool	Finds a colliding object near a point. Body: first object whose collision radius plus padding contains the point
enum_constant	GAME.EXE	enum@map_object_pool.c:14	MAP_DOOR_CLOSING_PROBE_RADIUS	MAP_DOOR_CLOSING_PROBE_RADIUS	retain	src/game/map_object_pool.c:14	Reviewed as family: door-closing probe radius
macro	GAME.EXE	map_scripts.c	MAP_DIALOGUE_TRIGGER_MASK	MAP_DIALOGUE_TRIGGER_MASK	retain	src/game/map_scripts.c:63	mask of stage/page/delay in the dialogue word
macro	GAME.EXE	map_scripts.c	MAP_DIALOGUE_STARTED	MAP_DIALOGUE_STARTED	retain	src/game/map_scripts.c:64	packed word of a stage's first page with a fresh delay
data	GAME.EXE	map_scripts.c	map_floor5_camera_path	map_floor5_camera_path	retain	src/game/map_scripts.c:70; used by: map_floor5_weapon_transform_cutscene; data_identities.tsv:asm;xrefs;config/evidence/game_map_script_data.md	one KfCameraPathPoint plus terminator used by map_floor5_weapon_transform_cutscene
data	GAME.EXE	map_scripts.c	map_floor1_sound_position	map_floor1_sound_position	retain	src/game/map_scripts.c:76; used by: map_ambient_script_floor1; data_identities.tsv:asm;xrefs;config/evidence/game_map_script_data.md	VECTOR passed to audio_play_spatial_default_range by map_ambient_script_floor1
data	GAME.EXE	map_scripts.c	map_screen_image_path	map_screen_image_path	retain	src/game/map_scripts.c:84; used by: map_show_screen_image; data_identities.tsv:asm;xrefs;config/evidence/game_map_script_data.md	mutable KAN\\Bf\\Kgnn.TIM path patched by map_show_screen_image
function	GAME.EXE	map_scripts.c	actor_pool_find_at_tile	actor_pool_find_at_tile	retain	src/game/map_scripts.c:91; callers: map_ambient_script_floor1, map_restore_floor_state; function_identities.tsv:asm;cfg;xrefs;map_floor_scripts.c	Finds an actor by placement tile. Body: first live actor with matching tile_x/tile_z
function	GAME.EXE	map_scripts.c	map_ambient_script_floor1	map_ambient_script_floor1	retain	src/game/map_scripts.c:107; callers: map_event_pool_update; function_identities.tsv:asm;cfg;xrefs;map_event_pool_update-dispatch;current_floor==1	Floor-1 ambient script. Body: revival sound and two area triggers
function	GAME.EXE	map_scripts.c	map_ambient_script_floor2	map_ambient_script_floor2	retain	src/game/map_scripts.c:174; callers: map_event_pool_update; function_identities.tsv:asm;cfg;xrefs;map_event_pool_update-dispatch;current_floor==2	Floor-2 ambient script. Body: floor-2 ambient: harp sound during event 1 stage 2 pages 1-2
function	GAME.EXE	map_scripts.c	map_ambient_script_floor3	map_ambient_script_floor3	retain	src/game/map_scripts.c:186; callers: map_event_pool_update; function_identities.tsv:asm;cfg;xrefs;map_event_pool_update-dispatch;current_floor==3	Floor-3 ambient script. Body: floor-3 ambient: vitals restore and spell teaching in a fixed cell range
function	GAME.EXE	map_scripts.c	map_ambient_script_floor4	map_ambient_script_floor4	retain	src/game/map_scripts.c:205; callers: map_event_pool_update; function_identities.tsv:asm;cfg;xrefs;map_event_pool_update-dispatch;current_floor==4;empty-stub	Floor-4 ambient script slot. Body: empty floor-4 ambient slot
function	GAME.EXE	map_scripts.c	map_ambient_script_floor5	map_ambient_script_floor5	retain	src/game/map_scripts.c:211; callers: map_event_pool_update; function_identities.tsv:asm;cfg;xrefs;map_event_pool_update-dispatch;current_floor==5;one-shot-reveal	Floor-5 ambient script. Body: floor-5 ambient: one-time boss encounter start at a fixed cell and heading
function	GAME.EXE	map_scripts.c	map_action_script_floor1	map_action_script_floor1	retain	src/game/map_scripts.c:238; callers: map_interaction_dispatch; function_identities.tsv:asm;cfg;xrefs;map_interaction_dispatch-switch;current_floor==1	Floor-1 action script. Body: opens the passage with the Dragon Chalice
function	GAME.EXE	map_scripts.c	map_action_script_floor2	map_action_script_floor2	retain	src/game/map_scripts.c:291; callers: map_interaction_dispatch; function_identities.tsv:asm;cfg;xrefs;map_interaction_dispatch-switch;current_floor==2	Floor-2 action script. Body: floor-2 action: runs the event transfer fade after event 3's stage-2 page
function	GAME.EXE	map_scripts.c	map_action_script_floor3	map_action_script_floor3	retain	src/game/map_scripts.c:302; callers: map_interaction_dispatch; function_identities.tsv:asm;cfg;xrefs;map_interaction_dispatch-switch;current_floor==3	Floor-3 action script. Body: floor-3 action: teaches Wind Cutter and Fire Ball by item/dialogue state
function	GAME.EXE	map_scripts.c	map_action_script_floor4	map_action_script_floor4	retain	src/game/map_scripts.c:321; callers: map_interaction_dispatch; function_identities.tsv:asm;cfg;xrefs;map_interaction_dispatch-switch;current_floor==4;empty-stub	Floor-4 action script slot. Body: empty floor-4 action slot
function	GAME.EXE	map_scripts.c	map_action_script_floor5	map_action_script_floor5	retain	src/game/map_scripts.c:422; callers: map_interaction_dispatch; function_identities.tsv:asm;cfg;xrefs;map_interaction_dispatch-switch;current_floor==5	Floor-5 action script. Body: floor-5 action: runs the weapon-transform cutscene at event 1's stage-5 page
function	GAME.EXE	map_scripts.c	map_event_interact	map_event_interact	retain	src/game/map_scripts.c:432; callers: map_interaction_dispatch; function_identities.tsv:asm;cfg;xrefs;character-id-switch;progress-flags;talk_show_dialogue_page;game-map-dialogue-state.md;retail-TALK-paths	Interaction with one map event. Body: character item exchanges and dialogue page display
function	GAME.EXE	map_scripts.c	map_show_screen_image	map_show_screen_image	retain	src/game/map_scripts.c:509; callers: map_interaction_dispatch; function_identities.tsv:asm;cfg;xrefs;path-template;current_floor-digit;screen_show_image_until_input	Shows a signboard/inscription image; index is the image number from link_id. Body: patches KAN path with floor/group/index
function	GAME.EXE	map_scripts.c	map_interaction_dispatch	map_interaction_dispatch	retain	src/game/map_scripts.c:521; callers: player_update; function_identities.tsv:game_semantic_menu_interaction_api.tsv;asm;cfg;xrefs;forward-probe;map_event_pool_find_overlap;map_object interaction;per-floor-action-switch	Player interaction dispatcher. Body: attribute notification, event/object interaction, floor action script
type	GAME.EXE	map_scripts.c	KfMapWeaponTransformPhase	KfMapWeaponTransformPhase	retain	src/game/map_scripts.c:16	spin-up/spin-down phases of map_floor5_weapon_transform_cutscene
enum_constant	GAME.EXE	KfMapWeaponTransformPhase	MAP_WEAPON_TRANSFORM_SPIN_UP	MAP_WEAPON_TRANSFORM_SPIN_UP	retain	src/game/map_scripts.c:16	Reviewed as family: cutscene phases
enum_constant	GAME.EXE	KfMapWeaponTransformPhase	MAP_WEAPON_TRANSFORM_SPIN_DOWN	MAP_WEAPON_TRANSFORM_SPIN_DOWN	retain	src/game/map_scripts.c:16	Reviewed as family: cutscene phases
type	GAME.EXE	map_scripts.c	KfMapImageGroup	KfMapImageGroup	retain	src/game/map_scripts.c:21	signboard/inscription digit patched into the KAN path by map_show_screen_image
enum_constant	GAME.EXE	KfMapImageGroup	MAP_IMAGE_GROUP_SIGNBOARD	MAP_IMAGE_GROUP_SIGNBOARD	retain	src/game/map_scripts.c:21	Reviewed as family: image groups
enum_constant	GAME.EXE	KfMapImageGroup	MAP_IMAGE_GROUP_INSCRIPTION	MAP_IMAGE_GROUP_INSCRIPTION	retain	src/game/map_scripts.c:21	Reviewed as family: image groups
enum_constant	GAME.EXE	enum@map_scripts.c:26	MAP_WEAPON_TRANSFORM_HOLD_UPDATES	MAP_WEAPON_TRANSFORM_HOLD_UPDATES	retain	src/game/map_scripts.c:26	Reviewed as family: weapon-transform timing, shop sequence index and floor-3 dialogue door link
enum_constant	GAME.EXE	enum@map_scripts.c:26	MAP_WEAPON_TRANSFORM_SWAP_COUNTDOWN	MAP_WEAPON_TRANSFORM_SWAP_COUNTDOWN	retain	src/game/map_scripts.c:26	Reviewed as family: weapon-transform timing, shop sequence index and floor-3 dialogue door link
enum_constant	GAME.EXE	enum@map_scripts.c:26	MAP_SHOP_SEQUENCE_INDEX	MAP_SHOP_SEQUENCE_INDEX	retain	src/game/map_scripts.c:26	Reviewed as family: weapon-transform timing, shop sequence index and floor-3 dialogue door link
enum_constant	GAME.EXE	enum@map_scripts.c:26	MAP_FLOOR3_DIALOGUE_DOOR_LINK	MAP_FLOOR3_DIALOGUE_DOOR_LINK	retain	src/game/map_scripts.c:26	Reviewed as family: weapon-transform timing, shop sequence index and floor-3 dialogue door link
enum_constant	GAME.EXE	enum@map_scripts.c:33	MAP_FLOOR1_AMBIENT_VOLUME	MAP_FLOOR1_AMBIENT_VOLUME	retain	src/game/map_scripts.c:33	Reviewed as family: script volumes, search padding, boss-encounter heading window, weapon-transform and container camera constants
enum_constant	GAME.EXE	enum@map_scripts.c:33	MAP_SCRIPT_OBJECT_SEARCH_PADDING	MAP_SCRIPT_OBJECT_SEARCH_PADDING	retain	src/game/map_scripts.c:33	Reviewed as family: script volumes, search padding, boss-encounter heading window, weapon-transform and container camera constants
enum_constant	GAME.EXE	enum@map_scripts.c:33	MAP_FLOOR2_AMBIENT_RANDOM_LIMIT	MAP_FLOOR2_AMBIENT_RANDOM_LIMIT	retain	src/game/map_scripts.c:33	Reviewed as family: script volumes, search padding, boss-encounter heading window, weapon-transform and container camera constants
enum_constant	GAME.EXE	enum@map_scripts.c:33	MAP_BOSS_REVEAL_YAW_MIN	MAP_BOSS_REVEAL_YAW_MIN	retain	src/game/map_scripts.c:33	Reviewed as family: script volumes, search padding, boss-encounter heading window, weapon-transform and container camera constants
enum_constant	GAME.EXE	enum@map_scripts.c:33	MAP_BOSS_REVEAL_YAW_END	MAP_BOSS_REVEAL_YAW_END	retain	src/game/map_scripts.c:33	Reviewed as family: script volumes, search padding, boss-encounter heading window, weapon-transform and container camera constants
enum_constant	GAME.EXE	enum@map_scripts.c:33	MAP_PASSAGE_OPEN_SOUND_VOLUME	MAP_PASSAGE_OPEN_SOUND_VOLUME	retain	src/game/map_scripts.c:33	Reviewed as family: script volumes, search padding, boss-encounter heading window, weapon-transform and container camera constants
enum_constant	GAME.EXE	enum@map_scripts.c:33	MAP_WEAPON_TRANSFORM_HEIGHT	MAP_WEAPON_TRANSFORM_HEIGHT	retain	src/game/map_scripts.c:33	Reviewed as family: script volumes, search padding, boss-encounter heading window, weapon-transform and container camera constants
enum_constant	GAME.EXE	enum@map_scripts.c:33	MAP_WEAPON_TRANSFORM_BLAST_HEIGHT	MAP_WEAPON_TRANSFORM_BLAST_HEIGHT	retain	src/game/map_scripts.c:33	Reviewed as family: script volumes, search padding, boss-encounter heading window, weapon-transform and container camera constants
enum_constant	GAME.EXE	enum@map_scripts.c:33	MAP_WEAPON_TRANSFORM_MAX_YAW_STEP	MAP_WEAPON_TRANSFORM_MAX_YAW_STEP	retain	src/game/map_scripts.c:33	Reviewed as family: script volumes, search padding, boss-encounter heading window, weapon-transform and container camera constants
enum_constant	GAME.EXE	enum@map_scripts.c:33	MAP_WEAPON_TRANSFORM_YAW_ACCELERATION	MAP_WEAPON_TRANSFORM_YAW_ACCELERATION	retain	src/game/map_scripts.c:33	Reviewed as family: script volumes, search padding, boss-encounter heading window, weapon-transform and container camera constants
enum_constant	GAME.EXE	enum@map_scripts.c:33	MAP_ATTRIBUTE_PROBE_DISTANCE	MAP_ATTRIBUTE_PROBE_DISTANCE	retain	src/game/map_scripts.c:33	Reviewed as family: script volumes, search padding, boss-encounter heading window, weapon-transform and container camera constants
enum_constant	GAME.EXE	enum@map_scripts.c:33	MAP_CONTAINER_CAMERA_PITCH_SPAN	MAP_CONTAINER_CAMERA_PITCH_SPAN	retain	src/game/map_scripts.c:33	Reviewed as family: script volumes, search padding, boss-encounter heading window, weapon-transform and container camera constants
enum_constant	GAME.EXE	enum@map_scripts.c:33	MAP_CONTAINER_CAMERA_PITCH_STEP	MAP_CONTAINER_CAMERA_PITCH_STEP	retain	src/game/map_scripts.c:33	Reviewed as family: script volumes, search padding, boss-encounter heading window, weapon-transform and container camera constants
enum_constant	GAME.EXE	enum@map_scripts.c:33	MAP_CONTAINER_OPEN_PITCH_STEP	MAP_CONTAINER_OPEN_PITCH_STEP	retain	src/game/map_scripts.c:33	Reviewed as family: script volumes, search padding, boss-encounter heading window, weapon-transform and container camera constants
enum_constant	GAME.EXE	enum@map_scripts.c:33	MAP_DOOR_PARTNER_SEARCH_PADDING	MAP_DOOR_PARTNER_SEARCH_PADDING	retain	src/game/map_scripts.c:33	Reviewed as family: script volumes, search padding, boss-encounter heading window, weapon-transform and container camera constants
enum_constant	GAME.EXE	enum@map_scripts.c:57	MAP_DIALOGUE_STAGE_SHIFT	MAP_DIALOGUE_STAGE_SHIFT	retain	src/game/map_scripts.c:57	Reviewed as family: packed dialogue word shifts
enum_constant	GAME.EXE	enum@map_scripts.c:57	MAP_DIALOGUE_PAGE_SHIFT	MAP_DIALOGUE_PAGE_SHIFT	retain	src/game/map_scripts.c:57	Reviewed as family: packed dialogue word shifts
enum_constant	GAME.EXE	enum@map_scripts.c:57	MAP_DIALOGUE_DELAY_SHIFT	MAP_DIALOGUE_DELAY_SHIFT	retain	src/game/map_scripts.c:57	Reviewed as family: packed dialogue word shifts
data	GAME.EXE	player_core.c	floor_entry_cells	floor_entry_cells	retain	src/game/player_core.c:56; used by: player_warp_to_floor_entry; data_identities.tsv:game_semantic_player_interactions.tsv;game_player_data.md;asm;raw-5x2-cells	per-floor x/z entry cells read by player_warp_to_floor_entry
data	GAME.EXE	player_core.c	player_rotation_snapshot	player_rotation_snapshot	retain	src/game/player_core.c:61; used by: game_main_loop; data_identities.tsv:game_semantic_actor_core.tsv;ghidra-12.0.4-memory-xref;asm;main-loop;xrefs	SVECTOR output of player_update_transform_snapshot in the main loop, fed to actor/render context
data	GAME.EXE	player_core.c	player_position_snapshot	player_position_snapshot	retain	src/game/player_core.c:64; used by: game_main_loop; data_identities.tsv:game_semantic_actor_core.tsv;ghidra-12.0.4-memory-xref;asm;main-loop;xrefs	VECTOR output of player_update_transform_snapshot in the main loop
data	GAME.EXE	player_core.c	player_level_growth_table	player_level_growth_table	retain	src/game/player_core.c:67; used by: common_resources_load, game_state_initialize, player_add_experience; data_identities.tsv:game_semantic_player_stats.tsv;asm;xrefs;runtime-copy;12-byte-stride	40 KfPlayerLevelGrowth rows read by game_state_initialize and player_add_experience
data	GAME.EXE	player_core.c	player_state	player_state	retain	src/game/player_core.c:70; used by: actor_apply_damage, actor_play_sound_at_phase, actor_show_info_image, actor_update_awareness, actor_update_current_action, audio_play_current_map_sequence, audio_play_map_sequence, audio_play_voice, camera_path_begin, collision_query_world, effect_magic_power, effect_pool_construct; data_identities.tsv:save_file_write_slot:0xe0-copy-loop;asm:registered-member-addressing;game_semantic_player_stats.tsv	saved player object read and written across player, menu, map, render and save code
function	GAME.EXE	player_core.c	player_set_equipment_slot	player_set_equipment_slot	retain	src/game/player_core.c:74; callers: game_state_initialize, menu_equip_select; function_identities.tsv:game_semantic_player_stats.tsv;asm;cfg;xrefs;equipment-menu	Sets one equipment slot. Body: stores slot id, resolves armor pointers, recalculates
function	GAME.EXE	player_core.c	player_equip_weapon	player_equip_weapon	retain	src/game/player_core.c:136; callers: game_state_initialize, map_floor5_weapon_transform_cutscene, menu_equip_select, player_update; function_identities.tsv:game_semantic_player_stats.tsv;asm;cfg;xrefs;equipment-menu;weapon-path	Equips a weapon. Body: resets charge, loads WEPnn.MIM, recalculates
function	GAME.EXE	player_core.c	player_begin_weapon_attack	player_begin_weapon_attack	retain	src/game/player_core.c:158; callers: player_update; function_identities.tsv:game_semantic_player_motion_attack.tsv;asm;cfg;xrefs;ghidra	Begins a weapon attack. Body: starts phase 0, commits charge
function	GAME.EXE	player_core.c	player_update_weapon_attack	player_update_weapon_attack	retain	src/game/player_core.c:177; callers: player_update; function_identities.tsv:game_semantic_player_motion_attack.tsv;asm;cfg;xrefs;ghidra	Per-frame weapon attack update. Body: charge, swing phase, hit volume, actor_apply_damage
function	GAME.EXE	player_core.c	game_initialize_session	game_initialize_session	retain	src/game/player_core.c:238; callers: game_main_loop; function_identities.tsv:game_semantic_player_motion_attack.tsv;asm;cfg;xrefs;ghidra	Initializes a play session. Body: camera transform, weapon buffer, game_state_initialize, default options
function	GAME.EXE	player_core.c	player_clear_motion	player_clear_motion	retain	src/game/player_core.c:254; callers: map_interaction_dispatch, menu_enter_mode, player_sync_position_to_map; function_identities.tsv:game_semantic_player_motion_attack.tsv;asm;cfg;xrefs;ghidra	Clears player motion. Body: zeroes five motion halfwords
function	GAME.EXE	player_core.c	player_sync_position_to_map	player_sync_position_to_map	retain	src/game/player_core.c:264; callers: map_resources_load, player_death_restart, player_update, player_warp_change_floor, player_warp_same_floor, player_warp_to_floor_entry; function_identities.tsv:game_semantic_player_motion_attack.tsv;asm;cfg;xrefs;ghidra	Syncs player to the map grid. Body: recomputes cell, floor and foot height, occupancy
function	GAME.EXE	player_core.c	player_distance_to_point_in_cone	player_distance_to_point_in_cone	retain	src/game/player_core.c:295; callers: actor_spawn_action_effect; function_identities.tsv:game_semantic_player_motion_attack.tsv;asm;cfg;xrefs;ghidra;player_distance_to_point;vector_xz_to_angle	Player cone distance query. Body: distance if the player lies in the point's facing cone
function	GAME.EXE	player_core.c	player_distance_to_point	player_distance_to_point	retain	src/game/player_core.c:318; callers: collision_query_world, map_object_pool_update, player_apply_radial_damage, player_distance_to_point_in_cone; function_identities.tsv:game_semantic_player_combat.tsv;asm;CFG;xrefs;SquareRoot0;camera_position	Player-to-point distance. Body: bounded distance with vertical interval
function	GAME.EXE	player_core.c	player_move_horizontal	player_move_horizontal	retain	src/game/player_core.c:367; callers: player_update; function_identities.tsv:game_semantic_player_interactions.tsv;asm;cfg;xrefs;ghidra;map-collision-grids	Moves the player horizontally. Body: collision slide, cell step limits, diagonal-cell correction
function	GAME.EXE	player_core.c	player_update_view_bob	player_update_view_bob	retain	src/game/player_core.c:534; callers: player_update; function_identities.tsv:game_semantic_player_motion_attack.tsv;asm;cfg;xrefs;ghidra;rsin	Updates the view bob. Body: phase from movement speed, sine offset
function	GAME.EXE	player_core.c	player_update_vertical_motion	player_update_vertical_motion	retain	src/game/player_core.c:548; callers: player_death_update, player_update; function_identities.tsv:game_semantic_player_motion_attack.tsv;asm;cfg;xrefs;ghidra;map-floor-grid	Updates vertical motion. Body: step/fall integration and fatal-drop tests
function	GAME.EXE	player_core.c	player_warp_to_floor_entry	player_warp_to_floor_entry	retain	src/game/player_core.c:616; callers: player_use_item; function_identities.tsv:game_semantic_player_interactions.tsv;asm;cfg;xrefs;ghidra;floor_entry_cells	Warps to the floor entry cell. Body: shimmer to floor_entry_cells of the current floor
function	GAME.EXE	player_core.c	player_update_transform_snapshot	player_update_transform_snapshot	retain	src/game/player_core.c:646; callers: game_main_loop; function_identities.tsv:game_semantic_player_interactions.tsv;asm;cfg;xrefs;ghidra;typed-consumers	Produces the per-frame player transform snapshot. Body: copies camera transform with view_rotation_offset
enum_constant	GAME.EXE	enum@player_core.c:10	PLAYER_INITIAL_POSITION_X	PLAYER_INITIAL_POSITION_X	retain	src/game/player_core.c:10	Reviewed as family: initial session position
enum_constant	GAME.EXE	enum@player_core.c:10	PLAYER_INITIAL_POSITION_Z	PLAYER_INITIAL_POSITION_Z	retain	src/game/player_core.c:10	Reviewed as family: initial session position
enum_constant	GAME.EXE	enum@player_core.c:17	PLAYER_FATAL_DROP_DISTANCE	PLAYER_FATAL_DROP_DISTANCE	retain	src/game/player_core.c:17	Reviewed as family: player vertical motion and view-bob constants
enum_constant	GAME.EXE	enum@player_core.c:17	PLAYER_FALL_ACCELERATION	PLAYER_FALL_ACCELERATION	retain	src/game/player_core.c:17	Reviewed as family: player vertical motion and view-bob constants
enum_constant	GAME.EXE	enum@player_core.c:17	PLAYER_FALL_LANDING_OVERSHOOT	PLAYER_FALL_LANDING_OVERSHOOT	retain	src/game/player_core.c:17	Reviewed as family: player vertical motion and view-bob constants
enum_constant	GAME.EXE	enum@player_core.c:17	PLAYER_STEP_UP_ACCELERATION	PLAYER_STEP_UP_ACCELERATION	retain	src/game/player_core.c:17	Reviewed as family: player vertical motion and view-bob constants
enum_constant	GAME.EXE	enum@player_core.c:17	PLAYER_FAST_STEP_MIN_SPEED	PLAYER_FAST_STEP_MIN_SPEED	retain	src/game/player_core.c:17	Reviewed as family: player vertical motion and view-bob constants
enum_constant	GAME.EXE	enum@player_core.c:17	PLAYER_FAST_STEP_UP_VELOCITY	PLAYER_FAST_STEP_UP_VELOCITY	retain	src/game/player_core.c:17	Reviewed as family: player vertical motion and view-bob constants
enum_constant	GAME.EXE	enum@player_core.c:17	PLAYER_SLOW_STEP_UP_VELOCITY	PLAYER_SLOW_STEP_UP_VELOCITY	retain	src/game/player_core.c:17	Reviewed as family: player vertical motion and view-bob constants
enum_constant	GAME.EXE	enum@player_core.c:17	PLAYER_BOB_PHASE_PER_SPEED	PLAYER_BOB_PHASE_PER_SPEED	retain	src/game/player_core.c:17	Reviewed as family: player vertical motion and view-bob constants
enum_constant	GAME.EXE	enum@player_core.c:17	PLAYER_BOB_SINE_DOWNSHIFT	PLAYER_BOB_SINE_DOWNSHIFT	retain	src/game/player_core.c:17	Reviewed as family: player vertical motion and view-bob constants
enum_constant	GAME.EXE	enum@player_core.c:29	PLAYER_WEAPON_CHARGE_DELAY_UPDATES	PLAYER_WEAPON_CHARGE_DELAY_UPDATES	retain	src/game/player_core.c:29	Reviewed as family: weapon hit window/volume and player movement collision constants
enum_constant	GAME.EXE	enum@player_core.c:29	PLAYER_COLICHEMARDE_HIT_PHASE	PLAYER_COLICHEMARDE_HIT_PHASE	retain	src/game/player_core.c:29	Reviewed as family: weapon hit window/volume and player movement collision constants
enum_constant	GAME.EXE	enum@player_core.c:29	PLAYER_WEAPON_HIT_PHASE	PLAYER_WEAPON_HIT_PHASE	retain	src/game/player_core.c:29	Reviewed as family: weapon hit window/volume and player movement collision constants
enum_constant	GAME.EXE	enum@player_core.c:29	PLAYER_WEAPON_HIT_WINDOW	PLAYER_WEAPON_HIT_WINDOW	retain	src/game/player_core.c:29	Reviewed as family: weapon hit window/volume and player movement collision constants
enum_constant	GAME.EXE	enum@player_core.c:29	PLAYER_WEAPON_HIT_Y_OFFSET	PLAYER_WEAPON_HIT_Y_OFFSET	retain	src/game/player_core.c:29	Reviewed as family: weapon hit window/volume and player movement collision constants
enum_constant	GAME.EXE	enum@player_core.c:29	PLAYER_WEAPON_HIT_RADIUS	PLAYER_WEAPON_HIT_RADIUS	retain	src/game/player_core.c:29	Reviewed as family: weapon hit window/volume and player movement collision constants
enum_constant	GAME.EXE	enum@player_core.c:29	PLAYER_WEAPON_HIT_HEIGHT	PLAYER_WEAPON_HIT_HEIGHT	retain	src/game/player_core.c:29	Reviewed as family: weapon hit window/volume and player movement collision constants
enum_constant	GAME.EXE	enum@player_core.c:29	PLAYER_COLLISION_SLIDE_CLEARANCE	PLAYER_COLLISION_SLIDE_CLEARANCE	retain	src/game/player_core.c:29	Reviewed as family: weapon hit window/volume and player movement collision constants
enum_constant	GAME.EXE	enum@player_core.c:29	PLAYER_COLLISION_DEFLECTION_ANGLE	PLAYER_COLLISION_DEFLECTION_ANGLE	retain	src/game/player_core.c:29	Reviewed as family: weapon hit window/volume and player movement collision constants
enum_constant	GAME.EXE	enum@player_core.c:29	PLAYER_MAX_STEP_RISE	PLAYER_MAX_STEP_RISE	retain	src/game/player_core.c:29	Reviewed as family: weapon hit window/volume and player movement collision constants
enum_constant	GAME.EXE	enum@player_core.c:29	PLAYER_DIAGONAL_COMPONENT_Q12	PLAYER_DIAGONAL_COMPONENT_Q12	retain	src/game/player_core.c:29	Reviewed as family: weapon hit window/volume and player movement collision constants
data	GAME.EXE	player_death.c	player_sound_refs	player_sound_refs	retain	src/game/player_death.c:40; used by: player_add_experience, player_begin_weapon_attack, player_death_begin; data_identities.tsv:data.tsv:direct-bytes;game_player_effect_data.md;asm;xrefs	three SoundRefs indexed by KF_PLAYER_SOUND_WEAPON_ATTACK/DEATH/LEVEL_UP
data	GAME.EXE	player_death.c	player_death_saved_fog_near	player_death_saved_fog_near	retain	src/game/player_death.c:47; used by: player_death_apply_visual_fade, player_death_begin, player_death_update_reverse_fade; data_identities.tsv:game_semantic_player_death.tsv;asm;xrefs;fog_interpolate_near;executable-linking.md:tail-BSS-write-before-read	written by player_death_begin, read by both death fades
data	GAME.EXE	player_death.c	player_death_saved_color_matrix	player_death_saved_color_matrix	retain	src/game/player_death.c:50; used by: player_death_begin, player_death_update; data_identities.tsv:game_semantic_player_death.tsv;asm;xrefs;ReadColorMatrix	written by player_death_begin, read by player_death_update
data	GAME.EXE	player_death.c	item_stock	item_stock	retain	src/game/player_death.c:53; used by: game_state_initialize, item_pickup_confirm, map_action_script_floor1, map_action_script_floor3, map_event_interact, map_floor5_weapon_transform_cutscene, map_restore_floor_state, menu_draw_item_detail, menu_drop_item, menu_equip_select, menu_item_model_preview, menu_use_item_panel; data_identities.tsv:asm;xrefs;game_state_initialize;item_menu_buy;item_menu_sell;save_file_write_slot;save_file_read_slot;0xf0-clear-copy	[bank][item] quantities: player bank 0 and two shop banks; item, shop, scripts, save code
function	GAME.EXE	player_death.c	player_death_begin	player_death_begin	retain	src/game/player_death.c:63; callers: player_adjust_hp, player_update, player_update_vertical_motion; function_identities.tsv:game_semantic_player_death.tsv;asm;cfg;xrefs;ReadColorMatrix;sound_ref_play	Begins player death. Body: state DYING, sound, colour/fog snapshot
function	GAME.EXE	player_death.c	game_state_initialize	game_state_initialize	retain	src/game/player_death.c:79; callers: game_initialize_session, player_death_restart; function_identities.tsv:game_semantic_player_death.tsv;asm;cfg;xrefs;initialization-loops	Initializes new-game state. Body: stats, equipment, world/item stock clear, shop stock
function	GAME.EXE	player_death.c	player_death_restart	player_death_restart	retain	src/game/player_death.c:170; callers: player_death_update; function_identities.tsv:game_semantic_player_death.tsv;asm;cfg;xrefs;player_vitals	Restarts after death. Body: revival or full reset, floor reload, reverse fade
function	GAME.EXE	player_death.c	player_adjust_hp	player_adjust_hp	retain	src/game/player_death.c:217; callers: player_update; function_identities.tsv:game_semantic_player_death.tsv;asm;cfg;xrefs;player_vitals	Adjusts current HP. Body: clamps and starts death at zero
function	GAME.EXE	player_death.c	player_adjust_mp	player_adjust_mp	retain	src/game/player_death.c:236; callers: player_update; function_identities.tsv:game_semantic_player_death.tsv;asm;cfg;xrefs;player_vitals	Adjusts current MP. Body: clamps
function	GAME.EXE	player_death.c	player_recalculate_combat_stats	player_recalculate_combat_stats	retain	src/game/player_death.c:264; callers: player_add_experience, player_equip_weapon, player_increment_magic_training, player_increment_physical_power_training, player_set_equipment_slot, player_update; function_identities.tsv:game_semantic_player_stats.tsv;asm;cfg;xrefs;official-manual;equipment-records	Recalculates combat stats. Body: rebuilds attack/defense lanes and power
function	GAME.EXE	player_death.c	player_increment_physical_power_training	player_increment_physical_power_training	retain	src/game/player_death.c:408; callers: actor_apply_damage; function_identities.tsv:game_semantic_player_stats.tsv;asm;cfg;xrefs;actor_apply_damage;official-manual	Physical training increment. Body: base power +1 per 100
function	GAME.EXE	player_death.c	player_increment_magic_training	player_increment_magic_training	retain	src/game/player_death.c:424; callers: actor_apply_damage, player_use_item; function_identities.tsv:game_semantic_player_stats.tsv;asm;cfg;xrefs;actor_apply_damage;item-use;official-manual	Magic training increment. Body: base magic +1 per 100
function	GAME.EXE	player_death.c	player_add_experience	player_add_experience	retain	src/game/player_death.c:440; callers: actor_apply_damage; function_identities.tsv:game_semantic_player_stats.tsv;asm;cfg;xrefs;actor-definition;level-growth-table	Adds experience. Body: level thresholds and growth
function	GAME.EXE	player_death.c	player_calculate_damage_component	player_calculate_damage_component	retain	src/game/player_death.c:500; callers: player_apply_damage; function_identities.tsv:game_semantic_player_combat.tsv;asm;CFG;xrefs;actor-damage-analogue	One component of the player-side damage formula; first parameter renamed to defender_power. Body: defense plus defender power/5 threshold against attack
function	GAME.EXE	player_death.c	player_apply_damage	player_apply_damage	retain	src/game/player_death.c:526; callers: actor_try_attack_player, actor_update_current_action, effect_update_dispatch, effect_update_orbiting_projectile, effect_update_swinging_hazard, player_apply_radial_damage, player_update; function_identities.tsv:game_semantic_player_combat.tsv;asm;CFG;xrefs;player_vitals;enum-field-review.md	Applies damage to the player. Body: status effects then five defended components
function	GAME.EXE	player_death.c	player_apply_radial_damage	player_apply_radial_damage	retain	src/game/player_death.c:602; callers: effect_update_dispatch; function_identities.tsv:game_semantic_player_combat.tsv;asm;CFG;xrefs;actor_pool_apply_radial_damage	Area damage to the player. Body: player distance falloff then player_apply_damage
function	GAME.EXE	player_death.c	player_select_magic	player_select_magic	retain	src/game/player_death.c:633; callers: game_state_initialize, menu_spell_select, player_update; function_identities.tsv:game_semantic_player_stats.tsv;asm;cfg;xrefs;menu-caller;strict-enum-audit.md	Selects a spell. Body: stores magic id and record pointer, clears charge
enum_constant	GAME.EXE	enum@player_death.c:8	PLAYER_REVIVAL_POSITION_X	PLAYER_REVIVAL_POSITION_X	retain	src/game/player_death.c:8	Reviewed as family: revival and restart positions
enum_constant	GAME.EXE	enum@player_death.c:8	PLAYER_REVIVAL_POSITION_Z	PLAYER_REVIVAL_POSITION_Z	retain	src/game/player_death.c:8	Reviewed as family: revival and restart positions
enum_constant	GAME.EXE	enum@player_death.c:8	PLAYER_RESTART_POSITION_X	PLAYER_RESTART_POSITION_X	retain	src/game/player_death.c:8	Reviewed as family: revival and restart positions
enum_constant	GAME.EXE	enum@player_death.c:8	PLAYER_RESTART_POSITION_Z	PLAYER_RESTART_POSITION_Z	retain	src/game/player_death.c:8	Reviewed as family: revival and restart positions
enum_constant	GAME.EXE	enum@player_death.c:15	CURSE_PHYSICAL_POWER_PENALTY	CURSE_PHYSICAL_POWER_PENALTY	retain	src/game/player_death.c:15	Reviewed as family: curse/fire-defense stat modifiers, spell-learning thresholds and poison roll
enum_constant	GAME.EXE	enum@player_death.c:15	FIRE_DEFENSE_STATUS_BONUS	FIRE_DEFENSE_STATUS_BONUS	retain	src/game/player_death.c:15	Reviewed as family: curse/fire-defense stat modifiers, spell-learning thresholds and poison roll
enum_constant	GAME.EXE	enum@player_death.c:15	DISPOISON_REQUIRED_BASE_MAGIC	DISPOISON_REQUIRED_BASE_MAGIC	retain	src/game/player_death.c:15	Reviewed as family: curse/fire-defense stat modifiers, spell-learning thresholds and poison roll
enum_constant	GAME.EXE	enum@player_death.c:15	FIRE_WALL_REQUIRED_BASE_MAGIC	FIRE_WALL_REQUIRED_BASE_MAGIC	retain	src/game/player_death.c:15	Reviewed as family: curse/fire-defense stat modifiers, spell-learning thresholds and poison roll
enum_constant	GAME.EXE	enum@player_death.c:15	LIGHTNING_BOLT_REQUIRED_BASE_MAGIC	LIGHTNING_BOLT_REQUIRED_BASE_MAGIC	retain	src/game/player_death.c:15	Reviewed as family: curse/fire-defense stat modifiers, spell-learning thresholds and poison roll
enum_constant	GAME.EXE	enum@player_death.c:15	PLAYER_POISON_ROLL_BUCKETS	PLAYER_POISON_ROLL_BUCKETS	retain	src/game/player_death.c:15	Reviewed as family: curse/fire-defense stat modifiers, spell-learning thresholds and poison roll
enum_constant	GAME.EXE	enum@player_death.c:15	PLAYER_POISON_ROLL_SHIFT	PLAYER_POISON_ROLL_SHIFT	retain	src/game/player_death.c:15	Reviewed as family: curse/fire-defense stat modifiers, spell-learning thresholds and poison roll
enum_constant	GAME.EXE	enum@player_death.c:25	PLAYER_STARTING_GOLD	PLAYER_STARTING_GOLD	retain	src/game/player_death.c:25	Reviewed as family: starting gold/defense, accessory bonuses and damage divisors
enum_constant	GAME.EXE	enum@player_death.c:25	PLAYER_STARTING_DEFENSE	PLAYER_STARTING_DEFENSE	retain	src/game/player_death.c:25	Reviewed as family: starting gold/defense, accessory bonuses and damage divisors
enum_constant	GAME.EXE	enum@player_death.c:25	LIGHT_RING_HOLY_ATTACK_BONUS	LIGHT_RING_HOLY_ATTACK_BONUS	retain	src/game/player_death.c:25	Reviewed as family: starting gold/defense, accessory bonuses and damage divisors
enum_constant	GAME.EXE	enum@player_death.c:25	MOON_AMULET_MAGIC_DEFENSE_BONUS	MOON_AMULET_MAGIC_DEFENSE_BONUS	retain	src/game/player_death.c:25	Reviewed as family: starting gold/defense, accessory bonuses and damage divisors
enum_constant	GAME.EXE	enum@player_death.c:25	WIND_BLADE_BRACELET_FIRE_DEFENSE_BONUS	WIND_BLADE_BRACELET_FIRE_DEFENSE_BONUS	retain	src/game/player_death.c:25	Reviewed as family: starting gold/defense, accessory bonuses and damage divisors
enum_constant	GAME.EXE	enum@player_death.c:25	TWO_HEADED_DRAGON_RING_MAGIC_BONUS	TWO_HEADED_DRAGON_RING_MAGIC_BONUS	retain	src/game/player_death.c:25	Reviewed as family: starting gold/defense, accessory bonuses and damage divisors
enum_constant	GAME.EXE	enum@player_death.c:25	VERDITE_EQUIPPED_MAGIC_BONUS	VERDITE_EQUIPPED_MAGIC_BONUS	retain	src/game/player_death.c:25	Reviewed as family: starting gold/defense, accessory bonuses and damage divisors
enum_constant	GAME.EXE	enum@player_death.c:25	GOLD_CROSS_HOLY_ATTACK_BONUS	GOLD_CROSS_HOLY_ATTACK_BONUS	retain	src/game/player_death.c:25	Reviewed as family: starting gold/defense, accessory bonuses and damage divisors
enum_constant	GAME.EXE	enum@player_death.c:25	BLACK_MASK_PHYSICAL_POWER_PENALTY	BLACK_MASK_PHYSICAL_POWER_PENALTY	retain	src/game/player_death.c:25	Reviewed as family: starting gold/defense, accessory bonuses and damage divisors
enum_constant	GAME.EXE	enum@player_death.c:25	PLAYER_DAMAGE_POWER_DIVISOR	PLAYER_DAMAGE_POWER_DIVISOR	retain	src/game/player_death.c:25	Reviewed as family: starting gold/defense, accessory bonuses and damage divisors
enum_constant	GAME.EXE	enum@player_death.c:25	PLAYER_DAMAGE_THRESHOLD_MULTIPLIER	PLAYER_DAMAGE_THRESHOLD_MULTIPLIER	retain	src/game/player_death.c:25	Reviewed as family: starting gold/defense, accessory bonuses and damage divisors
function	GAME.EXE	player_death_fade.c	player_death_apply_visual_fade	player_death_apply_visual_fade	retain	src/game/player_death_fade.c:23; callers: player_death_update, player_death_update_reverse_fade; function_identities.tsv:game_semantic_player_death.tsv;asm;cfg;xrefs;matrix_interpolate;fog_interpolate_near	Applies the death visual fade. Body: colour/effect matrix, fog and HUD brightness blend
function	GAME.EXE	player_death_fade.c	player_death_update	player_death_update	retain	src/game/player_death_fade.c:34; callers: player_update; function_identities.tsv:game_semantic_player_death.tsv;asm;cfg;xrefs;dispatcher-state-0xff	Death-state update. Body: camera fall and fade, restart at completion
function	GAME.EXE	player_death_fade.c	player_death_update_reverse_fade	player_death_update_reverse_fade	retain	src/game/player_death_fade.c:75; callers: player_update; function_identities.tsv:game_semantic_player_death.tsv;asm;cfg;xrefs;dispatcher-state-0xfe	Recovery fade update. Body: reverse fade to normal
enum_constant	GAME.EXE	enum@player_death_fade.c:8	PLAYER_DEATH_BOB_THRESHOLD	PLAYER_DEATH_BOB_THRESHOLD	retain	src/game/player_death_fade.c:8	Reviewed as family: death camera fall and fade constants
enum_constant	GAME.EXE	enum@player_death_fade.c:8	PLAYER_DEATH_BOB_REST	PLAYER_DEATH_BOB_REST	retain	src/game/player_death_fade.c:8	Reviewed as family: death camera fall and fade constants
enum_constant	GAME.EXE	enum@player_death_fade.c:8	PLAYER_DEATH_INITIAL_PITCH_STEP	PLAYER_DEATH_INITIAL_PITCH_STEP	retain	src/game/player_death_fade.c:8	Reviewed as family: death camera fall and fade constants
enum_constant	GAME.EXE	enum@player_death_fade.c:8	PLAYER_DEATH_REST_PITCH_ACCELERATION	PLAYER_DEATH_REST_PITCH_ACCELERATION	retain	src/game/player_death_fade.c:8	Reviewed as family: death camera fall and fade constants
enum_constant	GAME.EXE	enum@player_death_fade.c:8	PLAYER_DEATH_FALL_ACCELERATION	PLAYER_DEATH_FALL_ACCELERATION	retain	src/game/player_death_fade.c:8	Reviewed as family: death camera fall and fade constants
enum_constant	GAME.EXE	enum@player_death_fade.c:8	PLAYER_DEATH_PITCH_MIN	PLAYER_DEATH_PITCH_MIN	retain	src/game/player_death_fade.c:8	Reviewed as family: death camera fall and fade constants
enum_constant	GAME.EXE	enum@player_death_fade.c:8	PLAYER_DEATH_FADE_STEP	PLAYER_DEATH_FADE_STEP	retain	src/game/player_death_fade.c:8	Reviewed as family: death camera fall and fade constants
function	GAME.EXE	player_status_effect4.c	player_apply_fire_defense_boost	player_apply_fire_defense_boost	retain	src/game/player_status_effect4.c:5; callers: menu_magic_panel; function_identities.tsv:game_semantic_player_update.tsv;asm;cfg;xrefs;player-status-effect4-timer;game-player-statuses.md;fire-defense-component	Starts the fire-defense boost. Body: sets fire_defense_timer and status bit
data	GAME.EXE	player_update.c	player_darkness_color_matrix	player_darkness_color_matrix	retain	src/game/player_update.c:66; used by: player_update; data_identities.tsv:asm;player_update;game_player_effect_data.md	colour matrix blended in/out by player_update while the darkness timer runs
data	GAME.EXE	player_update.c	player_previous_input	player_previous_input	retain	src/game/player_update.c:84; used by: player_update; data_identities.tsv:game_semantic_player_update.tsv;asm;xrefs;retail-zero	previous PadRead value for PAD_PRESSED edge tests in player_update
data	GAME.EXE	player_update.c	player_movement_velocity_limit	player_movement_velocity_limit	retain	src/game/player_update.c:87; used by: player_update; data_identities.tsv:game_semantic_player_update.tsv;asm;xrefs;write-before-read;CPE-tail-signature	player_update selects 36 (slowed) or 180; clamps forward/strafe velocity
data	GAME.EXE	player_update.c	player_turn_step_limit	player_turn_step_limit	retain	src/game/player_update.c:90; used by: player_update; data_identities.tsv:game_semantic_player_update.tsv;asm;xrefs;write-before-read;CPE-tail-signature	player_update selects 5 (slowed) or 28; clamps yaw_step
function	GAME.EXE	player_update.c	player_update	player_update	retain	src/game/player_update.c:93; callers: game_main_loop; function_identities.tsv:game_semantic_player_update.tsv;asm;cfg;xrefs;game_main_loop;player-state	Per-frame player update. Body: input, movement, attacks, magic, status timers, lighting, death dispatch
enum_constant	GAME.EXE	enum@player_update.c:11	POISON_DAMAGE_INTERVAL_UPDATES	POISON_DAMAGE_INTERVAL_UPDATES	retain	src/game/player_update.c:11	Reviewed as family: poison tick and flash cadence
enum_constant	GAME.EXE	enum@player_update.c:11	POISON_FLASH_UPDATES	POISON_FLASH_UPDATES	retain	src/game/player_update.c:11	Reviewed as family: poison tick and flash cadence
enum_constant	GAME.EXE	enum@player_update.c:16	PLAYER_WEAPON_MAGIC_PHASE_FIRST	PLAYER_WEAPON_MAGIC_PHASE_FIRST	retain	src/game/player_update.c:16	Reviewed as family: weapon-magic trigger phase windows
enum_constant	GAME.EXE	enum@player_update.c:16	PLAYER_WEAPON_MAGIC_PHASE_LAST	PLAYER_WEAPON_MAGIC_PHASE_LAST	retain	src/game/player_update.c:16	Reviewed as family: weapon-magic trigger phase windows
enum_constant	GAME.EXE	enum@player_update.c:16	PLAYER_COLICHEMARDE_MAGIC_PHASE_FIRST	PLAYER_COLICHEMARDE_MAGIC_PHASE_FIRST	retain	src/game/player_update.c:16	Reviewed as family: weapon-magic trigger phase windows
enum_constant	GAME.EXE	enum@player_update.c:16	PLAYER_COLICHEMARDE_MAGIC_PHASE_LAST	PLAYER_COLICHEMARDE_MAGIC_PHASE_LAST	retain	src/game/player_update.c:16	Reviewed as family: weapon-magic trigger phase windows
enum_constant	GAME.EXE	enum@player_update.c:23	DARKNESS_FADE_BITS	DARKNESS_FADE_BITS	retain	src/game/player_update.c:23	Reviewed as family: darkness fade and movement/turn limits
enum_constant	GAME.EXE	enum@player_update.c:23	DARKNESS_FADE_STEPS	DARKNESS_FADE_STEPS	retain	src/game/player_update.c:23	Reviewed as family: darkness fade and movement/turn limits
enum_constant	GAME.EXE	enum@player_update.c:23	PLAYER_NORMAL_MOVEMENT_LIMIT	PLAYER_NORMAL_MOVEMENT_LIMIT	retain	src/game/player_update.c:23	Reviewed as family: darkness fade and movement/turn limits
enum_constant	GAME.EXE	enum@player_update.c:23	PLAYER_SLOWED_MOVEMENT_LIMIT	PLAYER_SLOWED_MOVEMENT_LIMIT	retain	src/game/player_update.c:23	Reviewed as family: darkness fade and movement/turn limits
enum_constant	GAME.EXE	enum@player_update.c:23	PLAYER_NORMAL_TURN_LIMIT	PLAYER_NORMAL_TURN_LIMIT	retain	src/game/player_update.c:23	Reviewed as family: darkness fade and movement/turn limits
enum_constant	GAME.EXE	enum@player_update.c:23	PLAYER_SLOWED_TURN_LIMIT	PLAYER_SLOWED_TURN_LIMIT	retain	src/game/player_update.c:23	Reviewed as family: darkness fade and movement/turn limits
enum_constant	GAME.EXE	enum@player_update.c:23	PLAYER_DARKNESS_FOG_NEAR	PLAYER_DARKNESS_FOG_NEAR	retain	src/game/player_update.c:23	Reviewed as family: darkness fade and movement/turn limits
enum_constant	GAME.EXE	enum@player_update.c:34	PLAYER_FORWARD_ACCEL_SHIFT	PLAYER_FORWARD_ACCEL_SHIFT	retain	src/game/player_update.c:34	Reviewed as family: player acceleration/deceleration shifts and pitch limits
enum_constant	GAME.EXE	enum@player_update.c:34	PLAYER_FORWARD_DECEL_SHIFT	PLAYER_FORWARD_DECEL_SHIFT	retain	src/game/player_update.c:34	Reviewed as family: player acceleration/deceleration shifts and pitch limits
enum_constant	GAME.EXE	enum@player_update.c:34	PLAYER_STRAFE_ACCEL_DECEL_SHIFT	PLAYER_STRAFE_ACCEL_DECEL_SHIFT	retain	src/game/player_update.c:34	Reviewed as family: player acceleration/deceleration shifts and pitch limits
enum_constant	GAME.EXE	enum@player_update.c:34	PLAYER_YAW_ACCEL_DECEL_SHIFT	PLAYER_YAW_ACCEL_DECEL_SHIFT	retain	src/game/player_update.c:34	Reviewed as family: player acceleration/deceleration shifts and pitch limits
enum_constant	GAME.EXE	enum@player_update.c:34	PLAYER_PITCH_ACCEL	PLAYER_PITCH_ACCEL	retain	src/game/player_update.c:34	Reviewed as family: player acceleration/deceleration shifts and pitch limits
enum_constant	GAME.EXE	enum@player_update.c:34	PLAYER_PITCH_DECEL	PLAYER_PITCH_DECEL	retain	src/game/player_update.c:34	Reviewed as family: player acceleration/deceleration shifts and pitch limits
enum_constant	GAME.EXE	enum@player_update.c:34	PLAYER_PITCH_STEP_LIMIT	PLAYER_PITCH_STEP_LIMIT	retain	src/game/player_update.c:34	Reviewed as family: player acceleration/deceleration shifts and pitch limits
enum_constant	GAME.EXE	enum@player_update.c:45	PLAYER_WEAPON_MAGIC_READY	PLAYER_WEAPON_MAGIC_READY	retain	src/game/player_update.c:45	Reviewed as family: weapon magic delays, power requirements, spawn offsets and speeds
enum_constant	GAME.EXE	enum@player_update.c:45	PLAYER_TRIPLE_FANG_MAGIC_DELAY	PLAYER_TRIPLE_FANG_MAGIC_DELAY	retain	src/game/player_update.c:45	Reviewed as family: weapon magic delays, power requirements, spawn offsets and speeds
enum_constant	GAME.EXE	enum@player_update.c:45	PLAYER_FLAME_SWORD_MAGIC_DELAY	PLAYER_FLAME_SWORD_MAGIC_DELAY	retain	src/game/player_update.c:45	Reviewed as family: weapon magic delays, power requirements, spawn offsets and speeds
enum_constant	GAME.EXE	enum@player_update.c:45	PLAYER_MOONLIGHT_SWORD_MAGIC_DELAY	PLAYER_MOONLIGHT_SWORD_MAGIC_DELAY	retain	src/game/player_update.c:45	Reviewed as family: weapon magic delays, power requirements, spawn offsets and speeds
enum_constant	GAME.EXE	enum@player_update.c:45	PLAYER_TRIPLE_FANG_MAGIC_MIN_POWER	PLAYER_TRIPLE_FANG_MAGIC_MIN_POWER	retain	src/game/player_update.c:45	Reviewed as family: weapon magic delays, power requirements, spawn offsets and speeds
enum_constant	GAME.EXE	enum@player_update.c:45	PLAYER_MOONLIGHT_SWORD_MAGIC_MIN_POWER	PLAYER_MOONLIGHT_SWORD_MAGIC_MIN_POWER	retain	src/game/player_update.c:45	Reviewed as family: weapon magic delays, power requirements, spawn offsets and speeds
enum_constant	GAME.EXE	enum@player_update.c:45	PLAYER_COLICHEMARDE_MAGIC_MIN_POWER	PLAYER_COLICHEMARDE_MAGIC_MIN_POWER	retain	src/game/player_update.c:45	Reviewed as family: weapon magic delays, power requirements, spawn offsets and speeds
enum_constant	GAME.EXE	enum@player_update.c:45	PLAYER_COLICHEMARDE_SHOTS_PER_PHASE	PLAYER_COLICHEMARDE_SHOTS_PER_PHASE	retain	src/game/player_update.c:45	Reviewed as family: weapon magic delays, power requirements, spawn offsets and speeds
enum_constant	GAME.EXE	enum@player_update.c:45	PLAYER_WEAPON_MAGIC_SPAWN_X	PLAYER_WEAPON_MAGIC_SPAWN_X	retain	src/game/player_update.c:45	Reviewed as family: weapon magic delays, power requirements, spawn offsets and speeds
enum_constant	GAME.EXE	enum@player_update.c:45	PLAYER_WEAPON_MAGIC_SPAWN_Y	PLAYER_WEAPON_MAGIC_SPAWN_Y	retain	src/game/player_update.c:45	Reviewed as family: weapon magic delays, power requirements, spawn offsets and speeds
enum_constant	GAME.EXE	enum@player_update.c:45	PLAYER_WEAPON_MAGIC_SPAWN_Z	PLAYER_WEAPON_MAGIC_SPAWN_Z	retain	src/game/player_update.c:45	Reviewed as family: weapon magic delays, power requirements, spawn offsets and speeds
enum_constant	GAME.EXE	enum@player_update.c:45	PLAYER_WEAPON_MAGIC_BURST_CONE	PLAYER_WEAPON_MAGIC_BURST_CONE	retain	src/game/player_update.c:45	Reviewed as family: weapon magic delays, power requirements, spawn offsets and speeds
enum_constant	GAME.EXE	enum@player_update.c:45	PLAYER_WEAPON_MAGIC_JITTER_BIAS	PLAYER_WEAPON_MAGIC_JITTER_BIAS	retain	src/game/player_update.c:45	Reviewed as family: weapon magic delays, power requirements, spawn offsets and speeds
enum_constant	GAME.EXE	enum@player_update.c:45	PLAYER_WEAPON_MAGIC_RANDOM_SHIFT	PLAYER_WEAPON_MAGIC_RANDOM_SHIFT	retain	src/game/player_update.c:45	Reviewed as family: weapon magic delays, power requirements, spawn offsets and speeds
enum_constant	GAME.EXE	enum@player_update.c:45	PLAYER_WEAPON_MAGIC_SPEED	PLAYER_WEAPON_MAGIC_SPEED	retain	src/game/player_update.c:45	Reviewed as family: weapon magic delays, power requirements, spawn offsets and speeds
enum_constant	GAME.EXE	enum@player_update.c:45	PLAYER_TRIPLE_FANG_Y_OFFSET	PLAYER_TRIPLE_FANG_Y_OFFSET	retain	src/game/player_update.c:45	Reviewed as family: weapon magic delays, power requirements, spawn offsets and speeds
enum_constant	GAME.EXE	enum@player_update.c:45	PLAYER_TRIPLE_FANG_PITCH_OFFSET	PLAYER_TRIPLE_FANG_PITCH_OFFSET	retain	src/game/player_update.c:45	Reviewed as family: weapon magic delays, power requirements, spawn offsets and speeds
data	GAME.EXE	player_use_item.c	enemy_info_image_path_template	enemy_info_image_path_template	retain	src/game/player_use_item.c:27; used by: actor_show_info_image; data_identities.tsv:game_player_data.md;retail-bytes;asm;xrefs	ENE0\\EI00.TIM patched with floor and definition id by actor_show_info_image
data	GAME.EXE	player_use_item.c	person_image_path_template	person_image_path_template	retain	src/game/player_use_item.c:30; used by: map_event_show_person_image; data_identities.tsv:game_player_data.md;retail-bytes;asm;xrefs	PRSN\\PER00.TIM patched with character id by map_event_show_person_image
function	GAME.EXE	player_use_item.c	actor_show_info_image	actor_show_info_image	retain	src/game/player_use_item.c:33; callers: player_use_item; function_identities.tsv:game_semantic_player_interactions.tsv;asm;cfg;xrefs;ghidra;actor-layout;enemy-image-path	Shows the actor info image. Body: ENE/EI image by floor and definition
function	GAME.EXE	player_use_item.c	map_event_show_person_image	map_event_show_person_image	retain	src/game/player_use_item.c:44; callers: player_use_item; function_identities.tsv:game_semantic_player_interactions.tsv;asm;cfg;xrefs;ghidra;map-event-layout;person-image-path	Shows the person image. Body: PRSN/PER image by character id
function	GAME.EXE	player_use_item.c	player_use_item	player_use_item	retain	src/game/player_use_item.c:60; callers: player_update; function_identities.tsv:game_semantic_player_interactions.tsv;asm;cfg;xrefs;ghidra;switch-tables	Uses an inventory item. Body: per-item effects
enum_constant	GAME.EXE	enum@player_use_item.c:7	PLAYER_KEY_UNLOCK_VOLUME	PLAYER_KEY_UNLOCK_VOLUME	retain	src/game/player_use_item.c:7	Reviewed as family: item-use volumes, timers, mirror search and harp deformation parameters
enum_constant	GAME.EXE	enum@player_use_item.c:7	PLAYER_ILLUSION_STAFF_TIMER_RELOAD	PLAYER_ILLUSION_STAFF_TIMER_RELOAD	retain	src/game/player_use_item.c:7	Reviewed as family: item-use volumes, timers, mirror search and harp deformation parameters
enum_constant	GAME.EXE	enum@player_use_item.c:7	PLAYER_MIRROR_TARGET_DISTANCE	PLAYER_MIRROR_TARGET_DISTANCE	retain	src/game/player_use_item.c:7	Reviewed as family: item-use volumes, timers, mirror search and harp deformation parameters
enum_constant	GAME.EXE	enum@player_use_item.c:7	PLAYER_MIRROR_ANGLE_TOLERANCE	PLAYER_MIRROR_ANGLE_TOLERANCE	retain	src/game/player_use_item.c:7	Reviewed as family: item-use volumes, timers, mirror search and harp deformation parameters
enum_constant	GAME.EXE	enum@player_use_item.c:7	PLAYER_HARP_PROGRESS_PER_UPDATE	PLAYER_HARP_PROGRESS_PER_UPDATE	retain	src/game/player_use_item.c:7	Reviewed as family: item-use volumes, timers, mirror search and harp deformation parameters
enum_constant	GAME.EXE	enum@player_use_item.c:7	PLAYER_HARP_CELL_STAGGER	PLAYER_HARP_CELL_STAGGER	retain	src/game/player_use_item.c:7	Reviewed as family: item-use volumes, timers, mirror search and harp deformation parameters
enum_constant	GAME.EXE	enum@player_use_item.c:7	PLAYER_HARP_FLOOR2_FIRST_SEGMENT	PLAYER_HARP_FLOOR2_FIRST_SEGMENT	retain	src/game/player_use_item.c:7	Reviewed as family: item-use volumes, timers, mirror search and harp deformation parameters
enum_constant	GAME.EXE	enum@player_use_item.c:7	PLAYER_HARP_FLOOR2_SEGMENT_COUNT	PLAYER_HARP_FLOOR2_SEGMENT_COUNT	retain	src/game/player_use_item.c:7	Reviewed as family: item-use volumes, timers, mirror search and harp deformation parameters
enum_constant	GAME.EXE	enum@player_use_item.c:7	PLAYER_HARP_FLOOR2_SWEEP_UPDATES	PLAYER_HARP_FLOOR2_SWEEP_UPDATES	retain	src/game/player_use_item.c:7	Reviewed as family: item-use volumes, timers, mirror search and harp deformation parameters
enum_constant	GAME.EXE	enum@player_use_item.c:7	PLAYER_HARP_FLOOR2_HOLD_COUNTDOWN	PLAYER_HARP_FLOOR2_HOLD_COUNTDOWN	retain	src/game/player_use_item.c:7	Reviewed as family: item-use volumes, timers, mirror search and harp deformation parameters
enum_constant	GAME.EXE	enum@player_use_item.c:7	PLAYER_HARP_FLOOR3_FIRST_SEGMENT	PLAYER_HARP_FLOOR3_FIRST_SEGMENT	retain	src/game/player_use_item.c:7	Reviewed as family: item-use volumes, timers, mirror search and harp deformation parameters
enum_constant	GAME.EXE	enum@player_use_item.c:7	PLAYER_HARP_FLOOR3_SEGMENT_COUNT	PLAYER_HARP_FLOOR3_SEGMENT_COUNT	retain	src/game/player_use_item.c:7	Reviewed as family: item-use volumes, timers, mirror search and harp deformation parameters
enum_constant	GAME.EXE	enum@player_use_item.c:7	PLAYER_HARP_FLOOR3_SWEEP_UPDATES	PLAYER_HARP_FLOOR3_SWEEP_UPDATES	retain	src/game/player_use_item.c:7	Reviewed as family: item-use volumes, timers, mirror search and harp deformation parameters
enum_constant	GAME.EXE	enum@player_use_item.c:7	PLAYER_HARP_FLOOR3_HOLD_COUNTDOWN	PLAYER_HARP_FLOOR3_HOLD_COUNTDOWN	retain	src/game/player_use_item.c:7	Reviewed as family: item-use volumes, timers, mirror search and harp deformation parameters
data	GAME.EXE	player_warp.c	actor_transform_color_matrix	actor_transform_color_matrix	retain	src/game/player_warp.c:10; used by: actor_transform_definition5_to6; data_identities.tsv:asm;xrefs;config/evidence/game_map_script_data.md	target colour matrix of actor_transform_definition5_to6
macro	GAME.EXE	player_warp.c	WARP_CELL_KEY_MASK	WARP_CELL_KEY_MASK	retain	src/game/player_warp.c:24	mask of the map-cell halfword in motion word 2
macro	GAME.EXE	player_warp.c	WARP_CELL_KEY	WARP_CELL_KEY	retain	src/game/player_warp.c:25	packed x/z cell key compared by player_warp_trigger_update
function	GAME.EXE	player_warp.c	player_warp_shimmer	player_warp_shimmer	retain	src/game/player_warp.c:29; callers: player_warp_change_floor, player_warp_same_floor, player_warp_shimmer_at_player, player_warp_to_floor_entry; function_identities.tsv:game_semantic_player_warp.tsv;asm;cfg;xrefs	Blocking warp shimmer. Body: four WARP_SHIMMER effects animated over KF_CYLINDER_TRANSITION_FRAMES
function	GAME.EXE	player_warp.c	player_warp_change_floor	player_warp_change_floor	retain	src/game/player_warp.c:108; callers: player_warp_trigger_update; function_identities.tsv:game_semantic_player_warp.tsv;asm;cfg;xrefs;player_warp.c;game-floor-enum-domain.md;strict-enum-audit.md	Warp to another floor. Body: shimmer, unload/load floor, snap to cell centre
function	GAME.EXE	player_warp.c	player_warp_same_floor	player_warp_same_floor	retain	src/game/player_warp.c:133; callers: player_warp_trigger_update; function_identities.tsv:game_semantic_player_warp.tsv;asm;cfg;xrefs;player_warp.c;strict-enum-audit.md	Same-floor warp. Body: variant swap and cell move
function	GAME.EXE	player_warp.c	player_warp_trigger_update	player_warp_trigger_update	retain	src/game/player_warp.c:165; callers: game_main_loop; function_identities.tsv:game_semantic_player_warp.tsv;asm;cfg;xrefs;game_main_loop;boolean-modeling.tsv	Per-frame warp trigger check. Body: warp cells per floor, returns true on the ending trigger
enum_constant	GAME.EXE	enum@player_warp.c:14	WARP_SHIMMER_OWNER_ID	WARP_SHIMMER_OWNER_ID	retain	src/game/player_warp.c:14	Reviewed as family: warp shimmer id/sound frame, warp cell key shifts and actor transform constants
enum_constant	GAME.EXE	enum@player_warp.c:14	WARP_SHIMMER_SOUND_FRAME	WARP_SHIMMER_SOUND_FRAME	retain	src/game/player_warp.c:14	Reviewed as family: warp shimmer id/sound frame, warp cell key shifts and actor transform constants
enum_constant	GAME.EXE	enum@player_warp.c:14	WARP_CELL_X_SHIFT	WARP_CELL_X_SHIFT	retain	src/game/player_warp.c:14	Reviewed as family: warp shimmer id/sound frame, warp cell key shifts and actor transform constants
enum_constant	GAME.EXE	enum@player_warp.c:14	WARP_CELL_Z_SHIFT	WARP_CELL_Z_SHIFT	retain	src/game/player_warp.c:14	Reviewed as family: warp shimmer id/sound frame, warp cell key shifts and actor transform constants
enum_constant	GAME.EXE	enum@player_warp.c:14	ACTOR_TRANSFORM_RESULT_DEFINITION	ACTOR_TRANSFORM_RESULT_DEFINITION	retain	src/game/player_warp.c:14	Reviewed as family: warp shimmer id/sound frame, warp cell key shifts and actor transform constants
enum_constant	GAME.EXE	enum@player_warp.c:14	ACTOR_TRANSFORM_BLEND_INTERVALS	ACTOR_TRANSFORM_BLEND_INTERVALS	retain	src/game/player_warp.c:14	Reviewed as family: warp shimmer id/sound frame, warp cell key shifts and actor transform constants
enum_constant	GAME.EXE	enum@player_warp.c:14	ACTOR_TRANSFORM_Y_STEP	ACTOR_TRANSFORM_Y_STEP	retain	src/game/player_warp.c:14	Reviewed as family: warp shimmer id/sound frame, warp cell key shifts and actor transform constants
function	GAME.EXE	player_warp_shimmer_at_player.c	player_warp_shimmer_at_player	player_warp_shimmer_at_player	retain	src/game/player_warp_shimmer_at_player.c:5; callers: game_main_loop; function_identities.tsv:game_semantic_player_warp.tsv;asm;CFG;xrefs	Shimmer at the player. Body: shimmer at the player's foot position
function	GAME.EXE	pool.c	render_bind_animated_instance	render_bind_animated_instance	retain	src/game/pool.c:70; callers: render_actor, render_actor_sprite, render_effect_sprites, render_map_event, render_weapon; function_identities.tsv:asm;cfg;xrefs;pool.c;game_semantic_tmd_buffer_views.tsv;game_semantic_animation_slots.tsv;typed-animation-vertices.md;strict-enum-audit.md	Binds an animated instance for rendering. Body: binds or refreshes an animation-cache record and morphs vertices
function	GAME.EXE	pool.c	copy_vertices	copy_vertices	retain	src/game/pool.c:56; callers: render_bind_animated_instance	Name exact. Body: static inline in pool.c; copies SVECTOR words
type	GAME.EXE	pool.c	KfAnimClip	KfAnimClip	retain	src/game/pool.c:16	asset clip header walked by render_bind_animated_instance (keyframe count and offsets)
member	GAME.EXE	KfAnimClip	keyframe_count	keyframe_count	retain	src/game/pool.c:16	number of keyframe offsets walked by render_bind_animated_instance
member	GAME.EXE	KfAnimClip	unknown_02	unknown_02	keep-unresolved	src/game/pool.c:16	Address/offset/value-derived name; current evidence does not support a semantic replacement.
member	GAME.EXE	KfAnimClip	keyframes	keyframes	retain	src/game/pool.c:16	asset-relative keyframe offsets
type	GAME.EXE	pool.c	KfAnimKeyframe	KfAnimKeyframe	retain	src/game/pool.c:23	asset keyframe: direction, duration, rest pose and morph list
member	GAME.EXE	KfAnimKeyframe	reverse	reverse	retain	src/game/pool.c:23	KfAnimationBlendDirection; nonzero reverses the blend fraction
member	GAME.EXE	KfAnimKeyframe	duration	duration	retain	src/game/pool.c:23	phase span of the keyframe
member	GAME.EXE	KfAnimKeyframe	rest_index	rest_index	retain	src/game/pool.c:23	object-table index of the rest pose
member	GAME.EXE	KfAnimKeyframe	morph_count	morph_count	retain	src/game/pool.c:23	number of morph indices applied
member	GAME.EXE	KfAnimKeyframe	morph_indices	morph_indices	retain	src/game/pool.c:23	object-table indices of morph targets
type	GAME.EXE	pool.c	KfMorphRange	KfMorphRange	retain	src/game/pool.c:32	vertex range prefix of a morph object
member	GAME.EXE	KfMorphRange	base_vertex	base_vertex	retain	src/game/pool.c:32	first affected vertex index
member	GAME.EXE	KfMorphRange	vertex_count	vertex_count	retain	src/game/pool.c:32	number of affected vertices
type	GAME.EXE	pool.c	KfMorphPrefix	KfMorphPrefix	retain	src/game/pool.c:37	range/SVECTOR union of the morph prefix blended with the rest pose
member	GAME.EXE	KfMorphPrefix	range	range	retain	src/game/pool.c:37	range view of the prefix
member	GAME.EXE	KfMorphPrefix	vector	vector	retain	src/game/pool.c:37	SVECTOR view blended with the rest pose
type	GAME.EXE	pool.c	KfMorphObject	KfMorphObject	retain	src/game/pool.c:43	VDF morph/rest object referenced from the asset object table
member	GAME.EXE	KfMorphObject	tmd_object_index	tmd_object_index	retain	src/game/pool.c:43	ignored TMD object selector (always zero)
member	GAME.EXE	KfMorphObject	prefix	prefix	retain	src/game/pool.c:43	range/vector prefix
member	GAME.EXE	KfMorphObject	deltas	deltas	retain	src/game/pool.c:43	signed vertex deltas passed to gteMIMefunc
data	GAME.EXE	save_system.c	save_main_file_path	save_main_file_path	retain	src/game/save_system.c:52; used by: save_file_read_header, save_file_read_slot, save_file_write_slot; data_identities.tsv:asm;xrefs;retail-string-bytes;executable-linking.md	bu00 main save file opened by the save_file_* routines
data	GAME.EXE	save_system.c	save_temporary_file_path	save_temporary_file_path	retain	src/game/save_system.c:55; used by: save_file_cleanup_temporary, save_file_write_slot; data_identities.tsv:asm;xrefs;retail-string-bytes;executable-linking.md	bu00 temporary file created/erased by save_file_write_slot and cleanup
data	GAME.EXE	save_system.c	talk_image_path_template	talk_image_path_template	retain	src/game/save_system.c:58; used by: talk_show_dialogue_page; data_identities.tsv:asm;xrefs;retail-string-bytes;executable-linking.md	TALK\\Cxx\\Tfsxxp.TIM patched by talk_show_dialogue_page
data	GAME.EXE	save_system.c	memory_card_root_path	memory_card_root_path	retain	src/game/save_system.c:61; used by: memory_card_format; data_identities.tsv:asm;xrefs;retail-string-bytes;executable-linking.md	bu00: passed to format() by memory_card_format
data	GAME.EXE	save_system.c	memory_card_io_end_event	memory_card_io_end_event	retain	src/game/save_system.c:64; used by: memory_card_clear_events, memory_card_initialize, memory_card_shutdown_events, memory_card_undeliver_events, memory_card_wait_event; data_identities.tsv:game_semantic_save_system.tsv;KERNEL.H:EvSpIOE;OpenEvent;CloseEvent;TestEvent;UnDeliverEvent;executable-linking.md:tail-BSS-write-before-read;data-repair-campaign.md:private-event-storage	OpenEvent(HwCARD, EvSpIOE) handle; tested by memory_card_wait_event
data	GAME.EXE	save_system.c	memory_card_timeout_event	memory_card_timeout_event	retain	src/game/save_system.c:67; used by: memory_card_clear_events, memory_card_initialize, memory_card_shutdown_events, memory_card_undeliver_events, memory_card_wait_event; data_identities.tsv:game_semantic_save_system.tsv;KERNEL.H:EvSpTIMOUT;OpenEvent;CloseEvent;TestEvent;UnDeliverEvent;executable-linking.md:tail-BSS-write-before-read;data-repair-campaign.md:private-event-storage	OpenEvent(HwCARD, EvSpTIMOUT) handle
data	GAME.EXE	save_system.c	memory_card_new_device_event	memory_card_new_device_event	retain	src/game/save_system.c:70; used by: memory_card_clear_events, memory_card_initialize, memory_card_shutdown_events, memory_card_undeliver_events, memory_card_wait_event; data_identities.tsv:game_semantic_save_system.tsv;KERNEL.H:EvSpNEW;OpenEvent;CloseEvent;TestEvent;UnDeliverEvent;executable-linking.md:tail-BSS-write-before-read;data-repair-campaign.md:private-event-storage	OpenEvent(HwCARD, EvSpNEW) handle
data	GAME.EXE	save_system.c	memory_card_error_event	memory_card_error_event	retain	src/game/save_system.c:73; used by: memory_card_clear_events, memory_card_initialize, memory_card_shutdown_events, memory_card_undeliver_events, memory_card_wait_event; data_identities.tsv:game_semantic_save_system.tsv;KERNEL.H:EvSpERROR;OpenEvent;CloseEvent;TestEvent;UnDeliverEvent;executable-linking.md:tail-BSS-write-before-read;data-repair-campaign.md:private-event-storage	OpenEvent(HwCARD, EvSpERROR) handle
data	GAME.EXE	save_system.c	save_header_buffer	save_header_buffer	retain	src/game/save_system.c:76; used by: menu_save_confirm, menu_save_load_hub, save_file_initialize_buffers, save_file_read_header, save_file_read_slot, save_file_write_slot, save_system_read_catalog, save_workspace_allocate; data_identities.tsv:game_semantic_save_system.tsv;asm;xrefs;0x280	KfSaveHeader pointer bound by save_workspace_allocate; used by all save_file routines
data	GAME.EXE	save_system.c	save_payload_buffer	save_payload_buffer	retain	src/game/save_system.c:79; used by: menu_save_confirm, menu_save_load_hub, save_file_initialize_buffers, save_file_read_slot, save_file_write_slot, save_workspace_allocate; data_identities.tsv:game_semantic_save_system.tsv;asm;xrefs;0x2580	KfSavePayload pointer bound after the header
macro	GAME.EXE	save_system.c	SAVE_FILE_BLOCKS	SAVE_FILE_BLOCKS	retain	src/game/save_system.c:85	card blocks requested on create and stored in the header
macro	GAME.EXE	save_system.c	SAVE_TITLE_TEXT	SAVE_TITLE_TEXT	retain	src/game/save_system.c:87	Shift-JIS save title literal
macro	GAME.EXE	save_system.c	SAVE_SUMMARY_COPY	SAVE_SUMMARY_COPY	retain	src/game/save_system.c:119	copies a slot summary field by field
macro	GAME.EXE	save_system.c	SAVE_SUMMARY_EQUAL	SAVE_SUMMARY_EQUAL	retain	src/game/save_system.c:127	compares two slot summaries
function	GAME.EXE	save_system.c	save_system_read_catalog	save_system_read_catalog	retain	src/game/save_system.c:136; callers: menu_load_panel, menu_save_panel; function_identities.tsv:game_semantic_save_system.tsv;asm;xrefs;save_header_buffer	Reads the save catalog. Body: reads header and copies slot summaries
function	GAME.EXE	save_system.c	menu_play_input_sound	menu_play_input_sound	retain	src/game/save_system.c:161; callers: item_pickup_confirm, menu_config_panel, menu_drop_item, menu_equip_select, menu_list_interact, menu_load_panel, menu_magic_panel, menu_option_root, menu_root, menu_save_confirm, menu_save_load_hub, menu_save_panel, menu_spell_select, menu_status_panel, menu_two_option_prompt, menu_use_item_panel, shop_menu_buy, shop_menu_root, shop_menu_sell; function_identities.tsv:game_semantic_save_system.tsv;asm;xrefs;SsVoKeyOn;SsVoKeyOff	Plays a menu input sound. Body: cursor/confirm/cancel voices
function	GAME.EXE	save_system.c	memory_card_initialize	memory_card_initialize	retain	src/game/save_system.c:185; callers: game_main_loop; function_identities.tsv:game_semantic_save_system.tsv;asm;KERNEL.H;OpenEvent;StartCARD2;_bu_init;_card_auto	Initializes the card service. Body: opens/enables four HwCARD events and starts the card service
function	GAME.EXE	save_system.c	memory_card_shutdown_events	memory_card_shutdown_events	retain	src/game/save_system.c:204; callers: game_shutdown; function_identities.tsv:game_match_campaign_30.tsv;game_semantic_save_system.tsv;asm;StopCARD2;CloseEvent	Shuts down card events. Body: stops the service and closes events
function	GAME.EXE	save_system.c	memory_card_begin_status_check	memory_card_begin_status_check	retain	src/game/save_system.c:214; callers: memory_card_acknowledge_new_device, memory_card_check_or_format, memory_card_format, save_system_read_header, save_system_read_slot, save_system_write_slot; function_identities.tsv:game_match_campaign_30.tsv;game_semantic_save_system.tsv;asm;_card_info	Begins a card status check. Body: _card_info then wait
function	GAME.EXE	save_system.c	memory_card_clear_events	memory_card_clear_events	retain	src/game/save_system.c:224; callers: memory_card_acknowledge_new_device, memory_card_begin_status_check, memory_card_check_or_format, memory_card_format, save_file_read_header, save_file_read_slot, save_file_write_slot, save_system_read_header, save_system_read_slot, save_system_write_slot; function_identities.tsv:game_match_campaign_30.tsv;game_semantic_save_system.tsv;asm;TestEvent	Clears card events. Body: TestEvent on all four events
function	GAME.EXE	save_system.c	memory_card_wait_event	memory_card_wait_event	retain	src/game/save_system.c:233; callers: memory_card_begin_status_check, save_file_cleanup_temporary; function_identities.tsv:game_semantic_save_system.tsv;asm;KERNEL.H;TestEvent	Waits for a card event. Body: returns the first fired event as a status
function	GAME.EXE	save_system.c	memory_card_undeliver_events	memory_card_undeliver_events	retain	src/game/save_system.c:256; callers: memory_card_wait_event; function_identities.tsv:game_match_campaign_30.tsv;game_semantic_save_system.tsv;asm;UnDeliverEvent	Name exact. Body: UnDeliverEvent on all four
function	GAME.EXE	save_system.c	memory_card_check_or_format	memory_card_check_or_format	retain	src/game/save_system.c:265; callers: menu_save_panel; function_identities.tsv:game_semantic_save_system.tsv;asm;xrefs;format	Checks or formats the card. Body: status, confirmation, format
function	GAME.EXE	save_system.c	memory_card_format	memory_card_format	retain	src/game/save_system.c:307; callers: memory_card_check_or_format; function_identities.tsv:game_semantic_save_system.tsv;asm;format;memory_card_root_path	Formats the card. Body: format retries
function	GAME.EXE	save_system.c	save_system_write_slot	save_system_write_slot	retain	src/game/save_system.c:329; callers: menu_save_panel; function_identities.tsv:game_semantic_save_system.tsv;asm;xrefs;save_file_write_slot	Menu-level slot write. Body: readiness, write, status mapping
function	GAME.EXE	save_system.c	save_file_write_slot	save_file_write_slot	retain	src/game/save_system.c:368; callers: save_system_write_slot; function_identities.tsv:game_semantic_save_system.tsv;asm;xrefs;save_main_file_path;save_temporary_file_path	File-level slot write. Body: payload and header writes
function	GAME.EXE	save_system.c	save_system_read_header	save_system_read_header	retain	src/game/save_system.c:484; callers: save_system_read_catalog, save_system_read_slot; function_identities.tsv:game_semantic_save_system.tsv;asm;xrefs;save_file_read_header	Menu-level header read. Body: readiness and header read
function	GAME.EXE	save_system.c	save_file_read_header	save_file_read_header	retain	src/game/save_system.c:518; callers: save_system_read_header; function_identities.tsv:game_semantic_save_system.tsv;asm;read;save_main_file_path;save_header_buffer	File-level header read. Body: header read with retries
function	GAME.EXE	save_system.c	save_system_read_slot	save_system_read_slot	retain	src/game/save_system.c:551; callers: menu_load_panel; function_identities.tsv:game_semantic_save_system.tsv;asm;xrefs;save_file_read_slot	Menu-level slot read. Body: readiness and slot read
function	GAME.EXE	save_system.c	save_file_read_slot	save_file_read_slot	retain	src/game/save_system.c:587; callers: save_system_read_slot; function_identities.tsv:game_semantic_save_system.tsv;asm;xrefs;save_main_file_path;save_payload_buffer	File-level slot read. Body: validates summaries and restores payload
function	GAME.EXE	save_system.c	save_workspace_allocate	save_workspace_allocate	retain	src/game/save_system.c:672; callers: none in reconstructed source; function_identities.tsv:game_semantic_save_system.tsv;asm;0x2800;save_header_buffer;save_payload_buffer	Allocates the save workspace. Body: allocates header+payload workspace
function	GAME.EXE	save_system.c	save_workspace_release	save_workspace_release	retain	src/game/save_system.c:687; callers: none in reconstructed source; function_identities.tsv:game_semantic_save_system.tsv;asm;adjacency;arena-pop	Releases the save workspace (candidate pairing). Body: memory_release_last
function	GAME.EXE	save_system.c	save_file_initialize_buffers	save_file_initialize_buffers	retain	src/game/save_system.c:693; callers: save_file_write_slot; function_identities.tsv:game_semantic_save_system.tsv;asm;save-title;icon-assets;0x280;0x2580	Initializes new save buffers. Body: header, icons, cleared payload
function	GAME.EXE	save_system.c	memory_card_show_status_message	memory_card_show_status_message	retain	src/game/save_system.c:723; callers: memory_card_check_or_format, save_system_read_header, save_system_read_slot, save_system_write_slot; function_identities.tsv:game_semantic_save_system.tsv;asm;switch;menu_load_message_image	Shows a card status message. Body: status to TIM message id
function	GAME.EXE	save_system.c	menu_load_message_image	menu_load_message_image	retain	src/game/save_system.c:780; callers: memory_card_show_status_message; function_identities.tsv:game_semantic_save_system.tsv;asm;memory_card_message_path_template;CD-load;TIM-upload;boolean-modeling.tsv	Loads a message image into the menu primitive buffer. Body: loads and uploads TIM\Mddd
function	GAME.EXE	save_system.c	save_file_cleanup_temporary	save_file_cleanup_temporary	retain	src/game/save_system.c:797; callers: game_main_loop, menu_save_panel; function_identities.tsv:game_semantic_save_system.tsv;asm;xrefs;save_temporary_file_path	Cleans up the temporary save file. Body: creates/erases the temporary file
function	GAME.EXE	save_system.c	screen_show_image_until_input	screen_show_image_until_input	retain	src/game/save_system.c:816; callers: actor_show_info_image, map_ambient_script_floor5, map_event_show_person_image, map_show_screen_image, talk_show_dialogue_page; function_identities.tsv:game_semantic_screen_talk.tsv;asm;CFG;xrefs;CD-load;TIM-upload;pad-poll	Shows an image until input. Body: fade-in quad until press
function	GAME.EXE	save_system.c	talk_show_dialogue_page	talk_show_dialogue_page	retain	src/game/save_system.c:871; callers: map_event_interact; function_identities.tsv:game_semantic_screen_talk.tsv;asm;xrefs;talk_image_path_template;game-map-dialogue-state.md;retail-TALK-paths;game-floor-enum-domain.md	Shows one dialogue page. Body: TALK path from floor/stage/character/page
function	GAME.EXE	save_system.c	memory_card_acknowledge_new_device	memory_card_acknowledge_new_device	retain	src/game/save_system.c:108; callers: memory_card_check_or_format, save_system_read_header, save_system_write_slot	Acknowledges a new card. Body: static inline; clears events and _new_card twice
enum_constant	GAME.EXE	enum@save_system.c:14	SAVE_MESSAGE_NO_CARD	SAVE_MESSAGE_NO_CARD	retain	src/game/save_system.c:14	Reviewed as family: TIM\\Mddd message ids for card statuses
enum_constant	GAME.EXE	enum@save_system.c:14	SAVE_MESSAGE_NO_SPACE	SAVE_MESSAGE_NO_SPACE	retain	src/game/save_system.c:14	Reviewed as family: TIM\\Mddd message ids for card statuses
enum_constant	GAME.EXE	enum@save_system.c:14	SAVE_MESSAGE_KEEP_CARD_INSERTED	SAVE_MESSAGE_KEEP_CARD_INSERTED	retain	src/game/save_system.c:14	Reviewed as family: TIM\\Mddd message ids for card statuses
enum_constant	GAME.EXE	enum@save_system.c:14	SAVE_MESSAGE_WRITE_FAILED	SAVE_MESSAGE_WRITE_FAILED	retain	src/game/save_system.c:14	Reviewed as family: TIM\\Mddd message ids for card statuses
enum_constant	GAME.EXE	enum@save_system.c:14	SAVE_MESSAGE_FORMAT_FAILED	SAVE_MESSAGE_FORMAT_FAILED	retain	src/game/save_system.c:14	Reviewed as family: TIM\\Mddd message ids for card statuses
enum_constant	GAME.EXE	enum@save_system.c:14	SAVE_MESSAGE_FORMAT_REQUIRED	SAVE_MESSAGE_FORMAT_REQUIRED	retain	src/game/save_system.c:14	Reviewed as family: TIM\\Mddd message ids for card statuses
enum_constant	GAME.EXE	enum@save_system.c:14	SAVE_MESSAGE_CARD_UNUSABLE	SAVE_MESSAGE_CARD_UNUSABLE	retain	src/game/save_system.c:14	Reviewed as family: TIM\\Mddd message ids for card statuses
enum_constant	GAME.EXE	enum@save_system.c:14	SAVE_MESSAGE_NO_DATA	SAVE_MESSAGE_NO_DATA	retain	src/game/save_system.c:14	Reviewed as family: TIM\\Mddd message ids for card statuses
enum_constant	GAME.EXE	enum@save_system.c:14	SAVE_MESSAGE_READ_FAILED	SAVE_MESSAGE_READ_FAILED	retain	src/game/save_system.c:14	Reviewed as family: TIM\\Mddd message ids for card statuses
enum_constant	GAME.EXE	enum@save_system.c:14	SAVE_MESSAGE_SYSTEM_ERROR	SAVE_MESSAGE_SYSTEM_ERROR	retain	src/game/save_system.c:14	Reviewed as family: TIM\\Mddd message ids for card statuses
enum_constant	GAME.EXE	enum@save_system.c:14	SAVE_MESSAGE_FAILED	SAVE_MESSAGE_FAILED	retain	src/game/save_system.c:14	Reviewed as family: TIM\\Mddd message ids for card statuses
enum_constant	GAME.EXE	enum@save_system.c:14	SAVE_MESSAGE_FORMAT_CONFIRMATION	SAVE_MESSAGE_FORMAT_CONFIRMATION	retain	src/game/save_system.c:14	Reviewed as family: TIM\\Mddd message ids for card statuses
enum_constant	GAME.EXE	enum@save_system.c:14	MESSAGE_IMAGE_SKIP	MESSAGE_IMAGE_SKIP	retain	src/game/save_system.c:14	Reviewed as family: TIM\\Mddd message ids for card statuses
enum_constant	GAME.EXE	enum@save_system.c:30	SAVE_FILE_IO_ATTEMPTS	SAVE_FILE_IO_ATTEMPTS	retain	src/game/save_system.c:30	Reviewed as family: card retry counts and directory-not-found sentinel
enum_constant	GAME.EXE	enum@save_system.c:30	CARD_FORMAT_ATTEMPTS	CARD_FORMAT_ATTEMPTS	retain	src/game/save_system.c:30	Reviewed as family: card retry counts and directory-not-found sentinel
enum_constant	GAME.EXE	enum@save_system.c:30	SAVE_DIRECTORY_ENTRY_NOT_FOUND	SAVE_DIRECTORY_ENTRY_NOT_FOUND	retain	src/game/save_system.c:30	Reviewed as family: card retry counts and directory-not-found sentinel
enum_constant	GAME.EXE	enum@save_system.c:36	MENU_INPUT_SOUND_VOLUME	MENU_INPUT_SOUND_VOLUME	retain	src/game/save_system.c:36	Reviewed as family: menu input sound volume
enum_constant	GAME.EXE	enum@save_system.c:40	IMAGE_WAIT_INITIAL_BRIGHTNESS	IMAGE_WAIT_INITIAL_BRIGHTNESS	retain	src/game/save_system.c:40	Reviewed as family: image wait brightness ramp
enum_constant	GAME.EXE	enum@save_system.c:40	IMAGE_WAIT_MAX_BRIGHTNESS	IMAGE_WAIT_MAX_BRIGHTNESS	retain	src/game/save_system.c:40	Reviewed as family: image wait brightness ramp
enum_constant	GAME.EXE	enum@save_system.c:46	SAVE_ICON_TIM_CLUT_OFFSET	SAVE_ICON_TIM_CLUT_OFFSET	retain	src/game/save_system.c:46	Reviewed as family: icon TIM offsets
enum_constant	GAME.EXE	enum@save_system.c:46	SAVE_ICON_TIM_PIXELS_OFFSET	SAVE_ICON_TIM_PIXELS_OFFSET	retain	src/game/save_system.c:46	Reviewed as family: icon TIM offsets
function	GAME.EXE	camera_path.c	camera_path_compute_segment	camera_path_compute_segment	retain	src/game/camera_path.c:14; callers: camera_path_begin, camera_path_step; function_identities.tsv:game_semantic_camera_events.tsv;asm;cfg;xrefs;SquareRoot0;angle_shortest_delta	Computes the next camera path segment. Body: next point, Q4 deltas over distance/speed, end on x=-1
function	GAME.EXE	camera_path.c	camera_path_begin	camera_path_begin	retain	src/game/camera_path.c:47; callers: map_floor5_weapon_transform_cutscene; function_identities.tsv:game_semantic_camera_events.tsv;asm;cfg;xrefs;camera_position;camera_rotation	Begins a camera path. Body: initializes from the player camera and first segment
function	GAME.EXE	camera_path.c	camera_path_step	camera_path_step	retain	src/game/camera_path.c:58; callers: map_floor5_weapon_transform_cutscene; function_identities.tsv:game_semantic_camera_events.tsv;asm;cfg;xrefs	Steps a camera path one frame. Body: decrements frames, advances pose, chains segments
function	GAME.EXE	lighting.c	lighting_transition_color_matrix	lighting_transition_color_matrix	retain	src/game/lighting.c:13; callers: player_restore_vitals_with_color_cycle; function_identities.tsv:game_semantic_event_queries_matrix.tsv;asm;cfg;lighting_set_color_matrix;frame_pacer_wait	Blocking colour-matrix transition. Body: five blended renders from one matrix to another
function	GAME.EXE	lighting.c	color_matrix_set_rgb	color_matrix_set_rgb	retain	src/game/lighting.c:26; callers: player_restore_vitals_with_color_cycle; function_identities.tsv:game_semantic_event_queries_matrix.tsv;asm;xrefs;exact-source	Name exact. Body: fills each row with one RGB component
function	GAME.EXE	lighting.c	player_restore_vitals_with_color_cycle	player_restore_vitals_with_color_cycle	retain	src/game/lighting.c:43; callers: map_ambient_script_floor3, map_interaction_dispatch; function_identities.tsv:game_semantic_event_queries_matrix.tsv;asm;cfg;xrefs;player_vitals;ReadColorMatrix	Name exact. Body: colour cycle, full HP/MP, clears low status bits
enum_constant	GAME.EXE	enum@lighting.c:7	LIGHTING_COLOR_BLEND_STEP	LIGHTING_COLOR_BLEND_STEP	retain	src/game/lighting.c:7	Reviewed as family: colour transition step and restore colour level
enum_constant	GAME.EXE	enum@lighting.c:7	VITAL_RESTORE_COLOR_LEVEL	VITAL_RESTORE_COLOR_LEVEL	retain	src/game/lighting.c:7	Reviewed as family: colour transition step and restore colour level
function	GAME.EXE	lighting_presets.c	lighting_blend_current_color	lighting_blend_current_color	retain	src/game/lighting_presets.c:10; callers: lighting_apply_blue_tint, lighting_apply_illusion_staff_effect, lighting_apply_shadow_blade_environment	Blend from the current colour matrix. Body: static inline in lighting_presets.c; ReadColorMatrix then lighting_set_color_matrix toward a target
enum_constant	GAME.EXE	enum@lighting_presets.c:5	SHADOW_BLADE_COLOR_BLEND	SHADOW_BLADE_COLOR_BLEND	retain	src/game/lighting_presets.c:5	Reviewed as family: Shadow Blade and generic preset blend amounts
enum_constant	GAME.EXE	enum@lighting_presets.c:5	LIGHTING_EFFECT_BLEND	LIGHTING_EFFECT_BLEND	retain	src/game/lighting_presets.c:5	Reviewed as family: Shadow Blade and generic preset blend amounts
macro	GAME.EXE	actor.h	actor_effect_kind_from_payload	actor_effect_kind_from_payload	retain	include/kf/game/actor.h:189	legacy macro form of the effect-kind decoder
macro	GAME.EXE	actor.h	ACTOR_BEARING_TO_PLAYER	ACTOR_BEARING_TO_PLAYER	retain	include/kf/game/actor.h:333	bearing from an actor to actor_state.player_position
function	GAME.EXE	actor.h	actor_effect_kind_from_payload	actor_effect_kind_from_payload	retain	include/kf/game/actor.h:184; callers: actor_spawn_action_effect	Name exact. Body: constexpr/macro decoding a masked effect code as KfEffectKind
type	GAME.EXE	actor.h	KfActorActionParameters	KfActorActionParameters	retain	include/kf/game/actor.h:194; structures.tsv:game/actor.h;asm;xrefs;enum-field-review.md	effect codes/chances and drop object/chance inside KfActorDefinition
member	GAME.EXE	KfActorActionParameters	effect_codes	effect_codes	retain	include/kf/game/actor.h:194; structure_fields.tsv:game/actor.h;asm;xrefs;enum-field-review.md	three KfActorEffectCode bytes passed to actor_try_select_profiled_action and actor_spawn_action_effect per effect slot; TSV meaning: low five bits select effect/action profile; bit 5 emits a pair; 0xff is observed unset storage
member	GAME.EXE	KfActorActionParameters	effect_chances	effect_chances	retain	include/kf/game/actor.h:194; structure_fields.tsv:game/actor.h;asm;xrefs;enum-field-review.md	three chances passed as the chance argument of the profiled selector per effect slot; TSV meaning: per-slot probability compared with rand() >> 7
member	GAME.EXE	KfActorActionParameters	drop_object	drop_object	retain	include/kf/game/actor.h:194; structure_fields.tsv:game/actor.h;asm;xrefs;enum-field-review.md	KfObjectId dropped via map_object_spawn_drop(DROP_FROM_DEFINITION) on death; TSV meaning: existing map-object domain; disabled and unset encodings retained
member	GAME.EXE	KfActorActionParameters	drop_chance	drop_chance	retain	include/kf/game/actor.h:194; structure_fields.tsv:game/actor.h;asm;xrefs;enum-field-review.md	compared with rand()>>7 before the definition drop; TSV meaning: death-drop probability compared with rand() >> 7
type	GAME.EXE	actor.h	KfActorDefinition	KfActorDefinition	retain	include/kf/game/actor.h:216; structures.tsv:game/actor.h;game_semantic_actor_core.tsv;asm;xrefs	0x98-byte loaded actor definition read through actor_state.current_definition
member	GAME.EXE	KfActorDefinition	pursuit_distance_scale	pursuit_distance_scale	retain	include/kf/game/actor.h:216; structure_fields.tsv:game/actor.h;asm;actor_update_effect_action;actor_move_along_heading;actor_update_boss_death_sequence;semantic-field-names.md;asm;CFG;callers;callees;xrefs	shifted left 8 into the pursue threshold in actor_select_next_action; TSV meaning: pursuit threshold shifted by 8 with action-selection hysteresis
member	GAME.EXE	KfActorDefinition	model_and_texture	model_and_texture	retain	include/kf/game/actor.h:216; structure_fields.tsv:game/actor.h;asm;actor_update_effect_action;actor_move_along_heading;actor_update_boss_death_sequence;semantic-field-names.md;asm;CFG;callers;callees;xrefs	copied/selected by the actor renderer; packed selector byte (structure_fields); TSV meaning: low nibble selects model asset; high nibble selects texture page and CLUT variant
member	GAME.EXE	KfActorDefinition	melee_attack_chance	melee_attack_chance	retain	include/kf/game/actor.h:216; structure_fields.tsv:game/actor.h;asm;actor_update_effect_action;actor_move_along_heading;actor_update_boss_death_sequence;semantic-field-names.md;asm;CFG;callers;callees;xrefs	chance argument of the MELEE_ATTACK selector; TSV meaning: chance for action 4, whose animation calls actor_try_attack_player
member	GAME.EXE	KfActorDefinition	status_effect	status_effect	retain	include/kf/game/actor.h:216; structure_fields.tsv:game/actor.h;asm;actor_update_effect_action;actor_move_along_heading;actor_update_boss_death_sequence;enum-field-review.md	KfPlayerStatusFlags applied by actor_try_attack_player; TSV meaning: status effect flags passed to player_apply_damage by actor_try_attack_player
member	GAME.EXE	KfActorDefinition	status_effect_chance	status_effect_chance	retain	include/kf/game/actor.h:216; structure_fields.tsv:game/actor.h;asm;actor_update_effect_action;actor_move_along_heading;actor_update_boss_death_sequence	compared with rand()>>7 before applying status_effect; TSV meaning: per-hit chance out of 256 compared with rand() >> 7; zero disables
member	GAME.EXE	KfActorDefinition	action_parameters	action_parameters	retain	include/kf/game/actor.h:216; structure_fields.tsv:game/actor.h;asm;actor_update_effect_action;actor_move_along_heading;actor_update_boss_death_sequence;enum-field-review.md	effect codes/chances and drop parameters (KfActorActionParameters); TSV meaning: three packed effect codes, three chances, map-object drop ID and drop chance at relative offsets 0,3,6,7
member	GAME.EXE	KfActorDefinition	move_speed	move_speed	retain	include/kf/game/actor.h:216; structure_fields.tsv:game/actor.h;asm;actor_update_effect_action;actor_move_along_heading;actor_update_boss_death_sequence	scales the forward vector in actor_move_along_heading and EXIT_BLOCKED_PLACEMENT; TSV meaning: scale applied to the forward vector by actor_move_along_heading
member	GAME.EXE	KfActorDefinition	action_animations	action_animations	retain	include/kf/game/actor.h:216; structure_fields.tsv:game/actor.h;asm;actor_update_effect_action;actor_move_along_heading;actor_update_boss_death_sequence;strict-enum-audit.md	per-slot clips indexed by KF_ACTOR_ANIM_SLOT_*; NONE disables the action; TSV meaning: animation id per action index (action - 2); entries 3 and 4 are the hit and death animations, 0xff means none
member	GAME.EXE	KfActorDefinition	turn_rate	turn_rate	retain	include/kf/game/actor.h:216; structure_fields.tsv:game/actor.h;asm;actor_update_effect_action;actor_move_along_heading;actor_update_boss_death_sequence	angle_approach step in actor_move_along_heading and RETURN_HOME; TSV meaning: angle_approach step for actor_move_along_heading; halved-and-a-half while colliding
member	GAME.EXE	KfActorDefinition	sounds	sounds	retain	include/kf/game/actor.h:216; structure_fields.tsv:game/actor.h;asm;actor_update_current_action	attack/hit/death SoundRefs played via actor_play_sound_at_phase; TSV meaning: three sound refs handed to actor_play_sound_at_phase at 0x1f, 0x22 and 0x25
member	GAME.EXE	KfActorDefinition	attachment_offsets	attachment_offsets	retain	include/kf/game/actor.h:216; structure_fields.tsv:game/actor.h;asm;actor_spawn_action_effect	effect spawn offsets per effect slot in actor_spawn_action_effect; TSV meaning: effect attachment offsets rotated by the actor angles; indexed by the attachment index
member	GAME.EXE	KfActorDefinition	special_attack_chance	special_attack_chance	retain	include/kf/game/actor.h:216; structure_fields.tsv:game/actor.h;asm;actor_select_next_action;semantic-field-names.md;asm;CFG;callers;callees;xrefs	chance of SPECIAL_ATTACK and JUMP_ATTACK selection; TSV meaning: signed chance for actor actions 16 and 17
member	GAME.EXE	KfActorDefinition	special_attack_range	special_attack_range	retain	include/kf/game/actor.h:216; structure_fields.tsv:game/actor.h;asm;actor_select_next_action;semantic-field-names.md;asm;CFG;callers;callees;xrefs	distance scale of SPECIAL_ATTACK and reach of special/jump contact; TSV meaning: signed distance used by special-attack selection and damage application
member	GAME.EXE	KfActorDefinition	unknown_38	unknown_38	keep-unresolved	include/kf/game/actor.h:216; structure_fields.tsv:game/actor.h;asm;actor_select_next_action	Address/offset/value-derived name; current evidence does not support a semantic replacement. meaning unresolved
member	GAME.EXE	KfActorDefinition	action_animation_steps	action_animation_steps	retain	include/kf/game/actor.h:216; structure_fields.tsv:game/actor.h;asm;actor_update_effect_action;actor_move_along_heading;actor_update_boss_death_sequence	per-slot phase increments passed to the advance helpers; TSV meaning: animation step per action index; the boss death sequence keys effects on entry 4
member	GAME.EXE	KfActorDefinition	action_animation_phases	action_animation_phases	retain	include/kf/game/actor.h:216; structure_fields.tsv:game/actor.h;asm;actor_update_effect_action;actor_move_along_heading;actor_update_boss_death_sequence	per-slot sound/effect trigger phases; TSV meaning: animation phase threshold per action index
member	GAME.EXE	KfActorDefinition	collision_radius	collision_radius	retain	include/kf/game/actor.h:216; structure_fields.tsv:game/actor.h;asm;xrefs	actor collision/overlap radius in movement, overlap and collision_target; TSV meaning: collision radius
member	GAME.EXE	KfActorDefinition	collision_height	collision_height	retain	include/kf/game/actor.h:216; structure_fields.tsv:game/actor.h;asm;xrefs	vertical extent in distance tests; half of it offsets drops and aim; TSV meaning: collision height
member	GAME.EXE	KfActorDefinition	awareness_distance	awareness_distance	retain	include/kf/game/actor.h:216; structure_fields.tsv:game/actor.h;asm;xrefs	melee selection scale, retreat threshold and melee reach; TSV meaning: awareness range
member	GAME.EXE	KfActorDefinition	initial_health	initial_health	retain	include/kf/game/actor.h:216; structure_fields.tsv:game/actor.h;asm;xrefs	copied into health by actor_initialize; TSV meaning: spawn health
member	GAME.EXE	KfActorDefinition	effect_owner_id	effect_owner_id	retain	include/kf/game/actor.h:216; structure_fields.tsv:game/actor.h;asm;xrefs;semantic-field-names.md;asm;CFG;callers;callees;xrefs	id argument of effect_pool_construct for actor effects; TSV meaning: first argument of effect_pool_construct from actor actions
member	GAME.EXE	KfActorDefinition	experience_reward	experience_reward	retain	include/kf/game/actor.h:216; structure_fields.tsv:game/actor.h;asm;xrefs	passed to player_add_experience on a player kill; TSV meaning: passed to player_add_experience when the actor dies
member	GAME.EXE	KfActorDefinition	attack_components	attack_components	retain	include/kf/game/actor.h:216; structure_fields.tsv:game/actor.h;asm;xrefs	cutting/striking/piercing values passed to player_apply_damage; TSV meaning: three attack components
member	GAME.EXE	KfActorDefinition	defenses	defenses	retain	include/kf/game/actor.h:216; structure_fields.tsv:game/actor.h;asm;xrefs	five component defenses used by actor_apply_damage; TSV meaning: five defense components
member	GAME.EXE	KfActorDefinition	gold_drop_limit	gold_drop_limit	retain	include/kf/game/actor.h:216; structure_fields.tsv:game/actor.h;asm;xrefs;semantic-field-names.md;asm;CFG;callers;callees;xrefs	exclusive bound of the rand-scaled gold amount spawned on death; TSV meaning: exclusive upper bound of randomized gold amount: rand * limit >> 15; object 39 behavior 0x41 credits player gold
type	GAME.EXE	actor.h	KfActorDefinitionTable	KfActorDefinitionTable	retain	include/kf/game/actor.h:244; structures.tsv:game/actor.h;asm;typed-map-tables.md	twelve definitions copied by actor_definitions_load
member	GAME.EXE	KfActorDefinitionTable	entries	entries	retain	include/kf/game/actor.h:244; structure_fields.tsv:asm;typed-map-tables.md;cast-union-debt.md	twelve definitions indexed by definition_id; TSV meaning: canonical twelve-record table
type	GAME.EXE	actor.h	KfActorActionProfile	KfActorActionProfile	retain	include/kf/game/actor.h:248; structures.tsv:game/actor.h;game_semantic_actor_ai.tsv;asm;xrefs	five-halfword distance/weight profile of actor_action_profiles
member	GAME.EXE	KfActorActionProfile	far_distance	far_distance	retain	include/kf/game/actor.h:248; structure_fields.tsv:game/actor.h;asm;xrefs	distance at or beyond which far_weight applies (actor_try_select_profiled_action); TSV meaning: far distance threshold
member	GAME.EXE	KfActorActionProfile	far_weight	far_weight	retain	include/kf/game/actor.h:248; structure_fields.tsv:game/actor.h;asm;xrefs	weight used at or beyond far_distance; TSV meaning: far action weight
member	GAME.EXE	KfActorActionProfile	near_distance	near_distance	retain	include/kf/game/actor.h:248; structure_fields.tsv:game/actor.h;asm;xrefs	distance at or beyond which middle_weight applies; TSV meaning: near distance threshold
member	GAME.EXE	KfActorActionProfile	middle_weight	middle_weight	retain	include/kf/game/actor.h:248; structure_fields.tsv:game/actor.h;asm;xrefs	weight between near_distance and far_distance; TSV meaning: middle action weight
member	GAME.EXE	KfActorActionProfile	near_weight	near_weight	retain	include/kf/game/actor.h:248; structure_fields.tsv:game/actor.h;asm;xrefs	default weight below near_distance; TSV meaning: near action weight
type	GAME.EXE	actor.h	KfActorPlacement	KfActorPlacement	retain	include/kf/game/actor.h:264; structures.tsv:game/actor.h;game_semantic_actor_core.tsv;runtime-stride	16-byte MIXA placement consumed by actor_pool_load_placements
member	GAME.EXE	KfActorPlacement	slot_state	slot_state	retain	include/kf/game/actor.h:264; structure_fields.tsv:game/actor.h;asm;actor_pool_load_placements	copied into KfActor.slot_state; 0xff terminates the list; TSV meaning: copied to KfActor.slot_state; 0xff ends the placement list
member	GAME.EXE	KfActorPlacement	definition_flags	definition_flags	retain	include/kf/game/actor.h:264; structure_fields.tsv:game/actor.h;asm;actor_pool_load_placements;render_entities;actor-culling-domain.md	low 5 bits definition id, bit 5 near-square culling (actor_pool_load_placements); TSV meaning: low five bits are the definition id; bit 5 selects near-square actor culling instead of the active visibility grid
member	GAME.EXE	KfActorPlacement	heading_quadrant	heading_quadrant	retain	include/kf/game/actor.h:264; structure_fields.tsv:game/actor.h;asm;actor_pool_load_placements;strict-enum-audit.md	copied to the actor home heading; TSV meaning: copied to KfActor.heading_quadrant
member	GAME.EXE	KfActorPlacement	tile_z	tile_z	retain	include/kf/game/actor.h:264; structure_fields.tsv:game/actor.h;asm;actor_pool_load_placements	home tile z; TSV meaning: map tile z
member	GAME.EXE	KfActorPlacement	tile_x	tile_x	retain	include/kf/game/actor.h:264; structure_fields.tsv:game/actor.h;asm;actor_pool_load_placements	home tile x; TSV meaning: map tile x
member	GAME.EXE	KfActorPlacement	spawn_chance	spawn_chance	retain	include/kf/game/actor.h:264; structure_fields.tsv:game/actor.h;asm;actor_pool_load_placements;semantic-field-names.md;asm;CFG;callers;callees;xrefs	copied spawn chance; TSV meaning: copied to KfActor.spawn_chance
member	GAME.EXE	KfActorPlacement	death_drop_object_id	death_drop_object_id	retain	include/kf/game/actor.h:264; structure_fields.tsv:game/actor.h;asm;actor_pool_load_placements;semantic-field-names.md;asm;CFG;callers;callees;xrefs	copied placement drop object; TSV meaning: copied to KfActor.death_drop_object_id
member	GAME.EXE	KfActorPlacement	unknown_07	unknown_07	keep-unresolved	include/kf/game/actor.h:264; structure_fields.tsv:game/actor.h;asm;actor_pool_load_placements	Address/offset/value-derived name; current evidence does not support a semantic replacement. not read by the loader
member	GAME.EXE	KfActorPlacement	local_z	local_z	retain	include/kf/game/actor.h:264; structure_fields.tsv:game/actor.h;asm;actor_pool_load_placements	signed offset within the home tile; TSV meaning: local offset along z
member	GAME.EXE	KfActorPlacement	local_x	local_x	retain	include/kf/game/actor.h:264; structure_fields.tsv:game/actor.h;asm;actor_pool_load_placements	signed offset within the home tile; TSV meaning: local offset along x
member	GAME.EXE	KfActorPlacement	unknown_0e	unknown_0e	keep-unresolved	include/kf/game/actor.h:264; structure_fields.tsv:game/actor.h;asm;actor_pool_load_placements	Address/offset/value-derived name; current evidence does not support a semantic replacement. not read by the loader
type	GAME.EXE	actor.h	KfActor	KfActor	retain	include/kf/game/actor.h:278; structures.tsv:game/actor.h;game_semantic_actor_core.tsv;asm;xrefs	0x48-byte live actor record in actor_state.actors
member	GAME.EXE	KfActor	slot_state	slot_state	retain	include/kf/game/actor.h:278; structure_fields.tsv:game/actor.h;asm;xrefs;game-actor-states.md	allocation/respawn policy tested by awareness, death and persistence code; TSV meaning: allocation/respawn policy: dynamic 0, persistent 1, respawning 2, homebound 3, free 255
member	GAME.EXE	KfActor	definition_id	definition_id	retain	include/kf/game/actor.h:278; structure_fields.tsv:game/actor.h;asm;xrefs	index into actor_state.definitions; TSV meaning: index into actor definitions
member	GAME.EXE	KfActor	culling_mode	culling_mode	retain	include/kf/game/actor.h:278; structure_fields.tsv:game/actor.h;asm;actor_pool_load_placements;actor_pool_spawn;render_entities;actor-culling-domain.md	visibility-grid or near-square culling for rendering; TSV meaning: zero uses the active visibility grid; nonzero uses a 24-cell square around the view cell
member	GAME.EXE	KfActor	heading_quadrant	heading_quadrant	retain	include/kf/game/actor.h:278; structure_fields.tsv:game/actor.h;asm;xrefs;strict-enum-audit.md	home heading restored on init and return home; TSV meaning: coarse heading selector
member	GAME.EXE	KfActor	tile_z	tile_z	retain	include/kf/game/actor.h:278; structure_fields.tsv:game/actor.h;asm;xrefs;actor_pool_load_placements;axis-from-position	home tile z used by home position and actor_pool_find_at_tile; TSV meaning: map tile z; world position.z = tile_z * 2000 + local_z (actor_initialize_slot, actor_pool_load_placements)
member	GAME.EXE	KfActor	tile_x	tile_x	retain	include/kf/game/actor.h:278; structure_fields.tsv:game/actor.h;asm;xrefs;actor_pool_load_placements;axis-from-position	home tile x; TSV meaning: map tile x; world position.x = tile_x * 2000 + local_x
member	GAME.EXE	KfActor	lifecycle	lifecycle	retain	include/kf/game/actor.h:278; structure_fields.tsv:game/actor.h;asm;xrefs;game-actor-states.md	dormant/active/wait/disabled activation state; TSV meaning: lifecycle: dormant 0, active 1, waiting for range exit 2, disabled 3; disabled is also used for scripted hiding
member	GAME.EXE	KfActor	spawn_chance	spawn_chance	retain	include/kf/game/actor.h:278; structure_fields.tsv:game/actor.h;asm;xrefs;semantic-field-names.md;asm;CFG;callers;callees;xrefs	awareness spawn roll threshold; TSV meaning: placement chance shifted by 7 and compared with rand in actor awareness
member	GAME.EXE	KfActor	action	action	retain	include/kf/game/actor.h:278; structure_fields.tsv:game/actor.h;asm;xrefs;game-actor-states.md	current KfActorAction dispatched by actor_update_current_action; TSV meaning: behavior action ID (KF_ACTOR_ACTION_*), distinct from animation-table slots and resource animation IDs
member	GAME.EXE	KfActor	death_drop_object_id	death_drop_object_id	retain	include/kf/game/actor.h:278; structure_fields.tsv:game/actor.h;asm;xrefs;semantic-field-names.md;asm;CFG;callers;callees;xrefs	placement drop spawned on death for persistent actors; TSV meaning: actor death passes this object ID to map_object_spawn_effect; 0x63 suppresses the drop
member	GAME.EXE	KfActor	vertical_state	vertical_state	retain	include/kf/game/actor.h:278; structure_fields.tsv:game/actor.h;asm;xrefs;game-actor-states.md	vertical integration mode (none, step, fall, long drop, jump); TSV meaning: vertical movement policy: none 0, step-up 1, fall 2, long drop 3, jump attack 4
member	GAME.EXE	KfActor	unknown_0c	unknown_0c	keep-unresolved	include/kf/game/actor.h:278; structure_fields.tsv:game/actor.h;asm;xrefs	Address/offset/value-derived name; current evidence does not support a semantic replacement. meaning unresolved
member	GAME.EXE	KfActor	local_z	local_z	retain	include/kf/game/actor.h:278; structure_fields.tsv:game/actor.h;asm;xrefs;actor_pool_load_placements;axis-from-position	home offset z; TSV meaning: local offset along z added to tile_z * 2000
member	GAME.EXE	KfActor	local_x	local_x	retain	include/kf/game/actor.h:278; structure_fields.tsv:game/actor.h;asm;xrefs;actor_pool_load_placements;axis-from-position	home offset x; TSV meaning: local offset along x added to tile_x * 2000
member	GAME.EXE	KfActor	animation_phase	animation_phase	retain	include/kf/game/actor.h:278; structure_fields.tsv:game/actor.h;asm;xrefs	0..4095 phase advanced by the animation helpers; TSV meaning: animation phase/progress
member	GAME.EXE	KfActor	health	health	retain	include/kf/game/actor.h:278; structure_fields.tsv:game/actor.h;asm;xrefs	remaining health reduced by actor_apply_damage; TSV meaning: current actor health
member	GAME.EXE	KfActor	cell_x	cell_x	retain	include/kf/game/actor.h:278; structure_fields.tsv:game/actor.h;asm;xrefs	current map cell x from position; TSV meaning: map cell x; every band load is lhu
member	GAME.EXE	KfActor	cell_z	cell_z	retain	include/kf/game/actor.h:278; structure_fields.tsv:game/actor.h;asm;xrefs	current map cell z; TSV meaning: map cell z; every band load is lhu
member	GAME.EXE	KfActor	unknown_1a	unknown_1a	keep-unresolved	include/kf/game/actor.h:278; structure_fields.tsv:game/actor.h;asm;xrefs	Address/offset/value-derived name; current evidence does not support a semantic replacement. meaning unresolved
member	GAME.EXE	KfActor	position	position	retain	include/kf/game/actor.h:278; structure_fields.tsv:game/actor.h;asm;xrefs;actor_move_xz_with_collision	world position; TSV meaning: world position as a four-lane vector; actor_move_xz_with_collision copies all 16 bytes and audio calls pass it as VECTOR
member	GAME.EXE	KfActor	rotation	rotation	retain	include/kf/game/actor.h:278; structure_fields.tsv:game/actor.h;asm;xrefs;collision_query_world;typed-world-transforms.md	Euler rotation; y is the heading; TSV meaning: SDK/Euler rotation; collision captures all eight bytes including pad
member	GAME.EXE	KfActor	animation_cache	animation_cache	retain	include/kf/game/actor.h:278; structure_fields.tsv:game/actor.h;asm;game_semantic_animation_slots.tsv	animation-cache record slot passed to render_bind_animated_instance; TSV meaning: live animation record installed by the binder through the actor slot and cleared by actor_pool_clear or pool_record_release
member	GAME.EXE	KfActor	action_progress	action_progress	retain	include/kf/game/actor.h:278; structure_fields.tsv:game/actor.h;asm;xrefs;game-actor-states.md;strict-enum-audit.md	per-action progress/substate byte; TSV meaning: action progress: initialization 0, running 1, selection lock 240, completion 255; also jump phases and action-specific counters
member	GAME.EXE	KfActor	collision_state	collision_state	retain	include/kf/game/actor.h:278; structure_fields.tsv:game/actor.h;asm;xrefs;game-actor-states.md	steering state set by actor_move_xz_with_collision; TSV meaning: horizontal steering state: clear 0, axis slide 1, blocked/reversed heading 2; distinct from collision-query result codes
member	GAME.EXE	KfActor	movement_yaw	movement_yaw	retain	include/kf/game/actor.h:278; structure_fields.tsv:game/actor.h;asm;xrefs	desired heading for movement; yaw speed while drifting; TSV meaning: movement heading
member	GAME.EXE	KfActor	animation_step	animation_step	retain	include/kf/game/actor.h:278; structure_fields.tsv:game/actor.h;asm;xrefs	absolute last phase delta used by actor_animation_crossed_phase; TSV meaning: animation increment
member	GAME.EXE	KfActor	vertical_velocity	vertical_velocity	retain	include/kf/game/actor.h:278; structure_fields.tsv:game/actor.h;asm;xrefs	Y velocity during step/fall/jump; TSV meaning: vertical velocity
member	GAME.EXE	KfActor	movement_x	movement_x	retain	include/kf/game/actor.h:278; structure_fields.tsv:game/actor.h;asm;xrefs	X velocity of jump charge and drift; TSV meaning: x movement component
member	GAME.EXE	KfActor	movement_z	movement_z	retain	include/kf/game/actor.h:278; structure_fields.tsv:game/actor.h;asm;xrefs	Z velocity of jump charge and drift; TSV meaning: z movement component
member	GAME.EXE	KfActor	movement_y	movement_y	retain	include/kf/game/actor.h:278; structure_fields.tsv:game/actor.h;asm;xrefs	Y velocity of drift; TSV meaning: y movement component
member	GAME.EXE	KfActor	unknown_46	unknown_46	keep-unresolved	include/kf/game/actor.h:278; structure_fields.tsv:game/actor.h;asm;xrefs	Address/offset/value-derived name; current evidence does not support a semantic replacement. meaning unresolved
type	GAME.EXE	actor.h	KfActorState	KfActorState	retain	include/kf/game/actor.h:317; structures.tsv:game/actor.h;game_semantic_actor_core.tsv;asm;pool-relative-definition-and-current-actor-addresses	complete actor owner: definitions, actors and current context
member	GAME.EXE	KfActorState	definitions	definitions	retain	include/kf/game/actor.h:317; structure_fields.tsv:game/actor.h;asm;xrefs;typed-map-tables.md	twelve loaded definitions; TSV meaning: map-loaded actor definitions
member	GAME.EXE	KfActorState	actors	actors	retain	include/kf/game/actor.h:317; structure_fields.tsv:game/actor.h;asm;xrefs	128 live actor records; TSV meaning: live actor records
member	GAME.EXE	KfActorState	player_position	player_position	retain	include/kf/game/actor.h:317; structure_fields.tsv:game/actor.h;asm;xrefs	player position set by actor_set_player_transform; TSV meaning: player position snapshot copied each frame
member	GAME.EXE	KfActorState	player_rotation	player_rotation	retain	include/kf/game/actor.h:317; structure_fields.tsv:game/actor.h;asm;xrefs	player rotation set by actor_set_player_transform; TSV meaning: player rotation snapshot copied each frame
member	GAME.EXE	KfActorState	current_definition	current_definition	retain	include/kf/game/actor.h:317; structure_fields.tsv:game/actor.h;asm;xrefs	definition of the bound actor; TSV meaning: definition of the actor being updated
member	GAME.EXE	KfActorState	current	current	retain	include/kf/game/actor.h:317; structure_fields.tsv:game/actor.h;asm;xrefs	bound actor pointer; TSV meaning: actor being updated
member	GAME.EXE	KfActorState	current_index	current_index	retain	include/kf/game/actor.h:317; structure_fields.tsv:game/actor.h;asm;xrefs	bound actor index; TSV meaning: index of the actor being updated
member	GAME.EXE	KfActorState	current_definition_id	current_definition_id	retain	include/kf/game/actor.h:317; structure_fields.tsv:game/actor.h;asm;xrefs	bound definition id; TSV meaning: definition id of the actor being updated
member	GAME.EXE	KfActorState	player_target	player_target	retain	include/kf/game/actor.h:317; structure_fields.tsv:game/actor.h;asm;xrefs	actor targeted by player magic; consumed by the ground selector; TSV meaning: actor targeted by the player
type	GAME.EXE	actor.h	KfActorSlotState	KfActorSlotState	retain	include/kf/game/actor.h:27	slot allocation/respawn policy stored in KfActor.slot_state
enum_constant	GAME.EXE	KfActorSlotState	KF_ACTOR_SLOT_DYNAMIC	KF_ACTOR_SLOT_DYNAMIC	retain	include/kf/game/actor.h:27	Reviewed as family: slot policies
enum_constant	GAME.EXE	KfActorSlotState	KF_ACTOR_SLOT_PERSISTENT	KF_ACTOR_SLOT_PERSISTENT	retain	include/kf/game/actor.h:27	Reviewed as family: slot policies
enum_constant	GAME.EXE	KfActorSlotState	KF_ACTOR_SLOT_RESPAWNING	KF_ACTOR_SLOT_RESPAWNING	retain	include/kf/game/actor.h:27	Reviewed as family: slot policies
enum_constant	GAME.EXE	KfActorSlotState	KF_ACTOR_SLOT_HOMEBOUND	KF_ACTOR_SLOT_HOMEBOUND	retain	include/kf/game/actor.h:27	Reviewed as family: slot policies
enum_constant	GAME.EXE	KfActorSlotState	KF_ACTOR_SLOT_FREE	KF_ACTOR_SLOT_FREE	retain	include/kf/game/actor.h:27	Reviewed as family: slot policies
type	GAME.EXE	actor.h	KfActorLifecycle	KfActorLifecycle	retain	include/kf/game/actor.h:36	activation state switched by actor_update_awareness
enum_constant	GAME.EXE	KfActorLifecycle	KF_ACTOR_LIFECYCLE_DORMANT	KF_ACTOR_LIFECYCLE_DORMANT	retain	include/kf/game/actor.h:36	Reviewed as family: lifecycle states
enum_constant	GAME.EXE	KfActorLifecycle	KF_ACTOR_LIFECYCLE_ACTIVE	KF_ACTOR_LIFECYCLE_ACTIVE	retain	include/kf/game/actor.h:36	Reviewed as family: lifecycle states
enum_constant	GAME.EXE	KfActorLifecycle	KF_ACTOR_LIFECYCLE_WAIT_FOR_RANGE_EXIT	KF_ACTOR_LIFECYCLE_WAIT_FOR_RANGE_EXIT	retain	include/kf/game/actor.h:36	Reviewed as family: lifecycle states
enum_constant	GAME.EXE	KfActorLifecycle	KF_ACTOR_LIFECYCLE_DISABLED	KF_ACTOR_LIFECYCLE_DISABLED	retain	include/kf/game/actor.h:36	Reviewed as family: lifecycle states
type	GAME.EXE	actor.h	KfActorCullingMode	KfActorCullingMode	retain	include/kf/game/actor.h:43	render culling selector set from placement flags
enum_constant	GAME.EXE	KfActorCullingMode	KF_ACTOR_CULL_VISIBILITY_GRID	KF_ACTOR_CULL_VISIBILITY_GRID	retain	include/kf/game/actor.h:43	Reviewed as family: culling modes
enum_constant	GAME.EXE	KfActorCullingMode	KF_ACTOR_CULL_NEAR_SQUARE	KF_ACTOR_CULL_NEAR_SQUARE	retain	include/kf/game/actor.h:43	Reviewed as family: culling modes
type	GAME.EXE	actor.h	KfActorAction	KfActorAction	retain	include/kf/game/actor.h:48	action ids dispatched by actor_update_current_action
enum_constant	GAME.EXE	KfActorAction	KF_ACTOR_ACTION_IDLE	KF_ACTOR_ACTION_IDLE	retain	include/kf/game/actor.h:48	Reviewed as family: actor action ids named by the action arm each selects
enum_constant	GAME.EXE	KfActorAction	KF_ACTOR_ACTION_WANDER	KF_ACTOR_ACTION_WANDER	retain	include/kf/game/actor.h:48	Reviewed as family: actor action ids named by the action arm each selects
enum_constant	GAME.EXE	KfActorAction	KF_ACTOR_ACTION_PURSUE	KF_ACTOR_ACTION_PURSUE	retain	include/kf/game/actor.h:48	Reviewed as family: actor action ids named by the action arm each selects
enum_constant	GAME.EXE	KfActorAction	KF_ACTOR_ACTION_RETREAT	KF_ACTOR_ACTION_RETREAT	retain	include/kf/game/actor.h:48	Reviewed as family: actor action ids named by the action arm each selects
enum_constant	GAME.EXE	KfActorAction	KF_ACTOR_ACTION_MELEE_ATTACK	KF_ACTOR_ACTION_MELEE_ATTACK	retain	include/kf/game/actor.h:48	Reviewed as family: actor action ids named by the action arm each selects
enum_constant	GAME.EXE	KfActorAction	KF_ACTOR_ACTION_HIT_REACTION	KF_ACTOR_ACTION_HIT_REACTION	retain	include/kf/game/actor.h:48	Reviewed as family: actor action ids named by the action arm each selects
enum_constant	GAME.EXE	KfActorAction	KF_ACTOR_ACTION_DYING	KF_ACTOR_ACTION_DYING	retain	include/kf/game/actor.h:48	Reviewed as family: actor action ids named by the action arm each selects
enum_constant	GAME.EXE	KfActorAction	KF_ACTOR_ACTION_JUMP_ATTACK	KF_ACTOR_ACTION_JUMP_ATTACK	retain	include/kf/game/actor.h:48	Reviewed as family: actor action ids named by the action arm each selects
enum_constant	GAME.EXE	KfActorAction	KF_ACTOR_ACTION_SPECIAL_ATTACK	KF_ACTOR_ACTION_SPECIAL_ATTACK	retain	include/kf/game/actor.h:48	Reviewed as family: actor action ids named by the action arm each selects
enum_constant	GAME.EXE	KfActorAction	KF_ACTOR_ACTION_DRIFT	KF_ACTOR_ACTION_DRIFT	retain	include/kf/game/actor.h:48	Reviewed as family: actor action ids named by the action arm each selects
enum_constant	GAME.EXE	KfActorAction	KF_ACTOR_ACTION_EFFECT0	KF_ACTOR_ACTION_EFFECT0	retain	include/kf/game/actor.h:48	Reviewed as family: actor action ids named by the action arm each selects
enum_constant	GAME.EXE	KfActorAction	KF_ACTOR_ACTION_EFFECT1	KF_ACTOR_ACTION_EFFECT1	retain	include/kf/game/actor.h:48	Reviewed as family: actor action ids named by the action arm each selects
enum_constant	GAME.EXE	KfActorAction	KF_ACTOR_ACTION_EFFECT2	KF_ACTOR_ACTION_EFFECT2	retain	include/kf/game/actor.h:48	Reviewed as family: actor action ids named by the action arm each selects
enum_constant	GAME.EXE	KfActorAction	KF_ACTOR_ACTION_MULTI_HIT_ATTACK	KF_ACTOR_ACTION_MULTI_HIT_ATTACK	retain	include/kf/game/actor.h:48	Reviewed as family: actor action ids named by the action arm each selects
enum_constant	GAME.EXE	KfActorAction	KF_ACTOR_ACTION_EXIT_BLOCKED_PLACEMENT	KF_ACTOR_ACTION_EXIT_BLOCKED_PLACEMENT	retain	include/kf/game/actor.h:48	Reviewed as family: actor action ids named by the action arm each selects
enum_constant	GAME.EXE	KfActorAction	KF_ACTOR_ACTION_RETURN_HOME	KF_ACTOR_ACTION_RETURN_HOME	retain	include/kf/game/actor.h:48	Reviewed as family: actor action ids named by the action arm each selects
enum_constant	GAME.EXE	KfActorAction	KF_ACTOR_ACTION_POST_DEATH	KF_ACTOR_ACTION_POST_DEATH	retain	include/kf/game/actor.h:48	Reviewed as family: actor action ids named by the action arm each selects
enum_constant	GAME.EXE	KfActorAction	KF_ACTOR_ACTION_NONE	KF_ACTOR_ACTION_NONE	retain	include/kf/game/actor.h:48	Reviewed as family: actor action ids named by the action arm each selects
type	GAME.EXE	actor.h	KfActorActionProgress	KfActorActionProgress	retain	include/kf/game/actor.h:72	per-action progress byte including jump and backoff substates
enum_constant	GAME.EXE	KfActorActionProgress	KF_ACTOR_PROGRESS_INIT	KF_ACTOR_PROGRESS_INIT	retain	include/kf/game/actor.h:72	Reviewed as family: progress/substate values used by the action arms
enum_constant	GAME.EXE	KfActorActionProgress	KF_ACTOR_PROGRESS_RUNNING	KF_ACTOR_PROGRESS_RUNNING	retain	include/kf/game/actor.h:72	Reviewed as family: progress/substate values used by the action arms
enum_constant	GAME.EXE	KfActorActionProgress	KF_ACTOR_PROGRESS_JUMP_RISING	KF_ACTOR_PROGRESS_JUMP_RISING	retain	include/kf/game/actor.h:72	Reviewed as family: progress/substate values used by the action arms
enum_constant	GAME.EXE	KfActorActionProgress	KF_ACTOR_PROGRESS_JUMP_ATTACK_PENDING	KF_ACTOR_PROGRESS_JUMP_ATTACK_PENDING	retain	include/kf/game/actor.h:72	Reviewed as family: progress/substate values used by the action arms
enum_constant	GAME.EXE	KfActorActionProgress	KF_ACTOR_PROGRESS_JUMP_WAIT_FOR_LANDING	KF_ACTOR_PROGRESS_JUMP_WAIT_FOR_LANDING	retain	include/kf/game/actor.h:72	Reviewed as family: progress/substate values used by the action arms
enum_constant	GAME.EXE	KfActorActionProgress	KF_ACTOR_PROGRESS_DRIFT_COLLIDED	KF_ACTOR_PROGRESS_DRIFT_COLLIDED	retain	include/kf/game/actor.h:72	Reviewed as family: progress/substate values used by the action arms
enum_constant	GAME.EXE	KfActorActionProgress	KF_ACTOR_PROGRESS_POST_DEATH_END	KF_ACTOR_PROGRESS_POST_DEATH_END	retain	include/kf/game/actor.h:72	Reviewed as family: progress/substate values used by the action arms
enum_constant	GAME.EXE	KfActorActionProgress	KF_ACTOR_PROGRESS_BACKOFF_END	KF_ACTOR_PROGRESS_BACKOFF_END	retain	include/kf/game/actor.h:72	Reviewed as family: progress/substate values used by the action arms
enum_constant	GAME.EXE	KfActorActionProgress	KF_ACTOR_PROGRESS_BACKOFF_BASE	KF_ACTOR_PROGRESS_BACKOFF_BASE	retain	include/kf/game/actor.h:72	Reviewed as family: progress/substate values used by the action arms
enum_constant	GAME.EXE	KfActorActionProgress	KF_ACTOR_PROGRESS_BACKOFF_LAST	KF_ACTOR_PROGRESS_BACKOFF_LAST	retain	include/kf/game/actor.h:72	Reviewed as family: progress/substate values used by the action arms
enum_constant	GAME.EXE	KfActorActionProgress	KF_ACTOR_PROGRESS_LOCKED	KF_ACTOR_PROGRESS_LOCKED	retain	include/kf/game/actor.h:72	Reviewed as family: progress/substate values used by the action arms
enum_constant	GAME.EXE	KfActorActionProgress	KF_ACTOR_PROGRESS_COMPLETE	KF_ACTOR_PROGRESS_COMPLETE	retain	include/kf/game/actor.h:72	Reviewed as family: progress/substate values used by the action arms
type	GAME.EXE	actor.h	KfActorMoveDirection	KfActorMoveDirection	retain	include/kf/game/actor.h:88	forward/backward argument of actor_move_along_heading
enum_constant	GAME.EXE	KfActorMoveDirection	KF_ACTOR_MOVE_BACKWARD	KF_ACTOR_MOVE_BACKWARD	retain	include/kf/game/actor.h:88	Reviewed as family: movement direction signs
enum_constant	GAME.EXE	KfActorMoveDirection	KF_ACTOR_MOVE_FORWARD	KF_ACTOR_MOVE_FORWARD	retain	include/kf/game/actor.h:88	Reviewed as family: movement direction signs
type	GAME.EXE	actor.h	KfActorCollisionPolicy	KfActorCollisionPolicy	retain	include/kf/game/actor.h:93	steer/stop policy argument of the movement helpers
enum_constant	GAME.EXE	KfActorCollisionPolicy	KF_ACTOR_COLLISION_STEER	KF_ACTOR_COLLISION_STEER	retain	include/kf/game/actor.h:93	Reviewed as family: steer/stop movement policies
enum_constant	GAME.EXE	KfActorCollisionPolicy	KF_ACTOR_COLLISION_STOP	KF_ACTOR_COLLISION_STOP	retain	include/kf/game/actor.h:93	Reviewed as family: steer/stop movement policies
type	GAME.EXE	actor.h	KfActorMoveResult	KfActorMoveResult	retain	include/kf/game/actor.h:98	succeeded/blocked result of the movement helpers
enum_constant	GAME.EXE	KfActorMoveResult	KF_ACTOR_MOVE_SUCCEEDED	KF_ACTOR_MOVE_SUCCEEDED	retain	include/kf/game/actor.h:98	Reviewed as family: movement results
enum_constant	GAME.EXE	KfActorMoveResult	KF_ACTOR_MOVE_BLOCKED	KF_ACTOR_MOVE_BLOCKED	retain	include/kf/game/actor.h:98	Reviewed as family: movement results
type	GAME.EXE	actor.h	KfActorVerticalState	KfActorVerticalState	retain	include/kf/game/actor.h:103	actor vertical integration mode
enum_constant	GAME.EXE	KfActorVerticalState	KF_ACTOR_VERTICAL_NONE	KF_ACTOR_VERTICAL_NONE	retain	include/kf/game/actor.h:103	Reviewed as family: vertical states
enum_constant	GAME.EXE	KfActorVerticalState	KF_ACTOR_VERTICAL_STEP_UP	KF_ACTOR_VERTICAL_STEP_UP	retain	include/kf/game/actor.h:103	Reviewed as family: vertical states
enum_constant	GAME.EXE	KfActorVerticalState	KF_ACTOR_VERTICAL_FALL	KF_ACTOR_VERTICAL_FALL	retain	include/kf/game/actor.h:103	Reviewed as family: vertical states
enum_constant	GAME.EXE	KfActorVerticalState	KF_ACTOR_VERTICAL_LONG_DROP	KF_ACTOR_VERTICAL_LONG_DROP	retain	include/kf/game/actor.h:103	Reviewed as family: vertical states
enum_constant	GAME.EXE	KfActorVerticalState	KF_ACTOR_VERTICAL_JUMP_ATTACK	KF_ACTOR_VERTICAL_JUMP_ATTACK	retain	include/kf/game/actor.h:103	Reviewed as family: vertical states
type	GAME.EXE	actor.h	KfActorCollisionState	KfActorCollisionState	retain	include/kf/game/actor.h:112	actor steering state after a blocked move
enum_constant	GAME.EXE	KfActorCollisionState	KF_ACTOR_COLLISION_CLEAR	KF_ACTOR_COLLISION_CLEAR	retain	include/kf/game/actor.h:112	Reviewed as family: steering states
enum_constant	GAME.EXE	KfActorCollisionState	KF_ACTOR_COLLISION_SLIDING	KF_ACTOR_COLLISION_SLIDING	retain	include/kf/game/actor.h:112	Reviewed as family: steering states
enum_constant	GAME.EXE	KfActorCollisionState	KF_ACTOR_COLLISION_BLOCKED	KF_ACTOR_COLLISION_BLOCKED	retain	include/kf/game/actor.h:112	Reviewed as family: steering states
type	GAME.EXE	actor.h	KfActorEffectSlot	KfActorEffectSlot	retain	include/kf/game/actor.h:167	effect slot index shared by parameters, animations and attachments
enum_constant	GAME.EXE	KfActorEffectSlot	KF_ACTOR_EFFECT_SLOT_FIRST	KF_ACTOR_EFFECT_SLOT_FIRST	retain	include/kf/game/actor.h:167	Reviewed as family: effect slot indices
enum_constant	GAME.EXE	KfActorEffectSlot	KF_ACTOR_EFFECT_SLOT_SECOND	KF_ACTOR_EFFECT_SLOT_SECOND	retain	include/kf/game/actor.h:167	Reviewed as family: effect slot indices
enum_constant	GAME.EXE	KfActorEffectSlot	KF_ACTOR_EFFECT_SLOT_THIRD	KF_ACTOR_EFFECT_SLOT_THIRD	retain	include/kf/game/actor.h:167	Reviewed as family: effect slot indices
type	GAME.EXE	actor.h	KfActorEffectCode	KfActorEffectCode	retain	include/kf/game/actor.h:174	effect code byte: kind mask and paired flag
enum_constant	GAME.EXE	KfActorEffectCode	KF_ACTOR_EFFECT_CODE_NONE	KF_ACTOR_EFFECT_CODE_NONE	retain	include/kf/game/actor.h:174	Reviewed as family: effect code masks/flags
enum_constant	GAME.EXE	KfActorEffectCode	KF_ACTOR_EFFECT_KIND_MASK	KF_ACTOR_EFFECT_KIND_MASK	retain	include/kf/game/actor.h:174	Reviewed as family: effect code masks/flags
enum_constant	GAME.EXE	KfActorEffectCode	KF_ACTOR_EFFECT_PAIRED	KF_ACTOR_EFFECT_PAIRED	retain	include/kf/game/actor.h:174	Reviewed as family: effect code masks/flags
enum_constant	GAME.EXE	KfActorEffectCode	KF_ACTOR_EFFECT_CODE_UNSET	KF_ACTOR_EFFECT_CODE_UNSET	retain	include/kf/game/actor.h:174	Reviewed as family: effect code masks/flags
type	GAME.EXE	actor.h	KfActorHeadingQuadrant	KfActorHeadingQuadrant	retain	include/kf/game/actor.h:256	home heading in quarter turns
enum_constant	GAME.EXE	KfActorHeadingQuadrant	KF_ACTOR_HEADING_0	KF_ACTOR_HEADING_0	retain	include/kf/game/actor.h:256	Reviewed as family: quarter-turn headings
enum_constant	GAME.EXE	KfActorHeadingQuadrant	KF_ACTOR_HEADING_90	KF_ACTOR_HEADING_90	retain	include/kf/game/actor.h:256	Reviewed as family: quarter-turn headings
enum_constant	GAME.EXE	KfActorHeadingQuadrant	KF_ACTOR_HEADING_180	KF_ACTOR_HEADING_180	retain	include/kf/game/actor.h:256	Reviewed as family: quarter-turn headings
enum_constant	GAME.EXE	KfActorHeadingQuadrant	KF_ACTOR_HEADING_270	KF_ACTOR_HEADING_270	retain	include/kf/game/actor.h:256	Reviewed as family: quarter-turn headings
enum_constant	GAME.EXE	enum@actor.h:20	KF_ACTOR_DEFINITION_COUNT	KF_ACTOR_DEFINITION_COUNT	retain	include/kf/game/actor.h:20	Reviewed as family: actor table counts and pool capacity
enum_constant	GAME.EXE	enum@actor.h:20	KF_ACTOR_DEFINITION_WORD_COUNT	KF_ACTOR_DEFINITION_WORD_COUNT	retain	include/kf/game/actor.h:20	Reviewed as family: actor table counts and pool capacity
enum_constant	GAME.EXE	enum@actor.h:20	KF_ACTOR_ATTACHMENT_OFFSET_COUNT	KF_ACTOR_ATTACHMENT_OFFSET_COUNT	retain	include/kf/game/actor.h:20	Reviewed as family: actor table counts and pool capacity
enum_constant	GAME.EXE	enum@actor.h:20	KF_ACTOR_CAPACITY	KF_ACTOR_CAPACITY	retain	include/kf/game/actor.h:20	Reviewed as family: actor table counts and pool capacity
enum_constant	GAME.EXE	enum@actor.h:119	KF_ACTOR_ANIM_SLOT_IDLE	KF_ACTOR_ANIM_SLOT_IDLE	retain	include/kf/game/actor.h:119	Reviewed as family: KF_ACTOR_ANIM_SLOT_* index the parallel action_animations/steps/phases tables by action
enum_constant	GAME.EXE	enum@actor.h:119	KF_ACTOR_ANIM_SLOT_MOVE	KF_ACTOR_ANIM_SLOT_MOVE	retain	include/kf/game/actor.h:119	Reviewed as family: KF_ACTOR_ANIM_SLOT_* index the parallel action_animations/steps/phases tables by action
enum_constant	GAME.EXE	enum@actor.h:119	KF_ACTOR_ANIM_SLOT_MELEE	KF_ACTOR_ANIM_SLOT_MELEE	retain	include/kf/game/actor.h:119	Reviewed as family: KF_ACTOR_ANIM_SLOT_* index the parallel action_animations/steps/phases tables by action
enum_constant	GAME.EXE	enum@actor.h:119	KF_ACTOR_ANIM_SLOT_HIT_REACTION	KF_ACTOR_ANIM_SLOT_HIT_REACTION	retain	include/kf/game/actor.h:119	Reviewed as family: KF_ACTOR_ANIM_SLOT_* index the parallel action_animations/steps/phases tables by action
enum_constant	GAME.EXE	enum@actor.h:119	KF_ACTOR_ANIM_SLOT_DEATH	KF_ACTOR_ANIM_SLOT_DEATH	retain	include/kf/game/actor.h:119	Reviewed as family: KF_ACTOR_ANIM_SLOT_* index the parallel action_animations/steps/phases tables by action
enum_constant	GAME.EXE	enum@actor.h:119	KF_ACTOR_ANIM_SLOT_JUMP_ATTACK	KF_ACTOR_ANIM_SLOT_JUMP_ATTACK	retain	include/kf/game/actor.h:119	Reviewed as family: KF_ACTOR_ANIM_SLOT_* index the parallel action_animations/steps/phases tables by action
enum_constant	GAME.EXE	enum@actor.h:119	KF_ACTOR_ANIM_SLOT_SPECIAL_ATTACK	KF_ACTOR_ANIM_SLOT_SPECIAL_ATTACK	retain	include/kf/game/actor.h:119	Reviewed as family: KF_ACTOR_ANIM_SLOT_* index the parallel action_animations/steps/phases tables by action
enum_constant	GAME.EXE	enum@actor.h:119	KF_ACTOR_ANIM_SLOT_DRIFT	KF_ACTOR_ANIM_SLOT_DRIFT	retain	include/kf/game/actor.h:119	Reviewed as family: KF_ACTOR_ANIM_SLOT_* index the parallel action_animations/steps/phases tables by action
enum_constant	GAME.EXE	enum@actor.h:119	KF_ACTOR_ANIM_SLOT_EFFECT0	KF_ACTOR_ANIM_SLOT_EFFECT0	retain	include/kf/game/actor.h:119	Reviewed as family: KF_ACTOR_ANIM_SLOT_* index the parallel action_animations/steps/phases tables by action
enum_constant	GAME.EXE	enum@actor.h:119	KF_ACTOR_ANIM_SLOT_EFFECT1	KF_ACTOR_ANIM_SLOT_EFFECT1	retain	include/kf/game/actor.h:119	Reviewed as family: KF_ACTOR_ANIM_SLOT_* index the parallel action_animations/steps/phases tables by action
enum_constant	GAME.EXE	enum@actor.h:119	KF_ACTOR_ANIM_SLOT_EFFECT2	KF_ACTOR_ANIM_SLOT_EFFECT2	retain	include/kf/game/actor.h:119	Reviewed as family: KF_ACTOR_ANIM_SLOT_* index the parallel action_animations/steps/phases tables by action
enum_constant	GAME.EXE	enum@actor.h:119	KF_ACTOR_ANIM_SLOT_MULTI_HIT_ATTACK	KF_ACTOR_ANIM_SLOT_MULTI_HIT_ATTACK	retain	include/kf/game/actor.h:119	Reviewed as family: KF_ACTOR_ANIM_SLOT_* index the parallel action_animations/steps/phases tables by action
enum_constant	GAME.EXE	enum@actor.h:119	KF_ACTOR_ANIM_SLOT_COUNT	KF_ACTOR_ANIM_SLOT_COUNT	retain	include/kf/game/actor.h:119	Reviewed as family: KF_ACTOR_ANIM_SLOT_* index the parallel action_animations/steps/phases tables by action
enum_constant	GAME.EXE	enum@actor.h:135	KF_ACTOR_ANIMATION_PHASE_PERIOD	KF_ACTOR_ANIMATION_PHASE_PERIOD	retain	include/kf/game/actor.h:135	Reviewed as family: actor animation phase period/max and the shared aim tolerance
enum_constant	GAME.EXE	enum@actor.h:135	KF_ACTOR_ANIMATION_PHASE_MAX	KF_ACTOR_ANIMATION_PHASE_MAX	retain	include/kf/game/actor.h:135	Reviewed as family: actor animation phase period/max and the shared aim tolerance
enum_constant	GAME.EXE	enum@actor.h:135	KF_ACTOR_AIM_TOLERANCE	KF_ACTOR_AIM_TOLERANCE	retain	include/kf/game/actor.h:135	Reviewed as family: actor animation phase period/max and the shared aim tolerance
enum_constant	GAME.EXE	enum@actor.h:141	KF_ACTOR_SOUND_ATTACK	KF_ACTOR_SOUND_ATTACK	retain	include/kf/game/actor.h:141	Reviewed as family: actor definition sound slots
enum_constant	GAME.EXE	enum@actor.h:141	KF_ACTOR_SOUND_HIT_REACTION	KF_ACTOR_SOUND_HIT_REACTION	retain	include/kf/game/actor.h:141	Reviewed as family: actor definition sound slots
enum_constant	GAME.EXE	enum@actor.h:141	KF_ACTOR_SOUND_DEATH	KF_ACTOR_SOUND_DEATH	retain	include/kf/game/actor.h:141	Reviewed as family: actor definition sound slots
enum_constant	GAME.EXE	enum@actor.h:141	KF_ACTOR_SOUND_COUNT	KF_ACTOR_SOUND_COUNT	retain	include/kf/game/actor.h:141	Reviewed as family: actor definition sound slots
enum_constant	GAME.EXE	enum@actor.h:149	KF_ACTOR_MULTI_HIT_FORWARD_MIN_RANGE	KF_ACTOR_MULTI_HIT_FORWARD_MIN_RANGE	retain	include/kf/game/actor.h:149	Reviewed as family: multi-hit range band and boss death sound count
enum_constant	GAME.EXE	enum@actor.h:149	KF_ACTOR_MULTI_HIT_MAX_RANGE	KF_ACTOR_MULTI_HIT_MAX_RANGE	retain	include/kf/game/actor.h:149	Reviewed as family: multi-hit range band and boss death sound count
enum_constant	GAME.EXE	enum@actor.h:149	KF_ACTOR_BOSS_DEATH_SOUND_COUNT	KF_ACTOR_BOSS_DEATH_SOUND_COUNT	retain	include/kf/game/actor.h:149	Reviewed as family: multi-hit range band and boss death sound count
enum_constant	GAME.EXE	enum@actor.h:156	KF_ACTOR_PLACEMENT_DEFINITION_MASK	KF_ACTOR_PLACEMENT_DEFINITION_MASK	retain	include/kf/game/actor.h:156	Reviewed as family: placement definition-flag fields
enum_constant	GAME.EXE	enum@actor.h:156	KF_ACTOR_PLACEMENT_NEAR_SQUARE_CULLING	KF_ACTOR_PLACEMENT_NEAR_SQUARE_CULLING	retain	include/kf/game/actor.h:156	Reviewed as family: placement definition-flag fields
enum_constant	GAME.EXE	enum@actor.h:162	KF_ACTOR_ACTION_PROFILE_COUNT	KF_ACTOR_ACTION_PROFILE_COUNT	retain	include/kf/game/actor.h:162	Reviewed as family: actor_action_profiles row count
enum_constant	GAME.EXE	enum@actor.h:192	KF_ACTOR_EFFECT_PARAMETER_COUNT	KF_ACTOR_EFFECT_PARAMETER_COUNT	retain	include/kf/game/actor.h:192	Reviewed as family: effect parameter slot count
enum_constant	GAME.EXE	enum@actor.h:202	KF_ACTOR_DAMAGE_SCALE_ONE	KF_ACTOR_DAMAGE_SCALE_ONE	retain	include/kf/game/actor.h:202	Reviewed as family: actor damage scale unity (5000)
type	GAME.EXE	collision.h	KfCollisionTarget	KfCollisionTarget	retain	include/kf/game/collision.h:53; structures.tsv:game/collision.h;game_semantic_player_interactions.tsv;asm;xrefs	optional collision_query_world capture output
member	GAME.EXE	KfCollisionTarget	position	position	retain	include/kf/game/collision.h:53; structure_fields.tsv:game/collision.h;game_semantic_player_interactions.tsv;asm;xrefs	captured target position; TSV meaning: transform position copied from the selected player, actor, map object, or map event
member	GAME.EXE	KfCollisionTarget	rotation	rotation	retain	include/kf/game/collision.h:53; structure_fields.tsv:game/collision.h;game_semantic_player_interactions.tsv;asm;xrefs	captured target rotation; TSV meaning: transform rotation copied from the selected collision owner
member	GAME.EXE	KfCollisionTarget	radius	radius	retain	include/kf/game/collision.h:53; structure_fields.tsv:game/collision.h;game_semantic_player_interactions.tsv;asm;xrefs	captured target collision radius; TSV meaning: collision radius selected from the matching object family
member	GAME.EXE	KfCollisionTarget	unknown_1a	unknown_1a	keep-unresolved	include/kf/game/collision.h:53; structure_fields.tsv:game/collision.h;game_semantic_player_interactions.tsv;asm;xrefs	Address/offset/value-derived name; current evidence does not support a semantic replacement. unaccessed tail before the next independently referenced state
type	GAME.EXE	collision.h	KfCellHeightRecord	KfCellHeightRecord	retain	include/kf/game/collision.h:63; structures.tsv:game/collision.h;game_collision_attribute_data.md;asm;effect_map_collision	attribute-selected rectangle in oriented cell coordinate and floor-relative height
member	GAME.EXE	KfCellHeightRecord	x_min	x_min	retain	include/kf/game/collision.h:63; structure_fields.tsv:game/collision.h;game_collision_attribute_data.md;GAME:80037a4c	low bound of the oriented cell coordinate; TSV meaning: inclusive lower oriented cell-coordinate bound
member	GAME.EXE	KfCellHeightRecord	y_min	y_min	retain	include/kf/game/collision.h:63; structure_fields.tsv:game/collision.h;game_collision_attribute_data.md;GAME:800379c4	floor-relative low Y bound; TSV meaning: inclusive lower floor-relative height bound
member	GAME.EXE	KfCellHeightRecord	x_max	x_max	retain	include/kf/game/collision.h:63; structure_fields.tsv:game/collision.h;game_collision_attribute_data.md;GAME:80037a60	high bound of the oriented cell coordinate; TSV meaning: inclusive upper oriented cell-coordinate bound
member	GAME.EXE	KfCellHeightRecord	y_max	y_max	retain	include/kf/game/collision.h:63; structure_fields.tsv:game/collision.h;game_collision_attribute_data.md;GAME:800379dc	floor-relative high Y bound; TSV meaning: inclusive upper floor-relative height bound
enum_constant	GAME.EXE	enum@collision.h:12	KF_COLLISION_CELL_BLOCKS_WANDER	KF_COLLISION_CELL_BLOCKS_WANDER	retain	include/kf/game/collision.h:12	Reviewed as family: flag-grid bit rejected by wander/move queries (KF_COLLISION_CELL_BLOCKS_WANDER)
enum_constant	GAME.EXE	enum@collision.h:14	KF_COLLISION_SKIP_TERRAIN	KF_COLLISION_SKIP_TERRAIN	retain	include/kf/game/collision.h:14	Reviewed as family: collision_query_world skip/capture flags and player collision dimensions
enum_constant	GAME.EXE	enum@collision.h:14	KF_COLLISION_SKIP_ACTORS	KF_COLLISION_SKIP_ACTORS	retain	include/kf/game/collision.h:14	Reviewed as family: collision_query_world skip/capture flags and player collision dimensions
enum_constant	GAME.EXE	enum@collision.h:14	KF_COLLISION_SKIP_MAP_OBJECTS	KF_COLLISION_SKIP_MAP_OBJECTS	retain	include/kf/game/collision.h:14	Reviewed as family: collision_query_world skip/capture flags and player collision dimensions
enum_constant	GAME.EXE	enum@collision.h:14	KF_COLLISION_SKIP_MAP_EVENTS	KF_COLLISION_SKIP_MAP_EVENTS	retain	include/kf/game/collision.h:14	Reviewed as family: collision_query_world skip/capture flags and player collision dimensions
enum_constant	GAME.EXE	enum@collision.h:14	KF_COLLISION_SKIP_PLAYER	KF_COLLISION_SKIP_PLAYER	retain	include/kf/game/collision.h:14	Reviewed as family: collision_query_world skip/capture flags and player collision dimensions
enum_constant	GAME.EXE	enum@collision.h:14	KF_COLLISION_CAPTURE_TARGET	KF_COLLISION_CAPTURE_TARGET	retain	include/kf/game/collision.h:14	Reviewed as family: collision_query_world skip/capture flags and player collision dimensions
enum_constant	GAME.EXE	enum@collision.h:14	KF_COLLISION_CELL_FLAG_SHIFT	KF_COLLISION_CELL_FLAG_SHIFT	retain	include/kf/game/collision.h:14	Reviewed as family: collision_query_world skip/capture flags and player collision dimensions
enum_constant	GAME.EXE	enum@collision.h:14	KF_COLLISION_CELL_FLAG_MASK	KF_COLLISION_CELL_FLAG_MASK	retain	include/kf/game/collision.h:14	Reviewed as family: collision_query_world skip/capture flags and player collision dimensions
enum_constant	GAME.EXE	enum@collision.h:14	KF_COLLISION_IGNORE_HEIGHT	KF_COLLISION_IGNORE_HEIGHT	retain	include/kf/game/collision.h:14	Reviewed as family: collision_query_world skip/capture flags and player collision dimensions
enum_constant	GAME.EXE	enum@collision.h:14	KF_COLLISION_PLAYER_RADIUS	KF_COLLISION_PLAYER_RADIUS	retain	include/kf/game/collision.h:14	Reviewed as family: collision_query_world skip/capture flags and player collision dimensions
enum_constant	GAME.EXE	enum@collision.h:14	KF_COLLISION_PLAYER_HEIGHT	KF_COLLISION_PLAYER_HEIGHT	retain	include/kf/game/collision.h:14	Reviewed as family: collision_query_world skip/capture flags and player collision dimensions
enum_constant	GAME.EXE	enum@collision.h:28	KF_COLLISION_NONE	KF_COLLISION_NONE	retain	include/kf/game/collision.h:28	Reviewed as family: packed collision_query_world result kinds
enum_constant	GAME.EXE	enum@collision.h:28	KF_COLLISION_TERRAIN	KF_COLLISION_TERRAIN	retain	include/kf/game/collision.h:28	Reviewed as family: packed collision_query_world result kinds
enum_constant	GAME.EXE	enum@collision.h:28	KF_COLLISION_BELOW_FLOOR	KF_COLLISION_BELOW_FLOOR	retain	include/kf/game/collision.h:28	Reviewed as family: packed collision_query_world result kinds
enum_constant	GAME.EXE	enum@collision.h:28	KF_COLLISION_CEILING	KF_COLLISION_CEILING	retain	include/kf/game/collision.h:28	Reviewed as family: packed collision_query_world result kinds
enum_constant	GAME.EXE	enum@collision.h:28	KF_COLLISION_MISSING_ATTRIBUTE	KF_COLLISION_MISSING_ATTRIBUTE	retain	include/kf/game/collision.h:28	Reviewed as family: packed collision_query_world result kinds
enum_constant	GAME.EXE	enum@collision.h:28	KF_COLLISION_ACTOR	KF_COLLISION_ACTOR	retain	include/kf/game/collision.h:28	Reviewed as family: packed collision_query_world result kinds
enum_constant	GAME.EXE	enum@collision.h:28	KF_COLLISION_MAP_OBJECT	KF_COLLISION_MAP_OBJECT	retain	include/kf/game/collision.h:28	Reviewed as family: packed collision_query_world result kinds
enum_constant	GAME.EXE	enum@collision.h:28	KF_COLLISION_MAP_EVENT	KF_COLLISION_MAP_EVENT	retain	include/kf/game/collision.h:28	Reviewed as family: packed collision_query_world result kinds
enum_constant	GAME.EXE	enum@collision.h:28	KF_COLLISION_PLAYER	KF_COLLISION_PLAYER	retain	include/kf/game/collision.h:28	Reviewed as family: packed collision_query_world result kinds
enum_constant	GAME.EXE	enum@collision.h:41	KF_COLLISION_KIND_SHIFT	KF_COLLISION_KIND_SHIFT	retain	include/kf/game/collision.h:41	Reviewed as family: result kind shift and detail codes
enum_constant	GAME.EXE	enum@collision.h:41	KF_COLLISION_DETAIL_MASK	KF_COLLISION_DETAIL_MASK	retain	include/kf/game/collision.h:41	Reviewed as family: result kind shift and detail codes
enum_constant	GAME.EXE	enum@collision.h:41	KF_COLLISION_DETAIL_BELOW_FLOOR	KF_COLLISION_DETAIL_BELOW_FLOOR	retain	include/kf/game/collision.h:41	Reviewed as family: result kind shift and detail codes
enum_constant	GAME.EXE	enum@collision.h:41	KF_COLLISION_DETAIL_CEILING	KF_COLLISION_DETAIL_CEILING	retain	include/kf/game/collision.h:41	Reviewed as family: result kind shift and detail codes
enum_constant	GAME.EXE	enum@collision.h:61	KF_MAP_CELL_HEIGHT_RECORD_COUNT	KF_MAP_CELL_HEIGHT_RECORD_COUNT	retain	include/kf/game/collision.h:61	Reviewed as family: map_cell_height_records count
enum_constant	GAME.EXE	enum@combat.h:6	KF_COMBAT_COMPONENT_CUTTING	KF_COMBAT_COMPONENT_CUTTING	retain	include/kf/game/combat.h:6	Reviewed as family: combat component lane indices shared by weapons, actors and player lanes
enum_constant	GAME.EXE	enum@combat.h:6	KF_COMBAT_COMPONENT_STRIKING	KF_COMBAT_COMPONENT_STRIKING	retain	include/kf/game/combat.h:6	Reviewed as family: combat component lane indices shared by weapons, actors and player lanes
enum_constant	GAME.EXE	enum@combat.h:6	KF_COMBAT_COMPONENT_PIERCING	KF_COMBAT_COMPONENT_PIERCING	retain	include/kf/game/combat.h:6	Reviewed as family: combat component lane indices shared by weapons, actors and player lanes
enum_constant	GAME.EXE	enum@combat.h:6	KF_COMBAT_PHYSICAL_COMPONENT_COUNT	KF_COMBAT_PHYSICAL_COMPONENT_COUNT	retain	include/kf/game/combat.h:6	Reviewed as family: combat component lane indices shared by weapons, actors and player lanes
enum_constant	GAME.EXE	enum@combat.h:6	KF_COMBAT_COMPONENT_HOLY	KF_COMBAT_COMPONENT_HOLY	retain	include/kf/game/combat.h:6	Reviewed as family: combat component lane indices shared by weapons, actors and player lanes
enum_constant	GAME.EXE	enum@combat.h:6	KF_COMBAT_COMPONENT_FIRE	KF_COMBAT_COMPONENT_FIRE	retain	include/kf/game/combat.h:6	Reviewed as family: combat component lane indices shared by weapons, actors and player lanes
enum_constant	GAME.EXE	enum@combat.h:6	KF_COMBAT_COMPONENT_COUNT	KF_COMBAT_COMPONENT_COUNT	retain	include/kf/game/combat.h:6	Reviewed as family: combat component lane indices shared by weapons, actors and player lanes
enum_constant	GAME.EXE	enum@combat.h:17	KF_DAMAGE_SUBUNITS_PER_HP	KF_DAMAGE_SUBUNITS_PER_HP	retain	include/kf/game/combat.h:17	Reviewed as family: tenths-of-HP damage accumulation unit
type	GAME.EXE	effect.h	KfEffectKindArgument	KfEffectKindArgument	retain	include/kf/game/effect.h:82	promoted KfEffectKind for word-sized arithmetic
type	GAME.EXE	effect.h	KfEffectBranchArguments	KfEffectBranchArguments	retain	include/kf/game/effect.h:304	modern variadic group: branch role
member	GAME.EXE	KfEffectBranchArguments	role	role	retain	include/kf/game/effect.h:304	fire-wall branch role argument
type	GAME.EXE	effect.h	KfEffectRotationArguments	KfEffectRotationArguments	retain	include/kf/game/effect.h:305	modern variadic group: rotation
member	GAME.EXE	KfEffectRotationArguments	rotation	rotation	retain	include/kf/game/effect.h:305	rotation argument
type	GAME.EXE	effect.h	KfEffectRotationSoundArguments	KfEffectRotationSoundArguments	retain	include/kf/game/effect.h:306	modern variadic group: rotation and sound
type	GAME.EXE	effect.h	KfEffectDurationSoundArguments	KfEffectDurationSoundArguments	retain	include/kf/game/effect.h:311	modern variadic group: duration and sound
type	GAME.EXE	effect.h	KfEffectScatterArguments	KfEffectScatterArguments	retain	include/kf/game/effect.h:316	modern variadic group: generations, duration, scale
type	GAME.EXE	effect.h	KfEffectSoundArguments	KfEffectSoundArguments	retain	include/kf/game/effect.h:322	modern variadic group: sound
member	GAME.EXE	KfEffectSoundArguments	sound	sound	retain	include/kf/game/effect.h:322	sound request
type	GAME.EXE	effect.h	KfEffectHomingArguments	KfEffectHomingArguments	retain	include/kf/game/effect.h:323	modern variadic group: rotation, homing target, sound
type	GAME.EXE	effect.h	KfEffectParentArguments	KfEffectParentArguments	retain	include/kf/game/effect.h:329	modern variadic group: parent index
member	GAME.EXE	KfEffectParentArguments	parent_index	parent_index	retain	include/kf/game/effect.h:329	ground-trail parent index argument
macro	GAME.EXE	effect.h	KF_EFFECT_ARGS_BRANCH	KF_EFFECT_ARGS_BRANCH	retain	include/kf/game/effect.h:331	variadic branch-role argument group
macro	GAME.EXE	effect.h	KF_EFFECT_ARGS_ROTATION	KF_EFFECT_ARGS_ROTATION	retain	include/kf/game/effect.h:332	variadic rotation argument group
macro	GAME.EXE	effect.h	KF_EFFECT_ARGS_ROTATION_SOUND	KF_EFFECT_ARGS_ROTATION_SOUND	retain	include/kf/game/effect.h:333	variadic rotation and sound group
macro	GAME.EXE	effect.h	KF_EFFECT_ARGS_DURATION_SOUND	KF_EFFECT_ARGS_DURATION_SOUND	retain	include/kf/game/effect.h:335	variadic duration and sound group
macro	GAME.EXE	effect.h	KF_EFFECT_ARGS_SCATTER	KF_EFFECT_ARGS_SCATTER	retain	include/kf/game/effect.h:337	variadic scatter group
macro	GAME.EXE	effect.h	KF_EFFECT_ARGS_SOUND	KF_EFFECT_ARGS_SOUND	retain	include/kf/game/effect.h:339	variadic sound group
macro	GAME.EXE	effect.h	KF_EFFECT_ARGS_HOMING	KF_EFFECT_ARGS_HOMING	retain	include/kf/game/effect.h:340	variadic homing group
macro	GAME.EXE	effect.h	KF_EFFECT_ARGS_PARENT	KF_EFFECT_ARGS_PARENT	retain	include/kf/game/effect.h:342	variadic parent-index group
macro	GAME.EXE	effect.h	effect_sound_request	effect_sound_request	retain	include/kf/game/effect.h:344	legacy macro form of the sound-request converter
function	GAME.EXE	effect.h	effect_sound_request	effect_sound_request	retain	include/kf/game/effect.h:299; callers: map_object_pool_update	Name exact. Body: constexpr/macro converting a boolean into KfEffectSoundRequest
type	GAME.EXE	effect.h	KfEffectDirectionWords	KfEffectDirectionWords	retain	include/kf/game/effect.h:190; structures.tsv:game/effect.h;asm;effect_pool_construct;effect_update_dispatch;game-effect-constructor.md	unsigned halfword view of KfEffectRecord.direction
member	GAME.EXE	KfEffectDirectionWords	x	x	retain	include/kf/game/effect.h:190; structure_fields.tsv:game/effect.h;asm;effect_pool_construct;effect_update_dispatch;game-effect-constructor.md	first halfword lane; TSV meaning: low X component bits or kind-dependent unsigned state
member	GAME.EXE	KfEffectDirectionWords	y	y	retain	include/kf/game/effect.h:190; structure_fields.tsv:game/effect.h;asm;effect_pool_construct;effect_update_dispatch;game-effect-constructor.md	second halfword lane; TSV meaning: low Y component bits or kind-dependent unsigned state
member	GAME.EXE	KfEffectDirectionWords	z	z	retain	include/kf/game/effect.h:190; structure_fields.tsv:game/effect.h;asm;effect_pool_construct;effect_update_dispatch;game-effect-constructor.md	third halfword lane; TSV meaning: low Z component bits or kind-dependent unsigned state
member	GAME.EXE	KfEffectDirectionWords	pad	pad	retain	include/kf/game/effect.h:190; structure_fields.tsv:game/effect.h;asm;effect_pool_construct;effect_update_dispatch;game-effect-constructor.md	fourth lane; TSV meaning: last halfword of the complete SDK vector copy
type	GAME.EXE	effect.h	KfEffectDirection	KfEffectDirection	retain	include/kf/game/effect.h:198; structures.tsv:game/effect.h;asm;effect_pool_construct;effect_update_dispatch;game-effect-constructor.md	SVECTOR/word union of the effect direction storage
member	GAME.EXE	KfEffectDirection	vector	vector	retain	include/kf/game/effect.h:198; structure_fields.tsv:game/effect.h;asm;effect_pool_construct;effect_update_dispatch;game-effect-constructor.md	SVECTOR view used as velocity or orbit centre; TSV meaning: complete SDK vector copy including pad
member	GAME.EXE	KfEffectDirection	words	words	retain	include/kf/game/effect.h:198; structure_fields.tsv:game/effect.h;asm;effect_pool_construct;effect_update_dispatch;game-effect-constructor.md	unsigned halfword view; TSV meaning: same bytes used as unsigned kind-dependent halfwords
type	GAME.EXE	effect.h	KfEffectVisualState	KfEffectVisualState	retain	include/kf/game/effect.h:204; structures.tsv:game/effect.h;semantic-field-names.md;asm;CFG;callers;callees;xrefs	animation phase or pulse scale union
member	GAME.EXE	KfEffectVisualState	animation_phase	animation_phase	retain	include/kf/game/effect.h:204; structure_fields.tsv:game/effect.h;semantic-field-names.md;asm;CFG;callers;callees;xrefs	model animation phase (switch effects use it as a lever angle); TSV meaning: model animation phase passed to render_bind_animated_instance
member	GAME.EXE	KfEffectVisualState	pulse_base_scale	pulse_base_scale	retain	include/kf/game/effect.h:204; structure_fields.tsv:game/effect.h;semantic-field-names.md;asm;CFG;callers;callees;xrefs	scatter pulse base scale; TSV meaning: kind 10 baseline for sinusoidal scale modulation
type	GAME.EXE	effect.h	KfEffectControlBytes	KfEffectControlBytes	retain	include/kf/game/effect.h:210; structures.tsv:game/effect.h;asm;effect_pool_construct;effect_update_dispatch;game-effect-constructor.md	two-byte view of KfEffectControl
member	GAME.EXE	KfEffectControlBytes	low	low	retain	include/kf/game/effect.h:210; structure_fields.tsv:game/effect.h;asm;effect_pool_construct;effect_update_dispatch;game-effect-constructor.md	moonlight-initialized byte; no consumer (see comment); TSV meaning: record +0x38; kinds 0x13/0x14/0x18 write only this byte
member	GAME.EXE	KfEffectControlBytes	high	high	retain	include/kf/game/effect.h:210; structure_fields.tsv:game/effect.h;asm;effect_pool_construct;effect_update_dispatch;game-effect-constructor.md	moonlight-initialized byte; no consumer; TSV meaning: record +0x39; kind 0x24 initializes both bytes to 0xff
type	GAME.EXE	effect.h	KfEffectControl	KfEffectControl	retain	include/kf/game/effect.h:215; structures.tsv:game/effect.h;semantic-field-names.md;asm;CFG;callers;callees;xrefs;game-effect-constructor.md	per-kind countdown/orbit/parent/homing union
member	GAME.EXE	KfEffectControl	frames_remaining	frames_remaining	retain	include/kf/game/effect.h:215; structure_fields.tsv:game/effect.h;semantic-field-names.md;asm;CFG;callers;callees;xrefs	countdown for lightning, spawner, branch and scatter kinds; TSV meaning: countdown for kinds 4, 6, 9 and 10
member	GAME.EXE	KfEffectControl	orbit_angle	orbit_angle	retain	include/kf/game/effect.h:215; structure_fields.tsv:game/effect.h;semantic-field-names.md;asm;CFG;callers;callees;xrefs	orbit angle of the orbiting projectile; TSV meaning: kind 17 sin/cos angle, advanced by 64 modulo 4096
member	GAME.EXE	KfEffectControl	parent_effect_index	parent_effect_index	retain	include/kf/game/effect.h:215; structure_fields.tsv:game/effect.h;semantic-field-names.md;asm;CFG;callers;callees;xrefs;game-effect-constructor.md;retail-byte-store-and-load	parent record index of a ground trail; TSV meaning: kind 19 parent pool index; dispatcher uses its low byte
member	GAME.EXE	KfEffectControl	target_mode	target_mode	retain	include/kf/game/effect.h:215; structure_fields.tsv:game/effect.h;semantic-field-names.md;asm;CFG;callers;callees;xrefs;game-effect-constructor.md;retail-byte-store-and-load;effect-homing-mode-domain.md	homing target selector; TSV meaning: kind 20: 0xff random, 0xfe player, other values select actor cone search
member	GAME.EXE	KfEffectControl	bytes	bytes	retain	include/kf/game/effect.h:215; structure_fields.tsv:game/effect.h;asm;effect_pool_construct;game-effect-constructor.md	byte view; TSV meaning: kind 36 initializes both bytes; behavioral purpose remains unresolved
type	GAME.EXE	effect.h	KfEffectPropagation	KfEffectPropagation	retain	include/kf/game/effect.h:223; structures.tsv:game/effect.h;semantic-field-names.md;asm;CFG;callers;callees;xrefs	scatter generations or branch role union
member	GAME.EXE	KfEffectPropagation	generations_remaining	generations_remaining	retain	include/kf/game/effect.h:223; structure_fields.tsv:game/effect.h;semantic-field-names.md;asm;CFG;callers;callees;xrefs	scatter projectile generations left; TSV meaning: kind 10 decrements the count passed to its child
member	GAME.EXE	KfEffectPropagation	branch	branch	retain	include/kf/game/effect.h:223; structure_fields.tsv:game/effect.h;semantic-field-names.md;asm;CFG;callers;callees;xrefs;ground-effect-branch-domain.md	fire-wall branch role; TSV meaning: kind 6 propagation branch: center, side or terminal
type	GAME.EXE	effect.h	KfFloorDeformSegment	KfFloorDeformSegment	retain	include/kf/game/effect.h:229; structures.tsv:game/effect.h;effect_floor_deform_line;7-byte-stride;unsigned-byte-loads	seven-byte line record of floor_deform_segments
member	GAME.EXE	KfFloorDeformSegment	column	column	retain	include/kf/game/effect.h:229; structure_fields.tsv:game/effect.h;effect_floor_deform_line;asm:lbu0	first cell column; TSV meaning: starting grid column
member	GAME.EXE	KfFloorDeformSegment	row	row	retain	include/kf/game/effect.h:229; structure_fields.tsv:game/effect.h;effect_floor_deform_line;asm:lbu1	first cell row; TSV meaning: starting grid row
member	GAME.EXE	KfFloorDeformSegment	column_step	column_step	retain	include/kf/game/effect.h:229; structure_fields.tsv:game/effect.h;effect_floor_deform_line;asm:lbu2	per-cell column step (byte wrap); TSV meaning: column advance modulo 256
member	GAME.EXE	KfFloorDeformSegment	row_step	row_step	retain	include/kf/game/effect.h:229; structure_fields.tsv:game/effect.h;effect_floor_deform_line;asm:lbu3	per-cell row step (byte wrap); TSV meaning: row advance modulo 256; 255 encodes a backwards step
member	GAME.EXE	KfFloorDeformSegment	cell_count	cell_count	retain	include/kf/game/effect.h:229; structure_fields.tsv:game/effect.h;effect_floor_deform_line;asm:lbu4	cells in the line; TSV meaning: line length; count-minus-one loop stops at -1
member	GAME.EXE	KfFloorDeformSegment	start_height	start_height	retain	include/kf/game/effect.h:229; structure_fields.tsv:game/effect.h;effect_floor_deform_line;asm:lbu5	height at progress zero; TSV meaning: grid height at progress zero
member	GAME.EXE	KfFloorDeformSegment	end_height	end_height	retain	include/kf/game/effect.h:229; structure_fields.tsv:game/effect.h;effect_floor_deform_line;asm:lbu6	height at full progress; TSV meaning: grid height at progress 4096; also determines sound Y times -100
type	GAME.EXE	effect.h	KfEffectRenderId	KfEffectRenderId	retain	include/kf/game/effect.h:250; structures.tsv:game/effect.h;asm;xrefs;enum-field-review.md	billboard/model id union
member	GAME.EXE	KfEffectRenderId	billboard	billboard	retain	include/kf/game/effect.h:250; structure_fields.tsv:game/effect.h;asm;xrefs;enum-field-review.md	billboard view; TSV meaning: billboard bank ID, including animation frames and NONE sentinel
member	GAME.EXE	KfEffectRenderId	model	model	retain	include/kf/game/effect.h:250; structure_fields.tsv:game/effect.h;asm;xrefs;enum-field-review.md	model view; TSV meaning: model bank ID and NONE sentinel
type	GAME.EXE	effect.h	KfEffectRecord	KfEffectRecord	retain	include/kf/game/effect.h:255; structures.tsv:game/effect.h;asm;effect_pool_constructor;effect_pool_spawn_typed;map_object_pool_update	60-byte effect pool record
member	GAME.EXE	KfEffectRecord	type	type	retain	include/kf/game/effect.h:255; structure_fields.tsv:game/effect.h;asm;effect_pool_constructor;effect_pool_spawn_typed;enum-field-review.md	target class, credit class and free sentinel; TSV meaning: packed actor/player targets and power/credit class; 0xff marks a free slot
member	GAME.EXE	KfEffectRecord	kind	kind	retain	include/kf/game/effect.h:255; structure_fields.tsv:game/effect.h;asm;effect_pool_constructor;effect_pool_spawn_typed	effect kind selecting constructor and update arm; TSV meaning: constructor dispatch selector and magic_records index
member	GAME.EXE	KfEffectRecord	base_render_id	base_render_id	retain	include/kf/game/effect.h:255; structure_fields.tsv:game/effect.h;asm;effect_pool_constructor;effect_pool_spawn_typed;semantic-field-names.md;asm;CFG;callers;callees;xrefs;enum-field-review.md	first billboard/model id of the animation; TSV meaning: initial sprite or model selector; current ID cycles from this value
member	GAME.EXE	KfEffectRecord	render_id	render_id	retain	include/kf/game/effect.h:255; structure_fields.tsv:game/effect.h;asm;effect_pool_constructor;effect_pool_spawn_typed;semantic-field-names.md;asm;CFG;callers;callees;xrefs;enum-field-review.md	current billboard/model id; TSV meaning: current sprite or model selector consumed by rendering
member	GAME.EXE	KfEffectRecord	animation_clip	animation_clip	retain	include/kf/game/effect.h:255; structure_fields.tsv:game/effect.h;asm;effect_pool_constructor;effect_pool_spawn_typed;semantic-field-names.md;asm;CFG;callers;callees;xrefs;strict-enum-audit.md	clip index, NONE selects a billboard; TSV meaning: animation clip index; 0xff selects billboard rendering
member	GAME.EXE	KfEffectRecord	sound_played	sound_played	retain	include/kf/game/effect.h:255; structure_fields.tsv:game/effect.h;asm;effect_pool_constructor;effect_pool_spawn_typed;semantic-field-names.md;asm;CFG;callers;callees;xrefs;strict-enum-audit.md	spatial-audio accepted latch; TSV meaning: spatial-audio accepted latch; zero permits retry
member	GAME.EXE	KfEffectRecord	id	id	retain	include/kf/game/effect.h:255; structure_fields.tsv:game/effect.h;asm;effect_pool_constructor;effect_pool_spawn_typed	constructor id byte forwarded to children and used as player damage multiplier_tenths (see finding); TSV meaning: owning object id passed to the constructor
member	GAME.EXE	KfEffectRecord	phase	phase	retain	include/kf/game/effect.h:255; structure_fields.tsv:game/effect.h;asm;effect_pool_constructor;effect_pool_spawn_typed;semantic-field-names.md;asm;CFG;callers;callees;xrefs;strict-enum-audit.md	kind-specific lifecycle byte; TSV meaning: kind-specific lifecycle or age, captured at dispatch entry
member	GAME.EXE	KfEffectRecord	visual	visual	retain	include/kf/game/effect.h:255; structure_fields.tsv:game/effect.h;asm;effect_pool_constructor;effect_pool_spawn_typed;semantic-field-names.md;asm;CFG;callers;callees;xrefs	animation phase or pulse base scale; TSV meaning: kind 10 pulse scale shares storage with model animation phase
member	GAME.EXE	KfEffectRecord	unknown_0a	unknown_0a	keep-unresolved	include/kf/game/effect.h:255; structure_fields.tsv:game/effect.h;asm;effect_pool_constructor;effect_pool_spawn_typed	Address/offset/value-derived name; current evidence does not support a semantic replacement. meaning unresolved
member	GAME.EXE	KfEffectRecord	position	position	retain	include/kf/game/effect.h:255; structure_fields.tsv:game/effect.h;asm;effect_pool_constructor;effect_pool_spawn_typed	world position; TSV meaning: world position copied wholesale from the constructor argument
member	GAME.EXE	KfEffectRecord	rotation	rotation	retain	include/kf/game/effect.h:255; structure_fields.tsv:game/effect.h;asm;effect_pool_construct;effect_update_dispatch;game-effect-constructor.md;LIBGTE.H;game-projectile-helpers.md	Euler rotation; TSV meaning: complete signed rotation vector including pad; SDK matrix/angle consumers; typed-effect-records.md
member	GAME.EXE	KfEffectRecord	scale_x	scale_x	retain	include/kf/game/effect.h:255; structure_fields.tsv:game/effect.h;asm;effect_pool_constructor;effect_pool_spawn_typed	Q12 X scale; TSV meaning: scale x; constructors default it to 0x1000 (1.0 fixed point)
member	GAME.EXE	KfEffectRecord	scale_y	scale_y	retain	include/kf/game/effect.h:255; structure_fields.tsv:game/effect.h;asm;effect_pool_constructor;effect_pool_spawn_typed	Q12 Y scale; TSV meaning: scale y; constructors default it to 0x1000; warp shimmer sweeps it as intensity
member	GAME.EXE	KfEffectRecord	scale_z	scale_z	retain	include/kf/game/effect.h:255; structure_fields.tsv:game/effect.h;asm;effect_pool_constructor;effect_pool_spawn_typed	Q12 Z scale; TSV meaning: scale z; constructors default it to 0x1000
member	GAME.EXE	KfEffectRecord	unknown_2a	unknown_2a	keep-unresolved	include/kf/game/effect.h:255; structure_fields.tsv:game/effect.h;asm;effect_pool_constructor;effect_pool_spawn_typed	Address/offset/value-derived name; current evidence does not support a semantic replacement. meaning unresolved
member	GAME.EXE	KfEffectRecord	direction	direction	retain	include/kf/game/effect.h:255; structure_fields.tsv:game/effect.h;asm;effect_pool_construct;effect_update_dispatch;game-effect-constructor.md	velocity/orbit/deformation storage; TSV meaning: complete constructor SVECTOR copy, reused as unsigned per-kind state
member	GAME.EXE	KfEffectRecord	animation_cache	animation_cache	retain	include/kf/game/effect.h:255; structure_fields.tsv:game/effect.h;asm;game_semantic_animation_slots.tsv	animation-cache record slot for model effects; TSV meaning: live animation record slot passed directly to the binder by render_actor_sprite
member	GAME.EXE	KfEffectRecord	control	control	retain	include/kf/game/effect.h:255; structure_fields.tsv:game/effect.h;asm;effect_pool_constructor;effect_pool_spawn_typed;semantic-field-names.md;asm;CFG;callers;callees;xrefs	per-kind countdown, orbit, parent or homing selector; TSV meaning: kind selects countdown, orbit angle, parent effect index or homing mode; not an audio handle
member	GAME.EXE	KfEffectRecord	propagation	propagation	retain	include/kf/game/effect.h:255; structure_fields.tsv:game/effect.h;asm;effect_pool_constructor;effect_pool_spawn_typed;semantic-field-names.md;asm;CFG;callers;callees;xrefs	scatter generations or branch role; TSV meaning: kind 10 generation count or kind 6 branch selector
type	GAME.EXE	effect.h	KfEffectState	KfEffectState	retain	include/kf/game/effect.h:280; structures.tsv:game/effect.h;asm;game_main_loop:whole-clear;magic_load_records;effect_pool_sweep;effect_pool_set_current:derived-base	complete effect owner: magic rows, records, current context
member	GAME.EXE	KfEffectState	magic	magic	retain	include/kf/game/effect.h:280; structure_fields.tsv:game/effect.h;asm;magic_load_records:120-words;game_main_loop:whole-clear;typed-record-tables.md	magic record table; TSV meaning: runtime-loaded magic rows; player selection and weapon-bound indices 5/8/18/20
member	GAME.EXE	KfEffectState	records	records	retain	include/kf/game/effect.h:280; structure_fields.tsv:game/effect.h;asm;effect_pool_sweep;effect_pool_reset	48 effect records; TSV meaning: 48 live effect records with 60-byte stride
member	GAME.EXE	KfEffectState	current_magic	current_magic	retain	include/kf/game/effect.h:280; structure_fields.tsv:game/effect.h;asm;effect_pool_set_current;effect_update_dispatch	magic row of the current record; TSV meaning: magic row selected from the current effect kind
member	GAME.EXE	KfEffectState	current_record	current_record	retain	include/kf/game/effect.h:280; structure_fields.tsv:game/effect.h;asm;effect_pool_set_current;effect_pool_sweep;effect_update_dispatch	current effect record; TSV meaning: active effect record; selector derives the magic base by subtracting 3364 from this slot address
type	GAME.EXE	effect.h	KfEffectBillboardId	KfEffectBillboardId	retain	include/kf/game/effect.h:31	billboard sprite ids used by effect records
enum_constant	GAME.EXE	KfEffectBillboardId	KF_EFFECT_BILLBOARD_FIRE_BALL	KF_EFFECT_BILLBOARD_FIRE_BALL	retain	include/kf/game/effect.h:31	Reviewed as family: billboard ids named by effect and frame
enum_constant	GAME.EXE	KfEffectBillboardId	KF_EFFECT_BILLBOARD_FIRE_BALL_FRAME_1	KF_EFFECT_BILLBOARD_FIRE_BALL_FRAME_1	retain	include/kf/game/effect.h:31	Reviewed as family: billboard ids named by effect and frame
enum_constant	GAME.EXE	KfEffectBillboardId	KF_EFFECT_BILLBOARD_FIRE_BALL_FRAME_2	KF_EFFECT_BILLBOARD_FIRE_BALL_FRAME_2	retain	include/kf/game/effect.h:31	Reviewed as family: billboard ids named by effect and frame
enum_constant	GAME.EXE	KfEffectBillboardId	KF_EFFECT_BILLBOARD_FIRE_BALL_FRAME_3	KF_EFFECT_BILLBOARD_FIRE_BALL_FRAME_3	retain	include/kf/game/effect.h:31	Reviewed as family: billboard ids named by effect and frame
enum_constant	GAME.EXE	KfEffectBillboardId	KF_EFFECT_BILLBOARD_FIRE_BALL_FRAME_4	KF_EFFECT_BILLBOARD_FIRE_BALL_FRAME_4	retain	include/kf/game/effect.h:31	Reviewed as family: billboard ids named by effect and frame
enum_constant	GAME.EXE	KfEffectBillboardId	KF_EFFECT_BILLBOARD_WIND_CUTTER	KF_EFFECT_BILLBOARD_WIND_CUTTER	retain	include/kf/game/effect.h:31	Reviewed as family: billboard ids named by effect and frame
enum_constant	GAME.EXE	KfEffectBillboardId	KF_EFFECT_BILLBOARD_LIGHTNING_BOLT	KF_EFFECT_BILLBOARD_LIGHTNING_BOLT	retain	include/kf/game/effect.h:31	Reviewed as family: billboard ids named by effect and frame
enum_constant	GAME.EXE	KfEffectBillboardId	KF_EFFECT_BILLBOARD_LIGHTNING_BOLT_FRAME_1	KF_EFFECT_BILLBOARD_LIGHTNING_BOLT_FRAME_1	retain	include/kf/game/effect.h:31	Reviewed as family: billboard ids named by effect and frame
enum_constant	GAME.EXE	KfEffectBillboardId	KF_EFFECT_BILLBOARD_DARKNESS_PROJECTILE	KF_EFFECT_BILLBOARD_DARKNESS_PROJECTILE	retain	include/kf/game/effect.h:31	Reviewed as family: billboard ids named by effect and frame
enum_constant	GAME.EXE	KfEffectBillboardId	KF_EFFECT_BILLBOARD_SCATTER_PROJECTILE	KF_EFFECT_BILLBOARD_SCATTER_PROJECTILE	retain	include/kf/game/effect.h:31	Reviewed as family: billboard ids named by effect and frame
enum_constant	GAME.EXE	KfEffectBillboardId	KF_EFFECT_BILLBOARD_CURSE_PROJECTILE	KF_EFFECT_BILLBOARD_CURSE_PROJECTILE	retain	include/kf/game/effect.h:31	Reviewed as family: billboard ids named by effect and frame
enum_constant	GAME.EXE	KfEffectBillboardId	KF_EFFECT_BILLBOARD_LIGHTNING_IMPACT	KF_EFFECT_BILLBOARD_LIGHTNING_IMPACT	retain	include/kf/game/effect.h:31	Reviewed as family: billboard ids named by effect and frame
enum_constant	GAME.EXE	KfEffectBillboardId	KF_EFFECT_BILLBOARD_LIGHTNING_IMPACT_FRAME_1	KF_EFFECT_BILLBOARD_LIGHTNING_IMPACT_FRAME_1	retain	include/kf/game/effect.h:31	Reviewed as family: billboard ids named by effect and frame
enum_constant	GAME.EXE	KfEffectBillboardId	KF_EFFECT_BILLBOARD_LIGHTNING_IMPACT_FRAME_2	KF_EFFECT_BILLBOARD_LIGHTNING_IMPACT_FRAME_2	retain	include/kf/game/effect.h:31	Reviewed as family: billboard ids named by effect and frame
enum_constant	GAME.EXE	KfEffectBillboardId	KF_EFFECT_BILLBOARD_GROUND_TRAIL	KF_EFFECT_BILLBOARD_GROUND_TRAIL	retain	include/kf/game/effect.h:31	Reviewed as family: billboard ids named by effect and frame
enum_constant	GAME.EXE	KfEffectBillboardId	KF_EFFECT_BILLBOARD_GROUND_TRAIL_FRAME_1	KF_EFFECT_BILLBOARD_GROUND_TRAIL_FRAME_1	retain	include/kf/game/effect.h:31	Reviewed as family: billboard ids named by effect and frame
enum_constant	GAME.EXE	KfEffectBillboardId	KF_EFFECT_BILLBOARD_GROUND_TRAIL_FRAME_2	KF_EFFECT_BILLBOARD_GROUND_TRAIL_FRAME_2	retain	include/kf/game/effect.h:31	Reviewed as family: billboard ids named by effect and frame
enum_constant	GAME.EXE	KfEffectBillboardId	KF_EFFECT_BILLBOARD_LIGHTNING_BOLT_ALTERNATE	KF_EFFECT_BILLBOARD_LIGHTNING_BOLT_ALTERNATE	retain	include/kf/game/effect.h:31	Reviewed as family: billboard ids named by effect and frame
enum_constant	GAME.EXE	KfEffectBillboardId	KF_EFFECT_BILLBOARD_LIGHTNING_ALTERNATE_FRAME_1	KF_EFFECT_BILLBOARD_LIGHTNING_ALTERNATE_FRAME_1	retain	include/kf/game/effect.h:31	Reviewed as family: billboard ids named by effect and frame
enum_constant	GAME.EXE	KfEffectBillboardId	KF_EFFECT_BILLBOARD_LIGHTNING_IMPACT_ALTERNATE	KF_EFFECT_BILLBOARD_LIGHTNING_IMPACT_ALTERNATE	retain	include/kf/game/effect.h:31	Reviewed as family: billboard ids named by effect and frame
enum_constant	GAME.EXE	KfEffectBillboardId	KF_EFFECT_BILLBOARD_IMPACT_ALTERNATE_FRAME_1	KF_EFFECT_BILLBOARD_IMPACT_ALTERNATE_FRAME_1	retain	include/kf/game/effect.h:31	Reviewed as family: billboard ids named by effect and frame
enum_constant	GAME.EXE	KfEffectBillboardId	KF_EFFECT_BILLBOARD_IMPACT_ALTERNATE_FRAME_2	KF_EFFECT_BILLBOARD_IMPACT_ALTERNATE_FRAME_2	retain	include/kf/game/effect.h:31	Reviewed as family: billboard ids named by effect and frame
enum_constant	GAME.EXE	KfEffectBillboardId	KF_EFFECT_BILLBOARD_NONE	KF_EFFECT_BILLBOARD_NONE	retain	include/kf/game/effect.h:31	Reviewed as family: billboard ids named by effect and frame
type	GAME.EXE	effect.h	KfEffectModelId	KfEffectModelId	retain	include/kf/game/effect.h:60	effect model ids
enum_constant	GAME.EXE	KfEffectModelId	KF_EFFECT_MODEL_LIGHTNING_RADIAL_BLAST	KF_EFFECT_MODEL_LIGHTNING_RADIAL_BLAST	retain	include/kf/game/effect.h:60	Reviewed as family: effect model ids named by effect
enum_constant	GAME.EXE	KfEffectModelId	KF_EFFECT_MODEL_GROUND_BRANCH	KF_EFFECT_MODEL_GROUND_BRANCH	retain	include/kf/game/effect.h:60	Reviewed as family: effect model ids named by effect
enum_constant	GAME.EXE	KfEffectModelId	KF_EFFECT_MODEL_GROUND_BRANCH_VISUAL	KF_EFFECT_MODEL_GROUND_BRANCH_VISUAL	retain	include/kf/game/effect.h:60	Reviewed as family: effect model ids named by effect
enum_constant	GAME.EXE	KfEffectModelId	KF_EFFECT_MODEL_ACTOR_SPAWNER	KF_EFFECT_MODEL_ACTOR_SPAWNER	retain	include/kf/game/effect.h:60	Reviewed as family: effect model ids named by effect
enum_constant	GAME.EXE	KfEffectModelId	KF_EFFECT_MODEL_MAP_EMITTER_PROJECTILE	KF_EFFECT_MODEL_MAP_EMITTER_PROJECTILE	retain	include/kf/game/effect.h:60	Reviewed as family: effect model ids named by effect
enum_constant	GAME.EXE	KfEffectModelId	KF_EFFECT_MODEL_MAP_SWITCH	KF_EFFECT_MODEL_MAP_SWITCH	retain	include/kf/game/effect.h:60	Reviewed as family: effect model ids named by effect
enum_constant	GAME.EXE	KfEffectModelId	KF_EFFECT_MODEL_LIGHT_NEEDLE	KF_EFFECT_MODEL_LIGHT_NEEDLE	retain	include/kf/game/effect.h:60	Reviewed as family: effect model ids named by effect
enum_constant	GAME.EXE	KfEffectModelId	KF_EFFECT_MODEL_SWINGING_HAZARD	KF_EFFECT_MODEL_SWINGING_HAZARD	retain	include/kf/game/effect.h:60	Reviewed as family: effect model ids named by effect
enum_constant	GAME.EXE	KfEffectModelId	KF_EFFECT_MODEL_EMERGING_PROJECTILE	KF_EFFECT_MODEL_EMERGING_PROJECTILE	retain	include/kf/game/effect.h:60	Reviewed as family: effect model ids named by effect
enum_constant	GAME.EXE	KfEffectModelId	KF_EFFECT_MODEL_MOONLIGHT_PROJECTILE	KF_EFFECT_MODEL_MOONLIGHT_PROJECTILE	retain	include/kf/game/effect.h:60	Reviewed as family: effect model ids named by effect
enum_constant	GAME.EXE	KfEffectModelId	KF_EFFECT_MODEL_RADIAL_BLAST	KF_EFFECT_MODEL_RADIAL_BLAST	retain	include/kf/game/effect.h:60	Reviewed as family: effect model ids named by effect
enum_constant	GAME.EXE	KfEffectModelId	KF_EFFECT_MODEL_HOMING_PROJECTILE	KF_EFFECT_MODEL_HOMING_PROJECTILE	retain	include/kf/game/effect.h:60	Reviewed as family: effect model ids named by effect
enum_constant	GAME.EXE	KfEffectModelId	KF_EFFECT_MODEL_WARP_SHIMMER	KF_EFFECT_MODEL_WARP_SHIMMER	retain	include/kf/game/effect.h:60	Reviewed as family: effect model ids named by effect
enum_constant	GAME.EXE	KfEffectModelId	KF_EFFECT_MODEL_PHYSICAL_PROJECTILE	KF_EFFECT_MODEL_PHYSICAL_PROJECTILE	retain	include/kf/game/effect.h:60	Reviewed as family: effect model ids named by effect
enum_constant	GAME.EXE	KfEffectModelId	KF_EFFECT_MODEL_LIGHTNING_RADIAL_BLAST_ALTERNATE	KF_EFFECT_MODEL_LIGHTNING_RADIAL_BLAST_ALTERNATE	retain	include/kf/game/effect.h:60	Reviewed as family: effect model ids named by effect
enum_constant	GAME.EXE	KfEffectModelId	KF_EFFECT_MODEL_HOMING_PROJECTILE_ALTERNATE	KF_EFFECT_MODEL_HOMING_PROJECTILE_ALTERNATE	retain	include/kf/game/effect.h:60	Reviewed as family: effect model ids named by effect
enum_constant	GAME.EXE	KfEffectModelId	KF_EFFECT_MODEL_RADIAL_BLAST_ALTERNATE	KF_EFFECT_MODEL_RADIAL_BLAST_ALTERNATE	retain	include/kf/game/effect.h:60	Reviewed as family: effect model ids named by effect
enum_constant	GAME.EXE	KfEffectModelId	KF_EFFECT_MODEL_NONE	KF_EFFECT_MODEL_NONE	retain	include/kf/game/effect.h:60	Reviewed as family: effect model ids named by effect
type	GAME.EXE	effect.h	KfEffectType	KfEffectType	retain	include/kf/game/effect.h:86	effect type byte: targets, player-magic/credit class, free sentinel
enum_constant	GAME.EXE	KfEffectType	KF_EFFECT_TYPE_NONE	KF_EFFECT_TYPE_NONE	retain	include/kf/game/effect.h:86	Reviewed as family: effect type bits (KF_EFFECT_CLASS_20 kept unresolved separately)
enum_constant	GAME.EXE	KfEffectType	KF_EFFECT_COLLISION_TARGET_ACTORS	KF_EFFECT_COLLISION_TARGET_ACTORS	retain	include/kf/game/effect.h:86	Reviewed as family: effect type bits (KF_EFFECT_CLASS_20 kept unresolved separately)
enum_constant	GAME.EXE	KfEffectType	KF_EFFECT_COLLISION_TARGET_PLAYER	KF_EFFECT_COLLISION_TARGET_PLAYER	retain	include/kf/game/effect.h:86	Reviewed as family: effect type bits (KF_EFFECT_CLASS_20 kept unresolved separately)
enum_constant	GAME.EXE	KfEffectType	KF_EFFECT_COLLISION_TARGET_ACTORS_AND_PLAYER	KF_EFFECT_COLLISION_TARGET_ACTORS_AND_PLAYER	retain	include/kf/game/effect.h:86	Reviewed as family: effect type bits (KF_EFFECT_CLASS_20 kept unresolved separately)
enum_constant	GAME.EXE	KfEffectType	KF_EFFECT_COLLISION_TARGETS_MASK	KF_EFFECT_COLLISION_TARGETS_MASK	retain	include/kf/game/effect.h:86	Reviewed as family: effect type bits (KF_EFFECT_CLASS_20 kept unresolved separately)
enum_constant	GAME.EXE	KfEffectType	KF_EFFECT_USE_PLAYER_MAGIC	KF_EFFECT_USE_PLAYER_MAGIC	retain	include/kf/game/effect.h:86	Reviewed as family: effect type bits (KF_EFFECT_CLASS_20 kept unresolved separately)
enum_constant	GAME.EXE	KfEffectType	KF_ACTOR_DAMAGE_CREDIT_PLAYER	KF_ACTOR_DAMAGE_CREDIT_PLAYER	retain	include/kf/game/effect.h:86	Reviewed as family: effect type bits (KF_EFFECT_CLASS_20 kept unresolved separately)
enum_constant	GAME.EXE	KfEffectType	KF_ACTOR_DAMAGE_CREDIT_MASK	KF_ACTOR_DAMAGE_CREDIT_MASK	retain	include/kf/game/effect.h:86	Reviewed as family: effect type bits (KF_EFFECT_CLASS_20 kept unresolved separately)
enum_constant	GAME.EXE	KfEffectType	KF_EFFECT_FLOOR_DEFORM_TYPE	KF_EFFECT_FLOOR_DEFORM_TYPE	retain	include/kf/game/effect.h:86	Reviewed as family: effect type bits (KF_EFFECT_CLASS_20 kept unresolved separately)
enum_constant	GAME.EXE	KfEffectType	KF_EFFECT_SLOT_FREE	KF_EFFECT_SLOT_FREE	retain	include/kf/game/effect.h:86	Reviewed as family: effect type bits (KF_EFFECT_CLASS_20 kept unresolved separately)
type	GAME.EXE	effect.h	KfEffectHomingMode	KfEffectHomingMode	retain	include/kf/game/effect.h:102	homing wander/player selectors (other values are actor indices)
enum_constant	GAME.EXE	KfEffectHomingMode	KF_EFFECT_HOMING_WANDER	KF_EFFECT_HOMING_WANDER	retain	include/kf/game/effect.h:102	Reviewed as family: homing selectors
enum_constant	GAME.EXE	KfEffectHomingMode	KF_EFFECT_HOMING_PLAYER	KF_EFFECT_HOMING_PLAYER	retain	include/kf/game/effect.h:102	Reviewed as family: homing selectors
type	GAME.EXE	effect.h	KfEffectGroundBranchRole	KfEffectGroundBranchRole	retain	include/kf/game/effect.h:107	fire-wall branch roles
enum_constant	GAME.EXE	KfEffectGroundBranchRole	KF_EFFECT_GROUND_BRANCH_ROOT	KF_EFFECT_GROUND_BRANCH_ROOT	retain	include/kf/game/effect.h:107	Reviewed as family: branch roles by turn
enum_constant	GAME.EXE	KfEffectGroundBranchRole	KF_EFFECT_GROUND_BRANCH_QUARTER_TURN	KF_EFFECT_GROUND_BRANCH_QUARTER_TURN	retain	include/kf/game/effect.h:107	Reviewed as family: branch roles by turn
enum_constant	GAME.EXE	KfEffectGroundBranchRole	KF_EFFECT_GROUND_BRANCH_THREE_QUARTER_TURN	KF_EFFECT_GROUND_BRANCH_THREE_QUARTER_TURN	retain	include/kf/game/effect.h:107	Reviewed as family: branch roles by turn
enum_constant	GAME.EXE	KfEffectGroundBranchRole	KF_EFFECT_GROUND_BRANCH_LEAF	KF_EFFECT_GROUND_BRANCH_LEAF	retain	include/kf/game/effect.h:107	Reviewed as family: branch roles by turn
type	GAME.EXE	effect.h	KfEffectPhase	KfEffectPhase	retain	include/kf/game/effect.h:120	kind-specific effect phase byte
enum_constant	GAME.EXE	KfEffectPhase	KF_EFFECT_PHASE_INIT	KF_EFFECT_PHASE_INIT	retain	include/kf/game/effect.h:120	Reviewed as family: phase values named per kind lifecycle
enum_constant	GAME.EXE	KfEffectPhase	KF_EFFECT_FLOOR_DEFORM_ADVANCE	KF_EFFECT_FLOOR_DEFORM_ADVANCE	retain	include/kf/game/effect.h:120	Reviewed as family: phase values named per kind lifecycle
enum_constant	GAME.EXE	KfEffectPhase	KF_EFFECT_FLOOR_DEFORM_HOLD	KF_EFFECT_FLOOR_DEFORM_HOLD	retain	include/kf/game/effect.h:120	Reviewed as family: phase values named per kind lifecycle
enum_constant	GAME.EXE	KfEffectPhase	KF_EFFECT_FLOOR_DEFORM_REVERSE	KF_EFFECT_FLOOR_DEFORM_REVERSE	retain	include/kf/game/effect.h:120	Reviewed as family: phase values named per kind lifecycle
enum_constant	GAME.EXE	KfEffectPhase	KF_EFFECT_PROJECTILE_TRAVEL	KF_EFFECT_PROJECTILE_TRAVEL	retain	include/kf/game/effect.h:120	Reviewed as family: phase values named per kind lifecycle
enum_constant	GAME.EXE	KfEffectPhase	KF_EFFECT_PROJECTILE_IMPACT_FIRST	KF_EFFECT_PROJECTILE_IMPACT_FIRST	retain	include/kf/game/effect.h:120	Reviewed as family: phase values named per kind lifecycle
enum_constant	GAME.EXE	KfEffectPhase	KF_EFFECT_PROJECTILE_DISSIPATE_FIRST	KF_EFFECT_PROJECTILE_DISSIPATE_FIRST	retain	include/kf/game/effect.h:120	Reviewed as family: phase values named per kind lifecycle
enum_constant	GAME.EXE	KfEffectPhase	KF_EFFECT_PROJECTILE_DISSIPATE_END	KF_EFFECT_PROJECTILE_DISSIPATE_END	retain	include/kf/game/effect.h:120	Reviewed as family: phase values named per kind lifecycle
enum_constant	GAME.EXE	KfEffectPhase	KF_EFFECT_PROJECTILE_EMERGE_FIRST	KF_EFFECT_PROJECTILE_EMERGE_FIRST	retain	include/kf/game/effect.h:120	Reviewed as family: phase values named per kind lifecycle
enum_constant	GAME.EXE	KfEffectPhase	KF_EFFECT_PROJECTILE_EMERGE_LAST	KF_EFFECT_PROJECTILE_EMERGE_LAST	retain	include/kf/game/effect.h:120	Reviewed as family: phase values named per kind lifecycle
enum_constant	GAME.EXE	KfEffectPhase	KF_EFFECT_PROJECTILE_FALL	KF_EFFECT_PROJECTILE_FALL	retain	include/kf/game/effect.h:120	Reviewed as family: phase values named per kind lifecycle
enum_constant	GAME.EXE	KfEffectPhase	KF_EFFECT_PROJECTILE_SHRINK	KF_EFFECT_PROJECTILE_SHRINK	retain	include/kf/game/effect.h:120	Reviewed as family: phase values named per kind lifecycle
enum_constant	GAME.EXE	KfEffectPhase	KF_EFFECT_PROJECTILE_LAUNCH_WRAP	KF_EFFECT_PROJECTILE_LAUNCH_WRAP	retain	include/kf/game/effect.h:120	Reviewed as family: phase values named per kind lifecycle
enum_constant	GAME.EXE	KfEffectPhase	KF_EFFECT_GROUND_TRAIL_WAIT_FOR_PARENT	KF_EFFECT_GROUND_TRAIL_WAIT_FOR_PARENT	retain	include/kf/game/effect.h:120	Reviewed as family: phase values named per kind lifecycle
enum_constant	GAME.EXE	KfEffectPhase	KF_EFFECT_GROUND_TRAIL_SHRINK	KF_EFFECT_GROUND_TRAIL_SHRINK	retain	include/kf/game/effect.h:120	Reviewed as family: phase values named per kind lifecycle
enum_constant	GAME.EXE	KfEffectPhase	KF_EFFECT_HAZARD_RUNNING	KF_EFFECT_HAZARD_RUNNING	retain	include/kf/game/effect.h:120	Reviewed as family: phase values named per kind lifecycle
enum_constant	GAME.EXE	KfEffectPhase	KF_EFFECT_HAZARD_RELEASE_REQUEST	KF_EFFECT_HAZARD_RELEASE_REQUEST	retain	include/kf/game/effect.h:120	Reviewed as family: phase values named per kind lifecycle
enum_constant	GAME.EXE	KfEffectPhase	KF_EFFECT_HAZARD_RISE_FIRST	KF_EFFECT_HAZARD_RISE_FIRST	retain	include/kf/game/effect.h:120	Reviewed as family: phase values named per kind lifecycle
enum_constant	GAME.EXE	KfEffectPhase	KF_EFFECT_SHORT_SWING_PHASE_LIMIT	KF_EFFECT_SHORT_SWING_PHASE_LIMIT	retain	include/kf/game/effect.h:120	Reviewed as family: phase values named per kind lifecycle
enum_constant	GAME.EXE	KfEffectPhase	KF_EFFECT_LONG_SWING_PHASE_LIMIT	KF_EFFECT_LONG_SWING_PHASE_LIMIT	retain	include/kf/game/effect.h:120	Reviewed as family: phase values named per kind lifecycle
enum_constant	GAME.EXE	KfEffectPhase	KF_EFFECT_ORBIT_PHASE_LIMIT	KF_EFFECT_ORBIT_PHASE_LIMIT	retain	include/kf/game/effect.h:120	Reviewed as family: phase values named per kind lifecycle
enum_constant	GAME.EXE	KfEffectPhase	KF_EFFECT_FIRE_BALL_IMPACT_END	KF_EFFECT_FIRE_BALL_IMPACT_END	retain	include/kf/game/effect.h:120	Reviewed as family: phase values named per kind lifecycle
enum_constant	GAME.EXE	KfEffectPhase	KF_EFFECT_PROJECTILE_IMPACT_END	KF_EFFECT_PROJECTILE_IMPACT_END	retain	include/kf/game/effect.h:120	Reviewed as family: phase values named per kind lifecycle
enum_constant	GAME.EXE	KfEffectPhase	KF_EFFECT_MOONLIGHT_TRAVEL_LAST	KF_EFFECT_MOONLIGHT_TRAVEL_LAST	retain	include/kf/game/effect.h:120	Reviewed as family: phase values named per kind lifecycle
enum_constant	GAME.EXE	KfEffectPhase	KF_EFFECT_MOONLIGHT_TRAIL_EMIT_PHASE	KF_EFFECT_MOONLIGHT_TRAIL_EMIT_PHASE	retain	include/kf/game/effect.h:120	Reviewed as family: phase values named per kind lifecycle
enum_constant	GAME.EXE	KfEffectPhase	KF_EFFECT_MOONLIGHT_IMPACT_FIRST	KF_EFFECT_MOONLIGHT_IMPACT_FIRST	retain	include/kf/game/effect.h:120	Reviewed as family: phase values named per kind lifecycle
enum_constant	GAME.EXE	KfEffectPhase	KF_EFFECT_MOONLIGHT_IMPACT_LAST	KF_EFFECT_MOONLIGHT_IMPACT_LAST	retain	include/kf/game/effect.h:120	Reviewed as family: phase values named per kind lifecycle
enum_constant	GAME.EXE	KfEffectPhase	KF_EFFECT_RADIAL_BLAST_PHASE_END	KF_EFFECT_RADIAL_BLAST_PHASE_END	retain	include/kf/game/effect.h:120	Reviewed as family: phase values named per kind lifecycle
enum_constant	GAME.EXE	KfEffectPhase	KF_EFFECT_HOMING_INITIAL_PHASE_LAST	KF_EFFECT_HOMING_INITIAL_PHASE_LAST	retain	include/kf/game/effect.h:120	Reviewed as family: phase values named per kind lifecycle
enum_constant	GAME.EXE	KfEffectPhase	KF_EFFECT_HOMING_TRACKING_PHASE	KF_EFFECT_HOMING_TRACKING_PHASE	retain	include/kf/game/effect.h:120	Reviewed as family: phase values named per kind lifecycle
enum_constant	GAME.EXE	KfEffectPhase	KF_EFFECT_LIGHTNING_IMPACT_PHASE_LAST	KF_EFFECT_LIGHTNING_IMPACT_PHASE_LAST	retain	include/kf/game/effect.h:120	Reviewed as family: phase values named per kind lifecycle
enum_constant	GAME.EXE	KfEffectPhase	KF_EFFECT_LIGHTNING_IMPACT_EMIT_FIRST	KF_EFFECT_LIGHTNING_IMPACT_EMIT_FIRST	retain	include/kf/game/effect.h:120	Reviewed as family: phase values named per kind lifecycle
enum_constant	GAME.EXE	KfEffectPhase	KF_EFFECT_LIGHTNING_IMPACT_EMIT_SECOND	KF_EFFECT_LIGHTNING_IMPACT_EMIT_SECOND	retain	include/kf/game/effect.h:120	Reviewed as family: phase values named per kind lifecycle
enum_constant	GAME.EXE	KfEffectPhase	KF_EFFECT_LIGHTNING_IMPACT_EMIT_LAST	KF_EFFECT_LIGHTNING_IMPACT_EMIT_LAST	retain	include/kf/game/effect.h:120	Reviewed as family: phase values named per kind lifecycle
enum_constant	GAME.EXE	KfEffectPhase	KF_EFFECT_LIGHTNING_BLAST_PHASE_LAST	KF_EFFECT_LIGHTNING_BLAST_PHASE_LAST	retain	include/kf/game/effect.h:120	Reviewed as family: phase values named per kind lifecycle
enum_constant	GAME.EXE	KfEffectPhase	KF_EFFECT_GROUND_BRANCH_GROW_END	KF_EFFECT_GROUND_BRANCH_GROW_END	retain	include/kf/game/effect.h:120	Reviewed as family: phase values named per kind lifecycle
enum_constant	GAME.EXE	KfEffectPhase	KF_EFFECT_GROUND_BRANCH_ROOT_HOLD_BASE	KF_EFFECT_GROUND_BRANCH_ROOT_HOLD_BASE	retain	include/kf/game/effect.h:120	Reviewed as family: phase values named per kind lifecycle
enum_constant	GAME.EXE	KfEffectPhase	KF_EFFECT_GROUND_BRANCH_SIDE_HOLD_BASE	KF_EFFECT_GROUND_BRANCH_SIDE_HOLD_BASE	retain	include/kf/game/effect.h:120	Reviewed as family: phase values named per kind lifecycle
enum_constant	GAME.EXE	KfEffectPhase	KF_EFFECT_GROUND_BRANCH_LEAF_HOLD_BASE	KF_EFFECT_GROUND_BRANCH_LEAF_HOLD_BASE	retain	include/kf/game/effect.h:120	Reviewed as family: phase values named per kind lifecycle
enum_constant	GAME.EXE	KfEffectPhase	KF_EFFECT_GROUND_BRANCH_SHRINK_FIRST	KF_EFFECT_GROUND_BRANCH_SHRINK_FIRST	retain	include/kf/game/effect.h:120	Reviewed as family: phase values named per kind lifecycle
enum_constant	GAME.EXE	KfEffectPhase	KF_EFFECT_GROUND_BRANCH_PHASE_END	KF_EFFECT_GROUND_BRANCH_PHASE_END	retain	include/kf/game/effect.h:120	Reviewed as family: phase values named per kind lifecycle
enum_constant	GAME.EXE	KfEffectPhase	KF_EFFECT_GROUND_VISUAL_SHRINK_FIRST	KF_EFFECT_GROUND_VISUAL_SHRINK_FIRST	retain	include/kf/game/effect.h:120	Reviewed as family: phase values named per kind lifecycle
enum_constant	GAME.EXE	KfEffectPhase	KF_EFFECT_GROUND_VISUAL_PHASE_END	KF_EFFECT_GROUND_VISUAL_PHASE_END	retain	include/kf/game/effect.h:120	Reviewed as family: phase values named per kind lifecycle
enum_constant	GAME.EXE	KfEffectPhase	KF_EFFECT_ACTOR_SPAWNER_TRAVEL_FIRST	KF_EFFECT_ACTOR_SPAWNER_TRAVEL_FIRST	retain	include/kf/game/effect.h:120	Reviewed as family: phase values named per kind lifecycle
enum_constant	GAME.EXE	KfEffectPhase	KF_EFFECT_ACTOR_SPAWNER_TRAVEL_LAST	KF_EFFECT_ACTOR_SPAWNER_TRAVEL_LAST	retain	include/kf/game/effect.h:120	Reviewed as family: phase values named per kind lifecycle
enum_constant	GAME.EXE	KfEffectPhase	KF_EFFECT_ACTOR_SPAWNER_WAIT_FIRST	KF_EFFECT_ACTOR_SPAWNER_WAIT_FIRST	retain	include/kf/game/effect.h:120	Reviewed as family: phase values named per kind lifecycle
enum_constant	GAME.EXE	KfEffectPhase	KF_EFFECT_ACTOR_SPAWNER_CREATE_PHASE	KF_EFFECT_ACTOR_SPAWNER_CREATE_PHASE	retain	include/kf/game/effect.h:120	Reviewed as family: phase values named per kind lifecycle
enum_constant	GAME.EXE	KfEffectPhase	KF_EFFECT_ACTOR_SPAWNER_SHRINK_FIRST	KF_EFFECT_ACTOR_SPAWNER_SHRINK_FIRST	retain	include/kf/game/effect.h:120	Reviewed as family: phase values named per kind lifecycle
enum_constant	GAME.EXE	KfEffectPhase	KF_EFFECT_ACTOR_SPAWNER_PHASE_END	KF_EFFECT_ACTOR_SPAWNER_PHASE_END	retain	include/kf/game/effect.h:120	Reviewed as family: phase values named per kind lifecycle
type	GAME.EXE	effect.h	KfEffectSoundRequest	KfEffectSoundRequest	retain	include/kf/game/effect.h:293	silent/play variadic sound argument
enum_constant	GAME.EXE	KfEffectSoundRequest	KF_EFFECT_SOUND_SILENT	KF_EFFECT_SOUND_SILENT	retain	include/kf/game/effect.h:293	Reviewed as family: sound request values
enum_constant	GAME.EXE	KfEffectSoundRequest	KF_EFFECT_SOUND_PLAY	KF_EFFECT_SOUND_PLAY	retain	include/kf/game/effect.h:293	Reviewed as family: sound request values
enum_constant	GAME.EXE	enum@effect.h:5	KF_EFFECT_PROJECTILE_DEFAULT_SPEED	KF_EFFECT_PROJECTILE_DEFAULT_SPEED	retain	include/kf/game/effect.h:5	Reviewed as family: projectile speeds and actor target cone/distance shared by actor, magic and effect code
enum_constant	GAME.EXE	enum@effect.h:5	KF_EFFECT_LIGHTNING_SPEED	KF_EFFECT_LIGHTNING_SPEED	retain	include/kf/game/effect.h:5	Reviewed as family: projectile speeds and actor target cone/distance shared by actor, magic and effect code
enum_constant	GAME.EXE	enum@effect.h:5	KF_EFFECT_WIND_CUTTER_SPEED	KF_EFFECT_WIND_CUTTER_SPEED	retain	include/kf/game/effect.h:5	Reviewed as family: projectile speeds and actor target cone/distance shared by actor, magic and effect code
enum_constant	GAME.EXE	enum@effect.h:5	KF_EFFECT_ACTOR_TARGET_MAX_DISTANCE	KF_EFFECT_ACTOR_TARGET_MAX_DISTANCE	retain	include/kf/game/effect.h:5	Reviewed as family: projectile speeds and actor target cone/distance shared by actor, magic and effect code
enum_constant	GAME.EXE	enum@effect.h:5	KF_EFFECT_ACTOR_TARGET_WIDE_CONE	KF_EFFECT_ACTOR_TARGET_WIDE_CONE	retain	include/kf/game/effect.h:5	Reviewed as family: projectile speeds and actor target cone/distance shared by actor, magic and effect code
enum_constant	GAME.EXE	enum@effect.h:26	KF_EFFECT_CAPACITY	KF_EFFECT_CAPACITY	retain	include/kf/game/effect.h:26	Reviewed as family: effect pool capacity
enum_constant	GAME.EXE	enum@effect.h:58	KF_EFFECT_BILLBOARD_SPRITE_COUNT	KF_EFFECT_BILLBOARD_SPRITE_COUNT	retain	include/kf/game/effect.h:58	Reviewed as family: billboard sprite count
enum_constant	GAME.EXE	enum@effect.h:114	KF_EFFECT_GROUND_BRANCH_TIMER_DONE	KF_EFFECT_GROUND_BRANCH_TIMER_DONE	retain	include/kf/game/effect.h:114	Reviewed as family: fire-wall branch timer sentinel
enum_constant	GAME.EXE	enum@effect.h:174	KF_EFFECT_EMERGE_Y_STEP	KF_EFFECT_EMERGE_Y_STEP	retain	include/kf/game/effect.h:174	Reviewed as family: emerging projectile rise and orbit centre quantisation
enum_constant	GAME.EXE	enum@effect.h:174	KF_EFFECT_EMERGE_DEPTH	KF_EFFECT_EMERGE_DEPTH	retain	include/kf/game/effect.h:174	Reviewed as family: emerging projectile rise and orbit centre quantisation
enum_constant	GAME.EXE	enum@effect.h:174	KF_EFFECT_ORBIT_CENTER_SHIFT	KF_EFFECT_ORBIT_CENTER_SHIFT	retain	include/kf/game/effect.h:174	Reviewed as family: emerging projectile rise and orbit centre quantisation
enum_constant	GAME.EXE	enum@effect.h:184	KF_EFFECT_SWING_PROBE_SHORT	KF_EFFECT_SWING_PROBE_SHORT	retain	include/kf/game/effect.h:184	Reviewed as family: swing probe indices into effect_swing_probe_offsets
enum_constant	GAME.EXE	enum@effect.h:184	KF_EFFECT_SWING_PROBE_LONG	KF_EFFECT_SWING_PROBE_LONG	retain	include/kf/game/effect.h:184	Reviewed as family: swing probe indices into effect_swing_probe_offsets
enum_constant	GAME.EXE	enum@effect.h:184	KF_EFFECT_SWING_PROBE_COUNT	KF_EFFECT_SWING_PROBE_COUNT	retain	include/kf/game/effect.h:184	Reviewed as family: swing probe indices into effect_swing_probe_offsets
type	GAME.EXE	equipment.h	KfArmorRecord	KfArmorRecord	retain	include/kf/game/equipment.h:30; structures.tsv:game/equipment.h;asm;player_recalculate_combat_stats;player_set_equipment_slot	armor/accessory record indexed by item id minus 13
member	GAME.EXE	KfArmorRecord	unknown_00	unknown_00	keep-unresolved	include/kf/game/equipment.h:30; structure_fields.tsv:game/equipment.h;asm;player_recalculate_combat_stats	Address/offset/value-derived name; current evidence does not support a semantic replacement. meaning unresolved
member	GAME.EXE	KfArmorRecord	cutting_defense	cutting_defense	retain	include/kf/game/equipment.h:30; structure_fields.tsv:game/equipment.h;asm;player_recalculate_combat_stats;game-player-damage-labels.md;retail-menu-glyphs;asm;equipment-accumulation	summed into player cutting defense (doubled in recalculation); TSV meaning: added twice to cutting_defense
member	GAME.EXE	KfArmorRecord	striking_defense	striking_defense	retain	include/kf/game/equipment.h:30; structure_fields.tsv:game/equipment.h;asm;player_recalculate_combat_stats;game-player-damage-labels.md;retail-menu-glyphs;asm;equipment-accumulation	summed into player striking defense; TSV meaning: added to striking_defense
member	GAME.EXE	KfArmorRecord	piercing_defense	piercing_defense	retain	include/kf/game/equipment.h:30; structure_fields.tsv:game/equipment.h;asm;player_recalculate_combat_stats;game-player-damage-labels.md;retail-menu-glyphs;asm;equipment-accumulation	summed into player piercing defense; TSV meaning: added to piercing_defense
member	GAME.EXE	KfArmorRecord	poison_resistance	poison_resistance	retain	include/kf/game/equipment.h:30; structure_fields.tsv:game/equipment.h;asm;player_recalculate_combat_stats;game-player-poison.md;retail-menu-glyph-0x88	summed into player poison resistance; TSV meaning: unsigned equipment contribution to player poison resistance
member	GAME.EXE	KfArmorRecord	magic_defense	magic_defense	retain	include/kf/game/equipment.h:30; structure_fields.tsv:game/equipment.h;asm;player_recalculate_combat_stats;game-player-damage-labels.md;retail-menu-glyphs;asm;equipment-accumulation	summed into player magic defense; TSV meaning: added to magic_defense
member	GAME.EXE	KfArmorRecord	fire_defense	fire_defense	retain	include/kf/game/equipment.h:30; structure_fields.tsv:game/equipment.h;asm;player_recalculate_combat_stats;game-player-damage-labels.md;retail-menu-glyphs;asm;equipment-accumulation	summed into player fire defense; TSV meaning: added to fire_defense
member	GAME.EXE	KfArmorRecord	hp_regen_interval	hp_regen_interval	retain	include/kf/game/equipment.h:30; structure_fields.tsv:game/equipment.h;asm;player_update	player_update restores 1 HP when equipment_effect_ticks is a multiple; TSV meaning: nonzero: player_adjust_hp(1) every N frames of player_state.unknown_58
member	GAME.EXE	KfArmorRecord	hp_drain_interval	hp_drain_interval	retain	include/kf/game/equipment.h:30; structure_fields.tsv:game/equipment.h;asm;player_update	player_update removes 1 HP when equipment_effect_ticks is a multiple; TSV meaning: nonzero: player_adjust_hp(-1) every N frames of player_state.unknown_58
member	GAME.EXE	KfArmorRecord	unknown_12	unknown_12	keep-unresolved	include/kf/game/equipment.h:30; structure_fields.tsv:game/equipment.h;asm;player_recalculate_combat_stats	Address/offset/value-derived name; current evidence does not support a semantic replacement. meaning unresolved
type	GAME.EXE	equipment.h	KfWeaponRecord	KfWeaponRecord	retain	include/kf/game/equipment.h:46; structures.tsv:game/equipment.h;game_semantic_player_motion_attack.tsv;game_semantic_player_stats.tsv;asm;xrefs;runtime-stride	0x2c-byte weapon record
member	GAME.EXE	KfWeaponRecord	unknown_00	unknown_00	keep-unresolved	include/kf/game/equipment.h:46; structure_fields.tsv:game/equipment.h;asm;xrefs;typed-weapon-render.md	Address/offset/value-derived name; current evidence does not support a semantic replacement. meaning unresolved
member	GAME.EXE	KfWeaponRecord	charge_rate	charge_rate	retain	include/kf/game/equipment.h:46; structure_fields.tsv:game/equipment.h;game_semantic_player_motion_attack.tsv;asm;xrefs;typed-weapon-render.md	span of fixed6_ratio_step for POWER charge; TSV meaning: combined with physical power to advance POWER while the weapon is idle
member	GAME.EXE	KfWeaponRecord	attack_components	attack_components	retain	include/kf/game/equipment.h:46; structure_fields.tsv:game/equipment.h;game_semantic_player_stats.tsv;asm;xrefs;typed-weapon-render.md	five attack lanes; TSV meaning: five outgoing damage components copied into player combat state
member	GAME.EXE	KfWeaponRecord	hp_regen_interval	hp_regen_interval	retain	include/kf/game/equipment.h:46; structure_fields.tsv:game/equipment.h;asm;player_update;typed-weapon-render.md	HP regen interval; TSV meaning: nonzero: player_adjust_hp(1) every N frames of player_state.unknown_58
member	GAME.EXE	KfWeaponRecord	mp_regen_interval	mp_regen_interval	retain	include/kf/game/equipment.h:46; structure_fields.tsv:game/equipment.h;asm;player_update;typed-weapon-render.md	MP regen interval; TSV meaning: nonzero: player_adjust_mp(1) every N frames of player_state.unknown_58
member	GAME.EXE	KfWeaponRecord	projection_distance	projection_distance	retain	include/kf/game/equipment.h:46; structure_fields.tsv:game/equipment.h;asm;xrefs;typed-weapon-render.md	render projection distance of the held weapon; TSV meaning: unsigned distance supplied to SetGeomScreen
member	GAME.EXE	KfWeaponRecord	attack_z_offset	attack_z_offset	retain	include/kf/game/equipment.h:46; structure_fields.tsv:game/equipment.h;game_semantic_player_motion_attack.tsv;asm;xrefs;typed-weapon-render.md	hit-volume forward offset; TSV meaning: local z component rotated into the weapon hit-test point
member	GAME.EXE	KfWeaponRecord	unknown_14	unknown_14	keep-unresolved	include/kf/game/equipment.h:46; structure_fields.tsv:game/equipment.h;asm;xrefs;typed-weapon-render.md	Address/offset/value-derived name; current evidence does not support a semantic replacement. meaning unresolved
member	GAME.EXE	KfWeaponRecord	render_translation	render_translation	retain	include/kf/game/equipment.h:46; structure_fields.tsv:game/equipment.h;asm;typed-weapon-render.md	held-weapon render translation; TSV meaning: signed XYZ halfwords copied into the view model translation; Z also biases depth
member	GAME.EXE	KfWeaponRecord	unknown_22	unknown_22	keep-unresolved	include/kf/game/equipment.h:46; structure_fields.tsv:game/equipment.h;asm;typed-weapon-render.md	Address/offset/value-derived name; current evidence does not support a semantic replacement. unresolved halfword between translation and rotation
member	GAME.EXE	KfWeaponRecord	render_rotation	render_rotation	retain	include/kf/game/equipment.h:46; structure_fields.tsv:game/equipment.h;asm;typed-weapon-render.md	held-weapon render rotation (yaw mirrored on load); TSV meaning: SDK RotMatrix input; resource loader negates its Y component at record+0x26
type	GAME.EXE	equipment.h	KfWeaponTable	KfWeaponTable	retain	include/kf/game/equipment.h:61; structures.tsv:game/equipment.h;asm;typed-record-tables.md	sixteen weapon records
member	GAME.EXE	KfWeaponTable	entries	entries	retain	include/kf/game/equipment.h:61; structure_fields.tsv:game/equipment.h;asm;typed-record-tables.md	16 weapon records; TSV meaning: typed records selected by the game consumers
type	GAME.EXE	equipment.h	KfArmorTable	KfArmorTable	retain	include/kf/game/equipment.h:65; structures.tsv:game/equipment.h;asm;typed-record-tables.md	42 armor/accessory records
member	GAME.EXE	KfArmorTable	entries	entries	retain	include/kf/game/equipment.h:65; structure_fields.tsv:game/equipment.h;asm;typed-record-tables.md	42 armor/accessory records; TSV meaning: typed records selected by the game consumers
type	GAME.EXE	equipment.h	KfEquipmentSlot	KfEquipmentSlot	retain	include/kf/game/equipment.h:12	equipment slot argument of player_set_equipment_slot
enum_constant	GAME.EXE	KfEquipmentSlot	KF_EQUIPMENT_SLOT_HEAD	KF_EQUIPMENT_SLOT_HEAD	retain	include/kf/game/equipment.h:12	Reviewed as family: equipment slots
enum_constant	GAME.EXE	KfEquipmentSlot	KF_EQUIPMENT_SLOT_BODY	KF_EQUIPMENT_SLOT_BODY	retain	include/kf/game/equipment.h:12	Reviewed as family: equipment slots
enum_constant	GAME.EXE	KfEquipmentSlot	KF_EQUIPMENT_SLOT_ARM	KF_EQUIPMENT_SLOT_ARM	retain	include/kf/game/equipment.h:12	Reviewed as family: equipment slots
enum_constant	GAME.EXE	KfEquipmentSlot	KF_EQUIPMENT_SLOT_LEG	KF_EQUIPMENT_SLOT_LEG	retain	include/kf/game/equipment.h:12	Reviewed as family: equipment slots
enum_constant	GAME.EXE	KfEquipmentSlot	KF_EQUIPMENT_SLOT_SHIELD	KF_EQUIPMENT_SLOT_SHIELD	retain	include/kf/game/equipment.h:12	Reviewed as family: equipment slots
enum_constant	GAME.EXE	KfEquipmentSlot	KF_EQUIPMENT_SLOT_ACCESSORY	KF_EQUIPMENT_SLOT_ACCESSORY	retain	include/kf/game/equipment.h:12	Reviewed as family: equipment slots
enum_constant	GAME.EXE	KfEquipmentSlot	KF_EQUIPMENT_SLOT_REFRESH_ONLY	KF_EQUIPMENT_SLOT_REFRESH_ONLY	retain	include/kf/game/equipment.h:12	Reviewed as family: equipment slots
enum_constant	GAME.EXE	enum@equipment.h:22	KF_WEAPON_RECORD_COUNT	KF_WEAPON_RECORD_COUNT	retain	include/kf/game/equipment.h:22	Reviewed as family: weapon/armor record and table word counts
enum_constant	GAME.EXE	enum@equipment.h:22	KF_ARMOR_RECORD_COUNT	KF_ARMOR_RECORD_COUNT	retain	include/kf/game/equipment.h:22	Reviewed as family: weapon/armor record and table word counts
enum_constant	GAME.EXE	enum@equipment.h:22	KF_WEAPON_TABLE_WORD_COUNT	KF_WEAPON_TABLE_WORD_COUNT	retain	include/kf/game/equipment.h:22	Reviewed as family: weapon/armor record and table word counts
enum_constant	GAME.EXE	enum@equipment.h:22	KF_ARMOR_TABLE_WORD_COUNT	KF_ARMOR_TABLE_WORD_COUNT	retain	include/kf/game/equipment.h:22	Reviewed as family: weapon/armor record and table word counts
type	GAME.EXE	magic.h	KfMagicRecord	KfMagicRecord	retain	include/kf/game/magic.h:68; structures.tsv:magic.h;asm;player_select_magic;player_update;player_recalculate_combat_stats	runtime magic record in effect_state.magic
member	GAME.EXE	KfMagicRecord	learned	learned	retain	include/kf/game/magic.h:68; structure_fields.tsv:magic.h;asm;player_recalculate_combat_stats;player_update;game-magic-learning-state.md;save_file_write_slot;save_file_read_slot	learned state tested by scripts, menus and casting; TSV meaning: byte learning state: unlearned0/learned1; menus require exactly1 while progression and Flame Sword preserve nonzero tests; saved verbatim for all24 records
member	GAME.EXE	KfMagicRecord	charge_rate	charge_rate	retain	include/kf/game/magic.h:68; structure_fields.tsv:magic.h;asm;player_update	span argument of fixed6_ratio_step for magic charge; TSV meaning: fixed6_ratio_step span while charging magic
member	GAME.EXE	KfMagicRecord	sounds	sounds	retain	include/kf/game/magic.h:68; structure_fields.tsv:magic.h;asm;effect_update_dispatch;audio_play_spatial	cast/impact sounds; TSV meaning: primary and secondary spatial sound references
member	GAME.EXE	KfMagicRecord	damage_components	damage_components	retain	include/kf/game/magic.h:68; structure_fields.tsv:magic.h;asm;effect_update_dispatch;actor_apply_damage;player_apply_damage	effect damage lanes; TSV meaning: four magic damage components, permuted by effect kind
member	GAME.EXE	KfMagicRecord	mp_cost	mp_cost	retain	include/kf/game/magic.h:68; structure_fields.tsv:magic.h;asm;player_update	MP deducted on cast; TSV meaning: compared with and subtracted from vitals.current_mp when casting
member	GAME.EXE	KfMagicRecord	unknown_12	unknown_12	keep-unresolved	include/kf/game/magic.h:68; structure_fields.tsv:magic.h;asm	Address/offset/value-derived name; current evidence does not support a semantic replacement. meaning unresolved
type	GAME.EXE	magic.h	KfMagicTable	KfMagicTable	retain	include/kf/game/magic.h:78; structures.tsv:magic.h;asm;typed-record-tables.md	24 magic records
member	GAME.EXE	KfMagicTable	entries	entries	retain	include/kf/game/magic.h:78; structure_fields.tsv:magic.h;asm;typed-record-tables.md	24 magic records; TSV meaning: typed records selected by the game consumers
type	GAME.EXE	magic.h	KfEffectKind	KfEffectKind	retain	include/kf/game/magic.h:23	shared spell/effect kind namespace (magic_cast passes spell ids to the effect constructor)
enum_constant	GAME.EXE	KfEffectKind	KF_MAGIC_HEALING	KF_MAGIC_HEALING	retain	include/kf/game/magic.h:23	Reviewed as family: spell and effect kinds
enum_constant	GAME.EXE	KfEffectKind	KF_MAGIC_DISPOISON	KF_MAGIC_DISPOISON	retain	include/kf/game/magic.h:23	Reviewed as family: spell and effect kinds
enum_constant	GAME.EXE	KfEffectKind	KF_MAGIC_RESIST_FIRE	KF_MAGIC_RESIST_FIRE	retain	include/kf/game/magic.h:23	Reviewed as family: spell and effect kinds
enum_constant	GAME.EXE	KfEffectKind	KF_MAGIC_BLESS	KF_MAGIC_BLESS	retain	include/kf/game/magic.h:23	Reviewed as family: spell and effect kinds
enum_constant	GAME.EXE	KfEffectKind	KF_MAGIC_LIGHTNING_BOLT	KF_MAGIC_LIGHTNING_BOLT	retain	include/kf/game/magic.h:23	Reviewed as family: spell and effect kinds
enum_constant	GAME.EXE	KfEffectKind	KF_MAGIC_FIRE_BALL	KF_MAGIC_FIRE_BALL	retain	include/kf/game/magic.h:23	Reviewed as family: spell and effect kinds
enum_constant	GAME.EXE	KfEffectKind	KF_MAGIC_FIRE_WALL	KF_MAGIC_FIRE_WALL	retain	include/kf/game/magic.h:23	Reviewed as family: spell and effect kinds
enum_constant	GAME.EXE	KfEffectKind	KF_MAGIC_WIND_CUTTER	KF_MAGIC_WIND_CUTTER	retain	include/kf/game/magic.h:23	Reviewed as family: spell and effect kinds
enum_constant	GAME.EXE	KfEffectKind	KF_MAGIC_LIGHT_NEEDLE	KF_MAGIC_LIGHT_NEEDLE	retain	include/kf/game/magic.h:23	Reviewed as family: spell and effect kinds
enum_constant	GAME.EXE	KfEffectKind	KF_MAGIC_NONE	KF_MAGIC_NONE	retain	include/kf/game/magic.h:23	Reviewed as family: spell and effect kinds
enum_constant	GAME.EXE	KfEffectKind	KF_EFFECT_KIND_ACTOR_SPAWNER	KF_EFFECT_KIND_ACTOR_SPAWNER	retain	include/kf/game/magic.h:23	Reviewed as family: spell and effect kinds
enum_constant	GAME.EXE	KfEffectKind	KF_EFFECT_KIND_SCATTER_PROJECTILE	KF_EFFECT_KIND_SCATTER_PROJECTILE	retain	include/kf/game/magic.h:23	Reviewed as family: spell and effect kinds
enum_constant	GAME.EXE	KfEffectKind	KF_EFFECT_KIND_DARKNESS_PROJECTILE	KF_EFFECT_KIND_DARKNESS_PROJECTILE	retain	include/kf/game/magic.h:23	Reviewed as family: spell and effect kinds
enum_constant	GAME.EXE	KfEffectKind	KF_EFFECT_KIND_CURSE_PROJECTILE	KF_EFFECT_KIND_CURSE_PROJECTILE	retain	include/kf/game/magic.h:23	Reviewed as family: spell and effect kinds
enum_constant	GAME.EXE	KfEffectKind	KF_EFFECT_KIND_EMERGING_PROJECTILE	KF_EFFECT_KIND_EMERGING_PROJECTILE	retain	include/kf/game/magic.h:23	Reviewed as family: spell and effect kinds
enum_constant	GAME.EXE	KfEffectKind	KF_EFFECT_KIND_MAP_EMITTER_PROJECTILE	KF_EFFECT_KIND_MAP_EMITTER_PROJECTILE	retain	include/kf/game/magic.h:23	Reviewed as family: spell and effect kinds
enum_constant	GAME.EXE	KfEffectKind	KF_EFFECT_KIND_SWINGING_HAZARD_SHORT	KF_EFFECT_KIND_SWINGING_HAZARD_SHORT	retain	include/kf/game/magic.h:23	Reviewed as family: spell and effect kinds
enum_constant	GAME.EXE	KfEffectKind	KF_EFFECT_KIND_SWINGING_HAZARD_LONG	KF_EFFECT_KIND_SWINGING_HAZARD_LONG	retain	include/kf/game/magic.h:23	Reviewed as family: spell and effect kinds
enum_constant	GAME.EXE	KfEffectKind	KF_EFFECT_KIND_ORBITING_PROJECTILE	KF_EFFECT_KIND_ORBITING_PROJECTILE	retain	include/kf/game/magic.h:23	Reviewed as family: spell and effect kinds
enum_constant	GAME.EXE	KfEffectKind	KF_EFFECT_KIND_RADIAL_BLAST	KF_EFFECT_KIND_RADIAL_BLAST	retain	include/kf/game/magic.h:23	Reviewed as family: spell and effect kinds
enum_constant	GAME.EXE	KfEffectKind	KF_EFFECT_KIND_GROUND_TRAIL	KF_EFFECT_KIND_GROUND_TRAIL	retain	include/kf/game/magic.h:23	Reviewed as family: spell and effect kinds
enum_constant	GAME.EXE	KfEffectKind	KF_EFFECT_KIND_HOMING_PROJECTILE	KF_EFFECT_KIND_HOMING_PROJECTILE	retain	include/kf/game/magic.h:23	Reviewed as family: spell and effect kinds
enum_constant	GAME.EXE	KfEffectKind	KF_EFFECT_KIND_WARP_SHIMMER	KF_EFFECT_KIND_WARP_SHIMMER	retain	include/kf/game/magic.h:23	Reviewed as family: spell and effect kinds
enum_constant	GAME.EXE	KfEffectKind	KF_EFFECT_KIND_PHYSICAL_PROJECTILE	KF_EFFECT_KIND_PHYSICAL_PROJECTILE	retain	include/kf/game/magic.h:23	Reviewed as family: spell and effect kinds
enum_constant	GAME.EXE	KfEffectKind	KF_EFFECT_KIND_LIGHTNING_IMPACT	KF_EFFECT_KIND_LIGHTNING_IMPACT	retain	include/kf/game/magic.h:23	Reviewed as family: spell and effect kinds
enum_constant	GAME.EXE	KfEffectKind	KF_EFFECT_KIND_LIGHTNING_RADIAL_BLAST	KF_EFFECT_KIND_LIGHTNING_RADIAL_BLAST	retain	include/kf/game/magic.h:23	Reviewed as family: spell and effect kinds
enum_constant	GAME.EXE	KfEffectKind	KF_EFFECT_KIND_GROUND_BRANCH_VISUAL	KF_EFFECT_KIND_GROUND_BRANCH_VISUAL	retain	include/kf/game/magic.h:23	Reviewed as family: spell and effect kinds
enum_constant	GAME.EXE	KfEffectKind	KF_EFFECT_KIND_MOONLIGHT_PROJECTILE	KF_EFFECT_KIND_MOONLIGHT_PROJECTILE	retain	include/kf/game/magic.h:23	Reviewed as family: spell and effect kinds
enum_constant	GAME.EXE	KfEffectKind	KF_EFFECT_KIND_LIGHTNING_BOLT_ALTERNATE	KF_EFFECT_KIND_LIGHTNING_BOLT_ALTERNATE	retain	include/kf/game/magic.h:23	Reviewed as family: spell and effect kinds
enum_constant	GAME.EXE	KfEffectKind	KF_EFFECT_KIND_HOMING_PROJECTILE_ALTERNATE	KF_EFFECT_KIND_HOMING_PROJECTILE_ALTERNATE	retain	include/kf/game/magic.h:23	Reviewed as family: spell and effect kinds
enum_constant	GAME.EXE	KfEffectKind	KF_EFFECT_KIND_LIGHTNING_IMPACT_ALTERNATE	KF_EFFECT_KIND_LIGHTNING_IMPACT_ALTERNATE	retain	include/kf/game/magic.h:23	Reviewed as family: spell and effect kinds
enum_constant	GAME.EXE	KfEffectKind	KF_EFFECT_KIND_LIGHTNING_RADIAL_BLAST_ALTERNATE	KF_EFFECT_KIND_LIGHTNING_RADIAL_BLAST_ALTERNATE	retain	include/kf/game/magic.h:23	Reviewed as family: spell and effect kinds
enum_constant	GAME.EXE	KfEffectKind	KF_EFFECT_KIND_RADIAL_BLAST_ALTERNATE	KF_EFFECT_KIND_RADIAL_BLAST_ALTERNATE	retain	include/kf/game/magic.h:23	Reviewed as family: spell and effect kinds
enum_constant	GAME.EXE	KfEffectKind	KF_EFFECT_KIND_MAP_SWITCH	KF_EFFECT_KIND_MAP_SWITCH	retain	include/kf/game/magic.h:23	Reviewed as family: spell and effect kinds
enum_constant	GAME.EXE	KfEffectKind	KF_EFFECT_KIND_FLOOR_DEFORMATION	KF_EFFECT_KIND_FLOOR_DEFORMATION	retain	include/kf/game/magic.h:23	Reviewed as family: spell and effect kinds
type	GAME.EXE	magic.h	KfMagicLearningState	KfMagicLearningState	retain	include/kf/game/magic.h:62	learned byte of KfMagicRecord
enum_constant	GAME.EXE	KfMagicLearningState	KF_MAGIC_UNLEARNED	KF_MAGIC_UNLEARNED	retain	include/kf/game/magic.h:62	Reviewed as family: learned states
enum_constant	GAME.EXE	KfMagicLearningState	KF_MAGIC_LEARNED	KF_MAGIC_LEARNED	retain	include/kf/game/magic.h:62	Reviewed as family: learned states
enum_constant	GAME.EXE	enum@magic.h:12	KF_MAGIC_PLAYER_COUNT	KF_MAGIC_PLAYER_COUNT	retain	include/kf/game/magic.h:12	Reviewed as family: magic record counts
enum_constant	GAME.EXE	enum@magic.h:12	KF_MAGIC_RECORD_COUNT	KF_MAGIC_RECORD_COUNT	retain	include/kf/game/magic.h:12	Reviewed as family: magic record counts
enum_constant	GAME.EXE	enum@magic.h:12	KF_MAGIC_TABLE_WORD_COUNT	KF_MAGIC_TABLE_WORD_COUNT	retain	include/kf/game/magic.h:12	Reviewed as family: magic record counts
enum_constant	GAME.EXE	enum@magic.h:12	KF_MAGIC_SOUND_COUNT	KF_MAGIC_SOUND_COUNT	retain	include/kf/game/magic.h:12	Reviewed as family: magic record counts
enum_constant	GAME.EXE	enum@magic.h:12	KF_MAGIC_DAMAGE_COMPONENT_COUNT	KF_MAGIC_DAMAGE_COMPONENT_COUNT	retain	include/kf/game/magic.h:12	Reviewed as family: magic record counts
type	GAME.EXE	notify.h	KfNotificationSprite	KfNotificationSprite	retain	include/kf/game/notify.h:22; structures.tsv:notify.h;game_semantic_notification_sprites.tsv;asm;retail-initializers;14-byte-stride	one notification display sprite row
member	GAME.EXE	KfNotificationSprite	active	active	retain	include/kf/game/notify.h:22; structure_fields.tsv:notify.h;asm;notify_effect_update;render_frame	sprite visible state; TSV meaning: 1 emits the row; notify_effect_update clears it when inactive
member	GAME.EXE	KfNotificationSprite	unknown_01	unknown_01	keep-unresolved	include/kf/game/notify.h:22; structure_fields.tsv:notify.h;retail-initializers	Address/offset/value-derived name; current evidence does not support a semantic replacement. unread byte before the sprite descriptor
member	GAME.EXE	KfNotificationSprite	sprite	sprite	retain	include/kf/game/notify.h:22; structure_fields.tsv:notify.h;asm;notify_effect_update;render_frame	sprite quad; TSV meaning: complete descriptor passed to render_enqueue_sprite or updated by notification_digit_set_v
type	GAME.EXE	notify.h	KfNotificationControl	KfNotificationControl	retain	include/kf/game/notify.h:29; structures.tsv:notify.h;asm;notify_effect_update:phase-minus-two;docs/patterns/game-notification-dequeue.md	notification queue/presentation control
member	GAME.EXE	KfNotificationControl	queue_tail	queue_tail	retain	include/kf/game/notify.h:29; structure_fields.tsv:notify.h;game_semantic_notification_state.tsv;asm;notify_effect_update	queue tail index; TSV meaning: read cursor, advanced modulo eight after the effect finishes
member	GAME.EXE	KfNotificationControl	queue_head	queue_head	retain	include/kf/game/notify.h:29; structure_fields.tsv:notify.h;game_semantic_notification_state.tsv;asm;notify_enqueue	queue head index; TSV meaning: write cursor, advanced modulo eight after an enqueue
member	GAME.EXE	KfNotificationControl	effect_phase	effect_phase	retain	include/kf/game/notify.h:29; structure_fields.tsv:notify.h;game_semantic_notification_state.tsv;asm;notify_effect_update;map_interaction_dispatch;game-notification-identities.md	presentation phase (idle/hold/rotate out); TSV meaning: byte phase domain: idle0, hold2, rotate-out3; phase1 has no observed handler
member	GAME.EXE	KfNotificationControl	hold_frames	hold_frames	retain	include/kf/game/notify.h:29; structure_fields.tsv:notify.h;game_semantic_notification_state.tsv;asm;notify_effect_update	hold countdown; TSV meaning: countdown seeded with fifteen frames
member	GAME.EXE	KfNotificationControl	effect_angle_x	effect_angle_x	retain	include/kf/game/notify.h:29; structure_fields.tsv:notify.h;game_semantic_notification_state.tsv;asm;notify_effect_update;render_frame	rotate-out angle; TSV meaning: notification sprite X rotation advanced by 128 up to 512
type	GAME.EXE	notify.h	KfNotificationState	KfNotificationState	retain	include/kf/game/notify.h:38; structures.tsv:notify.h;game_semantic_notification_state.tsv;asm;head-minus-17;phase-minus-18	payloads plus control of the notification queue
member	GAME.EXE	KfNotificationState	message_payloads	message_payloads	retain	include/kf/game/notify.h:38; structure_fields.tsv:notify.h;game_semantic_notification_state.tsv;asm;head-minus-17;phase-minus-18	numeric payloads per queued message; TSV meaning: parallel numeric payloads used only by message 0x13
member	GAME.EXE	KfNotificationState	control	control	retain	include/kf/game/notify.h:38; structure_fields.tsv:notify.h;asm;notify_effect_update:phase-minus-two;docs/patterns/game-notification-dequeue.md	queue/presentation control; TSV meaning: shared dequeue and effect controls immediately after the eight numeric payloads
enum_constant	GAME.EXE	enum@notify.h:9	KF_NOTIFICATION_CAPACITY	KF_NOTIFICATION_CAPACITY	retain	include/kf/game/notify.h:9	Reviewed as family: notification queue/sprite counts and sprite row indices
enum_constant	GAME.EXE	enum@notify.h:9	KF_NOTIFICATION_SPRITE_COUNT	KF_NOTIFICATION_SPRITE_COUNT	retain	include/kf/game/notify.h:9	Reviewed as family: notification queue/sprite counts and sprite row indices
enum_constant	GAME.EXE	enum@notify.h:9	KF_NOTIFICATION_DIGIT_CAPACITY	KF_NOTIFICATION_DIGIT_CAPACITY	retain	include/kf/game/notify.h:9	Reviewed as family: notification queue/sprite counts and sprite row indices
enum_constant	GAME.EXE	enum@notify.h:9	KF_NOTIFICATION_TEXT_SPRITE	KF_NOTIFICATION_TEXT_SPRITE	retain	include/kf/game/notify.h:9	Reviewed as family: notification queue/sprite counts and sprite row indices
enum_constant	GAME.EXE	enum@notify.h:9	KF_NOTIFICATION_GOLD_SPRITE	KF_NOTIFICATION_GOLD_SPRITE	retain	include/kf/game/notify.h:9	Reviewed as family: notification queue/sprite counts and sprite row indices
enum_constant	GAME.EXE	enum@notify.h:9	KF_NOTIFICATION_ONES_SPRITE	KF_NOTIFICATION_ONES_SPRITE	retain	include/kf/game/notify.h:9	Reviewed as family: notification queue/sprite counts and sprite row indices
enum_constant	GAME.EXE	enum@notify.h:9	KF_NOTIFICATION_TENS_SPRITE	KF_NOTIFICATION_TENS_SPRITE	retain	include/kf/game/notify.h:9	Reviewed as family: notification queue/sprite counts and sprite row indices
enum_constant	GAME.EXE	enum@notify.h:9	KF_NOTIFICATION_HUNDREDS_SPRITE	KF_NOTIFICATION_HUNDREDS_SPRITE	retain	include/kf/game/notify.h:9	Reviewed as family: notification queue/sprite counts and sprite row indices
enum_constant	GAME.EXE	enum@notify.h:9	KF_NOTIFICATION_THOUSANDS_SPRITE	KF_NOTIFICATION_THOUSANDS_SPRITE	retain	include/kf/game/notify.h:9	Reviewed as family: notification queue/sprite counts and sprite row indices
macro	GAME.EXE	player.h	PLAYER_FLOOR_POSITION	PLAYER_FLOOR_POSITION	retain	include/kf/game/player.h:288	player X/Z with foot-height Y
macro	GAME.EXE	player.h	PLAYER_ITEM_IS_EQUIPPED	PLAYER_ITEM_IS_EQUIPPED	retain	include/kf/game/player.h:295	tests an item index against all equipped ids
type	GAME.EXE	player.h	KfPlayerProgressState	KfPlayerProgressState	retain	include/kf/game/player.h:123; structures.tsv:game/player.h;game_semantic_player_stats.tsv;game_semantic_camera_events.tsv;asm;xrefs	level and current/highest floor bytes
member	GAME.EXE	KfPlayerProgressState	level	level	retain	include/kf/game/player.h:123; structure_fields.tsv:game/player.h;asm;xrefs	player level; TSV meaning: player level
member	GAME.EXE	KfPlayerProgressState	unknown_01	unknown_01	keep-unresolved	include/kf/game/player.h:123; structure_fields.tsv:game/player.h;asm;xrefs	Address/offset/value-derived name; current evidence does not support a semantic replacement. meaning unresolved
member	GAME.EXE	KfPlayerProgressState	current_floor	current_floor	retain	include/kf/game/player.h:123; structure_fields.tsv:game/player.h;asm;xrefs;game-floor-enum-domain.md	current floor; TSV meaning: current dungeon floor
member	GAME.EXE	KfPlayerProgressState	highest_floor	highest_floor	retain	include/kf/game/player.h:123; structure_fields.tsv:game/player.h;asm;xrefs;game-floor-enum-domain.md	highest floor visited; TSV meaning: highest reached floor
type	GAME.EXE	player.h	KfPlayerLevelGrowth	KfPlayerLevelGrowth	retain	include/kf/game/player.h:135; structures.tsv:game/player.h;game_semantic_player_stats.tsv;asm;xrefs;runtime-stride	per-level growth record
member	GAME.EXE	KfPlayerLevelGrowth	maximum_hp	maximum_hp	retain	include/kf/game/player.h:135; structure_fields.tsv:game/player.h;asm;xrefs	absolute max HP at the level; TSV meaning: level maximum HP
member	GAME.EXE	KfPlayerLevelGrowth	maximum_mp	maximum_mp	retain	include/kf/game/player.h:135; structure_fields.tsv:game/player.h;asm;xrefs	absolute max MP at the level; TSV meaning: level maximum MP
member	GAME.EXE	KfPlayerLevelGrowth	physical_power_step	physical_power_step	retain	include/kf/game/player.h:135; structure_fields.tsv:game/player.h;asm;xrefs	physical power added per level; TSV meaning: physical-power increment
member	GAME.EXE	KfPlayerLevelGrowth	magic_step	magic_step	retain	include/kf/game/player.h:135; structure_fields.tsv:game/player.h;asm;xrefs	magic added per level; TSV meaning: magic increment
member	GAME.EXE	KfPlayerLevelGrowth	experience_threshold	experience_threshold	retain	include/kf/game/player.h:135; structure_fields.tsv:game/player.h;asm;xrefs	cumulative experience of the next level; TSV meaning: cumulative level threshold
type	GAME.EXE	player.h	KfPlayerVitals	KfPlayerVitals	retain	include/kf/game/player.h:143; structures.tsv:game/player.h;game_semantic_player_death.tsv;asm;xrefs	HP/MP pair
member	GAME.EXE	KfPlayerVitals	maximum_hp	maximum_hp	retain	include/kf/game/player.h:143; structure_fields.tsv:game/player.h;asm;xrefs	max HP; TSV meaning: maximum HP
member	GAME.EXE	KfPlayerVitals	current_hp	current_hp	retain	include/kf/game/player.h:143; structure_fields.tsv:game/player.h;asm;xrefs	current HP; TSV meaning: current HP
member	GAME.EXE	KfPlayerVitals	maximum_mp	maximum_mp	retain	include/kf/game/player.h:143; structure_fields.tsv:game/player.h;asm;xrefs	max MP; TSV meaning: maximum MP
member	GAME.EXE	KfPlayerVitals	current_mp	current_mp	retain	include/kf/game/player.h:143; structure_fields.tsv:game/player.h;asm;xrefs	current MP; TSV meaning: current MP
type	GAME.EXE	player.h	KfPlayerAttackChargeState	KfPlayerAttackChargeState	retain	include/kf/game/player.h:150; structures.tsv:game/player.h;game_semantic_player_stats.tsv;asm;xrefs	POWER current/committed charge
member	GAME.EXE	KfPlayerAttackChargeState	current	current	retain	include/kf/game/player.h:150; structure_fields.tsv:game/player.h;asm;xrefs	live POWER charge; TSV meaning: current POWER charge
member	GAME.EXE	KfPlayerAttackChargeState	committed	committed	retain	include/kf/game/player.h:150; structure_fields.tsv:game/player.h;asm;xrefs	charge committed at swing start, used as damage scale; TSV meaning: attack-time POWER snapshot
type	GAME.EXE	player.h	KfPlayerMotionFields	KfPlayerMotionFields	retain	include/kf/game/player.h:160; structures.tsv:game/player.h;asm;xrefs;typed-packed-state.md	player velocity/turn fields plus map cell
member	GAME.EXE	KfPlayerMotionFields	strafe_velocity	strafe_velocity	retain	include/kf/game/player.h:160; structure_fields.tsv:game/player.h;game_semantic_player_motion_attack.tsv;asm;xrefs	signed strafe velocity; TSV meaning: ramped shoulder-button strafe component
member	GAME.EXE	KfPlayerMotionFields	forward_velocity	forward_velocity	retain	include/kf/game/player.h:160; structure_fields.tsv:game/player.h;game_semantic_player_motion_attack.tsv;asm;xrefs	signed forward velocity; TSV meaning: ramped directional-pad forward/back component
member	GAME.EXE	KfPlayerMotionFields	movement_speed	movement_speed	retain	include/kf/game/player.h:160; structure_fields.tsv:game/player.h;game_semantic_player_motion_attack.tsv;asm;xrefs	horizontal speed magnitude; TSV meaning: unsigned magnitude derived from the normalized horizontal components
member	GAME.EXE	KfPlayerMotionFields	yaw_step	yaw_step	retain	include/kf/game/player.h:160; structure_fields.tsv:game/player.h;game_semantic_player_motion_attack.tsv;asm;xrefs	yaw rate; TSV meaning: ramped directional-pad turn step added to camera yaw
member	GAME.EXE	KfPlayerMotionFields	pitch_step	pitch_step	retain	include/kf/game/player.h:160; structure_fields.tsv:game/player.h;game_semantic_player_motion_attack.tsv;asm;xrefs	pitch rate; TSV meaning: ramped trigger-button step added to clamped camera pitch
member	GAME.EXE	KfPlayerMotionFields	map_cell	map_cell	retain	include/kf/game/player.h:160; structure_fields.tsv:game/player.h;data_identities.tsv;typed-packed-state.md	current map cell; TSV meaning: member of the player_state aggregate
type	GAME.EXE	player.h	KfPlayerMotionState	KfPlayerMotionState	retain	include/kf/game/player.h:170; structures.tsv:game/player.h;game_semantic_player_motion_attack.tsv;asm;xrefs;typed-packed-state.md	fields/word union of the motion block
member	GAME.EXE	KfPlayerMotionState	fields	fields	retain	include/kf/game/player.h:170; structure_fields.tsv:game/player.h;asm;xrefs;typed-packed-state.md	motion fields; TSV meaning: five input motion halfwords and current map cell
member	GAME.EXE	KfPlayerMotionState	words	words	retain	include/kf/game/player.h:170; structure_fields.tsv:game/player.h;asm;xrefs;typed-packed-state.md	word view used by warp cell keys; TSV meaning: third aligned word spans pitch and cell for warp key mask
type	GAME.EXE	player.h	KfPlayerState	KfPlayerState	retain	include/kf/game/player.h:182; structures.tsv:game/player.h;data_identities.tsv;game_main_loop-base-register;0xe0-memset	0xe0-byte saved player object
member	GAME.EXE	KfPlayerState	experience	experience	retain	include/kf/game/player.h:182; structure_fields.tsv:game/player.h;data_identities.tsv;slt-compares	experience points; TSV meaning: member of the player_state aggregate
member	GAME.EXE	KfPlayerState	next_level_experience	next_level_experience	retain	include/kf/game/player.h:182; structure_fields.tsv:game/player.h;data_identities.tsv;slt-compares	next threshold; TSV meaning: member of the player_state aggregate
member	GAME.EXE	KfPlayerState	progress_state	progress_state	retain	include/kf/game/player.h:182; structure_fields.tsv:game/player.h;data_identities.tsv	level and floors; TSV meaning: member of the player_state aggregate
member	GAME.EXE	KfPlayerState	map_variant	map_variant	retain	include/kf/game/player.h:182; structure_fields.tsv:game/player.h;data_identities.tsv;game_semantic_map_resources.tsv;asm;xrefs;strict-enum-audit.md	current map variant; TSV meaning: current floor-five map/resource variant and CHR filename digit
member	GAME.EXE	KfPlayerState	allow_near_actor_spawn	allow_near_actor_spawn	retain	include/kf/game/player.h:182; structure_fields.tsv:game/player.h;data_identities.tsv;semantic-field-names.md;asm;CFG;callers;callees;xrefs;strict-enum-audit.md	gate for near actor spawning; TSV meaning: set by position sync, permits spawning within 26000, cleared after the first actor/render sweep
member	GAME.EXE	KfPlayerState	weapon_charge_delay	weapon_charge_delay	retain	include/kf/game/player.h:182; structure_fields.tsv:game/player.h;data_identities.tsv	delay before POWER charging resumes; TSV meaning: member of the player_state aggregate
member	GAME.EXE	KfPlayerState	unknown_0f	unknown_0f	keep-unresolved	include/kf/game/player.h:182; structure_fields.tsv:game/player.h;data_identities.tsv	Address/offset/value-derived name; current evidence does not support a semantic replacement. unresolved bytes
member	GAME.EXE	KfPlayerState	vitals	vitals	retain	include/kf/game/player.h:182; structure_fields.tsv:game/player.h;data_identities.tsv	HP/MP; TSV meaning: member of the player_state aggregate
member	GAME.EXE	KfPlayerState	attack_charge_state	attack_charge_state	retain	include/kf/game/player.h:182; structure_fields.tsv:game/player.h;data_identities.tsv	POWER charge; TSV meaning: member of the player_state aggregate
member	GAME.EXE	KfPlayerState	magic_charge	magic_charge	retain	include/kf/game/player.h:182; structure_fields.tsv:game/player.h;data_identities.tsv	MAGIC charge; TSV meaning: member of the player_state aggregate
member	GAME.EXE	KfPlayerState	physical_power_training	physical_power_training	retain	include/kf/game/player.h:182; structure_fields.tsv:game/player.h;data_identities.tsv	hidden physical training counter; TSV meaning: member of the player_state aggregate
member	GAME.EXE	KfPlayerState	magic_training	magic_training	retain	include/kf/game/player.h:182; structure_fields.tsv:game/player.h;data_identities.tsv	hidden magic training counter; TSV meaning: member of the player_state aggregate
member	GAME.EXE	KfPlayerState	base_physical_power	base_physical_power	retain	include/kf/game/player.h:182; structure_fields.tsv:game/player.h;data_identities.tsv	base physical power; TSV meaning: member of the player_state aggregate
member	GAME.EXE	KfPlayerState	base_magic	base_magic	retain	include/kf/game/player.h:182; structure_fields.tsv:game/player.h;data_identities.tsv	base magic; TSV meaning: member of the player_state aggregate
member	GAME.EXE	KfPlayerState	physical_power	physical_power	retain	include/kf/game/player.h:182; structure_fields.tsv:game/player.h;data_identities.tsv	effective physical power; TSV meaning: member of the player_state aggregate
member	GAME.EXE	KfPlayerState	magic	magic	retain	include/kf/game/player.h:182; structure_fields.tsv:game/player.h;data_identities.tsv	effective magic; TSV meaning: member of the player_state aggregate
member	GAME.EXE	KfPlayerState	status_effect_flags	status_effect_flags	retain	include/kf/game/player.h:182; structure_fields.tsv:game/player.h;data_identities.tsv;enum-field-review.md	status bits; TSV meaning: member of the player_state aggregate
member	GAME.EXE	KfPlayerState	gold	gold	retain	include/kf/game/player.h:182; structure_fields.tsv:game/player.h;asm;menu;item-buy-sell	gold; TSV meaning: player gold total
member	GAME.EXE	KfPlayerState	cutting_attack	cutting_attack	retain	include/kf/game/player.h:182; structure_fields.tsv:game/player.h;data_identities.tsv;game-player-damage-labels.md;retail-menu-glyphs;asm;equipment-accumulation	cutting attack lane; TSV meaning: unsigned cutting_attack field; corresponding retail UI label and component argument/defense use establish meaning
member	GAME.EXE	KfPlayerState	striking_attack	striking_attack	retain	include/kf/game/player.h:182; structure_fields.tsv:game/player.h;data_identities.tsv;game-player-damage-labels.md;retail-menu-glyphs;asm;equipment-accumulation	striking attack lane; TSV meaning: unsigned striking_attack field; corresponding retail UI label and component argument/defense use establish meaning
member	GAME.EXE	KfPlayerState	piercing_attack	piercing_attack	retain	include/kf/game/player.h:182; structure_fields.tsv:game/player.h;data_identities.tsv;game-player-damage-labels.md;retail-menu-glyphs;asm;equipment-accumulation	piercing attack lane; TSV meaning: unsigned piercing_attack field; corresponding retail UI label and component argument/defense use establish meaning
member	GAME.EXE	KfPlayerState	holy_attack	holy_attack	retain	include/kf/game/player.h:182; structure_fields.tsv:game/player.h;data_identities.tsv;game-player-damage-labels.md;retail-menu-glyphs;asm;equipment-accumulation	holy attack lane (Light Ring, Gold Cross); TSV meaning: unsigned holy_attack field; corresponding retail UI label and component argument/defense use establish meaning
member	GAME.EXE	KfPlayerState	fire_attack	fire_attack	retain	include/kf/game/player.h:182; structure_fields.tsv:game/player.h;data_identities.tsv;game-player-damage-labels.md;retail-menu-glyphs;asm;equipment-accumulation	fire attack lane; TSV meaning: unsigned fire_attack field; corresponding retail UI label and component argument/defense use establish meaning
member	GAME.EXE	KfPlayerState	unknown_3a	unknown_3a	keep-unresolved	include/kf/game/player.h:182; structure_fields.tsv:game/player.h;data_identities.tsv	Address/offset/value-derived name; current evidence does not support a semantic replacement. unresolved bytes
member	GAME.EXE	KfPlayerState	cutting_defense	cutting_defense	retain	include/kf/game/player.h:182; structure_fields.tsv:game/player.h;data_identities.tsv;game-player-damage-labels.md;retail-menu-glyphs;asm;equipment-accumulation	cutting defense; TSV meaning: unsigned cutting_defense field; corresponding retail UI label and component argument/defense use establish meaning
member	GAME.EXE	KfPlayerState	striking_defense	striking_defense	retain	include/kf/game/player.h:182; structure_fields.tsv:game/player.h;data_identities.tsv;game-player-damage-labels.md;retail-menu-glyphs;asm;equipment-accumulation	striking defense; TSV meaning: unsigned striking_defense field; corresponding retail UI label and component argument/defense use establish meaning
member	GAME.EXE	KfPlayerState	piercing_defense	piercing_defense	retain	include/kf/game/player.h:182; structure_fields.tsv:game/player.h;data_identities.tsv;game-player-damage-labels.md;retail-menu-glyphs;asm;equipment-accumulation	piercing defense; TSV meaning: unsigned piercing_defense field; corresponding retail UI label and component argument/defense use establish meaning
member	GAME.EXE	KfPlayerState	poison_resistance	poison_resistance	retain	include/kf/game/player.h:182; structure_fields.tsv:game/player.h;data_identities.tsv;game-player-poison.md;retail-menu-glyph-0x88	poison resistance roll bound; TSV meaning: unsigned poison application threshold
member	GAME.EXE	KfPlayerState	magic_defense	magic_defense	retain	include/kf/game/player.h:182; structure_fields.tsv:game/player.h;data_identities.tsv;game-player-damage-labels.md;retail-menu-glyphs;asm;equipment-accumulation	defense against lane 3; TSV meaning: unsigned magic_defense field; corresponding retail UI label and component argument/defense use establish meaning
member	GAME.EXE	KfPlayerState	fire_defense	fire_defense	retain	include/kf/game/player.h:182; structure_fields.tsv:game/player.h;data_identities.tsv;game-player-damage-labels.md;retail-menu-glyphs;asm;equipment-accumulation	fire defense; TSV meaning: unsigned fire_defense field; corresponding retail UI label and component argument/defense use establish meaning
member	GAME.EXE	KfPlayerState	curse_timer	curse_timer	retain	include/kf/game/player.h:182; structure_fields.tsv:game/player.h;data_identities.tsv;game-player-statuses.md;retail-glyphs;asm;countdown-CFG	curse timer; TSV meaning: signed curse_timer countdown; -1 inactive; distinct expiry/recalculation behavior documented in game-player-statuses.md
member	GAME.EXE	KfPlayerState	darkness_timer	darkness_timer	retain	include/kf/game/player.h:182; structure_fields.tsv:game/player.h;data_identities.tsv;game-player-statuses.md;retail-glyphs;asm;countdown-CFG	darkness timer; TSV meaning: signed darkness_timer countdown; -1 inactive; distinct expiry/recalculation behavior documented in game-player-statuses.md
member	GAME.EXE	KfPlayerState	poison_timer	poison_timer	retain	include/kf/game/player.h:182; structure_fields.tsv:game/player.h;data_identities.tsv;game-player-poison.md;retail-menu-glyph-0x88	poison timer; TSV meaning: signed poison countdown in status updates; -1 inactive
member	GAME.EXE	KfPlayerState	slowed_timer	slowed_timer	retain	include/kf/game/player.h:182; structure_fields.tsv:game/player.h;data_identities.tsv;game-player-statuses.md;movement-limits;retail-status-mask;asm;countdown-CFG	slowed timer; TSV meaning: signed slowed_timer countdown; -1 inactive; distinct expiry/recalculation behavior documented in game-player-statuses.md
member	GAME.EXE	KfPlayerState	fire_defense_timer	fire_defense_timer	retain	include/kf/game/player.h:182; structure_fields.tsv:game/player.h;data_identities.tsv;game_semantic_player_update.tsv;game-player-statuses.md;fire-defense-component;menu-magic-call;asm;countdown-CFG	fire-defense boost timer; TSV meaning: signed fire_defense_timer countdown; -1 inactive; distinct expiry/recalculation behavior documented in game-player-statuses.md
member	GAME.EXE	KfPlayerState	illusion_staff_timer	illusion_staff_timer	retain	include/kf/game/player.h:182; structure_fields.tsv:game/player.h;data_identities.tsv;game_semantic_player_update.tsv;COM/STAT.DAT-item57;game-item-special-identities.md	Illusion Staff timer; TSV meaning: signed Illusion Staff timer: item57 sets1000; player update decrements through zero and applies green lighting; map-cell renderer alternates mesh substitutions
member	GAME.EXE	KfPlayerState	unknown_54	unknown_54	keep-unresolved	include/kf/game/player.h:182; structure_fields.tsv:game/player.h;data_identities.tsv	Address/offset/value-derived name; current evidence does not support a semantic replacement. unresolved bytes
member	GAME.EXE	KfPlayerState	equipment_effect_ticks	equipment_effect_ticks	retain	include/kf/game/player.h:182; structure_fields.tsv:game/player.h;data_identities.tsv;semantic-field-names.md;asm;CFG;callers;callees;xrefs	tick counter for regen/drain intervals; TSV meaning: frame counter modulo equipment HP/MP regeneration and drain intervals; reset by position sync
member	GAME.EXE	KfPlayerState	selected_magic_id	selected_magic_id	retain	include/kf/game/player.h:182; structure_fields.tsv:game/player.h;data_identities.tsv;game-selected-magic-types.md;player_select_magic;menu_spell_select;strict-enum-audit.md	selected spell; TSV meaning: byte selected-ranged-spell domain: Lightning Bolt through Light Needle (4..8), or none255; raw save-prefix copies preserve storage
member	GAME.EXE	KfPlayerState	unknown_5d	unknown_5d	keep-unresolved	include/kf/game/player.h:182; structure_fields.tsv:game/player.h;data_identities.tsv	Address/offset/value-derived name; current evidence does not support a semantic replacement. unresolved bytes
member	GAME.EXE	KfPlayerState	selected_magic_record	selected_magic_record	retain	include/kf/game/player.h:182; structure_fields.tsv:game/player.h;data_identities.tsv	selected spell record; TSV meaning: member of the player_state aggregate
member	GAME.EXE	KfPlayerState	equipped_weapon_id	equipped_weapon_id	retain	include/kf/game/player.h:182; structure_fields.tsv:game/player.h;data_identities.tsv	equipped weapon; TSV meaning: member of the player_state aggregate
member	GAME.EXE	KfPlayerState	unknown_65	unknown_65	keep-unresolved	include/kf/game/player.h:182; structure_fields.tsv:game/player.h;data_identities.tsv	Address/offset/value-derived name; current evidence does not support a semantic replacement. unresolved bytes
member	GAME.EXE	KfPlayerState	equipped_weapon_record	equipped_weapon_record	retain	include/kf/game/player.h:182; structure_fields.tsv:game/player.h;data_identities.tsv	weapon record; TSV meaning: member of the player_state aggregate
member	GAME.EXE	KfPlayerState	weapon_asset_buffer	weapon_asset_buffer	retain	include/kf/game/player.h:182; structure_fields.tsv:game/player.h;data_identities.tsv;game-asset-animation-layout.md	weapon MIM buffer; TSV meaning: 49152-byte weapon asset allocation; loaded header passed to asset_registry_set and pointer preserved across save restoration
member	GAME.EXE	KfPlayerState	weapon_attack_phase	weapon_attack_phase	retain	include/kf/game/player.h:182; structure_fields.tsv:game/player.h;data_identities.tsv	swing phase; -1 inactive; TSV meaning: member of the player_state aggregate
member	GAME.EXE	KfPlayerState	unknown_72	unknown_72	keep-unresolved	include/kf/game/player.h:182; structure_fields.tsv:game/player.h;data_identities.tsv	Address/offset/value-derived name; current evidence does not support a semantic replacement. unresolved bytes
member	GAME.EXE	KfPlayerState	weapon_animation_cache	weapon_animation_cache	retain	include/kf/game/player.h:182; structure_fields.tsv:game/player.h;asm;game_semantic_animation_slots.tsv	weapon animation-cache record slot; TSV meaning: equipped weapon animation record; cleared on equip, passed by address to the binder, and preserved across save-file player-state copies
member	GAME.EXE	KfPlayerState	weapon_magic_shots_remaining	weapon_magic_shots_remaining	retain	include/kf/game/player.h:182; structure_fields.tsv:game/player.h;data_identities.tsv;semantic-field-names.md;asm;CFG;callers;callees;xrefs	weapon magic shots left; TSV meaning: decremented per emitted weapon-magic shot; final shot charges MP
member	GAME.EXE	KfPlayerState	weapon_magic_delay	weapon_magic_delay	retain	include/kf/game/player.h:182; structure_fields.tsv:game/player.h;data_identities.tsv;semantic-field-names.md;asm;CFG;callers;callees;xrefs	delay between weapon magic shots; TSV meaning: emission countdown; emits at 1 and reloads per-weapon spacing
member	GAME.EXE	KfPlayerState	weapon_attack_fully_charged	weapon_attack_fully_charged	retain	include/kf/game/player.h:182; structure_fields.tsv:game/player.h;data_identities.tsv;strict-enum-audit.md	whether the swing started fully charged; TSV meaning: member of the player_state aggregate
member	GAME.EXE	KfPlayerState	unknown_7b	unknown_7b	keep-unresolved	include/kf/game/player.h:182; structure_fields.tsv:game/player.h;data_identities.tsv	Address/offset/value-derived name; current evidence does not support a semantic replacement. unresolved bytes
member	GAME.EXE	KfPlayerState	equipped_head_armor_record	equipped_head_armor_record	retain	include/kf/game/player.h:182; structure_fields.tsv:game/player.h;data_identities.tsv;COM/STAT.DAT-item-and-equipment-labels;retail-switch-tables;game-item-equipment-identities.md	head armor record; TSV meaning: head-armor record pointer resolved from item IDs13..18; menu row3 and player slot0
member	GAME.EXE	KfPlayerState	equipped_body_armor_record	equipped_body_armor_record	retain	include/kf/game/player.h:182; structure_fields.tsv:game/player.h;data_identities.tsv;COM/STAT.DAT-item-and-equipment-labels;retail-switch-tables;game-item-equipment-identities.md	body armor record; TSV meaning: body-armor record pointer resolved from item IDs19..25; menu row4 and player slot1
member	GAME.EXE	KfPlayerState	equipped_shield_record	equipped_shield_record	retain	include/kf/game/player.h:182; structure_fields.tsv:game/player.h;data_identities.tsv;COM/STAT.DAT-item-and-equipment-labels;retail-switch-tables;game-item-equipment-identities.md	shield record; TSV meaning: shield record pointer resolved from item IDs26..31; menu row2 and player slot4
member	GAME.EXE	KfPlayerState	equipped_arm_armor_record	equipped_arm_armor_record	retain	include/kf/game/player.h:182; structure_fields.tsv:game/player.h;data_identities.tsv	arm armor record; TSV meaning: member of the player_state aggregate
member	GAME.EXE	KfPlayerState	equipped_leg_armor_record	equipped_leg_armor_record	retain	include/kf/game/player.h:182; structure_fields.tsv:game/player.h;data_identities.tsv	leg armor record; TSV meaning: member of the player_state aggregate
member	GAME.EXE	KfPlayerState	equipped_head_armor_id	equipped_head_armor_id	retain	include/kf/game/player.h:182; structure_fields.tsv:game/player.h;data_identities.tsv;COM/STAT.DAT-item-and-equipment-labels;retail-switch-tables;game-item-equipment-identities.md	head armor id; TSV meaning: head-armor item ID; retail menu row3 selects13..18 and passes player slot0
member	GAME.EXE	KfPlayerState	equipped_body_armor_id	equipped_body_armor_id	retain	include/kf/game/player.h:182; structure_fields.tsv:game/player.h;data_identities.tsv;COM/STAT.DAT-item-and-equipment-labels;retail-switch-tables;game-item-equipment-identities.md	body armor id; TSV meaning: body-armor item ID; retail menu row4 selects19..25 and passes player slot1; Full Plate21 and Skull Armor23 controls
member	GAME.EXE	KfPlayerState	equipped_shield_id	equipped_shield_id	retain	include/kf/game/player.h:182; structure_fields.tsv:game/player.h;data_identities.tsv;COM/STAT.DAT-item-and-equipment-labels;retail-switch-tables;game-item-equipment-identities.md	shield id; TSV meaning: shield item ID; retail menu row2 selects26..31 and passes player slot4
member	GAME.EXE	KfPlayerState	equipped_arm_armor_id	equipped_arm_armor_id	retain	include/kf/game/player.h:182; structure_fields.tsv:game/player.h;data_identities.tsv	arm armor id; TSV meaning: member of the player_state aggregate
member	GAME.EXE	KfPlayerState	equipped_leg_armor_id	equipped_leg_armor_id	retain	include/kf/game/player.h:182; structure_fields.tsv:game/player.h;data_identities.tsv	leg armor id; TSV meaning: member of the player_state aggregate
member	GAME.EXE	KfPlayerState	equipped_accessory_id	equipped_accessory_id	retain	include/kf/game/player.h:182; structure_fields.tsv:game/player.h;data_identities.tsv	accessory id; TSV meaning: member of the player_state aggregate
member	GAME.EXE	KfPlayerState	audio_effects_enabled	audio_effects_enabled	retain	include/kf/game/player.h:182; structure_fields.tsv:game/player.h;data_identities.tsv	sound-effect option; TSV meaning: member of the player_state aggregate
member	GAME.EXE	KfPlayerState	audio_music_enabled	audio_music_enabled	retain	include/kf/game/player.h:182; structure_fields.tsv:game/player.h;data_identities.tsv	music option; TSV meaning: member of the player_state aggregate
member	GAME.EXE	KfPlayerState	hud_gauges_enabled	hud_gauges_enabled	retain	include/kf/game/player.h:182; structure_fields.tsv:game/player.h;data_identities.tsv;semantic-field-names.md;asm;CFG;callers;callees;xrefs	gauge option; TSV meaning: config row 2; controls HP/MP/charge/status sprites
member	GAME.EXE	KfPlayerState	compass_enabled	compass_enabled	retain	include/kf/game/player.h:182; structure_fields.tsv:game/player.h;data_identities.tsv;semantic-field-names.md;asm;CFG;callers;callees;xrefs	compass option; TSV meaning: config row 3; controls compass components and needle at negative view yaw
member	GAME.EXE	KfPlayerState	view_rotation_offset	view_rotation_offset	retain	include/kf/game/player.h:182; structure_fields.tsv:game/player.h;data_identities.tsv	damage view shake rotation added to the snapshot; TSV meaning: member of the player_state aggregate
member	GAME.EXE	KfPlayerState	update_state	update_state	retain	include/kf/game/player.h:182; structure_fields.tsv:game/player.h;data_identities.tsv;strict-enum-audit.md	normal/damage frames/recovery/dying; TSV meaning: member of the player_state aggregate
member	GAME.EXE	KfPlayerState	unknown_a3	unknown_a3	keep-unresolved	include/kf/game/player.h:182; structure_fields.tsv:game/player.h;data_identities.tsv	Address/offset/value-derived name; current evidence does not support a semantic replacement. unresolved bytes
member	GAME.EXE	KfPlayerState	camera_position	camera_position	retain	include/kf/game/player.h:182; structure_fields.tsv:game/player.h;data_identities.tsv	first-person camera/player position; TSV meaning: member of the player_state aggregate
member	GAME.EXE	KfPlayerState	camera_rotation	camera_rotation	retain	include/kf/game/player.h:182; structure_fields.tsv:game/player.h;data_identities.tsv	first-person camera rotation; TSV meaning: member of the player_state aggregate
member	GAME.EXE	KfPlayerState	motion_state	motion_state	retain	include/kf/game/player.h:182; structure_fields.tsv:game/player.h;data_identities.tsv;typed-packed-state.md	motion fields; TSV meaning: member of the player_state aggregate
member	GAME.EXE	KfPlayerState	previous_map_cell	previous_map_cell	retain	include/kf/game/player.h:182; structure_fields.tsv:game/player.h;data_identities.tsv	previous cell for warp triggers; TSV meaning: member of the player_state aggregate
member	GAME.EXE	KfPlayerState	unknown_ce	unknown_ce	keep-unresolved	include/kf/game/player.h:182; structure_fields.tsv:game/player.h;data_identities.tsv	Address/offset/value-derived name; current evidence does not support a semantic replacement. unresolved bytes
member	GAME.EXE	KfPlayerState	view_bob_offset	view_bob_offset	retain	include/kf/game/player.h:182; structure_fields.tsv:game/player.h;data_identities.tsv	view bob (also death drop) offset; TSV meaning: member of the player_state aggregate
member	GAME.EXE	KfPlayerState	view_bob_phase	view_bob_phase	retain	include/kf/game/player.h:182; structure_fields.tsv:game/player.h;data_identities.tsv	view bob phase; TSV meaning: member of the player_state aggregate
member	GAME.EXE	KfPlayerState	death_camera_pitch_step	death_camera_pitch_step	retain	include/kf/game/player.h:182; structure_fields.tsv:game/player.h;data_identities.tsv	death camera pitch/drop step; TSV meaning: member of the player_state aggregate
member	GAME.EXE	KfPlayerState	death_visual_blend	death_visual_blend	retain	include/kf/game/player.h:182; structure_fields.tsv:game/player.h;data_identities.tsv	death fade blend; TSV meaning: member of the player_state aggregate
member	GAME.EXE	KfPlayerState	vertical_velocity	vertical_velocity	retain	include/kf/game/player.h:182; structure_fields.tsv:game/player.h;data_identities.tsv	step/fall velocity; TSV meaning: member of the player_state aggregate
member	GAME.EXE	KfPlayerState	vertical_state	vertical_state	retain	include/kf/game/player.h:182; structure_fields.tsv:game/player.h;asm;xrefs;game-player-vertical-state.md	grounded/falling/stepping; TSV meaning: player vertical policy: grounded 0, falling 0x10, terrain step-up 0x20; saved byte at GAME 0x800a085e
member	GAME.EXE	KfPlayerState	unknown_df	unknown_df	keep-unresolved	include/kf/game/player.h:182; structure_fields.tsv:game/player.h;data_identities.tsv	Address/offset/value-derived name; current evidence does not support a semantic replacement. unresolved bytes
type	GAME.EXE	player.h	KfFloorEntryCell	KfFloorEntryCell	retain	include/kf/game/player.h:273; structures.tsv:game/player.h;game_semantic_player_interactions.tsv;asm;xrefs	x-then-z entry cell record
member	GAME.EXE	KfFloorEntryCell	x	x	retain	include/kf/game/player.h:273; structure_fields.tsv:game/player.h;asm;xrefs	entry cell x; TSV meaning: copied into previous_map_cell.x
member	GAME.EXE	KfFloorEntryCell	z	z	retain	include/kf/game/player.h:273; structure_fields.tsv:game/player.h;asm;xrefs	entry cell z; TSV meaning: copied into previous_map_cell.z
type	GAME.EXE	player.h	KfPlayerOption	KfPlayerOption	retain	include/kf/game/player.h:27	off/on option value
enum_constant	GAME.EXE	KfPlayerOption	KF_PLAYER_OPTION_OFF	KF_PLAYER_OPTION_OFF	retain	include/kf/game/player.h:27	Reviewed as family: option values
enum_constant	GAME.EXE	KfPlayerOption	KF_PLAYER_OPTION_ON	KF_PLAYER_OPTION_ON	retain	include/kf/game/player.h:27	Reviewed as family: option values
type	GAME.EXE	player.h	KfPlayerVerticalState	KfPlayerVerticalState	retain	include/kf/game/player.h:32	grounded/falling/step-up state
enum_constant	GAME.EXE	KfPlayerVerticalState	KF_PLAYER_VERTICAL_GROUNDED	KF_PLAYER_VERTICAL_GROUNDED	retain	include/kf/game/player.h:32	Reviewed as family: vertical states
enum_constant	GAME.EXE	KfPlayerVerticalState	KF_PLAYER_VERTICAL_FALLING	KF_PLAYER_VERTICAL_FALLING	retain	include/kf/game/player.h:32	Reviewed as family: vertical states
enum_constant	GAME.EXE	KfPlayerVerticalState	KF_PLAYER_VERTICAL_STEP_UP	KF_PLAYER_VERTICAL_STEP_UP	retain	include/kf/game/player.h:32	Reviewed as family: vertical states
type	GAME.EXE	player.h	KfWarpShimmerMode	KfWarpShimmerMode	retain	include/kf/game/player.h:57	grow/shrink and keep/remove modes of player_warp_shimmer
enum_constant	GAME.EXE	KfWarpShimmerMode	KF_WARP_SHIMMER_GROW_REMOVE	KF_WARP_SHIMMER_GROW_REMOVE	retain	include/kf/game/player.h:57	Reviewed as family: shimmer modes
enum_constant	GAME.EXE	KfWarpShimmerMode	KF_WARP_SHIMMER_SHRINK_REMOVE	KF_WARP_SHIMMER_SHRINK_REMOVE	retain	include/kf/game/player.h:57	Reviewed as family: shimmer modes
enum_constant	GAME.EXE	KfWarpShimmerMode	KF_WARP_SHIMMER_GROW_KEEP	KF_WARP_SHIMMER_GROW_KEEP	retain	include/kf/game/player.h:57	Reviewed as family: shimmer modes
type	GAME.EXE	player.h	KfPlayerUpdateState	KfPlayerUpdateState	retain	include/kf/game/player.h:68	normal, damage frames, recovery fade, dying
enum_constant	GAME.EXE	KfPlayerUpdateState	KF_PLAYER_UPDATE_NORMAL	KF_PLAYER_UPDATE_NORMAL	retain	include/kf/game/player.h:68	Reviewed as family: player update states
enum_constant	GAME.EXE	KfPlayerUpdateState	KF_PLAYER_DAMAGE_FRAME_FIRST	KF_PLAYER_DAMAGE_FRAME_FIRST	retain	include/kf/game/player.h:68	Reviewed as family: player update states
enum_constant	GAME.EXE	KfPlayerUpdateState	KF_PLAYER_DAMAGE_FRAME_2	KF_PLAYER_DAMAGE_FRAME_2	retain	include/kf/game/player.h:68	Reviewed as family: player update states
enum_constant	GAME.EXE	KfPlayerUpdateState	KF_PLAYER_DAMAGE_FRAME_3	KF_PLAYER_DAMAGE_FRAME_3	retain	include/kf/game/player.h:68	Reviewed as family: player update states
enum_constant	GAME.EXE	KfPlayerUpdateState	KF_PLAYER_DAMAGE_FRAME_4	KF_PLAYER_DAMAGE_FRAME_4	retain	include/kf/game/player.h:68	Reviewed as family: player update states
enum_constant	GAME.EXE	KfPlayerUpdateState	KF_PLAYER_DAMAGE_FRAME_5	KF_PLAYER_DAMAGE_FRAME_5	retain	include/kf/game/player.h:68	Reviewed as family: player update states
enum_constant	GAME.EXE	KfPlayerUpdateState	KF_PLAYER_DAMAGE_FRAME_6	KF_PLAYER_DAMAGE_FRAME_6	retain	include/kf/game/player.h:68	Reviewed as family: player update states
enum_constant	GAME.EXE	KfPlayerUpdateState	KF_PLAYER_DAMAGE_FRAME_7	KF_PLAYER_DAMAGE_FRAME_7	retain	include/kf/game/player.h:68	Reviewed as family: player update states
enum_constant	GAME.EXE	KfPlayerUpdateState	KF_PLAYER_DAMAGE_FRAME_END	KF_PLAYER_DAMAGE_FRAME_END	retain	include/kf/game/player.h:68	Reviewed as family: player update states
enum_constant	GAME.EXE	KfPlayerUpdateState	KF_PLAYER_UPDATE_RECOVERY_FADE	KF_PLAYER_UPDATE_RECOVERY_FADE	retain	include/kf/game/player.h:68	Reviewed as family: player update states
enum_constant	GAME.EXE	KfPlayerUpdateState	KF_PLAYER_UPDATE_DYING	KF_PLAYER_UPDATE_DYING	retain	include/kf/game/player.h:68	Reviewed as family: player update states
type	GAME.EXE	player.h	KfActorSpawnPermission	KfActorSpawnPermission	retain	include/kf/game/player.h:83	near-spawn gate stored in player_state
enum_constant	GAME.EXE	KfActorSpawnPermission	KF_ACTOR_NEAR_SPAWN_FORBIDDEN	KF_ACTOR_NEAR_SPAWN_FORBIDDEN	retain	include/kf/game/player.h:83	Reviewed as family: near-spawn gate values
enum_constant	GAME.EXE	KfActorSpawnPermission	KF_ACTOR_NEAR_SPAWN_ALLOWED	KF_ACTOR_NEAR_SPAWN_ALLOWED	retain	include/kf/game/player.h:83	Reviewed as family: near-spawn gate values
type	GAME.EXE	player.h	KfWeaponAttackCharge	KfWeaponAttackCharge	retain	include/kf/game/player.h:88	whether a swing began fully charged
enum_constant	GAME.EXE	KfWeaponAttackCharge	KF_WEAPON_ATTACK_NORMAL_CHARGE	KF_WEAPON_ATTACK_NORMAL_CHARGE	retain	include/kf/game/player.h:88	Reviewed as family: charge flag values
enum_constant	GAME.EXE	KfWeaponAttackCharge	KF_WEAPON_ATTACK_FULL_CHARGE	KF_WEAPON_ATTACK_FULL_CHARGE	retain	include/kf/game/player.h:88	Reviewed as family: charge flag values
enum_constant	GAME.EXE	enum@player.h:19	KF_PLAYER_SOUND_WEAPON_ATTACK	KF_PLAYER_SOUND_WEAPON_ATTACK	retain	include/kf/game/player.h:19	Reviewed as family: player sound slots
enum_constant	GAME.EXE	enum@player.h:19	KF_PLAYER_SOUND_DEATH	KF_PLAYER_SOUND_DEATH	retain	include/kf/game/player.h:19	Reviewed as family: player sound slots
enum_constant	GAME.EXE	enum@player.h:19	KF_PLAYER_SOUND_LEVEL_UP	KF_PLAYER_SOUND_LEVEL_UP	retain	include/kf/game/player.h:19	Reviewed as family: player sound slots
enum_constant	GAME.EXE	enum@player.h:19	KF_PLAYER_SOUND_COUNT	KF_PLAYER_SOUND_COUNT	retain	include/kf/game/player.h:19	Reviewed as family: player sound slots
enum_constant	GAME.EXE	enum@player.h:39	KF_PLAYER_CAMERA_HEIGHT	KF_PLAYER_CAMERA_HEIGHT	retain	include/kf/game/player.h:39	Reviewed as family: camera height above the foot height
enum_constant	GAME.EXE	enum@player.h:44	KF_PLAYER_CAMERA_PITCH_LIMIT	KF_PLAYER_CAMERA_PITCH_LIMIT	retain	include/kf/game/player.h:44	Reviewed as family: camera pitch clamp
enum_constant	GAME.EXE	enum@player.h:49	KF_PLAYER_CHARGE_FULL	KF_PLAYER_CHARGE_FULL	retain	include/kf/game/player.h:49	Reviewed as family: charge and weapon attack phase constants
enum_constant	GAME.EXE	enum@player.h:49	KF_PLAYER_CHARGE_GAIN_MULTIPLIER	KF_PLAYER_CHARGE_GAIN_MULTIPLIER	retain	include/kf/game/player.h:49	Reviewed as family: charge and weapon attack phase constants
enum_constant	GAME.EXE	enum@player.h:49	KF_WEAPON_ATTACK_INACTIVE	KF_WEAPON_ATTACK_INACTIVE	retain	include/kf/game/player.h:49	Reviewed as family: charge and weapon attack phase constants
enum_constant	GAME.EXE	enum@player.h:49	KF_WEAPON_ATTACK_PHASE_STEP	KF_WEAPON_ATTACK_PHASE_STEP	retain	include/kf/game/player.h:49	Reviewed as family: charge and weapon attack phase constants
enum_constant	GAME.EXE	enum@player.h:49	KF_WEAPON_ATTACK_PHASE_END	KF_WEAPON_ATTACK_PHASE_END	retain	include/kf/game/player.h:49	Reviewed as family: charge and weapon attack phase constants
enum_constant	GAME.EXE	enum@player.h:63	KF_PLAYER_FLOOR_ENTRY_COUNT	KF_PLAYER_FLOOR_ENTRY_COUNT	retain	include/kf/game/player.h:63	Reviewed as family: floor entry count
enum_constant	GAME.EXE	enum@player.h:94	KF_PLAYER_STATUS_TIMER_INACTIVE	KF_PLAYER_STATUS_TIMER_INACTIVE	retain	include/kf/game/player.h:94	Reviewed as family: status timer durations and inactive value
enum_constant	GAME.EXE	enum@player.h:94	KF_CURSE_DURATION_UPDATES	KF_CURSE_DURATION_UPDATES	retain	include/kf/game/player.h:94	Reviewed as family: status timer durations and inactive value
enum_constant	GAME.EXE	enum@player.h:94	KF_DARKNESS_DURATION_UPDATES	KF_DARKNESS_DURATION_UPDATES	retain	include/kf/game/player.h:94	Reviewed as family: status timer durations and inactive value
enum_constant	GAME.EXE	enum@player.h:94	KF_DARKNESS_REAPPLY_TIMER	KF_DARKNESS_REAPPLY_TIMER	retain	include/kf/game/player.h:94	Reviewed as family: status timer durations and inactive value
enum_constant	GAME.EXE	enum@player.h:94	KF_POISON_DURATION_UPDATES	KF_POISON_DURATION_UPDATES	retain	include/kf/game/player.h:94	Reviewed as family: status timer durations and inactive value
enum_constant	GAME.EXE	enum@player.h:94	KF_SLOWED_DURATION_UPDATES	KF_SLOWED_DURATION_UPDATES	retain	include/kf/game/player.h:94	Reviewed as family: status timer durations and inactive value
enum_constant	GAME.EXE	enum@player.h:94	KF_FIRE_DEFENSE_DURATION_UPDATES	KF_FIRE_DEFENSE_DURATION_UPDATES	retain	include/kf/game/player.h:94	Reviewed as family: status timer durations and inactive value
enum_constant	GAME.EXE	enum@player.h:104	KF_ILLUSION_STAFF_INACTIVE	KF_ILLUSION_STAFF_INACTIVE	retain	include/kf/game/player.h:104	Reviewed as family: Illusion Staff inactive timer value
enum_constant	GAME.EXE	enum@player.h:109	KF_PLAYER_POWER_MAX	KF_PLAYER_POWER_MAX	retain	include/kf/game/player.h:109	Reviewed as family: player stat/level caps and training step
enum_constant	GAME.EXE	enum@player.h:109	KF_PLAYER_VITAL_MAX	KF_PLAYER_VITAL_MAX	retain	include/kf/game/player.h:109	Reviewed as family: player stat/level caps and training step
enum_constant	GAME.EXE	enum@player.h:109	KF_PLAYER_EXPERIENCE_MAX	KF_PLAYER_EXPERIENCE_MAX	retain	include/kf/game/player.h:109	Reviewed as family: player stat/level caps and training step
enum_constant	GAME.EXE	enum@player.h:109	KF_PLAYER_LEVEL_MAX	KF_PLAYER_LEVEL_MAX	retain	include/kf/game/player.h:109	Reviewed as family: player stat/level caps and training step
enum_constant	GAME.EXE	enum@player.h:109	KF_PLAYER_LEVEL_GROWTH_COUNT	KF_PLAYER_LEVEL_GROWTH_COUNT	retain	include/kf/game/player.h:109	Reviewed as family: player stat/level caps and training step
enum_constant	GAME.EXE	enum@player.h:109	KF_PLAYER_TRAINING_POINTS_PER_GAIN	KF_PLAYER_TRAINING_POINTS_PER_GAIN	retain	include/kf/game/player.h:109	Reviewed as family: player stat/level caps and training step
enum_constant	GAME.EXE	enum@player.h:119	KF_PLAYER_DAMAGE_MULTIPLIER_ONE	KF_PLAYER_DAMAGE_MULTIPLIER_ONE	retain	include/kf/game/player.h:119	Reviewed as family: player damage multiplier unity (tenths)
type	GAME.EXE	player_status.h	KfPlayerStatusFlags	KfPlayerStatusFlags	retain	include/kf/game/player_status.h:8	status bits of hits and the player
enum_constant	GAME.EXE	KfPlayerStatusFlags	KF_PLAYER_STATUS_NONE	KF_PLAYER_STATUS_NONE	retain	include/kf/game/player_status.h:8	Reviewed as family: status bits
enum_constant	GAME.EXE	KfPlayerStatusFlags	KF_PLAYER_STATUS_CURSE	KF_PLAYER_STATUS_CURSE	retain	include/kf/game/player_status.h:8	Reviewed as family: status bits
enum_constant	GAME.EXE	KfPlayerStatusFlags	KF_PLAYER_STATUS_DARKNESS	KF_PLAYER_STATUS_DARKNESS	retain	include/kf/game/player_status.h:8	Reviewed as family: status bits
enum_constant	GAME.EXE	KfPlayerStatusFlags	KF_PLAYER_STATUS_POISON	KF_PLAYER_STATUS_POISON	retain	include/kf/game/player_status.h:8	Reviewed as family: status bits
enum_constant	GAME.EXE	KfPlayerStatusFlags	KF_PLAYER_STATUS_SLOWED	KF_PLAYER_STATUS_SLOWED	retain	include/kf/game/player_status.h:8	Reviewed as family: status bits
enum_constant	GAME.EXE	KfPlayerStatusFlags	KF_PLAYER_STATUS_FIRE_DEFENSE_BOOST	KF_PLAYER_STATUS_FIRE_DEFENSE_BOOST	retain	include/kf/game/player_status.h:8	Reviewed as family: status bits
enum_constant	GAME.EXE	KfPlayerStatusFlags	KF_PLAYER_STATUS_KEEP_UPPER	KF_PLAYER_STATUS_KEEP_UPPER	retain	include/kf/game/player_status.h:8	Reviewed as family: status bits
member	GAME.EXE	KfAnimationCacheRecord	state	state	retain	include/kf/game/pool.h:27; structure_fields.tsv:pool.h;game_semantic_animation_pool.tsv;asm;game-asset-animation-layout.md	free/stale/live; TSV meaning: s16 stored enum: 0 free; 1 stale; 2 live after the binder refreshes scratch vertices
member	GAME.EXE	KfAnimationCacheRecord	asset_index	asset_index	retain	include/kf/game/pool.h:27; structure_fields.tsv:pool.h;game_semantic_animation_pool.tsv;GAME:0x80020684;GAME:0x800206b8	bound asset; TSV meaning: registry index used to detect an instance asset change
member	GAME.EXE	KfAnimationCacheRecord	clip_index	clip_index	retain	include/kf/game/pool.h:27; structure_fields.tsv:pool.h;game_semantic_animation_pool.tsv;GAME:0x800207ac;GAME:0x800208c0;strict-enum-audit.md	cached clip; TSV meaning: cached clip index; allocator and asset reinitialization invalidate it with 0xff
member	GAME.EXE	KfAnimationCacheRecord	keyframe_index	keyframe_index	retain	include/kf/game/pool.h:27; structure_fields.tsv:pool.h;game_semantic_animation_pool.tsv;GAME:0x800207c0;GAME:0x800208ac	cached keyframe; TSV meaning: cached keyframe index compared with the binder selection
member	GAME.EXE	KfAnimationCacheRecord	rest_morph	rest_morph	retain	include/kf/game/pool.h:27; structure_fields.tsv:pool.h;game_semantic_animation_pool.tsv;GAME:0x800208a4;GAME:0x800208f8	rest morph object; TSV meaning: asset-relative object-table target selected by the keyframe rest index
member	GAME.EXE	KfAnimationCacheRecord	cached_vertices	cached_vertices	retain	include/kf/game/pool.h:27; structure_fields.tsv:pool.h;game_semantic_animation_pool.tsv;GAME:0x80020690;GAME:0x80020870;typed-animation-vertices.md	morphed vertex allocation; TSV meaning: vertex_count times 8-byte allocation; full-weight morph cache passed to gteMIMefunc
member	GAME.EXE	KfAnimationCacheRecord	owner_slot	owner_slot	retain	include/kf/game/pool.h:27; structure_fields.tsv:pool.h;game_semantic_animation_pool.tsv;GAME:0x80020688;GAME:0x800209f4	owner's record pointer slot; TSV meaning: address of the instance record-pointer slot; release clears the pointed-to slot
type	GAME.EXE	pool.h	KfAnimationCacheState	KfAnimationCacheState	retain	include/kf/game/pool.h:16	free/stale/live cache record state
enum_constant	GAME.EXE	KfAnimationCacheState	KF_ANIMATION_CACHE_FREE	KF_ANIMATION_CACHE_FREE	retain	include/kf/game/pool.h:16	Reviewed as family: cache record states
enum_constant	GAME.EXE	KfAnimationCacheState	KF_ANIMATION_CACHE_STALE	KF_ANIMATION_CACHE_STALE	retain	include/kf/game/pool.h:16	Reviewed as family: cache record states
enum_constant	GAME.EXE	KfAnimationCacheState	KF_ANIMATION_CACHE_LIVE	KF_ANIMATION_CACHE_LIVE	retain	include/kf/game/pool.h:16	Reviewed as family: cache record states
enum_constant	GAME.EXE	enum@pool.h:22	KF_ANIMATION_CACHE_CAPACITY	KF_ANIMATION_CACHE_CAPACITY	retain	include/kf/game/pool.h:22	Reviewed as family: animation cache capacity and static-bind return value
enum_constant	GAME.EXE	enum@pool.h:22	KF_ANIMATION_BIND_STATIC	KF_ANIMATION_BIND_STATIC	retain	include/kf/game/pool.h:22	Reviewed as family: animation cache capacity and static-bind return value
type	GAME.EXE	save.h	KfSaveSlotArgument	KfSaveSlotArgument	retain	include/kf/game/save.h:75	promoted slot id argument
type	GAME.EXE	save.h	KfPsxSaveHeader	KfPsxSaveHeader	retain	include/kf/game/save.h:91; structures.tsv:game/save.h;save_file_initialize_buffers;asm;ICO1.TIM;ICO2.TIM;ICO3.TIM;Sony-LIBOVR46-tables-5-6-and-5-7	standard PlayStation save header
member	GAME.EXE	KfPsxSaveHeader	magic	magic	retain	include/kf/game/save.h:91; structure_fields.tsv:game/save.h;save_file_initialize_buffers;asm;Sony-LIBOVR46-table-5-6	"SC"; TSV meaning: SC file signature, written as two bytes
member	GAME.EXE	KfPsxSaveHeader	icon_type	icon_type	retain	include/kf/game/save.h:91; structure_fields.tsv:game/save.h;save_file_initialize_buffers;asm;Sony-LIBOVR46-table-5-7;strict-enum-audit.md	icon frame mode; TSV meaning: 0x13 selects three animated icon frames
member	GAME.EXE	KfPsxSaveHeader	block_count	block_count	retain	include/kf/game/save.h:91; structure_fields.tsv:game/save.h;save_file_initialize_buffers;save_file_write_slot;Sony-LIBOVR46-table-5-6	card blocks; TSV meaning: five allocated memory-card blocks
member	GAME.EXE	KfPsxSaveHeader	title	title	retain	include/kf/game/save.h:91; structure_fields.tsv:game/save.h;save_file_initialize_buffers;save_title_text;Sony-LIBOVR46-table-5-6	Shift-JIS title; TSV meaning: Shift-JIS card title; 53 bytes copied including the terminator
member	GAME.EXE	KfPsxSaveHeader	zero_pad	zero_pad	retain	include/kf/game/save.h:91; structure_fields.tsv:game/save.h;save_file_initialize_buffers;Sony-LIBOVR46-table-5-6	zero padding; TSV meaning: format-required zeros supplied by the initial header clear
member	GAME.EXE	KfPsxSaveHeader	clut	clut	retain	include/kf/game/save.h:91; structure_fields.tsv:game/save.h;save_file_initialize_buffers;ICO1.TIM;Sony-LIBOVR46-table-5-6	icon palette; TSV meaning: sixteen-color palette copied from the first icon TIM
member	GAME.EXE	KfPsxSaveHeader	icon_frames	icon_frames	retain	include/kf/game/save.h:91; structure_fields.tsv:game/save.h;save_file_initialize_buffers;ICO1.TIM;ICO2.TIM;ICO3.TIM;Sony-LIBOVR46-table-5-6	three icon frames; TSV meaning: three 16-by-16 four-bit images in file order
type	GAME.EXE	save.h	KfSaveSlotSummary	KfSaveSlotSummary	retain	include/kf/game/save.h:103; structures.tsv:game/save.h;game_semantic_save_system.tsv;asm;xrefs	per-slot directory summary
member	GAME.EXE	KfSaveSlotSummary	experience	experience	retain	include/kf/game/save.h:103; structure_fields.tsv:game/save.h;save_file_write_slot;save_file_read_slot;menu_draw_dialog_frame;asm	experience; TSV meaning: serialized player experience word; stored and copied as a word
member	GAME.EXE	KfSaveSlotSummary	current_floor	current_floor	retain	include/kf/game/save.h:103; structure_fields.tsv:game/save.h;save_file_write_slot;save_file_read_slot;menu_draw_dialog_frame;asm;game-floor-enum-domain.md	floor; TSV meaning: serialized player unsigned current-floor byte; stored and copied as a word
member	GAME.EXE	KfSaveSlotSummary	current_hp	current_hp	retain	include/kf/game/save.h:103; structure_fields.tsv:game/save.h;save_file_write_slot;save_file_read_slot;menu_draw_dialog_frame;asm	HP; TSV meaning: serialized player unsigned current-HP halfword; stored and copied as a word
member	GAME.EXE	KfSaveSlotSummary	maximum_hp	maximum_hp	retain	include/kf/game/save.h:103; structure_fields.tsv:game/save.h;save_file_write_slot;save_file_read_slot;menu_draw_dialog_frame;asm	max HP; TSV meaning: serialized player unsigned maximum-HP halfword; stored and copied as a word
member	GAME.EXE	KfSaveSlotSummary	current_mp	current_mp	retain	include/kf/game/save.h:103; structure_fields.tsv:game/save.h;save_file_write_slot;save_file_read_slot;menu_draw_dialog_frame;asm	MP; TSV meaning: serialized player unsigned current-MP halfword; stored and copied as a word
member	GAME.EXE	KfSaveSlotSummary	maximum_mp	maximum_mp	retain	include/kf/game/save.h:103; structure_fields.tsv:game/save.h;save_file_write_slot;save_file_read_slot;menu_draw_dialog_frame;asm	max MP; TSV meaning: serialized player unsigned maximum-MP halfword; stored and copied as a word
type	GAME.EXE	save.h	KfSaveDirectory	KfSaveDirectory	retain	include/kf/game/save.h:113; structures.tsv:game/save.h;game_semantic_save_system.tsv;asm;xrefs	game directory after the header
member	GAME.EXE	KfSaveDirectory	slot_ids	slot_ids	retain	include/kf/game/save.h:113; structure_fields.tsv:game/save.h;asm;xrefs	slot id per directory entry; TSV meaning: four byte directory tags: empty0, logical slots1..3, spare4; signed-halfword API domain and byte storage: save-slot-id-domain.md
member	GAME.EXE	KfSaveDirectory	reserved	reserved	retain	include/kf/game/save.h:113; structure_fields.tsv:game/save.h;asm;xrefs	reserved bytes; TSV meaning: reserved/unknown header range
member	GAME.EXE	KfSaveDirectory	summaries	summaries	retain	include/kf/game/save.h:113; structure_fields.tsv:game/save.h;asm;xrefs	per-entry summaries; TSV meaning: four slot summaries
type	GAME.EXE	save.h	KfSaveHeader	KfSaveHeader	retain	include/kf/game/save.h:120; structures.tsv:game/save.h;game_semantic_save_system.tsv;PlayStation-save-format	header plus directory
member	GAME.EXE	KfSaveHeader	playstation_header	playstation_header	retain	include/kf/game/save.h:120; structure_fields.tsv:game/save.h;PlayStation-save-format	standard header; TSV meaning: standard save header and three icon frames
member	GAME.EXE	KfSaveHeader	directory	directory	retain	include/kf/game/save.h:120; structure_fields.tsv:game/save.h;asm;xrefs	game directory; TSV meaning: King's Field directory
type	GAME.EXE	save.h	KfSavePayload	KfSavePayload	retain	include/kf/game/save.h:129; structures.tsv:game/save.h;game_semantic_save_system.tsv;asm;xrefs;save_file_write_slot;save_file_read_slot	serialized slot payload
member	GAME.EXE	KfSavePayload	player_state	player_state	retain	include/kf/game/save.h:129; structure_fields.tsv:game/save.h;save_file_write_slot;save_file_read_slot;aligned-word-copy	player_state copy; TSV meaning: verbatim copy of the 0xe0-byte player block starting at player_experience; word-aligned copy loop
member	GAME.EXE	KfSavePayload	unknown_0e0	unknown_0e0	keep-unresolved	include/kf/game/save.h:129; structure_fields.tsv:game/save.h;asm	Address/offset/value-derived name; current evidence does not support a semantic replacement. not touched by the write/read pair
member	GAME.EXE	KfSavePayload	world_state	world_state	retain	include/kf/game/save.h:129; structure_fields.tsv:game/save.h;save_file_write_slot;save_file_read_slot;aligned-word-copy;game-map-script-state.md	map world state copy; TSV meaning: word-aligned saved world: five 1700-byte slots with typed floor-script prefixes
member	GAME.EXE	KfSavePayload	item_stock	item_stock	retain	include/kf/game/save.h:129; structure_fields.tsv:game/save.h;game_state_initialize;item_menu_buy;save_file_write_slot;save_file_read_slot;alignment-checked-copy	item stock copy; TSV meaning: complete copy of the three 80-byte item_stock banks; player quantities followed by two shop-stock/availability banks
member	GAME.EXE	KfSavePayload	magic_flags	magic_flags	retain	include/kf/game/save.h:129; structure_fields.tsv:game/save.h;save_file_write_slot;save_file_read_slot;20-byte-record-stride;game-magic-learning-state.md	learned flag per magic record; TSV meaning: 24 learning-state bytes copied directly from/to byte0 of each20-byte runtime magic record; enum storage preserves unnamed encoded values
member	GAME.EXE	KfSavePayload	unknown_2548	unknown_2548	keep-unresolved	include/kf/game/save.h:129; structure_fields.tsv:game/save.h;asm	Address/offset/value-derived name; current evidence does not support a semantic replacement. not touched by the write/read pair
type	GAME.EXE	save.h	KfSaveWorkspace	KfSaveWorkspace	retain	include/kf/game/save.h:139; structures.tsv:game/save.h;asm;save_workspace_allocate;typed-save-workspace.md	allocated header+payload workspace
member	GAME.EXE	KfSaveWorkspace	header	header	retain	include/kf/game/save.h:139; structure_fields.tsv:game/save.h;asm;save_workspace_allocate	header part; TSV meaning: first 0x280 bytes of the successful 0x2800-byte allocation
member	GAME.EXE	KfSaveWorkspace	payload	payload	retain	include/kf/game/save.h:139; structure_fields.tsv:game/save.h;asm;save_workspace_allocate	payload part; TSV meaning: remainder of the allocation; separately published and cleared
type	GAME.EXE	save.h	KfSaveStatus	KfSaveStatus	retain	include/kf/game/save.h:17	internal card/file status codes
enum_constant	GAME.EXE	KfSaveStatus	KF_CARD_STATUS_NOT_STARTED	KF_CARD_STATUS_NOT_STARTED	retain	include/kf/game/save.h:17	Reviewed as family: card/file statuses (09/10 kept unresolved)
enum_constant	GAME.EXE	KfSaveStatus	SAVE_STATUS_OK	SAVE_STATUS_OK	retain	include/kf/game/save.h:17	Reviewed as family: card/file statuses (09/10 kept unresolved)
enum_constant	GAME.EXE	KfSaveStatus	KF_CARD_STATUS_TIMEOUT	KF_CARD_STATUS_TIMEOUT	retain	include/kf/game/save.h:17	Reviewed as family: card/file statuses (09/10 kept unresolved)
enum_constant	GAME.EXE	KfSaveStatus	KF_CARD_STATUS_NEW_DEVICE	KF_CARD_STATUS_NEW_DEVICE	retain	include/kf/game/save.h:17	Reviewed as family: card/file statuses (09/10 kept unresolved)
enum_constant	GAME.EXE	KfSaveStatus	KF_CARD_STATUS_ERROR	KF_CARD_STATUS_ERROR	retain	include/kf/game/save.h:17	Reviewed as family: card/file statuses (09/10 kept unresolved)
enum_constant	GAME.EXE	KfSaveStatus	SAVE_STATUS_FORMAT_REQUIRED	SAVE_STATUS_FORMAT_REQUIRED	retain	include/kf/game/save.h:17	Reviewed as family: card/file statuses (09/10 kept unresolved)
enum_constant	GAME.EXE	KfSaveStatus	SAVE_STATUS_NO_SPACE	SAVE_STATUS_NO_SPACE	retain	include/kf/game/save.h:17	Reviewed as family: card/file statuses (09/10 kept unresolved)
enum_constant	GAME.EXE	KfSaveStatus	SAVE_STATUS_FAILED	SAVE_STATUS_FAILED	retain	include/kf/game/save.h:17	Reviewed as family: card/file statuses (09/10 kept unresolved)
enum_constant	GAME.EXE	KfSaveStatus	SAVE_STATUS_NO_DATA	SAVE_STATUS_NO_DATA	retain	include/kf/game/save.h:17	Reviewed as family: card/file statuses (09/10 kept unresolved)
enum_constant	GAME.EXE	KfSaveStatus	SAVE_STATUS_FORMAT_CONFIRMATION	SAVE_STATUS_FORMAT_CONFIRMATION	retain	include/kf/game/save.h:17	Reviewed as family: card/file statuses (09/10 kept unresolved)
enum_constant	GAME.EXE	KfSaveStatus	SAVE_STATUS_FORMAT_FAILED	SAVE_STATUS_FORMAT_FAILED	retain	include/kf/game/save.h:17	Reviewed as family: card/file statuses (09/10 kept unresolved)
enum_constant	GAME.EXE	KfSaveStatus	SAVE_STATUS_STALE_CATALOG	SAVE_STATUS_STALE_CATALOG	retain	include/kf/game/save.h:17	Reviewed as family: card/file statuses (09/10 kept unresolved)
enum_constant	GAME.EXE	KfSaveStatus	SAVE_STATUS_READ_FAILED	SAVE_STATUS_READ_FAILED	retain	include/kf/game/save.h:17	Reviewed as family: card/file statuses (09/10 kept unresolved)
enum_constant	GAME.EXE	KfSaveStatus	SAVE_STATUS_WRITE_FAILED	SAVE_STATUS_WRITE_FAILED	retain	include/kf/game/save.h:17	Reviewed as family: card/file statuses (09/10 kept unresolved)
type	GAME.EXE	save.h	KfSaveResult	KfSaveResult	retain	include/kf/game/save.h:37	menu-facing save results
enum_constant	GAME.EXE	KfSaveResult	KF_SAVE_RESULT_FAILED	KF_SAVE_RESULT_FAILED	retain	include/kf/game/save.h:37	Reviewed as family: menu results
enum_constant	GAME.EXE	KfSaveResult	KF_SAVE_RESULT_OK	KF_SAVE_RESULT_OK	retain	include/kf/game/save.h:37	Reviewed as family: menu results
enum_constant	GAME.EXE	KfSaveResult	KF_SAVE_RESULT_FORMAT_REQUIRED	KF_SAVE_RESULT_FORMAT_REQUIRED	retain	include/kf/game/save.h:37	Reviewed as family: menu results
enum_constant	GAME.EXE	KfSaveResult	KF_SAVE_RESULT_NO_SPACE	KF_SAVE_RESULT_NO_SPACE	retain	include/kf/game/save.h:37	Reviewed as family: menu results
enum_constant	GAME.EXE	KfSaveResult	KF_SAVE_RESULT_READ_FAILED	KF_SAVE_RESULT_READ_FAILED	retain	include/kf/game/save.h:37	Reviewed as family: menu results
type	GAME.EXE	save.h	KfSaveCleanupResult	KfSaveCleanupResult	retain	include/kf/game/save.h:47	temporary-file cleanup result
enum_constant	GAME.EXE	KfSaveCleanupResult	KF_SAVE_CLEANUP_TEMP_OPEN_FAILED	KF_SAVE_CLEANUP_TEMP_OPEN_FAILED	retain	include/kf/game/save.h:47	Reviewed as family: cleanup results
enum_constant	GAME.EXE	KfSaveCleanupResult	KF_SAVE_CLEANUP_TEMP_OPENED	KF_SAVE_CLEANUP_TEMP_OPENED	retain	include/kf/game/save.h:47	Reviewed as family: cleanup results
enum_constant	GAME.EXE	KfSaveCleanupResult	KF_SAVE_CLEANUP_CARD_TIMEOUT	KF_SAVE_CLEANUP_CARD_TIMEOUT	retain	include/kf/game/save.h:47	Reviewed as family: cleanup results
enum_constant	GAME.EXE	KfSaveCleanupResult	KF_SAVE_CLEANUP_CARD_ERROR	KF_SAVE_CLEANUP_CARD_ERROR	retain	include/kf/game/save.h:47	Reviewed as family: cleanup results
type	GAME.EXE	save.h	KfCardFormatConfirmation	KfCardFormatConfirmation	retain	include/kf/game/save.h:55	format confirmation argument
enum_constant	GAME.EXE	KfCardFormatConfirmation	KF_CARD_FORMAT_UNCONFIRMED	KF_CARD_FORMAT_UNCONFIRMED	retain	include/kf/game/save.h:55	Reviewed as family: confirmation values
enum_constant	GAME.EXE	KfCardFormatConfirmation	KF_CARD_FORMAT_CONFIRMED	KF_CARD_FORMAT_CONFIRMED	retain	include/kf/game/save.h:55	Reviewed as family: confirmation values
type	GAME.EXE	save.h	KfSaveSlotId	KfSaveSlotId	retain	include/kf/game/save.h:66	one-based slot ids plus empty/spare tags
enum_constant	GAME.EXE	KfSaveSlotId	KF_SAVE_SLOT_EMPTY	KF_SAVE_SLOT_EMPTY	retain	include/kf/game/save.h:66	Reviewed as family: slot ids
enum_constant	GAME.EXE	KfSaveSlotId	KF_SAVE_SLOT_FIRST	KF_SAVE_SLOT_FIRST	retain	include/kf/game/save.h:66	Reviewed as family: slot ids
enum_constant	GAME.EXE	KfSaveSlotId	KF_SAVE_SLOT_SECOND	KF_SAVE_SLOT_SECOND	retain	include/kf/game/save.h:66	Reviewed as family: slot ids
enum_constant	GAME.EXE	KfSaveSlotId	KF_SAVE_SLOT_THIRD	KF_SAVE_SLOT_THIRD	retain	include/kf/game/save.h:66	Reviewed as family: slot ids
enum_constant	GAME.EXE	KfSaveSlotId	KF_SAVE_SLOT_SPARE	KF_SAVE_SLOT_SPARE	retain	include/kf/game/save.h:66	Reviewed as family: slot ids
type	GAME.EXE	save.h	KfSaveIconType	KfSaveIconType	retain	include/kf/game/save.h:77	icon frame mode byte
enum_constant	GAME.EXE	KfSaveIconType	KF_SAVE_ICON_THREE_FRAMES	KF_SAVE_ICON_THREE_FRAMES	retain	include/kf/game/save.h:77	Reviewed as family: icon type
enum_constant	GAME.EXE	enum@save.h:12	KF_CARD_CHANNEL	KF_CARD_CHANNEL	retain	include/kf/game/save.h:12	Reviewed as family: memory card channel
enum_constant	GAME.EXE	enum@save.h:60	KF_SAVE_SLOT_COUNT	KF_SAVE_SLOT_COUNT	retain	include/kf/game/save.h:60	Reviewed as family: save slot and directory counts
enum_constant	GAME.EXE	enum@save.h:60	KF_SAVE_DIRECTORY_ENTRIES	KF_SAVE_DIRECTORY_ENTRIES	retain	include/kf/game/save.h:60	Reviewed as family: save slot and directory counts
enum_constant	GAME.EXE	enum@save.h:81	KF_SAVE_MAGIC_BYTES	KF_SAVE_MAGIC_BYTES	retain	include/kf/game/save.h:81	Reviewed as family: save header field sizes
enum_constant	GAME.EXE	enum@save.h:81	KF_SAVE_TITLE_BYTES	KF_SAVE_TITLE_BYTES	retain	include/kf/game/save.h:81	Reviewed as family: save header field sizes
enum_constant	GAME.EXE	enum@save.h:81	KF_SAVE_ICON_PALETTE_COLORS	KF_SAVE_ICON_PALETTE_COLORS	retain	include/kf/game/save.h:81	Reviewed as family: save header field sizes
enum_constant	GAME.EXE	enum@save.h:81	KF_SAVE_ICON_FRAME_COUNT	KF_SAVE_ICON_FRAME_COUNT	retain	include/kf/game/save.h:81	Reviewed as family: save header field sizes
enum_constant	GAME.EXE	enum@save.h:81	KF_SAVE_ICON_FRAME_BYTES	KF_SAVE_ICON_FRAME_BYTES	retain	include/kf/game/save.h:81	Reviewed as family: save header field sizes
enum_constant	GAME.EXE	enum@save.h:81	KF_SAVE_PLAYER_STATE_WORDS	KF_SAVE_PLAYER_STATE_WORDS	retain	include/kf/game/save.h:81	Reviewed as family: save header field sizes
enum_constant	GAME.EXE	enum@state.h:21	KF_GAMEPLAY_SOUND_LIFT_DOOR	KF_GAMEPLAY_SOUND_LIFT_DOOR	retain	include/kf/game/state.h:21	Reviewed as family: gameplay_sound_refs indices named by their consumers
enum_constant	GAME.EXE	enum@state.h:21	KF_GAMEPLAY_SOUND_HINGED_DOOR	KF_GAMEPLAY_SOUND_HINGED_DOOR	retain	include/kf/game/state.h:21	Reviewed as family: gameplay_sound_refs indices named by their consumers
enum_constant	GAME.EXE	enum@state.h:21	KF_GAMEPLAY_SOUND_CONTAINER_OPEN	KF_GAMEPLAY_SOUND_CONTAINER_OPEN	retain	include/kf/game/state.h:21	Reviewed as family: gameplay_sound_refs indices named by their consumers
enum_constant	GAME.EXE	enum@state.h:21	KF_GAMEPLAY_SOUND_EFFECT_SWITCH	KF_GAMEPLAY_SOUND_EFFECT_SWITCH	retain	include/kf/game/state.h:21	Reviewed as family: gameplay_sound_refs indices named by their consumers
enum_constant	GAME.EXE	enum@state.h:21	KF_GAMEPLAY_SOUND_FLOOR_DEFORM	KF_GAMEPLAY_SOUND_FLOOR_DEFORM	retain	include/kf/game/state.h:21	Reviewed as family: gameplay_sound_refs indices named by their consumers
enum_constant	GAME.EXE	enum@state.h:21	KF_GAMEPLAY_SOUND_FLOOR1_REVIVAL	KF_GAMEPLAY_SOUND_FLOOR1_REVIVAL	retain	include/kf/game/state.h:21	Reviewed as family: gameplay_sound_refs indices named by their consumers
enum_constant	GAME.EXE	enum@state.h:21	KF_GAMEPLAY_SOUND_WARP_SHIMMER	KF_GAMEPLAY_SOUND_WARP_SHIMMER	retain	include/kf/game/state.h:21	Reviewed as family: gameplay_sound_refs indices named by their consumers
enum_constant	GAME.EXE	enum@state.h:21	KF_GAMEPLAY_SOUND_STONE_PASSAGE	KF_GAMEPLAY_SOUND_STONE_PASSAGE	retain	include/kf/game/state.h:21	Reviewed as family: gameplay_sound_refs indices named by their consumers
enum_constant	GAME.EXE	enum@state.h:21	KF_GAMEPLAY_SOUND_HARP	KF_GAMEPLAY_SOUND_HARP	retain	include/kf/game/state.h:21	Reviewed as family: gameplay_sound_refs indices named by their consumers
enum_constant	GAME.EXE	enum@state.h:21	KF_GAMEPLAY_SOUND_FLOOR5_EVENT_LOOP	KF_GAMEPLAY_SOUND_FLOOR5_EVENT_LOOP	retain	include/kf/game/state.h:21	Reviewed as family: gameplay_sound_refs indices named by their consumers
enum_constant	GAME.EXE	enum@state.h:21	KF_GAMEPLAY_SOUND_MAP_PIECE_REVEAL	KF_GAMEPLAY_SOUND_MAP_PIECE_REVEAL	retain	include/kf/game/state.h:21	Reviewed as family: gameplay_sound_refs indices named by their consumers
enum_constant	GAME.EXE	enum@state.h:21	KF_GAMEPLAY_SOUND_KEY_UNLOCK	KF_GAMEPLAY_SOUND_KEY_UNLOCK	retain	include/kf/game/state.h:21	Reviewed as family: gameplay_sound_refs indices named by their consumers
enum_constant	GAME.EXE	enum@state.h:21	KF_GAMEPLAY_SOUND_COUNT	KF_GAMEPLAY_SOUND_COUNT	retain	include/kf/game/state.h:21	Reviewed as family: gameplay_sound_refs indices named by their consumers
macro	GAME.EXE|OPEN.EXE	item.h	floor_item_appearance	floor_item_appearance	retain	include/kf/lib/item.h:197	legacy macro form of the appearance packer
macro	GAME.EXE|OPEN.EXE	item.h	floor_item_facing	floor_item_facing	retain	include/kf/lib/item.h:199	legacy macro form of the facing extractor
function	GAME.EXE|OPEN.EXE	item.h	floor_item_appearance	floor_item_appearance	retain	include/kf/lib/item.h:186; callers: none in reconstructed source	Name exact. Body: constexpr/macro packing facing and frame count
function	GAME.EXE|OPEN.EXE	item.h	floor_item_facing	floor_item_facing	retain	include/kf/lib/item.h:191; callers: render_floor_item	Name exact. Body: constexpr/macro extracting the facing nibble
function	GAME.EXE|OPEN.EXE	item.h	floor_item_advance_frame	floor_item_advance_frame	retain	include/kf/lib/item.h:233; callers: render_floor_item	Name exact. Body: static inline advancing animation_frame modulo the frame count
type	GAME.EXE|OPEN.EXE	item.h	KfFloorItemPlacement	KfFloorItemPlacement	retain	include/kf/lib/item.h:210; structures.tsv:item.h;asm;func_80020b4c	12-byte serialized floor-item placement
member	GAME.EXE|OPEN.EXE	KfFloorItemPlacement	base_sprite_index	base_sprite_index	retain	include/kf/lib/item.h:210; structure_fields.tsv:item.h;asm;func_80020b4c;render_floor_item;floor-sprite-base-index.md;array-enum-review.md;fixed-seven-row-bank;117-shipped-placements	first sprite descriptor of the item animation; TSV meaning: fixed floor sprite bank selector; animation_frame is a numeric offset; 0xffff terminates serialized placements
member	GAME.EXE|OPEN.EXE	KfFloorItemPlacement	facing_and_frame_count	facing_and_frame_count	retain	include/kf/lib/item.h:210; structure_fields.tsv:item.h;asm;item_load_floor_placements;render_floor_item;enum-field-review.md	packed facing nibble and frame count; TSV meaning: packed facing and animation-frame count copied into the runtime record
member	GAME.EXE|OPEN.EXE	KfFloorItemPlacement	unknown_03	unknown_03	keep-unresolved	include/kf/lib/item.h:210; structure_fields.tsv:item.h;asm;func_80020b4c;semantic-field-names.md:unresolved-consumer-audit	Address/offset/value-derived name; current evidence does not support a semantic replacement. Copied to runtime +3 in GAME and OPEN; source pointer is placement+10, load displacement -7. Reviewed values include 8,28,32,64; values alone do not establish flags, scale or units.
member	GAME.EXE|OPEN.EXE	KfFloorItemPlacement	tile_z	tile_z	retain	include/kf/lib/item.h:210; structure_fields.tsv:item.h;asm;func_80020b4c	tile z; TSV meaning: map tile z (floor-height grid row)
member	GAME.EXE|OPEN.EXE	KfFloorItemPlacement	tile_x	tile_x	retain	include/kf/lib/item.h:210; structure_fields.tsv:item.h;asm;func_80020b4c	tile x; TSV meaning: map tile x (floor-height grid column)
member	GAME.EXE|OPEN.EXE	KfFloorItemPlacement	local_z	local_z	retain	include/kf/lib/item.h:210; structure_fields.tsv:item.h;asm;func_80020b4c	signed tile offset z; TSV meaning: offset within the tile
member	GAME.EXE|OPEN.EXE	KfFloorItemPlacement	local_x	local_x	retain	include/kf/lib/item.h:210; structure_fields.tsv:item.h;asm;func_80020b4c	signed tile offset x; TSV meaning: offset within the tile
member	GAME.EXE|OPEN.EXE	KfFloorItemPlacement	local_y	local_y	retain	include/kf/lib/item.h:210; structure_fields.tsv:item.h;asm;func_80020b4c	signed Y offset above the floor; TSV meaning: height offset above the floor height grid
type	GAME.EXE|OPEN.EXE	item.h	KfFloorItem	KfFloorItem	retain	include/kf/lib/item.h:221; structures.tsv:item.h;asm;func_80020b4c	24-byte runtime floor item
member	GAME.EXE|OPEN.EXE	KfFloorItem	base_sprite_index	base_sprite_index	retain	include/kf/lib/item.h:221; structure_fields.tsv:item.h;asm;func_80020b4c;render_floor_item;floor-sprite-base-index.md;array-enum-review.md;fixed-seven-row-bank;117-shipped-placements	copied first sprite descriptor; TSV meaning: fixed floor sprite bank selector; animation_frame is a numeric offset; 0xffff terminates serialized placements
member	GAME.EXE|OPEN.EXE	KfFloorItem	facing_and_frame_count	facing_and_frame_count	retain	include/kf/lib/item.h:221; structure_fields.tsv:item.h;asm;item_load_floor_placements;render_floor_item;enum-field-review.md	copied appearance byte; TSV meaning: high nibble selects facing and low nibble bounds the animation frame; copied from the placement record
member	GAME.EXE|OPEN.EXE	KfFloorItem	unknown_03	unknown_03	keep-unresolved	include/kf/lib/item.h:221; structure_fields.tsv:item.h;asm;func_80020b4c;semantic-field-names.md:unresolved-consumer-audit	Address/offset/value-derived name; current evidence does not support a semantic replacement. Copied unchanged from placement +3: GAME load/store 0x80020bf4/0x80020bfc; OPEN 0x8001988c/0x80019894. Runtime base is biased by +20; no behavioral consumer established.
member	GAME.EXE|OPEN.EXE	KfFloorItem	position_x	position_x	retain	include/kf/lib/item.h:221; structure_fields.tsv:item.h;asm;func_80020b4c	world X; TSV meaning: world x = tile_x*2000 + local_x
member	GAME.EXE|OPEN.EXE	KfFloorItem	position_y	position_y	retain	include/kf/lib/item.h:221; structure_fields.tsv:item.h;asm;func_80020b4c	world Y sunk onto the floor; TSV meaning: world y = local_y - floor_height*100
member	GAME.EXE|OPEN.EXE	KfFloorItem	position_z	position_z	retain	include/kf/lib/item.h:221; structure_fields.tsv:item.h;asm;func_80020b4c	world Z; TSV meaning: world z = tile_z*2000 + local_z
member	GAME.EXE|OPEN.EXE	KfFloorItem	unknown_10	unknown_10	keep-unresolved	include/kf/lib/item.h:221; structure_fields.tsv:item.h;func_80020b4c	Address/offset/value-derived name; current evidence does not support a semantic replacement. not written by the loader
member	GAME.EXE|OPEN.EXE	KfFloorItem	animation_frame	animation_frame	retain	include/kf/lib/item.h:221; structure_fields.tsv:item.h;asm;item_load_floor_placements;render_floor_item	current frame advanced by floor_item_advance_frame; TSV meaning: randomized by the loader, advanced once per render, and wrapped against the packed field's low nibble
member	GAME.EXE|OPEN.EXE	KfFloorItem	unknown_15	unknown_15	keep-unresolved	include/kf/lib/item.h:221; structure_fields.tsv:item.h;func_80020b4c	Address/offset/value-derived name; current evidence does not support a semantic replacement. not written by the loader
type	GAME.EXE|OPEN.EXE	item.h	KfItemStockBank	KfItemStockBank	retain	include/kf/lib/item.h:17	player/shop stock bank index
enum_constant	GAME.EXE|OPEN.EXE	KfItemStockBank	KF_ITEM_STOCK_PLAYER	KF_ITEM_STOCK_PLAYER	retain	include/kf/lib/item.h:17	Reviewed as family: stock banks
enum_constant	GAME.EXE|OPEN.EXE	KfItemStockBank	KF_ITEM_STOCK_FIRST_SHOP	KF_ITEM_STOCK_FIRST_SHOP	retain	include/kf/lib/item.h:17	Reviewed as family: stock banks
enum_constant	GAME.EXE|OPEN.EXE	KfItemStockBank	KF_ITEM_STOCK_SECOND_SHOP	KF_ITEM_STOCK_SECOND_SHOP	retain	include/kf/lib/item.h:17	Reviewed as family: stock banks
type	GAME.EXE|OPEN.EXE	item.h	KfObjectId	KfObjectId	retain	include/kf/lib/item.h:32	item and map-object id namespace
enum_constant	GAME.EXE|OPEN.EXE	KfObjectId	KF_ITEM_SHORT_SWORD	KF_ITEM_SHORT_SWORD	retain	include/kf/lib/item.h:32	Reviewed as family: items named from the retail name rows; map objects by model role
enum_constant	GAME.EXE|OPEN.EXE	KfObjectId	KF_ITEM_BATTLE_AXE	KF_ITEM_BATTLE_AXE	retain	include/kf/lib/item.h:32	Reviewed as family: items named from the retail name rows; map objects by model role
enum_constant	GAME.EXE|OPEN.EXE	KfObjectId	KF_ITEM_KNIGHT_SWORD	KF_ITEM_KNIGHT_SWORD	retain	include/kf/lib/item.h:32	Reviewed as family: items named from the retail name rows; map objects by model role
enum_constant	GAME.EXE|OPEN.EXE	KfObjectId	KF_ITEM_COLICHEMARDE	KF_ITEM_COLICHEMARDE	retain	include/kf/lib/item.h:32	Reviewed as family: items named from the retail name rows; map objects by model role
enum_constant	GAME.EXE|OPEN.EXE	KfObjectId	KF_ITEM_MORNING_STAR	KF_ITEM_MORNING_STAR	retain	include/kf/lib/item.h:32	Reviewed as family: items named from the retail name rows; map objects by model role
enum_constant	GAME.EXE|OPEN.EXE	KfObjectId	KF_ITEM_BASTARD_SWORD	KF_ITEM_BASTARD_SWORD	retain	include/kf/lib/item.h:32	Reviewed as family: items named from the retail name rows; map objects by model role
enum_constant	GAME.EXE|OPEN.EXE	KfObjectId	KF_ITEM_CRESCENT_AXE	KF_ITEM_CRESCENT_AXE	retain	include/kf/lib/item.h:32	Reviewed as family: items named from the retail name rows; map objects by model role
enum_constant	GAME.EXE|OPEN.EXE	KfObjectId	KF_ITEM_TRIPLE_FANG	KF_ITEM_TRIPLE_FANG	retain	include/kf/lib/item.h:32	Reviewed as family: items named from the retail name rows; map objects by model role
enum_constant	GAME.EXE|OPEN.EXE	KfObjectId	KF_ITEM_FLAME_SWORD	KF_ITEM_FLAME_SWORD	retain	include/kf/lib/item.h:32	Reviewed as family: items named from the retail name rows; map objects by model role
enum_constant	GAME.EXE|OPEN.EXE	KfObjectId	KF_ITEM_SHADOW_BLADE	KF_ITEM_SHADOW_BLADE	retain	include/kf/lib/item.h:32	Reviewed as family: items named from the retail name rows; map objects by model role
enum_constant	GAME.EXE|OPEN.EXE	KfObjectId	KF_ITEM_DRAGON_SWORD	KF_ITEM_DRAGON_SWORD	retain	include/kf/lib/item.h:32	Reviewed as family: items named from the retail name rows; map objects by model role
enum_constant	GAME.EXE|OPEN.EXE	KfObjectId	KF_ITEM_MOONLIGHT_SWORD	KF_ITEM_MOONLIGHT_SWORD	retain	include/kf/lib/item.h:32	Reviewed as family: items named from the retail name rows; map objects by model role
enum_constant	GAME.EXE|OPEN.EXE	KfObjectId	KF_ITEM_IRON_MASK	KF_ITEM_IRON_MASK	retain	include/kf/lib/item.h:32	Reviewed as family: items named from the retail name rows; map objects by model role
enum_constant	GAME.EXE|OPEN.EXE	KfObjectId	KF_ITEM_KNIGHT_HELM	KF_ITEM_KNIGHT_HELM	retain	include/kf/lib/item.h:32	Reviewed as family: items named from the retail name rows; map objects by model role
enum_constant	GAME.EXE|OPEN.EXE	KfObjectId	KF_ITEM_GREAT_HELM	KF_ITEM_GREAT_HELM	retain	include/kf/lib/item.h:32	Reviewed as family: items named from the retail name rows; map objects by model role
enum_constant	GAME.EXE|OPEN.EXE	KfObjectId	KF_ITEM_BLACK_MASK	KF_ITEM_BLACK_MASK	retain	include/kf/lib/item.h:32	Reviewed as family: items named from the retail name rows; map objects by model role
enum_constant	GAME.EXE|OPEN.EXE	KfObjectId	KF_ITEM_MIST_CROWN	KF_ITEM_MIST_CROWN	retain	include/kf/lib/item.h:32	Reviewed as family: items named from the retail name rows; map objects by model role
enum_constant	GAME.EXE|OPEN.EXE	KfObjectId	KF_ITEM_BREASTPLATE	KF_ITEM_BREASTPLATE	retain	include/kf/lib/item.h:32	Reviewed as family: items named from the retail name rows; map objects by model role
enum_constant	GAME.EXE|OPEN.EXE	KfObjectId	KF_ITEM_KNIGHT_PLATE	KF_ITEM_KNIGHT_PLATE	retain	include/kf/lib/item.h:32	Reviewed as family: items named from the retail name rows; map objects by model role
enum_constant	GAME.EXE|OPEN.EXE	KfObjectId	KF_ITEM_FULL_PLATE	KF_ITEM_FULL_PLATE	retain	include/kf/lib/item.h:32	Reviewed as family: items named from the retail name rows; map objects by model role
enum_constant	GAME.EXE|OPEN.EXE	KfObjectId	KF_ITEM_FIRE_MAIL	KF_ITEM_FIRE_MAIL	retain	include/kf/lib/item.h:32	Reviewed as family: items named from the retail name rows; map objects by model role
enum_constant	GAME.EXE|OPEN.EXE	KfObjectId	KF_ITEM_SKULL_ARMOR	KF_ITEM_SKULL_ARMOR	retain	include/kf/lib/item.h:32	Reviewed as family: items named from the retail name rows; map objects by model role
enum_constant	GAME.EXE|OPEN.EXE	KfObjectId	KF_ITEM_FOREST_ARMOR	KF_ITEM_FOREST_ARMOR	retain	include/kf/lib/item.h:32	Reviewed as family: items named from the retail name rows; map objects by model role
enum_constant	GAME.EXE|OPEN.EXE	KfObjectId	KF_ITEM_SMALL_SHIELD	KF_ITEM_SMALL_SHIELD	retain	include/kf/lib/item.h:32	Reviewed as family: items named from the retail name rows; map objects by model role
enum_constant	GAME.EXE|OPEN.EXE	KfObjectId	KF_ITEM_KNIGHT_SHIELD	KF_ITEM_KNIGHT_SHIELD	retain	include/kf/lib/item.h:32	Reviewed as family: items named from the retail name rows; map objects by model role
enum_constant	GAME.EXE|OPEN.EXE	KfObjectId	KF_ITEM_TOWER_SHIELD	KF_ITEM_TOWER_SHIELD	retain	include/kf/lib/item.h:32	Reviewed as family: items named from the retail name rows; map objects by model role
enum_constant	GAME.EXE|OPEN.EXE	KfObjectId	KF_ITEM_BLACK_DRAGON	KF_ITEM_BLACK_DRAGON	retain	include/kf/lib/item.h:32	Reviewed as family: items named from the retail name rows; map objects by model role
enum_constant	GAME.EXE|OPEN.EXE	KfObjectId	KF_ITEM_WIND_GUARD	KF_ITEM_WIND_GUARD	retain	include/kf/lib/item.h:32	Reviewed as family: items named from the retail name rows; map objects by model role
enum_constant	GAME.EXE|OPEN.EXE	KfObjectId	KF_ITEM_GAUNTLET	KF_ITEM_GAUNTLET	retain	include/kf/lib/item.h:32	Reviewed as family: items named from the retail name rows; map objects by model role
enum_constant	GAME.EXE|OPEN.EXE	KfObjectId	KF_ITEM_KNIGHT_GLOVE	KF_ITEM_KNIGHT_GLOVE	retain	include/kf/lib/item.h:32	Reviewed as family: items named from the retail name rows; map objects by model role
enum_constant	GAME.EXE|OPEN.EXE	KfObjectId	KF_ITEM_STONE_HAND	KF_ITEM_STONE_HAND	retain	include/kf/lib/item.h:32	Reviewed as family: items named from the retail name rows; map objects by model role
enum_constant	GAME.EXE|OPEN.EXE	KfObjectId	KF_ITEM_IRON_BOOTS	KF_ITEM_IRON_BOOTS	retain	include/kf/lib/item.h:32	Reviewed as family: items named from the retail name rows; map objects by model role
enum_constant	GAME.EXE|OPEN.EXE	KfObjectId	KF_ITEM_KNIGHT_BOOTS	KF_ITEM_KNIGHT_BOOTS	retain	include/kf/lib/item.h:32	Reviewed as family: items named from the retail name rows; map objects by model role
enum_constant	GAME.EXE|OPEN.EXE	KfObjectId	KF_ITEM_LEG_GUARDS	KF_ITEM_LEG_GUARDS	retain	include/kf/lib/item.h:32	Reviewed as family: items named from the retail name rows; map objects by model role
enum_constant	GAME.EXE|OPEN.EXE	KfObjectId	KF_ITEM_FEATHER_BOOTS	KF_ITEM_FEATHER_BOOTS	retain	include/kf/lib/item.h:32	Reviewed as family: items named from the retail name rows; map objects by model role
enum_constant	GAME.EXE|OPEN.EXE	KfObjectId	KF_ITEM_GOLD_COIN	KF_ITEM_GOLD_COIN	retain	include/kf/lib/item.h:32	Reviewed as family: items named from the retail name rows; map objects by model role
enum_constant	GAME.EXE|OPEN.EXE	KfObjectId	KF_ITEM_BLOODSTONE	KF_ITEM_BLOODSTONE	retain	include/kf/lib/item.h:32	Reviewed as family: items named from the retail name rows; map objects by model role
enum_constant	GAME.EXE|OPEN.EXE	KfObjectId	KF_ITEM_MOONSTONE	KF_ITEM_MOONSTONE	retain	include/kf/lib/item.h:32	Reviewed as family: items named from the retail name rows; map objects by model role
enum_constant	GAME.EXE|OPEN.EXE	KfObjectId	KF_ITEM_VERDITE	KF_ITEM_VERDITE	retain	include/kf/lib/item.h:32	Reviewed as family: items named from the retail name rows; map objects by model role
enum_constant	GAME.EXE|OPEN.EXE	KfObjectId	KF_ITEM_MEDICINAL_HERB	KF_ITEM_MEDICINAL_HERB	retain	include/kf/lib/item.h:32	Reviewed as family: items named from the retail name rows; map objects by model role
enum_constant	GAME.EXE|OPEN.EXE	KfObjectId	KF_ITEM_ANTIDOTE_HERB	KF_ITEM_ANTIDOTE_HERB	retain	include/kf/lib/item.h:32	Reviewed as family: items named from the retail name rows; map objects by model role
enum_constant	GAME.EXE|OPEN.EXE	KfObjectId	KF_ITEM_RECOVERY_MEDICINE	KF_ITEM_RECOVERY_MEDICINE	retain	include/kf/lib/item.h:32	Reviewed as family: items named from the retail name rows; map objects by model role
enum_constant	GAME.EXE|OPEN.EXE	KfObjectId	KF_ITEM_DRAGON_KING_GRASS_LEAF	KF_ITEM_DRAGON_KING_GRASS_LEAF	retain	include/kf/lib/item.h:32	Reviewed as family: items named from the retail name rows; map objects by model role
enum_constant	GAME.EXE|OPEN.EXE	KfObjectId	KF_ITEM_DRAGON_KING_GRASS_FRUIT	KF_ITEM_DRAGON_KING_GRASS_FRUIT	retain	include/kf/lib/item.h:32	Reviewed as family: items named from the retail name rows; map objects by model role
enum_constant	GAME.EXE|OPEN.EXE	KfObjectId	KF_ITEM_LIGHT_RING	KF_ITEM_LIGHT_RING	retain	include/kf/lib/item.h:32	Reviewed as family: items named from the retail name rows; map objects by model role
enum_constant	GAME.EXE|OPEN.EXE	KfObjectId	KF_ITEM_MOON_AMULET	KF_ITEM_MOON_AMULET	retain	include/kf/lib/item.h:32	Reviewed as family: items named from the retail name rows; map objects by model role
enum_constant	GAME.EXE|OPEN.EXE	KfObjectId	KF_ITEM_WIND_BLADE_BRACELET	KF_ITEM_WIND_BLADE_BRACELET	retain	include/kf/lib/item.h:32	Reviewed as family: items named from the retail name rows; map objects by model role
enum_constant	GAME.EXE|OPEN.EXE	KfObjectId	KF_ITEM_TWO_HEADED_DRAGON_RING	KF_ITEM_TWO_HEADED_DRAGON_RING	retain	include/kf/lib/item.h:32	Reviewed as family: items named from the retail name rows; map objects by model role
enum_constant	GAME.EXE|OPEN.EXE	KfObjectId	KF_ITEM_GOLD_CROSS	KF_ITEM_GOLD_CROSS	retain	include/kf/lib/item.h:32	Reviewed as family: items named from the retail name rows; map objects by model role
enum_constant	GAME.EXE|OPEN.EXE	KfObjectId	KF_ITEM_KEY_OF_THE_DEAD	KF_ITEM_KEY_OF_THE_DEAD	retain	include/kf/lib/item.h:32	Reviewed as family: items named from the retail name rows; map objects by model role
enum_constant	GAME.EXE|OPEN.EXE	KfObjectId	KF_ITEM_RAITO_FAMILY_KEY	KF_ITEM_RAITO_FAMILY_KEY	retain	include/kf/lib/item.h:32	Reviewed as family: items named from the retail name rows; map objects by model role
enum_constant	GAME.EXE|OPEN.EXE	KfObjectId	KF_ITEM_WATCHMAN_MAP	KF_ITEM_WATCHMAN_MAP	retain	include/kf/lib/item.h:32	Reviewed as family: items named from the retail name rows; map objects by model role
enum_constant	GAME.EXE|OPEN.EXE	KfObjectId	KF_ITEM_DRAGON_CHALICE	KF_ITEM_DRAGON_CHALICE	retain	include/kf/lib/item.h:32	Reviewed as family: items named from the retail name rows; map objects by model role
enum_constant	GAME.EXE|OPEN.EXE	KfObjectId	KF_ITEM_ILLUSION_STAFF	KF_ITEM_ILLUSION_STAFF	retain	include/kf/lib/item.h:32	Reviewed as family: items named from the retail name rows; map objects by model role
enum_constant	GAME.EXE|OPEN.EXE	KfObjectId	KF_ITEM_GREEN_DRAGON_STAFF	KF_ITEM_GREEN_DRAGON_STAFF	retain	include/kf/lib/item.h:32	Reviewed as family: items named from the retail name rows; map objects by model role
enum_constant	GAME.EXE|OPEN.EXE	KfObjectId	KF_ITEM_MIRROR_OF_TRUTH	KF_ITEM_MIRROR_OF_TRUTH	retain	include/kf/lib/item.h:32	Reviewed as family: items named from the retail name rows; map objects by model role
enum_constant	GAME.EXE|OPEN.EXE	KfObjectId	KF_ITEM_DUNGEON_KEY	KF_ITEM_DUNGEON_KEY	retain	include/kf/lib/item.h:32	Reviewed as family: items named from the retail name rows; map objects by model role
enum_constant	GAME.EXE|OPEN.EXE	KfObjectId	KF_ITEM_DRAGON_CREST	KF_ITEM_DRAGON_CREST	retain	include/kf/lib/item.h:32	Reviewed as family: items named from the retail name rows; map objects by model role
enum_constant	GAME.EXE|OPEN.EXE	KfObjectId	KF_ITEM_HARP	KF_ITEM_HARP	retain	include/kf/lib/item.h:32	Reviewed as family: items named from the retail name rows; map objects by model role
enum_constant	GAME.EXE|OPEN.EXE	KfObjectId	KF_ITEM_WATER_SEAL_STONE	KF_ITEM_WATER_SEAL_STONE	retain	include/kf/lib/item.h:32	Reviewed as family: items named from the retail name rows; map objects by model role
enum_constant	GAME.EXE|OPEN.EXE	KfObjectId	KF_ITEM_EARTH_SEAL_STONE	KF_ITEM_EARTH_SEAL_STONE	retain	include/kf/lib/item.h:32	Reviewed as family: items named from the retail name rows; map objects by model role
enum_constant	GAME.EXE|OPEN.EXE	KfObjectId	KF_ITEM_SEAL_CANDLESTICK	KF_ITEM_SEAL_CANDLESTICK	retain	include/kf/lib/item.h:32	Reviewed as family: items named from the retail name rows; map objects by model role
enum_constant	GAME.EXE|OPEN.EXE	KfObjectId	KF_ITEM_FIRE_SEAL_STONE	KF_ITEM_FIRE_SEAL_STONE	retain	include/kf/lib/item.h:32	Reviewed as family: items named from the retail name rows; map objects by model role
enum_constant	GAME.EXE|OPEN.EXE	KfObjectId	KF_ITEM_WIND_SEAL_STONE	KF_ITEM_WIND_SEAL_STONE	retain	include/kf/lib/item.h:32	Reviewed as family: items named from the retail name rows; map objects by model role
enum_constant	GAME.EXE|OPEN.EXE	KfObjectId	KF_ITEM_HOLY_SEAL_STONE	KF_ITEM_HOLY_SEAL_STONE	retain	include/kf/lib/item.h:32	Reviewed as family: items named from the retail name rows; map objects by model role
enum_constant	GAME.EXE|OPEN.EXE	KfObjectId	KF_ITEM_SORCERER_MAP	KF_ITEM_SORCERER_MAP	retain	include/kf/lib/item.h:32	Reviewed as family: items named from the retail name rows; map objects by model role
enum_constant	GAME.EXE|OPEN.EXE	KfObjectId	KF_ITEM_SORCERER_KEY	KF_ITEM_SORCERER_KEY	retain	include/kf/lib/item.h:32	Reviewed as family: items named from the retail name rows; map objects by model role
enum_constant	GAME.EXE|OPEN.EXE	KfObjectId	KF_ITEM_DEMON_KING_HAND	KF_ITEM_DEMON_KING_HAND	retain	include/kf/lib/item.h:32	Reviewed as family: items named from the retail name rows; map objects by model role
enum_constant	GAME.EXE|OPEN.EXE	KfObjectId	KF_ITEM_SALAMANDER_STATUE	KF_ITEM_SALAMANDER_STATUE	retain	include/kf/lib/item.h:32	Reviewed as family: items named from the retail name rows; map objects by model role
enum_constant	GAME.EXE|OPEN.EXE	KfObjectId	KF_OBJECT_NONE	KF_OBJECT_NONE	retain	include/kf/lib/item.h:32	Reviewed as family: items named from the retail name rows; map objects by model role
enum_constant	GAME.EXE|OPEN.EXE	KfObjectId	KF_MAP_OBJECT_BEVELED_WOODEN_LID	KF_MAP_OBJECT_BEVELED_WOODEN_LID	retain	include/kf/lib/item.h:32	Reviewed as family: items named from the retail name rows; map objects by model role
enum_constant	GAME.EXE|OPEN.EXE	KfObjectId	KF_MAP_OBJECT_FLAT_WOODEN_LID	KF_MAP_OBJECT_FLAT_WOODEN_LID	retain	include/kf/lib/item.h:32	Reviewed as family: items named from the retail name rows; map objects by model role
enum_constant	GAME.EXE|OPEN.EXE	KfObjectId	KF_MAP_OBJECT_STONE_CONTAINER_LID	KF_MAP_OBJECT_STONE_CONTAINER_LID	retain	include/kf/lib/item.h:32	Reviewed as family: items named from the retail name rows; map objects by model role
enum_constant	GAME.EXE|OPEN.EXE	KfObjectId	KF_MAP_OBJECT_GRAVESTONE	KF_MAP_OBJECT_GRAVESTONE	retain	include/kf/lib/item.h:32	Reviewed as family: items named from the retail name rows; map objects by model role
enum_constant	GAME.EXE|OPEN.EXE	KfObjectId	KF_MAP_OBJECT_BROKEN_STONE_CROSS	KF_MAP_OBJECT_BROKEN_STONE_CROSS	retain	include/kf/lib/item.h:32	Reviewed as family: items named from the retail name rows; map objects by model role
enum_constant	GAME.EXE|OPEN.EXE	KfObjectId	KF_MAP_OBJECT_DROP_DISABLED	KF_MAP_OBJECT_DROP_DISABLED	retain	include/kf/lib/item.h:32	Reviewed as family: items named from the retail name rows; map objects by model role
enum_constant	GAME.EXE|OPEN.EXE	KfObjectId	KF_MAP_OBJECT_DRY_FOUNTAIN	KF_MAP_OBJECT_DRY_FOUNTAIN	retain	include/kf/lib/item.h:32	Reviewed as family: items named from the retail name rows; map objects by model role
enum_constant	GAME.EXE|OPEN.EXE	KfObjectId	KF_MAP_OBJECT_BOSS_PROJECTILE_EMITTER	KF_MAP_OBJECT_BOSS_PROJECTILE_EMITTER	retain	include/kf/lib/item.h:32	Reviewed as family: items named from the retail name rows; map objects by model role
enum_constant	GAME.EXE|OPEN.EXE	KfObjectId	KF_MAP_OBJECT_LIFTING_GATE	KF_MAP_OBJECT_LIFTING_GATE	retain	include/kf/lib/item.h:32	Reviewed as family: items named from the retail name rows; map objects by model role
enum_constant	GAME.EXE|OPEN.EXE	KfObjectId	KF_MAP_OBJECT_PORTCULLIS	KF_MAP_OBJECT_PORTCULLIS	retain	include/kf/lib/item.h:32	Reviewed as family: items named from the retail name rows; map objects by model role
enum_constant	GAME.EXE|OPEN.EXE	KfObjectId	KF_MAP_OBJECT_HINGED_DOOR	KF_MAP_OBJECT_HINGED_DOOR	retain	include/kf/lib/item.h:32	Reviewed as family: items named from the retail name rows; map objects by model role
enum_constant	GAME.EXE|OPEN.EXE	KfObjectId	KF_MAP_OBJECT_HINGED_DOOR_PARTNER	KF_MAP_OBJECT_HINGED_DOOR_PARTNER	retain	include/kf/lib/item.h:32	Reviewed as family: items named from the retail name rows; map objects by model role
enum_constant	GAME.EXE|OPEN.EXE	KfObjectId	KF_MAP_OBJECT_TALL_HINGED_DOOR	KF_MAP_OBJECT_TALL_HINGED_DOOR	retain	include/kf/lib/item.h:32	Reviewed as family: items named from the retail name rows; map objects by model role
enum_constant	GAME.EXE|OPEN.EXE	KfObjectId	KF_MAP_OBJECT_TALL_HINGED_DOOR_PARTNER	KF_MAP_OBJECT_TALL_HINGED_DOOR_PARTNER	retain	include/kf/lib/item.h:32	Reviewed as family: items named from the retail name rows; map objects by model role
enum_constant	GAME.EXE|OPEN.EXE	KfObjectId	KF_MAP_OBJECT_FILLED_FOUNTAIN	KF_MAP_OBJECT_FILLED_FOUNTAIN	retain	include/kf/lib/item.h:32	Reviewed as family: items named from the retail name rows; map objects by model role
enum_constant	GAME.EXE|OPEN.EXE	KfObjectId	KF_MAP_OBJECT_FIRE_BALL_EMITTER	KF_MAP_OBJECT_FIRE_BALL_EMITTER	retain	include/kf/lib/item.h:32	Reviewed as family: items named from the retail name rows; map objects by model role
enum_constant	GAME.EXE|OPEN.EXE	KfObjectId	KF_MAP_OBJECT_WIND_CUTTER_EMITTER	KF_MAP_OBJECT_WIND_CUTTER_EMITTER	retain	include/kf/lib/item.h:32	Reviewed as family: items named from the retail name rows; map objects by model role
enum_constant	GAME.EXE|OPEN.EXE	KfObjectId	KF_MAP_OBJECT_SIGNBOARD	KF_MAP_OBJECT_SIGNBOARD	retain	include/kf/lib/item.h:32	Reviewed as family: items named from the retail name rows; map objects by model role
enum_constant	GAME.EXE|OPEN.EXE	KfObjectId	KF_MAP_OBJECT_INSCRIPTION_PANEL	KF_MAP_OBJECT_INSCRIPTION_PANEL	retain	include/kf/lib/item.h:32	Reviewed as family: items named from the retail name rows; map objects by model role
enum_constant	GAME.EXE|OPEN.EXE	KfObjectId	KF_MAP_OBJECT_EFFECT_SWITCH	KF_MAP_OBJECT_EFFECT_SWITCH	retain	include/kf/lib/item.h:32	Reviewed as family: items named from the retail name rows; map objects by model role
enum_constant	GAME.EXE|OPEN.EXE	KfObjectId	KF_MAP_OBJECT_ORBITING_PROJECTILE	KF_MAP_OBJECT_ORBITING_PROJECTILE	retain	include/kf/lib/item.h:32	Reviewed as family: items named from the retail name rows; map objects by model role
enum_constant	GAME.EXE|OPEN.EXE	KfObjectId	KF_MAP_OBJECT_PROJECTILE_EMITTER	KF_MAP_OBJECT_PROJECTILE_EMITTER	retain	include/kf/lib/item.h:32	Reviewed as family: items named from the retail name rows; map objects by model role
enum_constant	GAME.EXE|OPEN.EXE	KfObjectId	KF_MAP_OBJECT_SHORT_SWING	KF_MAP_OBJECT_SHORT_SWING	retain	include/kf/lib/item.h:32	Reviewed as family: items named from the retail name rows; map objects by model role
enum_constant	GAME.EXE|OPEN.EXE	KfObjectId	KF_MAP_OBJECT_LONG_SWING	KF_MAP_OBJECT_LONG_SWING	retain	include/kf/lib/item.h:32	Reviewed as family: items named from the retail name rows; map objects by model role
enum_constant	GAME.EXE|OPEN.EXE	KfObjectId	KF_MAP_OBJECT_RENDER_ID_END	KF_MAP_OBJECT_RENDER_ID_END	retain	include/kf/lib/item.h:32	Reviewed as family: items named from the retail name rows; map objects by model role
enum_constant	GAME.EXE|OPEN.EXE	KfObjectId	KF_MAP_DROP_TIP_ID_END	KF_MAP_DROP_TIP_ID_END	retain	include/kf/lib/item.h:32	Reviewed as family: items named from the retail name rows; map objects by model role
enum_constant	GAME.EXE|OPEN.EXE	KfObjectId	KF_MAP_DROP_SPIN_ID_END	KF_MAP_DROP_SPIN_ID_END	retain	include/kf/lib/item.h:32	Reviewed as family: items named from the retail name rows; map objects by model role
enum_constant	GAME.EXE|OPEN.EXE	KfObjectId	KF_MAP_DROP_BOUNCE_ID_END	KF_MAP_DROP_BOUNCE_ID_END	retain	include/kf/lib/item.h:32	Reviewed as family: items named from the retail name rows; map objects by model role
type	GAME.EXE|OPEN.EXE	item.h	KfFloorItemSpriteId	KfFloorItemSpriteId	retain	include/kf/lib/item.h:136	floor-item sprite descriptor rows
enum_constant	GAME.EXE|OPEN.EXE	KfFloorItemSpriteId	KF_FLOOR_ITEM_SPRITE_0	KF_FLOOR_ITEM_SPRITE_0	keep-unresolved	include/kf/lib/item.h:136	Address/offset/value-derived name; current evidence does not support a semantic replacement.
enum_constant	GAME.EXE|OPEN.EXE	KfFloorItemSpriteId	KF_FLOOR_ITEM_SPRITE_1	KF_FLOOR_ITEM_SPRITE_1	keep-unresolved	include/kf/lib/item.h:136	Address/offset/value-derived name; current evidence does not support a semantic replacement.
enum_constant	GAME.EXE|OPEN.EXE	KfFloorItemSpriteId	KF_FLOOR_ITEM_SPRITE_2	KF_FLOOR_ITEM_SPRITE_2	keep-unresolved	include/kf/lib/item.h:136	Address/offset/value-derived name; current evidence does not support a semantic replacement.
enum_constant	GAME.EXE|OPEN.EXE	KfFloorItemSpriteId	KF_FLOOR_ITEM_SPRITE_3	KF_FLOOR_ITEM_SPRITE_3	keep-unresolved	include/kf/lib/item.h:136	Address/offset/value-derived name; current evidence does not support a semantic replacement.
enum_constant	GAME.EXE|OPEN.EXE	KfFloorItemSpriteId	KF_FLOOR_ITEM_SPRITE_4	KF_FLOOR_ITEM_SPRITE_4	keep-unresolved	include/kf/lib/item.h:136	Address/offset/value-derived name; current evidence does not support a semantic replacement.
enum_constant	GAME.EXE|OPEN.EXE	KfFloorItemSpriteId	KF_FLOOR_ITEM_SPRITE_5	KF_FLOOR_ITEM_SPRITE_5	keep-unresolved	include/kf/lib/item.h:136	Address/offset/value-derived name; current evidence does not support a semantic replacement.
enum_constant	GAME.EXE|OPEN.EXE	KfFloorItemSpriteId	KF_FLOOR_ITEM_SPRITE_6	KF_FLOOR_ITEM_SPRITE_6	keep-unresolved	include/kf/lib/item.h:136	Address/offset/value-derived name; current evidence does not support a semantic replacement.
enum_constant	GAME.EXE|OPEN.EXE	KfFloorItemSpriteId	KF_FLOOR_ITEM_END	KF_FLOOR_ITEM_END	retain	include/kf/lib/item.h:136	Reviewed as family: sprite rows (artwork identities unresolved)
type	GAME.EXE|OPEN.EXE	item.h	KfFloorItemFacing	KfFloorItemFacing	retain	include/kf/lib/item.h:157	floor-item facing nibble
enum_constant	GAME.EXE|OPEN.EXE	KfFloorItemFacing	KF_FLOOR_ITEM_FACING_BILLBOARD	KF_FLOOR_ITEM_FACING_BILLBOARD	retain	include/kf/lib/item.h:157	Reviewed as family: facing encodings (unobserved nibbles keep value names)
enum_constant	GAME.EXE|OPEN.EXE	KfFloorItemFacing	KF_FLOOR_ITEM_FACING_ZERO_YAW	KF_FLOOR_ITEM_FACING_ZERO_YAW	retain	include/kf/lib/item.h:157	Reviewed as family: facing encodings (unobserved nibbles keep value names)
enum_constant	GAME.EXE|OPEN.EXE	KfFloorItemFacing	KF_FLOOR_ITEM_FACING_QUARTER_TURN	KF_FLOOR_ITEM_FACING_QUARTER_TURN	retain	include/kf/lib/item.h:157	Reviewed as family: facing encodings (unobserved nibbles keep value names)
enum_constant	GAME.EXE|OPEN.EXE	KfFloorItemFacing	KF_FLOOR_ITEM_FACING_HALF_TURN	KF_FLOOR_ITEM_FACING_HALF_TURN	retain	include/kf/lib/item.h:157	Reviewed as family: facing encodings (unobserved nibbles keep value names)
enum_constant	GAME.EXE|OPEN.EXE	KfFloorItemFacing	KF_FLOOR_ITEM_FACING_THREE_QUARTER_TURN	KF_FLOOR_ITEM_FACING_THREE_QUARTER_TURN	retain	include/kf/lib/item.h:157	Reviewed as family: facing encodings (unobserved nibbles keep value names)
enum_constant	GAME.EXE|OPEN.EXE	KfFloorItemFacing	KF_FLOOR_ITEM_FACING_50	KF_FLOOR_ITEM_FACING_50	keep-unresolved	include/kf/lib/item.h:157	Address/offset/value-derived name; current evidence does not support a semantic replacement.
enum_constant	GAME.EXE|OPEN.EXE	KfFloorItemFacing	KF_FLOOR_ITEM_FACING_60	KF_FLOOR_ITEM_FACING_60	keep-unresolved	include/kf/lib/item.h:157	Address/offset/value-derived name; current evidence does not support a semantic replacement.
enum_constant	GAME.EXE|OPEN.EXE	KfFloorItemFacing	KF_FLOOR_ITEM_FACING_70	KF_FLOOR_ITEM_FACING_70	keep-unresolved	include/kf/lib/item.h:157	Address/offset/value-derived name; current evidence does not support a semantic replacement.
enum_constant	GAME.EXE|OPEN.EXE	KfFloorItemFacing	KF_FLOOR_ITEM_FACING_80	KF_FLOOR_ITEM_FACING_80	keep-unresolved	include/kf/lib/item.h:157	Address/offset/value-derived name; current evidence does not support a semantic replacement.
enum_constant	GAME.EXE|OPEN.EXE	KfFloorItemFacing	KF_FLOOR_ITEM_FACING_90	KF_FLOOR_ITEM_FACING_90	keep-unresolved	include/kf/lib/item.h:157	Address/offset/value-derived name; current evidence does not support a semantic replacement.
enum_constant	GAME.EXE|OPEN.EXE	KfFloorItemFacing	KF_FLOOR_ITEM_FACING_A0	KF_FLOOR_ITEM_FACING_A0	keep-unresolved	include/kf/lib/item.h:157	Address/offset/value-derived name; current evidence does not support a semantic replacement.
enum_constant	GAME.EXE|OPEN.EXE	KfFloorItemFacing	KF_FLOOR_ITEM_FACING_B0	KF_FLOOR_ITEM_FACING_B0	keep-unresolved	include/kf/lib/item.h:157	Address/offset/value-derived name; current evidence does not support a semantic replacement.
enum_constant	GAME.EXE|OPEN.EXE	KfFloorItemFacing	KF_FLOOR_ITEM_FACING_C0	KF_FLOOR_ITEM_FACING_C0	keep-unresolved	include/kf/lib/item.h:157	Address/offset/value-derived name; current evidence does not support a semantic replacement.
enum_constant	GAME.EXE|OPEN.EXE	KfFloorItemFacing	KF_FLOOR_ITEM_FACING_D0	KF_FLOOR_ITEM_FACING_D0	keep-unresolved	include/kf/lib/item.h:157	Address/offset/value-derived name; current evidence does not support a semantic replacement.
enum_constant	GAME.EXE|OPEN.EXE	KfFloorItemFacing	KF_FLOOR_ITEM_FACING_E0	KF_FLOOR_ITEM_FACING_E0	keep-unresolved	include/kf/lib/item.h:157	Address/offset/value-derived name; current evidence does not support a semantic replacement.
enum_constant	GAME.EXE|OPEN.EXE	KfFloorItemFacing	KF_FLOOR_ITEM_FACING_F0	KF_FLOOR_ITEM_FACING_F0	keep-unresolved	include/kf/lib/item.h:157	Address/offset/value-derived name; current evidence does not support a semantic replacement.
type	GAME.EXE|OPEN.EXE	item.h	KfFloorItemAppearance	KfFloorItemAppearance	retain	include/kf/lib/item.h:178	packed facing and frame count
enum_constant	GAME.EXE|OPEN.EXE	KfFloorItemAppearance	KF_FLOOR_ITEM_APPEARANCE_EMPTY	KF_FLOOR_ITEM_APPEARANCE_EMPTY	retain	include/kf/lib/item.h:178	Reviewed as family: appearance masks
enum_constant	GAME.EXE|OPEN.EXE	KfFloorItemAppearance	KF_FLOOR_ITEM_APPEARANCE_FRAME_MASK	KF_FLOOR_ITEM_APPEARANCE_FRAME_MASK	retain	include/kf/lib/item.h:178	Reviewed as family: appearance masks
enum_constant	GAME.EXE|OPEN.EXE	KfFloorItemAppearance	KF_FLOOR_ITEM_APPEARANCE_FACING_MASK	KF_FLOOR_ITEM_APPEARANCE_FACING_MASK	retain	include/kf/lib/item.h:178	Reviewed as family: appearance masks
enum_constant	GAME.EXE|OPEN.EXE	enum@item.h:10	KF_ITEM_COUNT	KF_ITEM_COUNT	retain	include/kf/lib/item.h:10	Reviewed as family: item database/shop/stock bank counts
enum_constant	GAME.EXE|OPEN.EXE	enum@item.h:10	KF_ITEM_SHOP_COUNT	KF_ITEM_SHOP_COUNT	retain	include/kf/lib/item.h:10	Reviewed as family: item database/shop/stock bank counts
enum_constant	GAME.EXE|OPEN.EXE	enum@item.h:10	KF_ITEM_STOCK_BANK_COUNT	KF_ITEM_STOCK_BANK_COUNT	retain	include/kf/lib/item.h:10	Reviewed as family: item database/shop/stock bank counts
enum_constant	GAME.EXE|OPEN.EXE	enum@item.h:23	KF_FLOOR_ITEM_CAPACITY	KF_FLOOR_ITEM_CAPACITY	retain	include/kf/lib/item.h:23	Reviewed as family: floor-item capacity, brightness, stack capacity
enum_constant	GAME.EXE|OPEN.EXE	enum@item.h:23	KF_FLOOR_ITEM_RENDER_BRIGHTNESS	KF_FLOOR_ITEM_RENDER_BRIGHTNESS	retain	include/kf/lib/item.h:23	Reviewed as family: floor-item capacity, brightness, stack capacity
enum_constant	GAME.EXE|OPEN.EXE	enum@item.h:23	KF_ITEM_STACK_CAPACITY	KF_ITEM_STACK_CAPACITY	retain	include/kf/lib/item.h:23	Reviewed as family: floor-item capacity, brightness, stack capacity
enum_constant	GAME.EXE|OPEN.EXE	enum@item.h:148	KF_FLOOR_ITEM_SPRITE_COUNT	KF_FLOOR_ITEM_SPRITE_COUNT	retain	include/kf/lib/item.h:148	Reviewed as family: floor-item sprite/facing/depth rendering constants
enum_constant	GAME.EXE|OPEN.EXE	enum@item.h:148	KF_FLOOR_ITEM_FACING_TO_ANGLE_SHIFT	KF_FLOOR_ITEM_FACING_TO_ANGLE_SHIFT	retain	include/kf/lib/item.h:148	Reviewed as family: floor-item sprite/facing/depth rendering constants
enum_constant	GAME.EXE|OPEN.EXE	enum@item.h:148	KF_FLOOR_ITEM_INITIAL_FRAME_RANDOM_BITS	KF_FLOOR_ITEM_INITIAL_FRAME_RANDOM_BITS	retain	include/kf/lib/item.h:148	Reviewed as family: floor-item sprite/facing/depth rendering constants
enum_constant	GAME.EXE|OPEN.EXE	enum@item.h:148	KF_FLOOR_ITEM_FIXED_FACING_DEPTH_BIAS	KF_FLOOR_ITEM_FIXED_FACING_DEPTH_BIAS	retain	include/kf/lib/item.h:148	Reviewed as family: floor-item sprite/facing/depth rendering constants
enum_constant	GAME.EXE|OPEN.EXE	enum@item.h:148	KF_FLOOR_ITEM_BILLBOARD_DEPTH_BIAS	KF_FLOOR_ITEM_BILLBOARD_DEPTH_BIAS	retain	include/kf/lib/item.h:148	Reviewed as family: floor-item sprite/facing/depth rendering constants
macro	GAME.EXE|OPEN.EXE	map.h	map_object_toggle_progress	map_object_toggle_progress	retain	include/kf/lib/map.h:177	legacy macro form of the bounce progress toggle
function	GAME.EXE|OPEN.EXE	map.h	map_object_toggle_progress	map_object_toggle_progress	retain	include/kf/lib/map.h:171; callers: map_object_pool_update	Name exact. Body: constexpr/macro toggling INIT/RUNNING for bounce actions
function	GAME.EXE|OPEN.EXE	map.h	camera_path_publish_fixed	camera_path_publish_fixed	retain	include/kf/lib/map.h:315; callers: camera_path_begin, opening_camera_path_begin	Name exact. Body: static inline writing Q4 accumulators from the path pose
function	GAME.EXE|OPEN.EXE	map.h	camera_path_advance_pose	camera_path_advance_pose	retain	include/kf/lib/map.h:327; callers: camera_path_step, opening_camera_path_step	Name exact. Body: static inline adding deltas and publishing the pose with y_offset
type	GAME.EXE|OPEN.EXE	map.h	KfMapFloor1Script	KfMapFloor1Script	retain	include/kf/lib/map.h:58; structures.tsv:lib/map.h;asm;game-map-script-state.md;save-read-write:0x2134;floor-stream-stride:1700	floor-1 saved script flags
member	GAME.EXE|OPEN.EXE	KfMapFloor1Script	object_removal_stage	object_removal_stage	retain	include/kf/lib/map.h:58; structure_fields.tsv:lib/map.h;asm;game-map-script-state.md;save-read-write:0x2134;floor-stream-stride:1700	area trigger that removes an object on floor 1; TSV meaning: await entry, await exit, then mark complete before removing the nearby object
member	GAME.EXE|OPEN.EXE	KfMapFloor1Script	actor_activation_stage	actor_activation_stage	retain	include/kf/lib/map.h:58; structure_fields.tsv:lib/map.h;asm;game-map-script-state.md;save-read-write:0x2134;floor-stream-stride:1700	area trigger that activates the tile (7,40) actor; TSV meaning: await entry, await exit, then activate the actor at tile 7,40 and replace the nearby object
member	GAME.EXE|OPEN.EXE	KfMapFloor1Script	passage_opened	passage_opened	retain	include/kf/lib/map.h:58; structure_fields.tsv:lib/map.h;asm;game-map-script-state.md;save-read-write:0x2134;floor-stream-stride:1700	passage copy region applied; TSV meaning: item 56 applies copy region 1 once; reload reapplies it
member	GAME.EXE|OPEN.EXE	KfMapFloor1Script	revival_enabled	revival_enabled	retain	include/kf/lib/map.h:58; structure_fields.tsv:lib/map.h;asm;game-map-script-state.md;save-read-write:0x2134;floor-stream-stride:1700	revival point enabled; TSV meaning: reveal action enables item-47 revival and fixed-position ambient sound
type	GAME.EXE|OPEN.EXE	map.h	KfMapFloor3Script	KfMapFloor3Script	retain	include/kf/lib/map.h:65; structures.tsv:lib/map.h;asm;game-map-script-state.md;save-read-write:0x2134;floor-stream-stride:1700	floor-3 saved script counter
member	GAME.EXE|OPEN.EXE	KfMapFloor3Script	revealed_piece_count	revealed_piece_count	retain	include/kf/lib/map.h:65; structure_fields.tsv:lib/map.h;asm;game-map-script-state.md;save-read-write:0x2134;floor-stream-stride:1700	revealed map pieces; TSV meaning: saturates at four completed reveals, applying copy regions 2 and 3
type	GAME.EXE|OPEN.EXE	map.h	KfMapFloor5Script	KfMapFloor5Script	retain	include/kf/lib/map.h:69; structures.tsv:lib/map.h;asm;game-map-script-state.md;save-read-write:0x2134;floor-stream-stride:1700	floor-5 saved script flags
member	GAME.EXE|OPEN.EXE	KfMapFloor5Script	character_arrived	character_arrived	retain	include/kf/lib/map.h:69; structure_fields.tsv:lib/map.h;asm;game-map-script-state.md;save-read-write:0x2134;floor-stream-stride:1700	event transferred from floor 2 has arrived; TSV meaning: floor-2 event-3 fade enables floor-5 event 1, both character 11
member	GAME.EXE|OPEN.EXE	KfMapFloor5Script	weapon_transformed	weapon_transformed	retain	include/kf/lib/map.h:69; structure_fields.tsv:lib/map.h;asm;game-map-script-state.md;save-read-write:0x2134;floor-stream-stride:1700	weapon-transform cutscene completed; TSV meaning: weapon/item 10 removed and displayed object changed to 11; clears links on reload
member	GAME.EXE|OPEN.EXE	KfMapFloor5Script	boss_encounter_started	boss_encounter_started	retain	include/kf/lib/map.h:69; structure_fields.tsv:lib/map.h;asm;game-map-script-state.md;save-read-write:0x2134;floor-stream-stride:1700	boss encounter started; TSV meaning: enables definition-7 damage, attack clips, copy region 4 and emitter 115
member	GAME.EXE|OPEN.EXE	KfMapFloor5Script	boss_defeat	boss_defeat	retain	include/kf/lib/map.h:69; structure_fields.tsv:lib/map.h;asm;game-map-script-state.md;save-read-write:0x2134;floor-stream-stride:1700	boss defeated; TSV meaning: completed boss death enables final exit and reapplies linked changes on reload
type	GAME.EXE|OPEN.EXE	map.h	KfMapFloorScript	KfMapFloorScript	retain	include/kf/lib/map.h:77; structures.tsv:lib/map.h;asm;game-map-script-state.md;save-read-write:0x2134;floor-stream-stride:1700	per-floor script prefix union
member	GAME.EXE|OPEN.EXE	KfMapFloorScript	bytes	bytes	retain	include/kf/lib/map.h:77; structure_fields.tsv:lib/map.h;asm;game-map-script-state.md;save-read-write:0x2134;floor-stream-stride:1700	raw prefix bytes; TSV meaning: complete serialized prefix; unmodeled bytes have no asserted gameplay meaning
member	GAME.EXE|OPEN.EXE	KfMapFloorScript	floor1	floor1	retain	include/kf/lib/map.h:77; structure_fields.tsv:lib/map.h;asm;game-map-script-state.md;save-read-write:0x2134;floor-stream-stride:1700	floor-1 view; TSV meaning: floor 1 interpretation of the first four prefix bytes
member	GAME.EXE|OPEN.EXE	KfMapFloorScript	floor3	floor3	retain	include/kf/lib/map.h:77; structure_fields.tsv:lib/map.h;asm;game-map-script-state.md;save-read-write:0x2134;floor-stream-stride:1700	floor-3 view; TSV meaning: floor 3 interpretation of the first prefix byte
member	GAME.EXE|OPEN.EXE	KfMapFloorScript	floor5	floor5	retain	include/kf/lib/map.h:77; structure_fields.tsv:lib/map.h;asm;game-map-script-state.md;save-read-write:0x2134;floor-stream-stride:1700	floor-5 view; TSV meaning: floor 5 interpretation of the first four prefix bytes
type	GAME.EXE|OPEN.EXE	map.h	KfMapSavedFloor	KfMapSavedFloor	retain	include/kf/lib/map.h:84; structures.tsv:lib/map.h;asm;game-map-script-state.md;save-read-write:0x2134;floor-stream-stride:1700	one saved floor record
member	GAME.EXE|OPEN.EXE	KfMapSavedFloor	script	script	retain	include/kf/lib/map.h:84; structure_fields.tsv:lib/map.h;asm;game-map-script-state.md;save-read-write:0x2134;floor-stream-stride:1700	floor script prefix; TSV meaning: ten-byte persistent prefix before the sparse runtime stream
member	GAME.EXE|OPEN.EXE	KfMapSavedFloor	records	records	retain	include/kf/lib/map.h:84; structure_fields.tsv:lib/map.h;asm;game-map-script-state.md;save-read-write:0x2134;floor-stream-stride:1700	serialized runtime records; TSV meaning: 1690-byte capacity for variable-length saved event, actor and object records
type	GAME.EXE|OPEN.EXE	map.h	KfMapSavedWorld	KfMapSavedWorld	retain	include/kf/lib/map.h:90; structures.tsv:lib/map.h;asm;game-map-script-state.md;save-read-write:0x2134;floor-stream-stride:1700	five saved floors
member	GAME.EXE|OPEN.EXE	KfMapSavedWorld	floors	floors	retain	include/kf/lib/map.h:90; structure_fields.tsv:lib/map.h;asm;game-map-script-state.md;save-read-write:0x2134;floor-stream-stride:1700	five saved floors; TSV meaning: five 1700-byte saved slots selected by one-based current floor minus one
type	GAME.EXE|OPEN.EXE	map.h	KfMapCellCoordinates	KfMapCellCoordinates	retain	include/kf/lib/map.h:191; structures.tsv:lib/map.h;asm;xrefs;typed-packed-state.md	z/x byte pair
member	GAME.EXE|OPEN.EXE	KfMapCellCoordinates	z	z	retain	include/kf/lib/map.h:191; structure_fields.tsv:lib/map.h;game_semantic_player_motion_attack.tsv;asm;xrefs	cell z byte; TSV meaning: map row derived from world z divided by 2000
member	GAME.EXE|OPEN.EXE	KfMapCellCoordinates	x	x	retain	include/kf/lib/map.h:191; structure_fields.tsv:lib/map.h;game_semantic_player_motion_attack.tsv;asm;xrefs	cell x byte; TSV meaning: map column derived from world x divided by 2000
type	GAME.EXE|OPEN.EXE	map.h	KfMapCell	KfMapCell	retain	include/kf/lib/map.h:197; structures.tsv:lib/map.h;game_semantic_player_motion_attack.tsv;asm;xrefs;typed-packed-state.md	coords/word union
member	GAME.EXE|OPEN.EXE	KfMapCell	coords	coords	retain	include/kf/lib/map.h:197; structure_fields.tsv:lib/map.h;asm;xrefs;typed-packed-state.md	byte view; TSV meaning: unsigned z/x byte coordinates
member	GAME.EXE|OPEN.EXE	KfMapCell	word	word	retain	include/kf/lib/map.h:197; structure_fields.tsv:lib/map.h;asm;xrefs;typed-packed-state.md	packed view compared as one halfword; TSV meaning: unsigned halfword comparison in main loop
type	GAME.EXE|OPEN.EXE	map.h	KfMapCopyRegion	KfMapCopyRegion	retain	include/kf/lib/map.h:202; structures.tsv:lib/map.h;game_semantic_map_runtime.tsv;asm;xrefs	copy rectangle descriptor
member	GAME.EXE|OPEN.EXE	KfMapCopyRegion	source_x	source_x	retain	include/kf/lib/map.h:202; structure_fields.tsv:lib/map.h;asm;xrefs	source rectangle x; TSV meaning: source x
member	GAME.EXE|OPEN.EXE	KfMapCopyRegion	source_z	source_z	retain	include/kf/lib/map.h:202; structure_fields.tsv:lib/map.h;asm;xrefs	source rectangle z; TSV meaning: source z
member	GAME.EXE|OPEN.EXE	KfMapCopyRegion	destination_x	destination_x	retain	include/kf/lib/map.h:202; structure_fields.tsv:lib/map.h;asm;xrefs	destination rectangle x; TSV meaning: destination x
member	GAME.EXE|OPEN.EXE	KfMapCopyRegion	destination_z	destination_z	retain	include/kf/lib/map.h:202; structure_fields.tsv:lib/map.h;asm;xrefs	destination rectangle z; TSV meaning: destination z
member	GAME.EXE|OPEN.EXE	KfMapCopyRegion	width	width	retain	include/kf/lib/map.h:202; structure_fields.tsv:lib/map.h;asm;xrefs	rectangle width; TSV meaning: region width
member	GAME.EXE|OPEN.EXE	KfMapCopyRegion	height	height	retain	include/kf/lib/map.h:202; structure_fields.tsv:lib/map.h;asm;xrefs	rectangle height (z extent); TSV meaning: region height
type	GAME.EXE|OPEN.EXE	map.h	KfMapObjectSpawn	KfMapObjectSpawn	retain	include/kf/lib/map.h:211; structures.tsv:lib/map.h;asm;typed-map-links.md	spawned-drop sequence or emitter effect id
member	GAME.EXE|OPEN.EXE	KfMapObjectSpawn	sequence	sequence	retain	include/kf/lib/map.h:211; structure_fields.tsv:lib/map.h;asm;typed-map-links.md	allocation sequence of a spawned drop; TSV meaning: unsigned wrapping sequence for dropped objects
member	GAME.EXE|OPEN.EXE	KfMapObjectSpawn	effect_id	effect_id	retain	include/kf/lib/map.h:211; structure_fields.tsv:lib/map.h;asm;typed-map-links.md	id passed to emitter effect_pool_construct; TSV meaning: effect constructor first argument for placed objects
type	GAME.EXE|OPEN.EXE	map.h	KfMapObjectParameter	KfMapObjectParameter	retain	include/kf/lib/map.h:217; structures.tsv:lib/map.h;asm;xrefs;enum-field-review.md	effect index, partner object or copy region
member	GAME.EXE|OPEN.EXE	KfMapObjectParameter	effect_index	effect_index	retain	include/kf/lib/map.h:217; structure_fields.tsv:lib/map.h;asm;xrefs;enum-field-review.md	hazard/switch effect record index; TSV meaning: numeric index into effect_pool_records
member	GAME.EXE|OPEN.EXE	KfMapObjectParameter	object_index	object_index	retain	include/kf/lib/map.h:217; structure_fields.tsv:lib/map.h;asm;xrefs;enum-field-review.md	paired door object index; TSV meaning: numeric index into map_object_pool for a paired door
member	GAME.EXE|OPEN.EXE	KfMapObjectParameter	copy_region	copy_region	retain	include/kf/lib/map.h:217; structure_fields.tsv:lib/map.h;asm;xrefs;enum-field-review.md	copy region id; TSV meaning: existing copy-region selector used by the copy behavior
type	GAME.EXE|OPEN.EXE	map.h	KfMapObjectLinkFields	KfMapObjectLinkFields	retain	include/kf/lib/map.h:223; structures.tsv:lib/map.h;asm;typed-map-links.md	generic link block fields
member	GAME.EXE|OPEN.EXE	KfMapObjectLinkFields	link_id	link_id	retain	include/kf/lib/map.h:223; structure_fields.tsv:lib/map.h;asm;map_object_pool_load;typed-map-links.md	trigger link id; TSV meaning: trigger link id
member	GAME.EXE|OPEN.EXE	KfMapObjectLinkFields	action_parameter	action_parameter	retain	include/kf/lib/map.h:223; structure_fields.tsv:lib/map.h;asm;map_object_pool_load;typed-map-links.md;enum-field-review.md	effect index, partner object or copy region; TSV meaning: behavior selects effect-pool index, paired-door object index or typed map-copy region
member	GAME.EXE|OPEN.EXE	KfMapObjectLinkFields	spawn	spawn	retain	include/kf/lib/map.h:223; structure_fields.tsv:lib/map.h;asm;map_object_pool_load;typed-map-links.md	drop sequence or emitter effect id; TSV meaning: unsigned drop sequence or byte effect ID, selected by object behavior
member	GAME.EXE|OPEN.EXE	KfMapObjectLinkFields	vertical_velocity	vertical_velocity	retain	include/kf/lib/map.h:223; structure_fields.tsv:lib/map.h;asm;map_object_pool_load;typed-map-links.md	drop fall velocity / tip angular velocity; TSV meaning: vertical velocity
member	GAME.EXE|OPEN.EXE	KfMapObjectLinkFields	linked_notification	linked_notification	retain	include/kf/lib/map.h:223; structure_fields.tsv:lib/map.h;asm;map_object_pool_load;semantic-field-names.md;asm;CFG;callers;callees;xrefs;game-notification-identities.md;retail-notification-atlas;typed-map-links.md	notification while linked (locked); TSV meaning: notification ID for behavior 8 with a live link; byte message domain propagated directly to the promoted enqueue API
member	GAME.EXE|OPEN.EXE	KfMapObjectLinkFields	default_notification	default_notification	retain	include/kf/lib/map.h:223; structure_fields.tsv:lib/map.h;asm;map_object_pool_load;semantic-field-names.md;asm;CFG;callers;callees;xrefs;game-notification-identities.md;retail-notification-atlas;typed-map-links.md	default notification; TSV meaning: default notification ID in map interaction; byte message domain propagated directly to the promoted enqueue API
type	GAME.EXE|OPEN.EXE	map.h	KfMapObjectHingedContainer	KfMapObjectHingedContainer	retain	include/kf/lib/map.h:232; structures.tsv:lib/map.h;asm;typed-map-links.md	container link view
member	GAME.EXE|OPEN.EXE	KfMapObjectHingedContainer	link_id	link_id	retain	include/kf/lib/map.h:232; structure_fields.tsv:lib/map.h;asm;typed-map-links.md	container lock link; TSV meaning: trigger link byte
member	GAME.EXE|OPEN.EXE	KfMapObjectHingedContainer	item_ids	item_ids	retain	include/kf/lib/map.h:232; structure_fields.tsv:lib/map.h;asm;typed-map-links.md;strict-enum-audit.md	contained items; TSV meaning: four encoded item IDs
type	GAME.EXE|OPEN.EXE	map.h	KfMapObjectLink	KfMapObjectLink	retain	include/kf/lib/map.h:238; structures.tsv:lib/map.h;asm;map_object_pool_load	eight-byte link payload union
member	GAME.EXE|OPEN.EXE	KfMapObjectLink	fields	fields	retain	include/kf/lib/map.h:238; structure_fields.tsv:lib/map.h;asm;typed-map-links.md	generic link fields; TSV meaning: behavior-dependent byte and halfword fields
member	GAME.EXE|OPEN.EXE	KfMapObjectLink	gold_amount	gold_amount	retain	include/kf/lib/map.h:238; structure_fields.tsv:lib/map.h;asm;typed-map-links.md	gold of a gold-drop object; TSV meaning: gold-coin amount loaded and stored as one halfword
member	GAME.EXE|OPEN.EXE	KfMapObjectLink	hinged_container	hinged_container	retain	include/kf/lib/map.h:238; structure_fields.tsv:lib/map.h;asm;typed-map-links.md	container view; TSV meaning: trigger byte followed by four encoded item IDs
member	GAME.EXE|OPEN.EXE	KfMapObjectLink	item_ids	item_ids	retain	include/kf/lib/map.h:238; structure_fields.tsv:lib/map.h;asm;typed-map-links.md;strict-enum-audit.md	item-container view; TSV meaning: four encoded item IDs for ordinary containers
member	GAME.EXE|OPEN.EXE	KfMapObjectLink	words	words	retain	include/kf/lib/map.h:238; structure_fields.tsv:lib/map.h;asm;map_object_pool_load;typed-map-links.md	two-word copy view; TSV meaning: aligned two-word transfer representation of the complete eight-byte link
type	GAME.EXE|OPEN.EXE	map.h	KfMapObjectPlacement	KfMapObjectPlacement	retain	include/kf/lib/map.h:247; structures.tsv:lib/map.h;game_semantic_map_objects.tsv;runtime-stride	20-byte serialized object placement
member	GAME.EXE|OPEN.EXE	KfMapObjectPlacement	object_id	object_id	retain	include/kf/lib/map.h:247; structure_fields.tsv:lib/map.h;asm;map_object_pool_load	encoded object id; 0xff terminates; TSV meaning: object id; 0xff terminates the placement list
member	GAME.EXE|OPEN.EXE	KfMapObjectPlacement	unknown_01	unknown_01	keep-unresolved	include/kf/lib/map.h:247; structure_fields.tsv:lib/map.h;asm;map_object_pool_load	Address/offset/value-derived name; current evidence does not support a semantic replacement. meaning unresolved
member	GAME.EXE|OPEN.EXE	KfMapObjectPlacement	tile_z	tile_z	retain	include/kf/lib/map.h:247; structure_fields.tsv:lib/map.h;asm;map_object_pool_load	tile z; TSV meaning: map tile z
member	GAME.EXE|OPEN.EXE	KfMapObjectPlacement	tile_x	tile_x	retain	include/kf/lib/map.h:247; structure_fields.tsv:lib/map.h;asm;map_object_pool_load	tile x; TSV meaning: map tile x
member	GAME.EXE|OPEN.EXE	KfMapObjectPlacement	yaw	yaw	retain	include/kf/lib/map.h:247; structure_fields.tsv:lib/map.h;asm;map_object_pool_load	initial yaw; TSV meaning: initial yaw, masked to 12 bits
member	GAME.EXE|OPEN.EXE	KfMapObjectPlacement	local_z	local_z	retain	include/kf/lib/map.h:247; structure_fields.tsv:lib/map.h;asm;map_object_pool_load	tile offset z; TSV meaning: offset within the tile
member	GAME.EXE|OPEN.EXE	KfMapObjectPlacement	local_x	local_x	retain	include/kf/lib/map.h:247; structure_fields.tsv:lib/map.h;asm;map_object_pool_load	tile offset x; TSV meaning: offset within the tile
member	GAME.EXE|OPEN.EXE	KfMapObjectPlacement	local_y	local_y	retain	include/kf/lib/map.h:247; structure_fields.tsv:lib/map.h;asm;map_object_pool_load	Y offset above the floor; TSV meaning: height offset above the floor height grid
member	GAME.EXE|OPEN.EXE	KfMapObjectPlacement	link	link	retain	include/kf/lib/map.h:247; structure_fields.tsv:lib/map.h;asm;map_object_pool_load	copied link block; TSV meaning: link block copied into the pool object
type	GAME.EXE|OPEN.EXE	map.h	KfMapObjectDefinition	KfMapObjectDefinition	retain	include/kf/lib/map.h:259; structures.tsv:lib/map.h;game_semantic_map_objects.tsv;asm;xrefs	eight-byte object definition
member	GAME.EXE|OPEN.EXE	KfMapObjectDefinition	behavior_type	behavior_type	retain	include/kf/lib/map.h:259; structure_fields.tsv:lib/map.h;asm;xrefs	operation started for the object; TSV meaning: behavior selector
member	GAME.EXE|OPEN.EXE	KfMapObjectDefinition	unknown_01	unknown_01	keep-unresolved	include/kf/lib/map.h:259; structure_fields.tsv:lib/map.h;asm;xrefs	Address/offset/value-derived name; current evidence does not support a semantic replacement. meaning unresolved
member	GAME.EXE|OPEN.EXE	KfMapObjectDefinition	collision_radius	collision_radius	retain	include/kf/lib/map.h:259; structure_fields.tsv:lib/map.h;asm;xrefs	collision radius; zero skips collision and occupancy; TSV meaning: collision radius
member	GAME.EXE|OPEN.EXE	KfMapObjectDefinition	interaction_radius	interaction_radius	retain	include/kf/lib/map.h:259; structure_fields.tsv:lib/map.h;asm;xrefs	interaction search radius; TSV meaning: interaction radius
member	GAME.EXE|OPEN.EXE	KfMapObjectDefinition	unknown_06	unknown_06	keep-unresolved	include/kf/lib/map.h:259; structure_fields.tsv:lib/map.h;asm;xrefs	Address/offset/value-derived name; current evidence does not support a semantic replacement. meaning unresolved
type	GAME.EXE|OPEN.EXE	map.h	KfMapObjectDefinitionTable	KfMapObjectDefinitionTable	retain	include/kf/lib/map.h:267; structures.tsv:lib/map.h;asm;typed-map-tables.md	160 definitions
member	GAME.EXE|OPEN.EXE	KfMapObjectDefinitionTable	entries	entries	retain	include/kf/lib/map.h:267; structure_fields.tsv:asm;typed-map-tables.md;cast-union-debt.md	160 definitions indexed by object id; TSV meaning: canonical 160-record table
type	GAME.EXE|OPEN.EXE	map.h	KfMapObject	KfMapObject	retain	include/kf/lib/map.h:271; structures.tsv:lib/map.h;game_semantic_map_objects.tsv;asm;xrefs	runtime map object
member	GAME.EXE|OPEN.EXE	KfMapObject	object_id	object_id	retain	include/kf/lib/map.h:271; structure_fields.tsv:lib/map.h;asm;xrefs	object identity; NONE is free; TSV meaning: object definition ID
member	GAME.EXE|OPEN.EXE	KfMapObject	unknown_01	unknown_01	keep-unresolved	include/kf/lib/map.h:271; structure_fields.tsv:lib/map.h;asm;xrefs	Address/offset/value-derived name; current evidence does not support a semantic replacement. meaning unresolved
member	GAME.EXE|OPEN.EXE	KfMapObject	cell_x	cell_x	retain	include/kf/lib/map.h:271; structure_fields.tsv:lib/map.h;asm;xrefs	cell x; TSV meaning: map cell x
member	GAME.EXE|OPEN.EXE	KfMapObject	cell_z	cell_z	retain	include/kf/lib/map.h:271; structure_fields.tsv:lib/map.h;asm;xrefs	cell z; TSV meaning: map cell z
member	GAME.EXE|OPEN.EXE	KfMapObject	unknown_06	unknown_06	keep-unresolved	include/kf/lib/map.h:271; structure_fields.tsv:lib/map.h;asm;xrefs	Address/offset/value-derived name; current evidence does not support a semantic replacement. meaning unresolved
member	GAME.EXE|OPEN.EXE	KfMapObject	position	position	retain	include/kf/lib/map.h:271; structure_fields.tsv:lib/map.h;asm;xrefs;collision_query_world;typed-world-transforms.md	world position; TSV meaning: complete world position including the fourth lane copied by collision and effect construction
member	GAME.EXE|OPEN.EXE	KfMapObject	rotation	rotation	retain	include/kf/lib/map.h:271; structure_fields.tsv:lib/map.h;asm;xrefs;collision_query_world;typed-world-transforms.md	Euler rotation; TSV meaning: SDK/Euler rotation; collision and effect construction copy all eight bytes
member	GAME.EXE|OPEN.EXE	KfMapObject	link	link	retain	include/kf/lib/map.h:271; structure_fields.tsv:lib/map.h;asm;map_object_pool_load	link payload; TSV meaning: link block copied verbatim from the placement record
member	GAME.EXE|OPEN.EXE	KfMapObject	action	action	retain	include/kf/lib/map.h:271; structure_fields.tsv:lib/map.h;asm;xrefs	running operation; NONE idle; TSV meaning: action dispatcher selector
member	GAME.EXE|OPEN.EXE	KfMapObject	unknown_29	unknown_29	keep-unresolved	include/kf/lib/map.h:271; structure_fields.tsv:lib/map.h;asm;xrefs	Address/offset/value-derived name; current evidence does not support a semantic replacement. meaning unresolved
member	GAME.EXE|OPEN.EXE	KfMapObject	action_timer	action_timer	retain	include/kf/lib/map.h:271; structure_fields.tsv:lib/map.h;asm;xrefs;strict-enum-audit.md	action progress/timer; TSV meaning: action timer
type	GAME.EXE|OPEN.EXE	map.h	KfCameraPathPoint	KfCameraPathPoint	retain	include/kf/lib/map.h:295; structures.tsv:lib/map.h;game_semantic_camera_events.tsv;asm;xrefs	serialized camera path point
member	GAME.EXE|OPEN.EXE	KfCameraPathPoint	position	position	retain	include/kf/lib/map.h:295; structure_fields.tsv:lib/map.h;asm;xrefs	target position of the segment; TSV meaning: path position
member	GAME.EXE|OPEN.EXE	KfCameraPathPoint	rotation	rotation	retain	include/kf/lib/map.h:295; structure_fields.tsv:lib/map.h;asm;xrefs	target rotation of the segment; TSV meaning: path rotation
member	GAME.EXE|OPEN.EXE	KfCameraPathPoint	speed	speed	retain	include/kf/lib/map.h:295; structure_fields.tsv:lib/map.h;asm;xrefs	world units per frame toward the point; TSV meaning: segment speed
member	GAME.EXE|OPEN.EXE	KfCameraPathPoint	unknown_1a	unknown_1a	keep-unresolved	include/kf/lib/map.h:295; structure_fields.tsv:lib/map.h;asm;xrefs	Address/offset/value-derived name; current evidence does not support a semantic replacement. meaning unresolved
type	GAME.EXE|OPEN.EXE	map.h	KfCameraPathState	KfCameraPathState	retain	include/kf/lib/map.h:302; structures.tsv:lib/map.h;game_semantic_camera_events.tsv;asm;xrefs	runtime camera path interpolator
member	GAME.EXE|OPEN.EXE	KfCameraPathState	points	points	retain	include/kf/lib/map.h:302; structure_fields.tsv:lib/map.h;asm;xrefs	path point array; TSV meaning: path point cursor/base
member	GAME.EXE|OPEN.EXE	KfCameraPathState	position	position	retain	include/kf/lib/map.h:302; structure_fields.tsv:lib/map.h;asm;xrefs	emitted camera position; TSV meaning: current integer position
member	GAME.EXE|OPEN.EXE	KfCameraPathState	rotation	rotation	retain	include/kf/lib/map.h:302; structure_fields.tsv:lib/map.h;asm;xrefs	emitted camera rotation; TSV meaning: current integer rotation
member	GAME.EXE|OPEN.EXE	KfCameraPathState	position_fixed	position_fixed	retain	include/kf/lib/map.h:302; structure_fields.tsv:lib/map.h;asm;xrefs	Q4 position accumulator; TSV meaning: fixed-point position
member	GAME.EXE|OPEN.EXE	KfCameraPathState	rotation_fixed	rotation_fixed	retain	include/kf/lib/map.h:302; structure_fields.tsv:lib/map.h;asm;xrefs	Q4 rotation accumulator; TSV meaning: fixed-point rotation
member	GAME.EXE|OPEN.EXE	KfCameraPathState	position_delta	position_delta	retain	include/kf/lib/map.h:302; structure_fields.tsv:lib/map.h;asm;xrefs	Q4 per-frame position delta; TSV meaning: per-frame position delta
member	GAME.EXE|OPEN.EXE	KfCameraPathState	rotation_delta	rotation_delta	retain	include/kf/lib/map.h:302; structure_fields.tsv:lib/map.h;asm;xrefs	Q4 per-frame rotation delta; TSV meaning: per-frame rotation delta
member	GAME.EXE|OPEN.EXE	KfCameraPathState	point_index	point_index	retain	include/kf/lib/map.h:302; structure_fields.tsv:lib/map.h;asm;xrefs	next point index; TSV meaning: current path point index
member	GAME.EXE|OPEN.EXE	KfCameraPathState	unknown_5e	unknown_5e	keep-unresolved	include/kf/lib/map.h:302; structure_fields.tsv:lib/map.h;asm;xrefs	Address/offset/value-derived name; current evidence does not support a semantic replacement. meaning unresolved
member	GAME.EXE|OPEN.EXE	KfCameraPathState	frames_remaining	frames_remaining	retain	include/kf/lib/map.h:302; structure_fields.tsv:lib/map.h;asm;xrefs	frames left in the segment; -1 finished; TSV meaning: segment frame countdown
type	GAME.EXE|OPEN.EXE	map.h	KfDialoguePageLimits	KfDialoguePageLimits	retain	include/kf/lib/map.h:382; structures.tsv:lib/map.h;game_semantic_camera_events.tsv;asm	last page per dialogue stage
member	GAME.EXE|OPEN.EXE	KfDialoguePageLimits	last_page	last_page	retain	include/kf/lib/map.h:382; structure_fields.tsv:lib/map.h;asm;xrefs;game-map-dialogue-state.md	last page per stage; TSV meaning: last accessible page per dialogue stage; zero disables dialogue at that stage
type	GAME.EXE|OPEN.EXE	map.h	KfMapEventDefinition	KfMapEventDefinition	retain	include/kf/lib/map.h:386; structures.tsv:lib/map.h;game_semantic_camera_events.tsv;asm;xrefs	serialized map event definition
member	GAME.EXE|OPEN.EXE	KfMapEventDefinition	state	state	retain	include/kf/lib/map.h:386; structure_fields.tsv:lib/map.h;asm;xrefs;game-map-dialogue-state.md	initial event state; 0xff terminates; TSV meaning: 0 authored inactive; 1 active; 3 runtime disabled; 255 free/end marker
member	GAME.EXE|OPEN.EXE	KfMapEventDefinition	character_id	character_id	retain	include/kf/lib/map.h:386; structure_fields.tsv:lib/map.h;asm;xrefs;game-map-dialogue-state.md	character identity; TSV meaning: TALK directory and filename character ID; also shop and interaction-script selector
member	GAME.EXE|OPEN.EXE	KfMapEventDefinition	model_index	model_index	retain	include/kf/lib/map.h:386; structure_fields.tsv:lib/map.h;asm;xrefs;game-map-dialogue-state.md	model index in the event asset bank; TSV meaning: model index relative to the map-event asset bank
member	GAME.EXE|OPEN.EXE	KfMapEventDefinition	cell_z	cell_z	retain	include/kf/lib/map.h:386; structure_fields.tsv:lib/map.h;asm;xrefs	home cell z; TSV meaning: map cell z
member	GAME.EXE|OPEN.EXE	KfMapEventDefinition	cell_x	cell_x	retain	include/kf/lib/map.h:386; structure_fields.tsv:lib/map.h;asm;xrefs	home cell x; TSV meaning: map cell x
member	GAME.EXE|OPEN.EXE	KfMapEventDefinition	dialogue_pages	dialogue_pages	retain	include/kf/lib/map.h:386; structure_fields.tsv:lib/map.h;asm;xrefs;game-map-dialogue-state.md	last pages per stage; TSV meaning: last accessible page for each of five one-based dialogue stages
member	GAME.EXE|OPEN.EXE	KfMapEventDefinition	dialogue_stage_limit	dialogue_stage_limit	retain	include/kf/lib/map.h:386; structure_fields.tsv:lib/map.h;asm;xrefs;game-map-dialogue-state.md	initial stage limit; TSV meaning: maximum dialogue stage allowed by this record
member	GAME.EXE|OPEN.EXE	KfMapEventDefinition	unknown_0b	unknown_0b	keep-unresolved	include/kf/lib/map.h:386; structure_fields.tsv:lib/map.h;asm;xrefs;semantic-field-names.md:unresolved-consumer-audit	Address/offset/value-derived name; current evidence does not support a semantic replacement. Source byte for runtime KfMapEvent +0x0c; GAME 0x8003397c reads base+18-7. Reviewed floor resources contain zero; no behavior established.
member	GAME.EXE|OPEN.EXE	KfMapEventDefinition	unknown_0c	unknown_0c	keep-unresolved	include/kf/lib/map.h:386; structure_fields.tsv:lib/map.h;asm;xrefs;semantic-field-names.md:unresolved-consumer-audit	Address/offset/value-derived name; current evidence does not support a semantic replacement. Source byte for runtime KfMapEvent +0x0d; GAME 0x80033988 reads base+18-6. The runtime byte survives world-state save/restore; meaning unresolved.
member	GAME.EXE|OPEN.EXE	KfMapEventDefinition	behavior	behavior	retain	include/kf/lib/map.h:386; structure_fields.tsv:lib/map.h;asm;xrefs;semantic-field-names.md;asm;CFG;callers;callees;xrefs;game-map-dialogue-state.md	shop/wander/loop behaviour; TSV meaning: 0 shop interaction; 1 wander; 2 looping animation with optional interaction clip
member	GAME.EXE|OPEN.EXE	KfMapEventDefinition	position_z_offset	position_z_offset	retain	include/kf/lib/map.h:386; structure_fields.tsv:lib/map.h;asm;xrefs	offset within the home cell; TSV meaning: z position offset
member	GAME.EXE|OPEN.EXE	KfMapEventDefinition	position_x_offset	position_x_offset	retain	include/kf/lib/map.h:386; structure_fields.tsv:lib/map.h;asm;xrefs	offset within the home cell; TSV meaning: x position offset
member	GAME.EXE|OPEN.EXE	KfMapEventDefinition	initial_rotation	initial_rotation	retain	include/kf/lib/map.h:386; structure_fields.tsv:lib/map.h;asm;xrefs	initial yaw; TSV meaning: initial rotation
member	GAME.EXE|OPEN.EXE	KfMapEventDefinition	radius	radius	retain	include/kf/lib/map.h:386; structure_fields.tsv:lib/map.h;asm;xrefs	interaction/collision radius; TSV meaning: interaction radius
member	GAME.EXE|OPEN.EXE	KfMapEventDefinition	unknown_16	unknown_16	keep-unresolved	include/kf/lib/map.h:386; structure_fields.tsv:lib/map.h;asm;xrefs	Address/offset/value-derived name; current evidence does not support a semantic replacement. meaning unresolved
type	GAME.EXE|OPEN.EXE	map.h	KfDialogueFields	KfDialogueFields	retain	include/kf/lib/map.h:404; structures.tsv:lib/map.h;asm;xrefs;typed-packed-state.md	dialogue byte fields
member	GAME.EXE|OPEN.EXE	KfDialogueFields	stage_limit	stage_limit	retain	include/kf/lib/map.h:404; structure_fields.tsv:lib/map.h;asm;xrefs;game-map-dialogue-state.md;typed-packed-state.md	highest reachable stage; TSV meaning: maximum dialogue stage allowed by this record
member	GAME.EXE|OPEN.EXE	KfDialogueFields	stage	stage	retain	include/kf/lib/map.h:404; structure_fields.tsv:lib/map.h;asm;xrefs;game-map-dialogue-state.md;typed-packed-state.md	current one-based stage; TSV meaning: one-based dialogue stage advanced with highest-floor progress
member	GAME.EXE|OPEN.EXE	KfDialogueFields	page	page	retain	include/kf/lib/map.h:404; structure_fields.tsv:lib/map.h;asm;xrefs;game-map-dialogue-state.md;typed-packed-state.md	current page; TSV meaning: one-based dialogue page; incremented and capped by the current stage limit
member	GAME.EXE|OPEN.EXE	KfDialogueFields	page_delay	page_delay	retain	include/kf/lib/map.h:404; structure_fields.tsv:lib/map.h;asm;xrefs;game-map-dialogue-state.md;typed-packed-state.md	gated countdown before the page advances; TSV meaning: remaining gated ticks before advancing one dialogue page; one tick per four pool updates
type	GAME.EXE|OPEN.EXE	map.h	KfDialogueState	KfDialogueState	retain	include/kf/lib/map.h:412; structures.tsv:lib/map.h;asm;xrefs;typed-packed-state.md	dialogue fields/word union
member	GAME.EXE|OPEN.EXE	KfDialogueState	fields	fields	retain	include/kf/lib/map.h:412; structure_fields.tsv:lib/map.h;asm;xrefs;typed-packed-state.md	byte view; TSV meaning: byte view used by dialogue progression and save encoding
member	GAME.EXE|OPEN.EXE	KfDialogueState	word	word	retain	include/kf/lib/map.h:412; structure_fields.tsv:lib/map.h;asm;xrefs;typed-packed-state.md	packed word compared by the action scripts; TSV meaning: script trigger word whose low cap byte is masked away
type	GAME.EXE|OPEN.EXE	map.h	KfMapEvent	KfMapEvent	retain	include/kf/lib/map.h:417; structures.tsv:lib/map.h;game_semantic_camera_events.tsv;asm;xrefs	runtime map event
member	GAME.EXE|OPEN.EXE	KfMapEvent	state	state	retain	include/kf/lib/map.h:417; structure_fields.tsv:lib/map.h;asm;xrefs;game-map-dialogue-state.md	inactive/active/disabled/free; TSV meaning: 0 authored inactive; 1 active; 3 runtime disabled; 255 free/end marker
member	GAME.EXE|OPEN.EXE	KfMapEvent	character_id	character_id	retain	include/kf/lib/map.h:417; structure_fields.tsv:lib/map.h;asm;xrefs;game-map-dialogue-state.md	TALK/shop/script character selector; TSV meaning: TALK directory and filename character ID; also shop and interaction-script selector
member	GAME.EXE|OPEN.EXE	KfMapEvent	model_index	model_index	retain	include/kf/lib/map.h:417; structure_fields.tsv:lib/map.h;asm;xrefs;game-map-dialogue-state.md	event model index; TSV meaning: model index relative to the map-event asset bank
member	GAME.EXE|OPEN.EXE	KfMapEvent	dialogue_pages	dialogue_pages	retain	include/kf/lib/map.h:417; structure_fields.tsv:lib/map.h;asm;xrefs;game-map-dialogue-state.md	runtime page limits (scripts extend them); TSV meaning: last accessible page for each of five one-based dialogue stages
member	GAME.EXE|OPEN.EXE	KfMapEvent	dialogue	dialogue	retain	include/kf/lib/map.h:417; structure_fields.tsv:lib/map.h;asm;xrefs;typed-packed-state.md	stage/page/delay state; TSV meaning: live dialogue cap, stage, page and delay state
member	GAME.EXE|OPEN.EXE	KfMapEvent	unknown_0c	unknown_0c	keep-unresolved	include/kf/lib/map.h:417; structure_fields.tsv:lib/map.h;asm;xrefs;semantic-field-names.md:unresolved-consumer-audit	Address/offset/value-derived name; current evidence does not support a semantic replacement. Copied from definition +0x0b by GAME 0x8003397c/0x80033984 (source base+18, runtime base+30); no behavioral consumer established.
member	GAME.EXE|OPEN.EXE	KfMapEvent	unknown_0d	unknown_0d	keep-unresolved	include/kf/lib/map.h:417; structure_fields.tsv:lib/map.h;asm;xrefs;semantic-field-names.md:unresolved-consumer-audit	Address/offset/value-derived name; current evidence does not support a semantic replacement. Copied from definition +0x0c at GAME 0x80033988/0x80033990; serialized at 0x80035bfc and restored at 0x80035f10. Persistence is proven by accesses; gameplay meaning unresolved.
member	GAME.EXE|OPEN.EXE	KfMapEvent	behavior	behavior	retain	include/kf/lib/map.h:417; structure_fields.tsv:lib/map.h;asm;xrefs;semantic-field-names.md;asm;CFG;callers;callees;xrefs;game-map-dialogue-state.md	behaviour dispatched by map_event_pool_update; TSV meaning: 0 shop interaction; 1 wander; 2 looping animation with optional interaction clip
member	GAME.EXE|OPEN.EXE	KfMapEvent	animation_clip	animation_clip	retain	include/kf/lib/map.h:417; structure_fields.tsv:lib/map.h;map-event-animation-turn-domains.md;asm;xrefs;semantic-field-names.md;asm;CFG;callers;callees;xrefs;strict-enum-audit.md	clip passed to render_bind_animated_instance; TSV meaning: clip index passed to render_bind_animated_instance
member	GAME.EXE|OPEN.EXE	KfMapEvent	collision_turn_pending	collision_turn_pending	retain	include/kf/lib/map.h:417; structure_fields.tsv:lib/map.h;map-event-animation-turn-domains.md;asm;xrefs;semantic-field-names.md;asm;CFG;callers;callees;xrefs	suppresses another random heading after a collision turn; TSV meaning: collision selected a yaw; suppresses another random heading until the turn completes
member	GAME.EXE|OPEN.EXE	KfMapEvent	unknown_11	unknown_11	keep-unresolved	include/kf/lib/map.h:417; structure_fields.tsv:lib/map.h;asm;xrefs	Address/offset/value-derived name; current evidence does not support a semantic replacement. meaning unresolved
member	GAME.EXE|OPEN.EXE	KfMapEvent	animation_phase	animation_phase	retain	include/kf/lib/map.h:417; structure_fields.tsv:lib/map.h;asm;xrefs;game-map-dialogue-state.md	animation phase; TSV meaning: u16 animation keyframe phase, modulo 4096 during continuous playback; separate from yaw
member	GAME.EXE|OPEN.EXE	KfMapEvent	cell_x	cell_x	retain	include/kf/lib/map.h:417; structure_fields.tsv:lib/map.h;asm;xrefs	current cell x; TSV meaning: map cell x
member	GAME.EXE|OPEN.EXE	KfMapEvent	cell_z	cell_z	retain	include/kf/lib/map.h:417; structure_fields.tsv:lib/map.h;asm;xrefs	current cell z; TSV meaning: map cell z
member	GAME.EXE|OPEN.EXE	KfMapEvent	radius	radius	retain	include/kf/lib/map.h:417; structure_fields.tsv:lib/map.h;asm;xrefs	collision/interaction radius; TSV meaning: interaction radius
member	GAME.EXE|OPEN.EXE	KfMapEvent	unknown_22	unknown_22	keep-unresolved	include/kf/lib/map.h:417; structure_fields.tsv:lib/map.h;asm;xrefs	Address/offset/value-derived name; current evidence does not support a semantic replacement. meaning unresolved
member	GAME.EXE|OPEN.EXE	KfMapEvent	reference_position	reference_position	retain	include/kf/lib/map.h:417; structure_fields.tsv:lib/map.h;asm;xrefs;collision_query_world;typed-world-transforms.md	live query/render position; TSV meaning: current query/render position; wander updates X/Z, floor load sets Y, collision copies the fourth lane
member	GAME.EXE|OPEN.EXE	KfMapEvent	rotation	rotation	retain	include/kf/lib/map.h:417; structure_fields.tsv:lib/map.h;asm;xrefs;semantic-field-names.md;asm;CFG;callers;callees;xrefs;collision_query_world;typed-world-transforms.md	rotation; vy is the heading; TSV meaning: complete signed SDK rotation including copied pad; loader initializes X/Z to zero and yaw drives wandering
member	GAME.EXE|OPEN.EXE	KfMapEvent	animation_cache	animation_cache	retain	include/kf/lib/map.h:417; structure_fields.tsv:lib/map.h;asm;game_semantic_animation_slots.tsv	animation-cache record slot; TSV meaning: live animation record installed through the event+0x3c slot; follows the rotation view and precedes rotation_target without overlap
member	GAME.EXE|OPEN.EXE	KfMapEvent	rotation_target	rotation_target	retain	include/kf/lib/map.h:417; structure_fields.tsv:lib/map.h;asm;xrefs	target yaw of wander turning; TSV meaning: target rotation
member	GAME.EXE|OPEN.EXE	KfMapEvent	unknown_42	unknown_42	keep-unresolved	include/kf/lib/map.h:417; structure_fields.tsv:lib/map.h;asm;xrefs	Address/offset/value-derived name; current evidence does not support a semantic replacement. meaning unresolved
type	GAME.EXE|OPEN.EXE	map.h	KfMapObjectState	KfMapObjectState	retain	include/kf/lib/map.h:444; structures.tsv:lib/map.h;asm;base-register;game_main_loop;opening_entity_pool_reset;data-repair-campaign.md	complete map-object owner
member	GAME.EXE|OPEN.EXE	KfMapObjectState	definitions	definitions	retain	include/kf/lib/map.h:444; structure_fields.tsv:lib/map.h;asm;base-register;map_object_pool_clear_link;typed-map-tables.md	160 definitions; TSV meaning: member of the map_object_state aggregate
member	GAME.EXE|OPEN.EXE	KfMapObjectState	objects	objects	retain	include/kf/lib/map.h:444; structure_fields.tsv:lib/map.h;asm;base-register;map_object_pool_clear_link	190 object records; TSV meaning: member of the map_object_state aggregate
member	GAME.EXE|OPEN.EXE	KfMapObjectState	unknown_25a8	unknown_25a8	keep-unresolved	include/kf/lib/map.h:444; structure_fields.tsv:game_main_loop;OPEN-pool-tail-lineage;data-repair-campaign.md	Address/offset/value-derived name; current evidence does not support a semantic replacement. within complete startup clear; no identified nonzero consumer
type	GAME.EXE|OPEN.EXE	map.h	KfMapRuntimeState	KfMapRuntimeState	retain	include/kf/lib/map.h:454; structures.tsv:lib/map.h;game_main_loop:0x2360-clear;world-state-pool-relative-addresses;spinner-current-minus-544	complete map runtime owner
member	GAME.EXE|OPEN.EXE	KfMapRuntimeState	events	events	retain	include/kf/lib/map.h:454; structure_fields.tsv:lib/map.h;asm;0x44-stride;8-record-loop	eight map events; TSV meaning: live map-event records
member	GAME.EXE|OPEN.EXE	KfMapRuntimeState	current_event	current_event	retain	include/kf/lib/map.h:454; structure_fields.tsv:lib/map.h;asm;map_event_set_current;spinner-current-minus-544	event bound by map_event_set_current; TSV meaning: selected event pointer
member	GAME.EXE|OPEN.EXE	KfMapRuntimeState	variant_asset_buffer	variant_asset_buffer	retain	include/kf/lib/map.h:454; structure_fields.tsv:lib/map.h;asm;map_variant_assets_load	CHRn.MIM variant asset buffer; TSV meaning: persistent CHR variant allocation
member	GAME.EXE|OPEN.EXE	KfMapRuntimeState	dialogue_advance_gate	dialogue_advance_gate	retain	include/kf/lib/map.h:454; structure_fields.tsv:lib/map.h;asm;map_event_timers_reset;map_event_pool_update	tick gate for dialogue page delays; TSV meaning: dialogue page delay tick gate: 3, 2, 1, 0, then reload 3
member	GAME.EXE|OPEN.EXE	KfMapRuntimeState	ambient_script_countdown	ambient_script_countdown	retain	include/kf/lib/map.h:454; structure_fields.tsv:lib/map.h;asm;map_event_timers_reset;map_event_pool_update	countdown before running the floor ambient script; TSV meaning: per-floor ambient-script countdown
member	GAME.EXE|OPEN.EXE	KfMapRuntimeState	world_state	world_state	retain	include/kf/lib/map.h:454; structure_fields.tsv:lib/map.h;save-read-write:0x2134-copy;game_state_initialize:0x2134-clear;game-map-script-state.md	saved per-floor world block; TSV meaning: word-aligned saved world: five 1700-byte slots with typed floor-script prefixes
type	GAME.EXE|OPEN.EXE	map.h	KfMapScriptFlag	KfMapScriptFlag	retain	include/kf/lib/map.h:47	unset/set script flag
enum_constant	GAME.EXE|OPEN.EXE	KfMapScriptFlag	KF_MAP_SCRIPT_UNSET	KF_MAP_SCRIPT_UNSET	retain	include/kf/lib/map.h:47	Reviewed as family: flag values
enum_constant	GAME.EXE|OPEN.EXE	KfMapScriptFlag	KF_MAP_SCRIPT_SET	KF_MAP_SCRIPT_SET	retain	include/kf/lib/map.h:47	Reviewed as family: flag values
type	GAME.EXE|OPEN.EXE	map.h	KfMapAreaTriggerStage	KfMapAreaTriggerStage	retain	include/kf/lib/map.h:52	entry/exit/complete area trigger stage
enum_constant	GAME.EXE|OPEN.EXE	KfMapAreaTriggerStage	KF_MAP_TRIGGER_AWAIT_ENTRY	KF_MAP_TRIGGER_AWAIT_ENTRY	retain	include/kf/lib/map.h:52	Reviewed as family: trigger stages
enum_constant	GAME.EXE|OPEN.EXE	KfMapAreaTriggerStage	KF_MAP_TRIGGER_AWAIT_EXIT	KF_MAP_TRIGGER_AWAIT_EXIT	retain	include/kf/lib/map.h:52	Reviewed as family: trigger stages
enum_constant	GAME.EXE|OPEN.EXE	KfMapAreaTriggerStage	KF_MAP_TRIGGER_COMPLETE	KF_MAP_TRIGGER_COMPLETE	retain	include/kf/lib/map.h:52	Reviewed as family: trigger stages
type	GAME.EXE|OPEN.EXE	map.h	KfMapObjectOperation	KfMapObjectOperation	retain	include/kf/lib/map.h:95	object behaviour/action codes
enum_constant	GAME.EXE|OPEN.EXE	KfMapObjectOperation	KF_MAP_OBJECT_OP_HINGED_DOOR	KF_MAP_OBJECT_OP_HINGED_DOOR	retain	include/kf/lib/map.h:95	Reviewed as family: operations by action handler (OP_03 kept unresolved)
enum_constant	GAME.EXE|OPEN.EXE	KfMapObjectOperation	KF_MAP_OBJECT_OP_HINGED_DOOR_PARTNER	KF_MAP_OBJECT_OP_HINGED_DOOR_PARTNER	retain	include/kf/lib/map.h:95	Reviewed as family: operations by action handler (OP_03 kept unresolved)
enum_constant	GAME.EXE|OPEN.EXE	KfMapObjectOperation	KF_MAP_OBJECT_OP_LIFT_DOOR	KF_MAP_OBJECT_OP_LIFT_DOOR	retain	include/kf/lib/map.h:95	Reviewed as family: operations by action handler (OP_03 kept unresolved)
enum_constant	GAME.EXE|OPEN.EXE	KfMapObjectOperation	KF_MAP_OBJECT_OP_HINGED_CONTAINER	KF_MAP_OBJECT_OP_HINGED_CONTAINER	retain	include/kf/lib/map.h:95	Reviewed as family: operations by action handler (OP_03 kept unresolved)
enum_constant	GAME.EXE|OPEN.EXE	KfMapObjectOperation	KF_MAP_OBJECT_OP_ITEM_CONTAINER	KF_MAP_OBJECT_OP_ITEM_CONTAINER	retain	include/kf/lib/map.h:95	Reviewed as family: operations by action handler (OP_03 kept unresolved)
enum_constant	GAME.EXE|OPEN.EXE	KfMapObjectOperation	KF_MAP_OBJECT_OP_COPY_REGION	KF_MAP_OBJECT_OP_COPY_REGION	retain	include/kf/lib/map.h:95	Reviewed as family: operations by action handler (OP_03 kept unresolved)
enum_constant	GAME.EXE|OPEN.EXE	KfMapObjectOperation	KF_MAP_OBJECT_OP_RESTORE_POINT	KF_MAP_OBJECT_OP_RESTORE_POINT	retain	include/kf/lib/map.h:95	Reviewed as family: operations by action handler (OP_03 kept unresolved)
enum_constant	GAME.EXE|OPEN.EXE	KfMapObjectOperation	KF_MAP_OBJECT_OP_REVEAL_MAP_PIECE	KF_MAP_OBJECT_OP_REVEAL_MAP_PIECE	retain	include/kf/lib/map.h:95	Reviewed as family: operations by action handler (OP_03 kept unresolved)
enum_constant	GAME.EXE|OPEN.EXE	KfMapObjectOperation	KF_MAP_OBJECT_OP_SCREEN_IMAGE	KF_MAP_OBJECT_OP_SCREEN_IMAGE	retain	include/kf/lib/map.h:95	Reviewed as family: operations by action handler (OP_03 kept unresolved)
enum_constant	GAME.EXE|OPEN.EXE	KfMapObjectOperation	KF_MAP_OBJECT_OP_SAVE_POINT	KF_MAP_OBJECT_OP_SAVE_POINT	retain	include/kf/lib/map.h:95	Reviewed as family: operations by action handler (OP_03 kept unresolved)
enum_constant	GAME.EXE|OPEN.EXE	KfMapObjectOperation	KF_MAP_OBJECT_OP_ITEM_PICKUP	KF_MAP_OBJECT_OP_ITEM_PICKUP	retain	include/kf/lib/map.h:95	Reviewed as family: operations by action handler (OP_03 kept unresolved)
enum_constant	GAME.EXE|OPEN.EXE	KfMapObjectOperation	KF_MAP_OBJECT_OP_GOLD_PICKUP	KF_MAP_OBJECT_OP_GOLD_PICKUP	retain	include/kf/lib/map.h:95	Reviewed as family: operations by action handler (OP_03 kept unresolved)
enum_constant	GAME.EXE|OPEN.EXE	KfMapObjectOperation	KF_MAP_OBJECT_OP_PROJECTILE_EMITTER	KF_MAP_OBJECT_OP_PROJECTILE_EMITTER	retain	include/kf/lib/map.h:95	Reviewed as family: operations by action handler (OP_03 kept unresolved)
enum_constant	GAME.EXE|OPEN.EXE	KfMapObjectOperation	KF_MAP_OBJECT_OP_RELEASE_ORBIT_OR_SHORT_SWING	KF_MAP_OBJECT_OP_RELEASE_ORBIT_OR_SHORT_SWING	retain	include/kf/lib/map.h:95	Reviewed as family: operations by action handler (OP_03 kept unresolved)
enum_constant	GAME.EXE|OPEN.EXE	KfMapObjectOperation	KF_MAP_OBJECT_OP_RELEASE_LONG_SWING	KF_MAP_OBJECT_OP_RELEASE_LONG_SWING	retain	include/kf/lib/map.h:95	Reviewed as family: operations by action handler (OP_03 kept unresolved)
enum_constant	GAME.EXE|OPEN.EXE	KfMapObjectOperation	KF_MAP_OBJECT_OP_EFFECT_SWITCH	KF_MAP_OBJECT_OP_EFFECT_SWITCH	retain	include/kf/lib/map.h:95	Reviewed as family: operations by action handler (OP_03 kept unresolved)
enum_constant	GAME.EXE|OPEN.EXE	KfMapObjectOperation	KF_MAP_OBJECT_OP_FALL_AND_TIP	KF_MAP_OBJECT_OP_FALL_AND_TIP	retain	include/kf/lib/map.h:95	Reviewed as family: operations by action handler (OP_03 kept unresolved)
enum_constant	GAME.EXE|OPEN.EXE	KfMapObjectOperation	KF_MAP_OBJECT_OP_FALL_AND_SPIN	KF_MAP_OBJECT_OP_FALL_AND_SPIN	retain	include/kf/lib/map.h:95	Reviewed as family: operations by action handler (OP_03 kept unresolved)
enum_constant	GAME.EXE|OPEN.EXE	KfMapObjectOperation	KF_MAP_OBJECT_OP_BOUNCE	KF_MAP_OBJECT_OP_BOUNCE	retain	include/kf/lib/map.h:95	Reviewed as family: operations by action handler (OP_03 kept unresolved)
enum_constant	GAME.EXE|OPEN.EXE	KfMapObjectOperation	KF_MAP_OBJECT_OP_NONE	KF_MAP_OBJECT_OP_NONE	retain	include/kf/lib/map.h:95	Reviewed as family: operations by action handler (OP_03 kept unresolved)
enum_constant	GAME.EXE|OPEN.EXE	KfMapObjectOperation	KF_MAP_OBJECT_OP_HINGED_DOOR_END	KF_MAP_OBJECT_OP_HINGED_DOOR_END	retain	include/kf/lib/map.h:95	Reviewed as family: operations by action handler (OP_03 kept unresolved)
enum_constant	GAME.EXE|OPEN.EXE	KfMapObjectOperation	KF_MAP_OBJECT_OP_LINK_TRIGGER_END	KF_MAP_OBJECT_OP_LINK_TRIGGER_END	retain	include/kf/lib/map.h:95	Reviewed as family: operations by action handler (OP_03 kept unresolved)
enum_constant	GAME.EXE|OPEN.EXE	KfMapObjectOperation	KF_MAP_OBJECT_OP_LINK_CLEAR_LAST	KF_MAP_OBJECT_OP_LINK_CLEAR_LAST	retain	include/kf/lib/map.h:95	Reviewed as family: operations by action handler (OP_03 kept unresolved)
type	GAME.EXE|OPEN.EXE	map.h	KfMapCopyRegionId	KfMapCopyRegionId	retain	include/kf/lib/map.h:129	copy region ids
enum_constant	GAME.EXE|OPEN.EXE	KfMapCopyRegionId	KF_MAP_COPY_FLOOR1_GRAVESTONE	KF_MAP_COPY_FLOOR1_GRAVESTONE	retain	include/kf/lib/map.h:129	Reviewed as family: copy regions by floor and use
enum_constant	GAME.EXE|OPEN.EXE	KfMapCopyRegionId	KF_MAP_COPY_FLOOR1_PASSAGE	KF_MAP_COPY_FLOOR1_PASSAGE	retain	include/kf/lib/map.h:129	Reviewed as family: copy regions by floor and use
enum_constant	GAME.EXE|OPEN.EXE	KfMapCopyRegionId	KF_MAP_COPY_FLOOR3_REVEAL_FIRST	KF_MAP_COPY_FLOOR3_REVEAL_FIRST	retain	include/kf/lib/map.h:129	Reviewed as family: copy regions by floor and use
enum_constant	GAME.EXE|OPEN.EXE	KfMapCopyRegionId	KF_MAP_COPY_FLOOR3_REVEAL_SECOND	KF_MAP_COPY_FLOOR3_REVEAL_SECOND	retain	include/kf/lib/map.h:129	Reviewed as family: copy regions by floor and use
enum_constant	GAME.EXE|OPEN.EXE	KfMapCopyRegionId	KF_MAP_COPY_FLOOR5_BOSS_ENCOUNTER	KF_MAP_COPY_FLOOR5_BOSS_ENCOUNTER	retain	include/kf/lib/map.h:129	Reviewed as family: copy regions by floor and use
enum_constant	GAME.EXE|OPEN.EXE	KfMapCopyRegionId	KF_MAP_COPY_REGION_NONE	KF_MAP_COPY_REGION_NONE	retain	include/kf/lib/map.h:129	Reviewed as family: copy regions by floor and use
type	GAME.EXE|OPEN.EXE	map.h	KfMapObjectProgress	KfMapObjectProgress	retain	include/kf/lib/map.h:151	object action timer/progress values
enum_constant	GAME.EXE|OPEN.EXE	KfMapObjectProgress	KF_MAP_OBJECT_PROGRESS_INIT	KF_MAP_OBJECT_PROGRESS_INIT	retain	include/kf/lib/map.h:151	Reviewed as family: action progress values by door/reveal/switch timeline
enum_constant	GAME.EXE|OPEN.EXE	KfMapObjectProgress	KF_MAP_OBJECT_PROGRESS_RUNNING	KF_MAP_OBJECT_PROGRESS_RUNNING	retain	include/kf/lib/map.h:151	Reviewed as family: action progress values by door/reveal/switch timeline
enum_constant	GAME.EXE|OPEN.EXE	KfMapObjectProgress	KF_MAP_OBJECT_SWING_OPEN_LAST	KF_MAP_OBJECT_SWING_OPEN_LAST	retain	include/kf/lib/map.h:151	Reviewed as family: action progress values by door/reveal/switch timeline
enum_constant	GAME.EXE|OPEN.EXE	KfMapObjectProgress	KF_MAP_OBJECT_SWING_OPEN_END	KF_MAP_OBJECT_SWING_OPEN_END	retain	include/kf/lib/map.h:151	Reviewed as family: action progress values by door/reveal/switch timeline
enum_constant	GAME.EXE|OPEN.EXE	KfMapObjectProgress	KF_MAP_OBJECT_LIFT_OPEN_LAST	KF_MAP_OBJECT_LIFT_OPEN_LAST	retain	include/kf/lib/map.h:151	Reviewed as family: action progress values by door/reveal/switch timeline
enum_constant	GAME.EXE|OPEN.EXE	KfMapObjectProgress	KF_MAP_OBJECT_LIFT_OPEN_END	KF_MAP_OBJECT_LIFT_OPEN_END	retain	include/kf/lib/map.h:151	Reviewed as family: action progress values by door/reveal/switch timeline
enum_constant	GAME.EXE|OPEN.EXE	KfMapObjectProgress	KF_MAP_OBJECT_DOOR_HOLD_FIRST	KF_MAP_OBJECT_DOOR_HOLD_FIRST	retain	include/kf/lib/map.h:151	Reviewed as family: action progress values by door/reveal/switch timeline
enum_constant	GAME.EXE|OPEN.EXE	KfMapObjectProgress	KF_MAP_OBJECT_DOOR_CLOSE_FIRST	KF_MAP_OBJECT_DOOR_CLOSE_FIRST	retain	include/kf/lib/map.h:151	Reviewed as family: action progress values by door/reveal/switch timeline
enum_constant	GAME.EXE|OPEN.EXE	KfMapObjectProgress	KF_MAP_OBJECT_SWING_CLOSE_END	KF_MAP_OBJECT_SWING_CLOSE_END	retain	include/kf/lib/map.h:151	Reviewed as family: action progress values by door/reveal/switch timeline
enum_constant	GAME.EXE|OPEN.EXE	KfMapObjectProgress	KF_MAP_OBJECT_LIFT_CLOSE_END	KF_MAP_OBJECT_LIFT_CLOSE_END	retain	include/kf/lib/map.h:151	Reviewed as family: action progress values by door/reveal/switch timeline
enum_constant	GAME.EXE|OPEN.EXE	KfMapObjectProgress	KF_MAP_OBJECT_REVEAL_SETTLE_END	KF_MAP_OBJECT_REVEAL_SETTLE_END	retain	include/kf/lib/map.h:151	Reviewed as family: action progress values by door/reveal/switch timeline
enum_constant	GAME.EXE|OPEN.EXE	KfMapObjectProgress	KF_MAP_OBJECT_SWITCH_READY	KF_MAP_OBJECT_SWITCH_READY	retain	include/kf/lib/map.h:151	Reviewed as family: action progress values by door/reveal/switch timeline
enum_constant	GAME.EXE|OPEN.EXE	KfMapObjectProgress	KF_MAP_OBJECT_SWITCH_FORWARD	KF_MAP_OBJECT_SWITCH_FORWARD	retain	include/kf/lib/map.h:151	Reviewed as family: action progress values by door/reveal/switch timeline
enum_constant	GAME.EXE|OPEN.EXE	KfMapObjectProgress	KF_MAP_OBJECT_SWITCH_DISABLED	KF_MAP_OBJECT_SWITCH_DISABLED	retain	include/kf/lib/map.h:151	Reviewed as family: action progress values by door/reveal/switch timeline
enum_constant	GAME.EXE|OPEN.EXE	KfMapObjectProgress	KF_MAP_OBJECT_SWITCH_REVERSE	KF_MAP_OBJECT_SWITCH_REVERSE	retain	include/kf/lib/map.h:151	Reviewed as family: action progress values by door/reveal/switch timeline
type	GAME.EXE|OPEN.EXE	map.h	KfMapObjectDropSource	KfMapObjectDropSource	retain	include/kf/lib/map.h:180	placement/definition drop source
enum_constant	GAME.EXE|OPEN.EXE	KfMapObjectDropSource	KF_MAP_OBJECT_DROP_FROM_PLACEMENT	KF_MAP_OBJECT_DROP_FROM_PLACEMENT	retain	include/kf/lib/map.h:180	Reviewed as family: drop sources
enum_constant	GAME.EXE|OPEN.EXE	KfMapObjectDropSource	KF_MAP_OBJECT_DROP_FROM_DEFINITION	KF_MAP_OBJECT_DROP_FROM_DEFINITION	retain	include/kf/lib/map.h:180	Reviewed as family: drop sources
type	GAME.EXE|OPEN.EXE	map.h	KfCharacterId	KfCharacterId	retain	include/kf/lib/map.h:342	map event character ids with scripted roles
enum_constant	GAME.EXE|OPEN.EXE	KfCharacterId	KF_CHARACTER_KEY_OF_THE_DEAD_EXCHANGE	KF_CHARACTER_KEY_OF_THE_DEAD_EXCHANGE	retain	include/kf/lib/map.h:342	Reviewed as family: character ids named by their scripted exchange/unlock role
enum_constant	GAME.EXE|OPEN.EXE	KfCharacterId	KF_CHARACTER_HARP_EXCHANGE	KF_CHARACTER_HARP_EXCHANGE	retain	include/kf/lib/map.h:342	Reviewed as family: character ids named by their scripted exchange/unlock role
enum_constant	GAME.EXE|OPEN.EXE	KfCharacterId	KF_CHARACTER_HEALING_EXCHANGE	KF_CHARACTER_HEALING_EXCHANGE	retain	include/kf/lib/map.h:342	Reviewed as family: character ids named by their scripted exchange/unlock role
enum_constant	GAME.EXE|OPEN.EXE	KfCharacterId	KF_CHARACTER_FLOOR3_DOOR_UNLOCKER	KF_CHARACTER_FLOOR3_DOOR_UNLOCKER	retain	include/kf/lib/map.h:342	Reviewed as family: character ids named by their scripted exchange/unlock role
type	GAME.EXE|OPEN.EXE	map.h	KfMapEventState	KfMapEventState	retain	include/kf/lib/map.h:349	map event states
enum_constant	GAME.EXE|OPEN.EXE	KfMapEventState	KF_MAP_EVENT_INACTIVE	KF_MAP_EVENT_INACTIVE	retain	include/kf/lib/map.h:349	Reviewed as family: event states
enum_constant	GAME.EXE|OPEN.EXE	KfMapEventState	KF_MAP_EVENT_ACTIVE	KF_MAP_EVENT_ACTIVE	retain	include/kf/lib/map.h:349	Reviewed as family: event states
enum_constant	GAME.EXE|OPEN.EXE	KfMapEventState	KF_MAP_EVENT_DISABLED	KF_MAP_EVENT_DISABLED	retain	include/kf/lib/map.h:349	Reviewed as family: event states
enum_constant	GAME.EXE|OPEN.EXE	KfMapEventState	KF_MAP_EVENT_FREE	KF_MAP_EVENT_FREE	retain	include/kf/lib/map.h:349	Reviewed as family: event states
type	GAME.EXE|OPEN.EXE	map.h	KfMapEventBehavior	KfMapEventBehavior	retain	include/kf/lib/map.h:356	map event behaviours
enum_constant	GAME.EXE|OPEN.EXE	KfMapEventBehavior	KF_MAP_EVENT_BEHAVIOR_SHOP	KF_MAP_EVENT_BEHAVIOR_SHOP	retain	include/kf/lib/map.h:356	Reviewed as family: behaviours
enum_constant	GAME.EXE|OPEN.EXE	KfMapEventBehavior	KF_MAP_EVENT_BEHAVIOR_WANDER	KF_MAP_EVENT_BEHAVIOR_WANDER	retain	include/kf/lib/map.h:356	Reviewed as family: behaviours
enum_constant	GAME.EXE|OPEN.EXE	KfMapEventBehavior	KF_MAP_EVENT_BEHAVIOR_ANIMATION_LOOP	KF_MAP_EVENT_BEHAVIOR_ANIMATION_LOOP	retain	include/kf/lib/map.h:356	Reviewed as family: behaviours
type	GAME.EXE|OPEN.EXE	map.h	KfMapEventCollisionTurn	KfMapEventCollisionTurn	retain	include/kf/lib/map.h:362	collision-turn latch
enum_constant	GAME.EXE|OPEN.EXE	KfMapEventCollisionTurn	KF_MAP_EVENT_COLLISION_TURN_NONE	KF_MAP_EVENT_COLLISION_TURN_NONE	retain	include/kf/lib/map.h:362	Reviewed as family: latch values
enum_constant	GAME.EXE|OPEN.EXE	KfMapEventCollisionTurn	KF_MAP_EVENT_COLLISION_TURN_PENDING	KF_MAP_EVENT_COLLISION_TURN_PENDING	retain	include/kf/lib/map.h:362	Reviewed as family: latch values
enum_constant	GAME.EXE|OPEN.EXE	enum@map.h:19	MAP_INTERACTION_PROBE_DISTANCE	MAP_INTERACTION_PROBE_DISTANCE	retain	include/kf/lib/map.h:19	Reviewed as family: interaction probe distance, radius padding and door facing tolerance
enum_constant	GAME.EXE|OPEN.EXE	enum@map.h:19	MAP_INTERACTION_RADIUS_PADDING	MAP_INTERACTION_RADIUS_PADDING	retain	include/kf/lib/map.h:19	Reviewed as family: interaction probe distance, radius padding and door facing tolerance
enum_constant	GAME.EXE|OPEN.EXE	enum@map.h:19	MAP_DOOR_FACING_TOLERANCE	MAP_DOOR_FACING_TOLERANCE	retain	include/kf/lib/map.h:19	Reviewed as family: interaction probe distance, radius padding and door facing tolerance
enum_constant	GAME.EXE|OPEN.EXE	enum@map.h:25	KF_MAP_OBJECT_DEFINITION_COUNT	KF_MAP_OBJECT_DEFINITION_COUNT	retain	include/kf/lib/map.h:25	Reviewed as family: map object/event counts and resource path size; KF_MAP_OBJECT_EFFECT_FIRST marks the reserved spawned-object band
enum_constant	GAME.EXE|OPEN.EXE	enum@map.h:25	KF_MAP_OBJECT_DEFINITION_WORD_COUNT	KF_MAP_OBJECT_DEFINITION_WORD_COUNT	retain	include/kf/lib/map.h:25	Reviewed as family: map object/event counts and resource path size; KF_MAP_OBJECT_EFFECT_FIRST marks the reserved spawned-object band
enum_constant	GAME.EXE|OPEN.EXE	enum@map.h:25	KF_MAP_RESOURCE_PATH_BYTES	KF_MAP_RESOURCE_PATH_BYTES	retain	include/kf/lib/map.h:25	Reviewed as family: map object/event counts and resource path size; KF_MAP_OBJECT_EFFECT_FIRST marks the reserved spawned-object band
enum_constant	GAME.EXE|OPEN.EXE	enum@map.h:25	KF_MAP_OBJECT_CAPACITY	KF_MAP_OBJECT_CAPACITY	retain	include/kf/lib/map.h:25	Reviewed as family: map object/event counts and resource path size; KF_MAP_OBJECT_EFFECT_FIRST marks the reserved spawned-object band
enum_constant	GAME.EXE|OPEN.EXE	enum@map.h:25	KF_MAP_CONTAINER_ITEM_COUNT	KF_MAP_CONTAINER_ITEM_COUNT	retain	include/kf/lib/map.h:25	Reviewed as family: map object/event counts and resource path size; KF_MAP_OBJECT_EFFECT_FIRST marks the reserved spawned-object band
enum_constant	GAME.EXE|OPEN.EXE	enum@map.h:25	KF_MAP_OBJECT_EFFECT_FIRST	KF_MAP_OBJECT_EFFECT_FIRST	retain	include/kf/lib/map.h:25	Reviewed as family: map object/event counts and resource path size; KF_MAP_OBJECT_EFFECT_FIRST marks the reserved spawned-object band
enum_constant	GAME.EXE|OPEN.EXE	enum@map.h:25	KF_MAP_EVENT_CAPACITY	KF_MAP_EVENT_CAPACITY	retain	include/kf/lib/map.h:25	Reviewed as family: map object/event counts and resource path size; KF_MAP_OBJECT_EFFECT_FIRST marks the reserved spawned-object band
enum_constant	GAME.EXE|OPEN.EXE	enum@map.h:36	KF_MAP_SAVED_FLOOR_COUNT	KF_MAP_SAVED_FLOOR_COUNT	retain	include/kf/lib/map.h:36	Reviewed as family: saved-world layout sizes and floor-3 reveal requirement
enum_constant	GAME.EXE|OPEN.EXE	enum@map.h:36	KF_MAP_SAVED_FLOOR_BYTES	KF_MAP_SAVED_FLOOR_BYTES	retain	include/kf/lib/map.h:36	Reviewed as family: saved-world layout sizes and floor-3 reveal requirement
enum_constant	GAME.EXE|OPEN.EXE	enum@map.h:36	KF_MAP_SAVED_RECORDS_OFFSET	KF_MAP_SAVED_RECORDS_OFFSET	retain	include/kf/lib/map.h:36	Reviewed as family: saved-world layout sizes and floor-3 reveal requirement
enum_constant	GAME.EXE|OPEN.EXE	enum@map.h:36	KF_MAP_SAVED_RECORD_BYTES	KF_MAP_SAVED_RECORD_BYTES	retain	include/kf/lib/map.h:36	Reviewed as family: saved-world layout sizes and floor-3 reveal requirement
enum_constant	GAME.EXE|OPEN.EXE	enum@map.h:36	KF_MAP_SAVED_WORLD_WORDS	KF_MAP_SAVED_WORLD_WORDS	retain	include/kf/lib/map.h:36	Reviewed as family: saved-world layout sizes and floor-3 reveal requirement
enum_constant	GAME.EXE|OPEN.EXE	enum@map.h:36	KF_MAP_SAVED_WORLD_BYTES	KF_MAP_SAVED_WORLD_BYTES	retain	include/kf/lib/map.h:36	Reviewed as family: saved-world layout sizes and floor-3 reveal requirement
enum_constant	GAME.EXE|OPEN.EXE	enum@map.h:36	KF_MAP_SAVED_YAW_SHIFT	KF_MAP_SAVED_YAW_SHIFT	retain	include/kf/lib/map.h:36	Reviewed as family: saved-world layout sizes and floor-3 reveal requirement
enum_constant	GAME.EXE|OPEN.EXE	enum@map.h:36	KF_MAP_FLOOR3_REQUIRED_REVEALS	KF_MAP_FLOOR3_REQUIRED_REVEALS	retain	include/kf/lib/map.h:36	Reviewed as family: saved-world layout sizes and floor-3 reveal requirement
enum_constant	GAME.EXE|OPEN.EXE	enum@map.h:123	KF_MAP_LINK_BOSS_EMITTERS	KF_MAP_LINK_BOSS_EMITTERS	retain	include/kf/lib/map.h:123	Reviewed as family: authored link groups with evidenced roles
enum_constant	GAME.EXE|OPEN.EXE	enum@map.h:123	KF_MAP_LINK_WEAPON_TRANSFORM_DOORS	KF_MAP_LINK_WEAPON_TRANSFORM_DOORS	retain	include/kf/lib/map.h:123	Reviewed as family: authored link groups with evidenced roles
enum_constant	GAME.EXE|OPEN.EXE	enum@map.h:123	KF_MAP_LINK_FLOOR5_SWORD_DOOR	KF_MAP_LINK_FLOOR5_SWORD_DOOR	retain	include/kf/lib/map.h:123	Reviewed as family: authored link groups with evidenced roles
enum_constant	GAME.EXE|OPEN.EXE	enum@map.h:139	KF_MAP_COPY_REGION_COUNT	KF_MAP_COPY_REGION_COUNT	retain	include/kf/lib/map.h:139	Reviewed as family: link/parameter sentinels, copy region count and drop-band first slots/capacity
enum_constant	GAME.EXE|OPEN.EXE	enum@map.h:139	KF_MAP_LINK_NONE	KF_MAP_LINK_NONE	retain	include/kf/lib/map.h:139	Reviewed as family: link/parameter sentinels, copy region count and drop-band first slots/capacity
enum_constant	GAME.EXE|OPEN.EXE	enum@map.h:139	KF_MAP_OBJECT_PARAMETER_NONE	KF_MAP_OBJECT_PARAMETER_NONE	retain	include/kf/lib/map.h:139	Reviewed as family: link/parameter sentinels, copy region count and drop-band first slots/capacity
enum_constant	GAME.EXE|OPEN.EXE	enum@map.h:139	KF_MAP_LINK_REUSABLE_FIRST	KF_MAP_LINK_REUSABLE_FIRST	retain	include/kf/lib/map.h:139	Reviewed as family: link/parameter sentinels, copy region count and drop-band first slots/capacity
enum_constant	GAME.EXE|OPEN.EXE	enum@map.h:139	KF_MAP_OBJECT_EFFECT_GROUP_CAPACITY	KF_MAP_OBJECT_EFFECT_GROUP_CAPACITY	retain	include/kf/lib/map.h:139	Reviewed as family: link/parameter sentinels, copy region count and drop-band first slots/capacity
enum_constant	GAME.EXE|OPEN.EXE	enum@map.h:139	KF_MAP_OBJECT_GOLD_DROP_FIRST	KF_MAP_OBJECT_GOLD_DROP_FIRST	retain	include/kf/lib/map.h:139	Reviewed as family: link/parameter sentinels, copy region count and drop-band first slots/capacity
enum_constant	GAME.EXE|OPEN.EXE	enum@map.h:139	KF_MAP_OBJECT_DEFINITION_DROP_FIRST	KF_MAP_OBJECT_DEFINITION_DROP_FIRST	retain	include/kf/lib/map.h:139	Reviewed as family: link/parameter sentinels, copy region count and drop-band first slots/capacity
enum_constant	GAME.EXE|OPEN.EXE	enum@map.h:139	KF_MAP_OBJECT_PLACEMENT_DROP_FIRST	KF_MAP_OBJECT_PLACEMENT_DROP_FIRST	retain	include/kf/lib/map.h:139	Reviewed as family: link/parameter sentinels, copy region count and drop-band first slots/capacity
enum_constant	GAME.EXE|OPEN.EXE	enum@map.h:186	KF_MAP_OBJECT_REVEAL_DEPTH	KF_MAP_OBJECT_REVEAL_DEPTH	retain	include/kf/lib/map.h:186	Reviewed as family: map-piece reveal depth/settle step
enum_constant	GAME.EXE|OPEN.EXE	enum@map.h:186	KF_MAP_OBJECT_REVEAL_SETTLE_STEP	KF_MAP_OBJECT_REVEAL_SETTLE_STEP	retain	include/kf/lib/map.h:186	Reviewed as family: map-piece reveal depth/settle step
enum_constant	GAME.EXE|OPEN.EXE	enum@map.h:290	KF_CAMERA_PATH_END_X	KF_CAMERA_PATH_END_X	retain	include/kf/lib/map.h:290	Reviewed as family: camera path terminators
enum_constant	GAME.EXE|OPEN.EXE	enum@map.h:290	KF_CAMERA_PATH_FINISHED	KF_CAMERA_PATH_FINISHED	retain	include/kf/lib/map.h:290	Reviewed as family: camera path terminators
enum_constant	GAME.EXE|OPEN.EXE	enum@map.h:367	KF_DIALOGUE_STAGE_COUNT	KF_DIALOGUE_STAGE_COUNT	retain	include/kf/lib/map.h:367	Reviewed as family: dialogue stage/page/delay and map-event animation constants
enum_constant	GAME.EXE|OPEN.EXE	enum@map.h:367	KF_DIALOGUE_FIRST_STAGE	KF_DIALOGUE_FIRST_STAGE	retain	include/kf/lib/map.h:367	Reviewed as family: dialogue stage/page/delay and map-event animation constants
enum_constant	GAME.EXE|OPEN.EXE	enum@map.h:367	KF_DIALOGUE_FIRST_PAGE	KF_DIALOGUE_FIRST_PAGE	retain	include/kf/lib/map.h:367	Reviewed as family: dialogue stage/page/delay and map-event animation constants
enum_constant	GAME.EXE|OPEN.EXE	enum@map.h:367	KF_DIALOGUE_GATE_RELOAD	KF_DIALOGUE_GATE_RELOAD	retain	include/kf/lib/map.h:367	Reviewed as family: dialogue stage/page/delay and map-event animation constants
enum_constant	GAME.EXE|OPEN.EXE	enum@map.h:367	KF_DIALOGUE_PAGE_DELAY_TICKS	KF_DIALOGUE_PAGE_DELAY_TICKS	retain	include/kf/lib/map.h:367	Reviewed as family: dialogue stage/page/delay and map-event animation constants
enum_constant	GAME.EXE|OPEN.EXE	enum@map.h:367	KF_MAP_EVENT_ANIMATION_PHASE_MASK	KF_MAP_EVENT_ANIMATION_PHASE_MASK	retain	include/kf/lib/map.h:367	Reviewed as family: dialogue stage/page/delay and map-event animation constants
enum_constant	GAME.EXE|OPEN.EXE	enum@map.h:367	KF_MAP_EVENT_ANIMATION_TALK_POSE	KF_MAP_EVENT_ANIMATION_TALK_POSE	retain	include/kf/lib/map.h:367	Reviewed as family: dialogue stage/page/delay and map-event animation constants
enum_constant	GAME.EXE|OPEN.EXE	enum@map.h:367	KF_MAP_EVENT_ANIMATION_WANDER_STEP	KF_MAP_EVENT_ANIMATION_WANDER_STEP	retain	include/kf/lib/map.h:367	Reviewed as family: dialogue stage/page/delay and map-event animation constants
enum_constant	GAME.EXE|OPEN.EXE	enum@map.h:367	KF_MAP_EVENT_ANIMATION_LOOP_STEP	KF_MAP_EVENT_ANIMATION_LOOP_STEP	retain	include/kf/lib/map.h:367	Reviewed as family: dialogue stage/page/delay and map-event animation constants
enum_constant	GAME.EXE|OPEN.EXE	enum@map.h:367	KF_MAP_EVENT_ANIMATION_TALK_STEP	KF_MAP_EVENT_ANIMATION_TALK_STEP	retain	include/kf/lib/map.h:367	Reviewed as family: dialogue stage/page/delay and map-event animation constants
enum_constant	GAME.EXE|OPEN.EXE	enum@map.h:367	KF_MAP_EVENT_ANIMATION_FINISH_STEP	KF_MAP_EVENT_ANIMATION_FINISH_STEP	retain	include/kf/lib/map.h:367	Reviewed as family: dialogue stage/page/delay and map-event animation constants
macro	GAME.EXE|OPEN.EXE	map_data.h	MAP_CELL_HAS_FULL_FLOOR	MAP_CELL_HAS_FULL_FLOOR	retain	include/kf/lib/map_data.h:147	floor or step cell kinds
function	GAME.EXE|OPEN.EXE	map_data.h	map_placement_axis_position	map_placement_axis_position	retain	include/kf/lib/map_data.h:22; callers: actor_initialize_at_home, actor_pool_load_placements, actor_update_awareness, actor_update_current_action, item_load_floor_placements, map_object_pool_load, opening_entity_pool_load_placements	Name exact. Body: static inline tile*2000+local
type	GAME.EXE|OPEN.EXE	map_data.h	KfMapGrid	KfMapGrid	retain	include/kf/lib/map_data.h:168; structures.tsv:map_data.h;asm;cast-union-debt.md	generic byte grid union
member	GAME.EXE|OPEN.EXE	KfMapGrid	cells	cells	retain	include/kf/lib/map_data.h:168; structure_fields.tsv:asm;typed-map-tables.md;cast-union-debt.md	row-major bytes; TSV meaning: canonical row/column grid
member	GAME.EXE|OPEN.EXE	KfMapGrid	linear	linear	retain	include/kf/lib/map_data.h:168; structure_fields.tsv:map_data.h;asm;collision_query_world;map_floor_height_for_cell_position;cast-union-debt.md	flat bytes; TSV meaning: same row-major cells addressed by a flat collision index; dual-index union is a reconstruction convenience
member	GAME.EXE|OPEN.EXE	KfMapGrid	words	words	retain	include/kf/lib/map_data.h:168; structure_fields.tsv:map_data.h;asm;map_resource_copy_words;resource_stream_copy_words	resource word view; TSV meaning: aligned word-transfer representation sharing the complete cell-grid extent
type	GAME.EXE|OPEN.EXE	map_data.h	KfMapAttributeGrid	KfMapAttributeGrid	retain	include/kf/lib/map_data.h:174; structures.tsv:map_data.h;asm;xrefs;cast-union-debt.md	attribute grid union
member	GAME.EXE|OPEN.EXE	KfMapAttributeGrid	cells	cells	retain	include/kf/lib/map_data.h:174; structure_fields.tsv:map_data.h;asm;xrefs;enum-field-review.md	row-major attribute cells; TSV meaning: 100 by 100 enum attribute cells
member	GAME.EXE|OPEN.EXE	KfMapAttributeGrid	linear	linear	retain	include/kf/lib/map_data.h:174; structure_fields.tsv:map_data.h;asm;collision_query_world;cast-union-debt.md	flat attribute cells; TSV meaning: same typed row-major cells addressed by a flat collision index; dual-index union is a reconstruction convenience
member	GAME.EXE|OPEN.EXE	KfMapAttributeGrid	words	words	retain	include/kf/lib/map_data.h:174; structure_fields.tsv:map_data.h;asm;map_resource_copy_words;resource_stream_copy_words	resource word view; TSV meaning: aligned word-transfer representation sharing the complete cell-grid extent
type	GAME.EXE|OPEN.EXE	map_data.h	KfMapCollisionGrid	KfMapCollisionGrid	retain	include/kf/lib/map_data.h:180; structures.tsv:map_data.h;strict-enum-audit.md;map_load;render_map_cells	collision cell-kind grid union
member	GAME.EXE|OPEN.EXE	KfMapCollisionGrid	cells	cells	retain	include/kf/lib/map_data.h:180; structure_fields.tsv:map_data.h;strict-enum-audit.md;map_load;map_object_mark_collision_edge;render_map_cells	row-major cell kinds; TSV meaning: typed cell selectors share the unchanged 0x2710-byte resource-copy span
member	GAME.EXE|OPEN.EXE	KfMapCollisionGrid	linear	linear	retain	include/kf/lib/map_data.h:180; structure_fields.tsv:map_data.h;asm;collision_query_world;map_floor_height_for_cell_position;cast-union-debt.md	flat cell kinds; TSV meaning: same typed row-major cells addressed by a flat collision index; dual-index union is a reconstruction convenience
member	GAME.EXE|OPEN.EXE	KfMapCollisionGrid	words	words	retain	include/kf/lib/map_data.h:180; structure_fields.tsv:map_data.h;asm;map_resource_copy_words;resource_stream_copy_words	resource word view; TSV meaning: aligned word-transfer representation sharing the complete cell-grid extent
type	GAME.EXE|OPEN.EXE	map_data.h	KfMapOrientationGrid	KfMapOrientationGrid	retain	include/kf/lib/map_data.h:186; structures.tsv:map_data.h;strict-enum-audit.md;map_load;render_map_cells	orientation grid union
member	GAME.EXE|OPEN.EXE	KfMapOrientationGrid	cells	cells	retain	include/kf/lib/map_data.h:186; structure_fields.tsv:map_data.h;strict-enum-audit.md;map_load;map_object_mark_collision_edge;render_map_cells	row-major orientations; TSV meaning: typed cell selectors share the unchanged 0x2710-byte resource-copy span
member	GAME.EXE|OPEN.EXE	KfMapOrientationGrid	linear	linear	retain	include/kf/lib/map_data.h:186; structure_fields.tsv:map_data.h;asm;map_floor_height_for_cell_position;cast-union-debt.md	flat orientations; TSV meaning: same typed row-major cells addressed by a flat collision index; dual-index union is a reconstruction convenience
member	GAME.EXE|OPEN.EXE	KfMapOrientationGrid	words	words	retain	include/kf/lib/map_data.h:186; structure_fields.tsv:map_data.h;asm;map_resource_copy_words;resource_stream_copy_words	resource word view; TSV meaning: aligned word-transfer representation sharing the complete cell-grid extent
type	GAME.EXE|OPEN.EXE	map_data.h	KfMapAttribute	KfMapAttribute	retain	include/kf/lib/map_data.h:29	cell attribute ids
enum_constant	GAME.EXE|OPEN.EXE	KfMapAttribute	KF_MAP_ATTRIBUTE_00	KF_MAP_ATTRIBUTE_00	keep-unresolved	include/kf/lib/map_data.h:29	Address/offset/value-derived name; current evidence does not support a semantic replacement.
enum_constant	GAME.EXE|OPEN.EXE	KfMapAttribute	KF_MAP_ATTRIBUTE_01	KF_MAP_ATTRIBUTE_01	keep-unresolved	include/kf/lib/map_data.h:29	Address/offset/value-derived name; current evidence does not support a semantic replacement.
enum_constant	GAME.EXE|OPEN.EXE	KfMapAttribute	KF_MAP_ATTRIBUTE_02	KF_MAP_ATTRIBUTE_02	keep-unresolved	include/kf/lib/map_data.h:29	Address/offset/value-derived name; current evidence does not support a semantic replacement.
enum_constant	GAME.EXE|OPEN.EXE	KfMapAttribute	KF_MAP_ATTRIBUTE_03	KF_MAP_ATTRIBUTE_03	keep-unresolved	include/kf/lib/map_data.h:29	Address/offset/value-derived name; current evidence does not support a semantic replacement.
enum_constant	GAME.EXE|OPEN.EXE	KfMapAttribute	KF_MAP_ATTRIBUTE_04	KF_MAP_ATTRIBUTE_04	keep-unresolved	include/kf/lib/map_data.h:29	Address/offset/value-derived name; current evidence does not support a semantic replacement.
enum_constant	GAME.EXE|OPEN.EXE	KfMapAttribute	KF_MAP_ATTRIBUTE_05	KF_MAP_ATTRIBUTE_05	keep-unresolved	include/kf/lib/map_data.h:29	Address/offset/value-derived name; current evidence does not support a semantic replacement.
enum_constant	GAME.EXE|OPEN.EXE	KfMapAttribute	KF_MAP_ATTRIBUTE_06	KF_MAP_ATTRIBUTE_06	keep-unresolved	include/kf/lib/map_data.h:29	Address/offset/value-derived name; current evidence does not support a semantic replacement.
enum_constant	GAME.EXE|OPEN.EXE	KfMapAttribute	KF_MAP_ATTRIBUTE_07	KF_MAP_ATTRIBUTE_07	keep-unresolved	include/kf/lib/map_data.h:29	Address/offset/value-derived name; current evidence does not support a semantic replacement.
enum_constant	GAME.EXE|OPEN.EXE	KfMapAttribute	KF_MAP_ATTRIBUTE_08	KF_MAP_ATTRIBUTE_08	keep-unresolved	include/kf/lib/map_data.h:29	Address/offset/value-derived name; current evidence does not support a semantic replacement.
enum_constant	GAME.EXE|OPEN.EXE	KfMapAttribute	KF_MAP_ATTRIBUTE_09	KF_MAP_ATTRIBUTE_09	keep-unresolved	include/kf/lib/map_data.h:29	Address/offset/value-derived name; current evidence does not support a semantic replacement.
enum_constant	GAME.EXE|OPEN.EXE	KfMapAttribute	KF_MAP_ATTRIBUTE_0A	KF_MAP_ATTRIBUTE_0A	keep-unresolved	include/kf/lib/map_data.h:29	Address/offset/value-derived name; current evidence does not support a semantic replacement.
enum_constant	GAME.EXE|OPEN.EXE	KfMapAttribute	KF_MAP_ATTRIBUTE_0B	KF_MAP_ATTRIBUTE_0B	keep-unresolved	include/kf/lib/map_data.h:29	Address/offset/value-derived name; current evidence does not support a semantic replacement.
enum_constant	GAME.EXE|OPEN.EXE	KfMapAttribute	KF_MAP_ATTRIBUTE_0C	KF_MAP_ATTRIBUTE_0C	keep-unresolved	include/kf/lib/map_data.h:29	Address/offset/value-derived name; current evidence does not support a semantic replacement.
enum_constant	GAME.EXE|OPEN.EXE	KfMapAttribute	KF_MAP_ATTRIBUTE_0D	KF_MAP_ATTRIBUTE_0D	keep-unresolved	include/kf/lib/map_data.h:29	Address/offset/value-derived name; current evidence does not support a semantic replacement.
enum_constant	GAME.EXE|OPEN.EXE	KfMapAttribute	KF_MAP_ATTRIBUTE_0E	KF_MAP_ATTRIBUTE_0E	keep-unresolved	include/kf/lib/map_data.h:29	Address/offset/value-derived name; current evidence does not support a semantic replacement.
enum_constant	GAME.EXE|OPEN.EXE	KfMapAttribute	KF_MAP_ATTRIBUTE_0F	KF_MAP_ATTRIBUTE_0F	keep-unresolved	include/kf/lib/map_data.h:29	Address/offset/value-derived name; current evidence does not support a semantic replacement.
enum_constant	GAME.EXE|OPEN.EXE	KfMapAttribute	KF_MAP_ATTRIBUTE_10	KF_MAP_ATTRIBUTE_10	keep-unresolved	include/kf/lib/map_data.h:29	Address/offset/value-derived name; current evidence does not support a semantic replacement.
enum_constant	GAME.EXE|OPEN.EXE	KfMapAttribute	KF_MAP_ATTRIBUTE_11	KF_MAP_ATTRIBUTE_11	keep-unresolved	include/kf/lib/map_data.h:29	Address/offset/value-derived name; current evidence does not support a semantic replacement.
enum_constant	GAME.EXE|OPEN.EXE	KfMapAttribute	KF_MAP_ATTRIBUTE_12	KF_MAP_ATTRIBUTE_12	keep-unresolved	include/kf/lib/map_data.h:29	Address/offset/value-derived name; current evidence does not support a semantic replacement.
enum_constant	GAME.EXE|OPEN.EXE	KfMapAttribute	KF_MAP_ATTRIBUTE_13	KF_MAP_ATTRIBUTE_13	keep-unresolved	include/kf/lib/map_data.h:29	Address/offset/value-derived name; current evidence does not support a semantic replacement.
enum_constant	GAME.EXE|OPEN.EXE	KfMapAttribute	KF_MAP_ATTRIBUTE_14	KF_MAP_ATTRIBUTE_14	keep-unresolved	include/kf/lib/map_data.h:29	Address/offset/value-derived name; current evidence does not support a semantic replacement.
enum_constant	GAME.EXE|OPEN.EXE	KfMapAttribute	KF_MAP_ATTRIBUTE_15	KF_MAP_ATTRIBUTE_15	keep-unresolved	include/kf/lib/map_data.h:29	Address/offset/value-derived name; current evidence does not support a semantic replacement.
enum_constant	GAME.EXE|OPEN.EXE	KfMapAttribute	KF_MAP_ATTRIBUTE_16	KF_MAP_ATTRIBUTE_16	keep-unresolved	include/kf/lib/map_data.h:29	Address/offset/value-derived name; current evidence does not support a semantic replacement.
enum_constant	GAME.EXE|OPEN.EXE	KfMapAttribute	KF_MAP_ATTRIBUTE_17	KF_MAP_ATTRIBUTE_17	keep-unresolved	include/kf/lib/map_data.h:29	Address/offset/value-derived name; current evidence does not support a semantic replacement.
enum_constant	GAME.EXE|OPEN.EXE	KfMapAttribute	KF_MAP_ATTRIBUTE_18	KF_MAP_ATTRIBUTE_18	keep-unresolved	include/kf/lib/map_data.h:29	Address/offset/value-derived name; current evidence does not support a semantic replacement.
enum_constant	GAME.EXE|OPEN.EXE	KfMapAttribute	KF_MAP_ATTRIBUTE_19	KF_MAP_ATTRIBUTE_19	keep-unresolved	include/kf/lib/map_data.h:29	Address/offset/value-derived name; current evidence does not support a semantic replacement.
enum_constant	GAME.EXE|OPEN.EXE	KfMapAttribute	KF_MAP_ATTRIBUTE_1A	KF_MAP_ATTRIBUTE_1A	keep-unresolved	include/kf/lib/map_data.h:29	Address/offset/value-derived name; current evidence does not support a semantic replacement.
enum_constant	GAME.EXE|OPEN.EXE	KfMapAttribute	KF_MAP_ATTRIBUTE_1B	KF_MAP_ATTRIBUTE_1B	keep-unresolved	include/kf/lib/map_data.h:29	Address/offset/value-derived name; current evidence does not support a semantic replacement.
enum_constant	GAME.EXE|OPEN.EXE	KfMapAttribute	KF_MAP_ATTRIBUTE_1C	KF_MAP_ATTRIBUTE_1C	keep-unresolved	include/kf/lib/map_data.h:29	Address/offset/value-derived name; current evidence does not support a semantic replacement.
enum_constant	GAME.EXE|OPEN.EXE	KfMapAttribute	KF_MAP_ATTRIBUTE_1D	KF_MAP_ATTRIBUTE_1D	keep-unresolved	include/kf/lib/map_data.h:29	Address/offset/value-derived name; current evidence does not support a semantic replacement.
enum_constant	GAME.EXE|OPEN.EXE	KfMapAttribute	KF_MAP_ATTRIBUTE_1E	KF_MAP_ATTRIBUTE_1E	keep-unresolved	include/kf/lib/map_data.h:29	Address/offset/value-derived name; current evidence does not support a semantic replacement.
enum_constant	GAME.EXE|OPEN.EXE	KfMapAttribute	KF_MAP_ATTRIBUTE_1F	KF_MAP_ATTRIBUTE_1F	keep-unresolved	include/kf/lib/map_data.h:29	Address/offset/value-derived name; current evidence does not support a semantic replacement.
enum_constant	GAME.EXE|OPEN.EXE	KfMapAttribute	KF_MAP_ATTRIBUTE_20	KF_MAP_ATTRIBUTE_20	keep-unresolved	include/kf/lib/map_data.h:29	Address/offset/value-derived name; current evidence does not support a semantic replacement.
enum_constant	GAME.EXE|OPEN.EXE	KfMapAttribute	KF_MAP_ATTRIBUTE_21	KF_MAP_ATTRIBUTE_21	keep-unresolved	include/kf/lib/map_data.h:29	Address/offset/value-derived name; current evidence does not support a semantic replacement.
enum_constant	GAME.EXE|OPEN.EXE	KfMapAttribute	KF_MAP_ATTRIBUTE_22	KF_MAP_ATTRIBUTE_22	keep-unresolved	include/kf/lib/map_data.h:29	Address/offset/value-derived name; current evidence does not support a semantic replacement.
enum_constant	GAME.EXE|OPEN.EXE	KfMapAttribute	KF_MAP_ATTRIBUTE_23	KF_MAP_ATTRIBUTE_23	keep-unresolved	include/kf/lib/map_data.h:29	Address/offset/value-derived name; current evidence does not support a semantic replacement.
enum_constant	GAME.EXE|OPEN.EXE	KfMapAttribute	KF_MAP_ATTRIBUTE_24	KF_MAP_ATTRIBUTE_24	keep-unresolved	include/kf/lib/map_data.h:29	Address/offset/value-derived name; current evidence does not support a semantic replacement.
enum_constant	GAME.EXE|OPEN.EXE	KfMapAttribute	KF_MAP_ATTRIBUTE_25	KF_MAP_ATTRIBUTE_25	keep-unresolved	include/kf/lib/map_data.h:29	Address/offset/value-derived name; current evidence does not support a semantic replacement.
enum_constant	GAME.EXE|OPEN.EXE	KfMapAttribute	KF_MAP_ATTRIBUTE_26	KF_MAP_ATTRIBUTE_26	keep-unresolved	include/kf/lib/map_data.h:29	Address/offset/value-derived name; current evidence does not support a semantic replacement.
enum_constant	GAME.EXE|OPEN.EXE	KfMapAttribute	KF_MAP_ATTRIBUTE_27	KF_MAP_ATTRIBUTE_27	keep-unresolved	include/kf/lib/map_data.h:29	Address/offset/value-derived name; current evidence does not support a semantic replacement.
enum_constant	GAME.EXE|OPEN.EXE	KfMapAttribute	KF_MAP_ATTRIBUTE_28	KF_MAP_ATTRIBUTE_28	keep-unresolved	include/kf/lib/map_data.h:29	Address/offset/value-derived name; current evidence does not support a semantic replacement.
enum_constant	GAME.EXE|OPEN.EXE	KfMapAttribute	KF_MAP_ATTRIBUTE_29	KF_MAP_ATTRIBUTE_29	keep-unresolved	include/kf/lib/map_data.h:29	Address/offset/value-derived name; current evidence does not support a semantic replacement.
enum_constant	GAME.EXE|OPEN.EXE	KfMapAttribute	KF_MAP_ATTRIBUTE_2A	KF_MAP_ATTRIBUTE_2A	keep-unresolved	include/kf/lib/map_data.h:29	Address/offset/value-derived name; current evidence does not support a semantic replacement.
enum_constant	GAME.EXE|OPEN.EXE	KfMapAttribute	KF_MAP_ATTRIBUTE_2B	KF_MAP_ATTRIBUTE_2B	keep-unresolved	include/kf/lib/map_data.h:29	Address/offset/value-derived name; current evidence does not support a semantic replacement.
enum_constant	GAME.EXE|OPEN.EXE	KfMapAttribute	KF_MAP_ATTRIBUTE_2C	KF_MAP_ATTRIBUTE_2C	keep-unresolved	include/kf/lib/map_data.h:29	Address/offset/value-derived name; current evidence does not support a semantic replacement.
enum_constant	GAME.EXE|OPEN.EXE	KfMapAttribute	KF_MAP_ATTRIBUTE_2D	KF_MAP_ATTRIBUTE_2D	keep-unresolved	include/kf/lib/map_data.h:29	Address/offset/value-derived name; current evidence does not support a semantic replacement.
enum_constant	GAME.EXE|OPEN.EXE	KfMapAttribute	KF_MAP_ATTRIBUTE_2E	KF_MAP_ATTRIBUTE_2E	keep-unresolved	include/kf/lib/map_data.h:29	Address/offset/value-derived name; current evidence does not support a semantic replacement.
enum_constant	GAME.EXE|OPEN.EXE	KfMapAttribute	KF_MAP_ATTRIBUTE_2F	KF_MAP_ATTRIBUTE_2F	keep-unresolved	include/kf/lib/map_data.h:29	Address/offset/value-derived name; current evidence does not support a semantic replacement.
enum_constant	GAME.EXE|OPEN.EXE	KfMapAttribute	KF_MAP_ATTRIBUTE_30	KF_MAP_ATTRIBUTE_30	keep-unresolved	include/kf/lib/map_data.h:29	Address/offset/value-derived name; current evidence does not support a semantic replacement.
enum_constant	GAME.EXE|OPEN.EXE	KfMapAttribute	KF_MAP_ATTRIBUTE_31	KF_MAP_ATTRIBUTE_31	keep-unresolved	include/kf/lib/map_data.h:29	Address/offset/value-derived name; current evidence does not support a semantic replacement.
enum_constant	GAME.EXE|OPEN.EXE	KfMapAttribute	KF_MAP_ATTRIBUTE_32	KF_MAP_ATTRIBUTE_32	keep-unresolved	include/kf/lib/map_data.h:29	Address/offset/value-derived name; current evidence does not support a semantic replacement.
enum_constant	GAME.EXE|OPEN.EXE	KfMapAttribute	KF_MAP_ATTRIBUTE_33	KF_MAP_ATTRIBUTE_33	keep-unresolved	include/kf/lib/map_data.h:29	Address/offset/value-derived name; current evidence does not support a semantic replacement.
enum_constant	GAME.EXE|OPEN.EXE	KfMapAttribute	KF_MAP_ATTRIBUTE_34	KF_MAP_ATTRIBUTE_34	keep-unresolved	include/kf/lib/map_data.h:29	Address/offset/value-derived name; current evidence does not support a semantic replacement.
enum_constant	GAME.EXE|OPEN.EXE	KfMapAttribute	KF_MAP_ATTRIBUTE_35	KF_MAP_ATTRIBUTE_35	keep-unresolved	include/kf/lib/map_data.h:29	Address/offset/value-derived name; current evidence does not support a semantic replacement.
enum_constant	GAME.EXE|OPEN.EXE	KfMapAttribute	KF_MAP_ATTRIBUTE_36	KF_MAP_ATTRIBUTE_36	keep-unresolved	include/kf/lib/map_data.h:29	Address/offset/value-derived name; current evidence does not support a semantic replacement.
enum_constant	GAME.EXE|OPEN.EXE	KfMapAttribute	KF_MAP_ATTRIBUTE_37	KF_MAP_ATTRIBUTE_37	keep-unresolved	include/kf/lib/map_data.h:29	Address/offset/value-derived name; current evidence does not support a semantic replacement.
enum_constant	GAME.EXE|OPEN.EXE	KfMapAttribute	KF_MAP_ATTRIBUTE_38	KF_MAP_ATTRIBUTE_38	keep-unresolved	include/kf/lib/map_data.h:29	Address/offset/value-derived name; current evidence does not support a semantic replacement.
enum_constant	GAME.EXE|OPEN.EXE	KfMapAttribute	KF_MAP_ATTRIBUTE_39	KF_MAP_ATTRIBUTE_39	keep-unresolved	include/kf/lib/map_data.h:29	Address/offset/value-derived name; current evidence does not support a semantic replacement.
enum_constant	GAME.EXE|OPEN.EXE	KfMapAttribute	KF_MAP_ATTRIBUTE_PITFALL	KF_MAP_ATTRIBUTE_PITFALL	retain	include/kf/lib/map_data.h:29	Reviewed as family: attribute ids; only pitfall/poison hole/warp/hidden door/bottomless pit/none have evidence
enum_constant	GAME.EXE|OPEN.EXE	KfMapAttribute	KF_MAP_ATTRIBUTE_3B	KF_MAP_ATTRIBUTE_3B	keep-unresolved	include/kf/lib/map_data.h:29	Address/offset/value-derived name; current evidence does not support a semantic replacement.
enum_constant	GAME.EXE|OPEN.EXE	KfMapAttribute	KF_MAP_ATTRIBUTE_3C	KF_MAP_ATTRIBUTE_3C	keep-unresolved	include/kf/lib/map_data.h:29	Address/offset/value-derived name; current evidence does not support a semantic replacement.
enum_constant	GAME.EXE|OPEN.EXE	KfMapAttribute	KF_MAP_ATTRIBUTE_3D	KF_MAP_ATTRIBUTE_3D	keep-unresolved	include/kf/lib/map_data.h:29	Address/offset/value-derived name; current evidence does not support a semantic replacement.
enum_constant	GAME.EXE|OPEN.EXE	KfMapAttribute	KF_MAP_ATTRIBUTE_3E	KF_MAP_ATTRIBUTE_3E	keep-unresolved	include/kf/lib/map_data.h:29	Address/offset/value-derived name; current evidence does not support a semantic replacement.
enum_constant	GAME.EXE|OPEN.EXE	KfMapAttribute	KF_MAP_ATTRIBUTE_POISON_HOLE	KF_MAP_ATTRIBUTE_POISON_HOLE	retain	include/kf/lib/map_data.h:29	Reviewed as family: attribute ids; only pitfall/poison hole/warp/hidden door/bottomless pit/none have evidence
enum_constant	GAME.EXE|OPEN.EXE	KfMapAttribute	KF_MAP_ATTRIBUTE_WARP	KF_MAP_ATTRIBUTE_WARP	retain	include/kf/lib/map_data.h:29	Reviewed as family: attribute ids; only pitfall/poison hole/warp/hidden door/bottomless pit/none have evidence
enum_constant	GAME.EXE|OPEN.EXE	KfMapAttribute	KF_MAP_ATTRIBUTE_41	KF_MAP_ATTRIBUTE_41	keep-unresolved	include/kf/lib/map_data.h:29	Address/offset/value-derived name; current evidence does not support a semantic replacement.
enum_constant	GAME.EXE|OPEN.EXE	KfMapAttribute	KF_MAP_ATTRIBUTE_42	KF_MAP_ATTRIBUTE_42	keep-unresolved	include/kf/lib/map_data.h:29	Address/offset/value-derived name; current evidence does not support a semantic replacement.
enum_constant	GAME.EXE|OPEN.EXE	KfMapAttribute	KF_MAP_ATTRIBUTE_43	KF_MAP_ATTRIBUTE_43	keep-unresolved	include/kf/lib/map_data.h:29	Address/offset/value-derived name; current evidence does not support a semantic replacement.
enum_constant	GAME.EXE|OPEN.EXE	KfMapAttribute	KF_MAP_ATTRIBUTE_44	KF_MAP_ATTRIBUTE_44	keep-unresolved	include/kf/lib/map_data.h:29	Address/offset/value-derived name; current evidence does not support a semantic replacement.
enum_constant	GAME.EXE|OPEN.EXE	KfMapAttribute	KF_MAP_ATTRIBUTE_HIDDEN_DOOR	KF_MAP_ATTRIBUTE_HIDDEN_DOOR	retain	include/kf/lib/map_data.h:29	Reviewed as family: attribute ids; only pitfall/poison hole/warp/hidden door/bottomless pit/none have evidence
enum_constant	GAME.EXE|OPEN.EXE	KfMapAttribute	KF_MAP_ATTRIBUTE_46	KF_MAP_ATTRIBUTE_46	keep-unresolved	include/kf/lib/map_data.h:29	Address/offset/value-derived name; current evidence does not support a semantic replacement.
enum_constant	GAME.EXE|OPEN.EXE	KfMapAttribute	KF_MAP_ATTRIBUTE_47	KF_MAP_ATTRIBUTE_47	keep-unresolved	include/kf/lib/map_data.h:29	Address/offset/value-derived name; current evidence does not support a semantic replacement.
enum_constant	GAME.EXE|OPEN.EXE	KfMapAttribute	KF_MAP_ATTRIBUTE_48	KF_MAP_ATTRIBUTE_48	keep-unresolved	include/kf/lib/map_data.h:29	Address/offset/value-derived name; current evidence does not support a semantic replacement.
enum_constant	GAME.EXE|OPEN.EXE	KfMapAttribute	KF_MAP_ATTRIBUTE_49	KF_MAP_ATTRIBUTE_49	keep-unresolved	include/kf/lib/map_data.h:29	Address/offset/value-derived name; current evidence does not support a semantic replacement.
enum_constant	GAME.EXE|OPEN.EXE	KfMapAttribute	KF_MAP_ATTRIBUTE_4A	KF_MAP_ATTRIBUTE_4A	keep-unresolved	include/kf/lib/map_data.h:29	Address/offset/value-derived name; current evidence does not support a semantic replacement.
enum_constant	GAME.EXE|OPEN.EXE	KfMapAttribute	KF_MAP_ATTRIBUTE_4B	KF_MAP_ATTRIBUTE_4B	keep-unresolved	include/kf/lib/map_data.h:29	Address/offset/value-derived name; current evidence does not support a semantic replacement.
enum_constant	GAME.EXE|OPEN.EXE	KfMapAttribute	KF_MAP_ATTRIBUTE_4C	KF_MAP_ATTRIBUTE_4C	keep-unresolved	include/kf/lib/map_data.h:29	Address/offset/value-derived name; current evidence does not support a semantic replacement.
enum_constant	GAME.EXE|OPEN.EXE	KfMapAttribute	KF_MAP_ATTRIBUTE_4D	KF_MAP_ATTRIBUTE_4D	keep-unresolved	include/kf/lib/map_data.h:29	Address/offset/value-derived name; current evidence does not support a semantic replacement.
enum_constant	GAME.EXE|OPEN.EXE	KfMapAttribute	KF_MAP_ATTRIBUTE_4E	KF_MAP_ATTRIBUTE_4E	keep-unresolved	include/kf/lib/map_data.h:29	Address/offset/value-derived name; current evidence does not support a semantic replacement.
enum_constant	GAME.EXE|OPEN.EXE	KfMapAttribute	KF_MAP_ATTRIBUTE_4F	KF_MAP_ATTRIBUTE_4F	keep-unresolved	include/kf/lib/map_data.h:29	Address/offset/value-derived name; current evidence does not support a semantic replacement.
enum_constant	GAME.EXE|OPEN.EXE	KfMapAttribute	KF_MAP_ATTRIBUTE_50	KF_MAP_ATTRIBUTE_50	keep-unresolved	include/kf/lib/map_data.h:29	Address/offset/value-derived name; current evidence does not support a semantic replacement.
enum_constant	GAME.EXE|OPEN.EXE	KfMapAttribute	KF_MAP_ATTRIBUTE_51	KF_MAP_ATTRIBUTE_51	keep-unresolved	include/kf/lib/map_data.h:29	Address/offset/value-derived name; current evidence does not support a semantic replacement.
enum_constant	GAME.EXE|OPEN.EXE	KfMapAttribute	KF_MAP_ATTRIBUTE_52	KF_MAP_ATTRIBUTE_52	keep-unresolved	include/kf/lib/map_data.h:29	Address/offset/value-derived name; current evidence does not support a semantic replacement.
enum_constant	GAME.EXE|OPEN.EXE	KfMapAttribute	KF_MAP_ATTRIBUTE_53	KF_MAP_ATTRIBUTE_53	keep-unresolved	include/kf/lib/map_data.h:29	Address/offset/value-derived name; current evidence does not support a semantic replacement.
enum_constant	GAME.EXE|OPEN.EXE	KfMapAttribute	KF_MAP_ATTRIBUTE_54	KF_MAP_ATTRIBUTE_54	keep-unresolved	include/kf/lib/map_data.h:29	Address/offset/value-derived name; current evidence does not support a semantic replacement.
enum_constant	GAME.EXE|OPEN.EXE	KfMapAttribute	KF_MAP_ATTRIBUTE_55	KF_MAP_ATTRIBUTE_55	keep-unresolved	include/kf/lib/map_data.h:29	Address/offset/value-derived name; current evidence does not support a semantic replacement.
enum_constant	GAME.EXE|OPEN.EXE	KfMapAttribute	KF_MAP_ATTRIBUTE_56	KF_MAP_ATTRIBUTE_56	keep-unresolved	include/kf/lib/map_data.h:29	Address/offset/value-derived name; current evidence does not support a semantic replacement.
enum_constant	GAME.EXE|OPEN.EXE	KfMapAttribute	KF_MAP_ATTRIBUTE_57	KF_MAP_ATTRIBUTE_57	keep-unresolved	include/kf/lib/map_data.h:29	Address/offset/value-derived name; current evidence does not support a semantic replacement.
enum_constant	GAME.EXE|OPEN.EXE	KfMapAttribute	KF_MAP_ATTRIBUTE_58	KF_MAP_ATTRIBUTE_58	keep-unresolved	include/kf/lib/map_data.h:29	Address/offset/value-derived name; current evidence does not support a semantic replacement.
enum_constant	GAME.EXE|OPEN.EXE	KfMapAttribute	KF_MAP_ATTRIBUTE_59	KF_MAP_ATTRIBUTE_59	keep-unresolved	include/kf/lib/map_data.h:29	Address/offset/value-derived name; current evidence does not support a semantic replacement.
enum_constant	GAME.EXE|OPEN.EXE	KfMapAttribute	KF_MAP_ATTRIBUTE_5A	KF_MAP_ATTRIBUTE_5A	keep-unresolved	include/kf/lib/map_data.h:29	Address/offset/value-derived name; current evidence does not support a semantic replacement.
enum_constant	GAME.EXE|OPEN.EXE	KfMapAttribute	KF_MAP_ATTRIBUTE_5B	KF_MAP_ATTRIBUTE_5B	keep-unresolved	include/kf/lib/map_data.h:29	Address/offset/value-derived name; current evidence does not support a semantic replacement.
enum_constant	GAME.EXE|OPEN.EXE	KfMapAttribute	KF_MAP_ATTRIBUTE_5C	KF_MAP_ATTRIBUTE_5C	keep-unresolved	include/kf/lib/map_data.h:29	Address/offset/value-derived name; current evidence does not support a semantic replacement.
enum_constant	GAME.EXE|OPEN.EXE	KfMapAttribute	KF_MAP_ATTRIBUTE_BOTTOMLESS_PIT	KF_MAP_ATTRIBUTE_BOTTOMLESS_PIT	retain	include/kf/lib/map_data.h:29	Reviewed as family: attribute ids; only pitfall/poison hole/warp/hidden door/bottomless pit/none have evidence
enum_constant	GAME.EXE|OPEN.EXE	KfMapAttribute	KF_MAP_ATTRIBUTE_5E	KF_MAP_ATTRIBUTE_5E	keep-unresolved	include/kf/lib/map_data.h:29	Address/offset/value-derived name; current evidence does not support a semantic replacement.
enum_constant	GAME.EXE|OPEN.EXE	KfMapAttribute	KF_MAP_ATTRIBUTE_5F	KF_MAP_ATTRIBUTE_5F	keep-unresolved	include/kf/lib/map_data.h:29	Address/offset/value-derived name; current evidence does not support a semantic replacement.
enum_constant	GAME.EXE|OPEN.EXE	KfMapAttribute	KF_MAP_ATTRIBUTE_60	KF_MAP_ATTRIBUTE_60	keep-unresolved	include/kf/lib/map_data.h:29	Address/offset/value-derived name; current evidence does not support a semantic replacement.
enum_constant	GAME.EXE|OPEN.EXE	KfMapAttribute	KF_MAP_ATTRIBUTE_61	KF_MAP_ATTRIBUTE_61	keep-unresolved	include/kf/lib/map_data.h:29	Address/offset/value-derived name; current evidence does not support a semantic replacement.
enum_constant	GAME.EXE|OPEN.EXE	KfMapAttribute	KF_MAP_ATTRIBUTE_62	KF_MAP_ATTRIBUTE_62	keep-unresolved	include/kf/lib/map_data.h:29	Address/offset/value-derived name; current evidence does not support a semantic replacement.
enum_constant	GAME.EXE|OPEN.EXE	KfMapAttribute	KF_MAP_ATTRIBUTE_66	KF_MAP_ATTRIBUTE_66	keep-unresolved	include/kf/lib/map_data.h:29	Address/offset/value-derived name; current evidence does not support a semantic replacement.
enum_constant	GAME.EXE|OPEN.EXE	KfMapAttribute	KF_MAP_ATTRIBUTE_67	KF_MAP_ATTRIBUTE_67	keep-unresolved	include/kf/lib/map_data.h:29	Address/offset/value-derived name; current evidence does not support a semantic replacement.
enum_constant	GAME.EXE|OPEN.EXE	KfMapAttribute	KF_MAP_ATTRIBUTE_NONE	KF_MAP_ATTRIBUTE_NONE	retain	include/kf/lib/map_data.h:29	Reviewed as family: attribute ids; only pitfall/poison hole/warp/hidden door/bottomless pit/none have evidence
type	GAME.EXE|OPEN.EXE	map_data.h	KfMapCellKind	KfMapCellKind	retain	include/kf/lib/map_data.h:134	collision cell kinds
enum_constant	GAME.EXE|OPEN.EXE	KfMapCellKind	KF_MAP_CELL_BLOCKED	KF_MAP_CELL_BLOCKED	retain	include/kf/lib/map_data.h:134	Reviewed as family: collision cell kinds by geometry
enum_constant	GAME.EXE|OPEN.EXE	KfMapCellKind	KF_MAP_CELL_FLOOR	KF_MAP_CELL_FLOOR	retain	include/kf/lib/map_data.h:134	Reviewed as family: collision cell kinds by geometry
enum_constant	GAME.EXE|OPEN.EXE	KfMapCellKind	KF_MAP_CELL_X_GE_Z	KF_MAP_CELL_X_GE_Z	retain	include/kf/lib/map_data.h:134	Reviewed as family: collision cell kinds by geometry
enum_constant	GAME.EXE|OPEN.EXE	KfMapCellKind	KF_MAP_CELL_SUM_LE_SIZE	KF_MAP_CELL_SUM_LE_SIZE	retain	include/kf/lib/map_data.h:134	Reviewed as family: collision cell kinds by geometry
enum_constant	GAME.EXE|OPEN.EXE	KfMapCellKind	KF_MAP_CELL_Z_GE_X	KF_MAP_CELL_Z_GE_X	retain	include/kf/lib/map_data.h:134	Reviewed as family: collision cell kinds by geometry
enum_constant	GAME.EXE|OPEN.EXE	KfMapCellKind	KF_MAP_CELL_SUM_GE_SIZE	KF_MAP_CELL_SUM_GE_SIZE	retain	include/kf/lib/map_data.h:134	Reviewed as family: collision cell kinds by geometry
enum_constant	GAME.EXE|OPEN.EXE	KfMapCellKind	KF_MAP_CELL_STEP	KF_MAP_CELL_STEP	retain	include/kf/lib/map_data.h:134	Reviewed as family: collision cell kinds by geometry
type	GAME.EXE|OPEN.EXE	map_data.h	KfMapOrientation	KfMapOrientation	retain	include/kf/lib/map_data.h:159	one-based cell orientations
enum_constant	GAME.EXE|OPEN.EXE	KfMapOrientation	KF_MAP_ORIENT_UNROTATED	KF_MAP_ORIENT_UNROTATED	retain	include/kf/lib/map_data.h:159	Reviewed as family: orientations
enum_constant	GAME.EXE|OPEN.EXE	KfMapOrientation	KF_MAP_ORIENT_QUARTER_TURN	KF_MAP_ORIENT_QUARTER_TURN	retain	include/kf/lib/map_data.h:159	Reviewed as family: orientations
enum_constant	GAME.EXE|OPEN.EXE	KfMapOrientation	KF_MAP_ORIENT_HALF_TURN	KF_MAP_ORIENT_HALF_TURN	retain	include/kf/lib/map_data.h:159	Reviewed as family: orientations
enum_constant	GAME.EXE|OPEN.EXE	KfMapOrientation	KF_MAP_ORIENT_THREE_QUARTER_TURN	KF_MAP_ORIENT_THREE_QUARTER_TURN	retain	include/kf/lib/map_data.h:159	Reviewed as family: orientations
enum_constant	GAME.EXE|OPEN.EXE	enum@map_data.h:9	KF_MAP_COLUMNS	KF_MAP_COLUMNS	retain	include/kf/lib/map_data.h:9	Reviewed as family: map grid dimensions, tile size/centre, height step, attribute count, invalid coordinate
enum_constant	GAME.EXE|OPEN.EXE	enum@map_data.h:9	KF_MAP_ROWS	KF_MAP_ROWS	retain	include/kf/lib/map_data.h:9	Reviewed as family: map grid dimensions, tile size/centre, height step, attribute count, invalid coordinate
enum_constant	GAME.EXE|OPEN.EXE	enum@map_data.h:9	KF_MAP_CELL_COUNT	KF_MAP_CELL_COUNT	retain	include/kf/lib/map_data.h:9	Reviewed as family: map grid dimensions, tile size/centre, height step, attribute count, invalid coordinate
enum_constant	GAME.EXE|OPEN.EXE	enum@map_data.h:9	KF_MAP_GRID_WORD_COUNT	KF_MAP_GRID_WORD_COUNT	retain	include/kf/lib/map_data.h:9	Reviewed as family: map grid dimensions, tile size/centre, height step, attribute count, invalid coordinate
enum_constant	GAME.EXE|OPEN.EXE	enum@map_data.h:9	KF_MAP_TILE_SIZE	KF_MAP_TILE_SIZE	retain	include/kf/lib/map_data.h:9	Reviewed as family: map grid dimensions, tile size/centre, height step, attribute count, invalid coordinate
enum_constant	GAME.EXE|OPEN.EXE	enum@map_data.h:9	KF_MAP_TILE_CENTER	KF_MAP_TILE_CENTER	retain	include/kf/lib/map_data.h:9	Reviewed as family: map grid dimensions, tile size/centre, height step, attribute count, invalid coordinate
enum_constant	GAME.EXE|OPEN.EXE	enum@map_data.h:9	KF_MAP_HEIGHT_STEP	KF_MAP_HEIGHT_STEP	retain	include/kf/lib/map_data.h:9	Reviewed as family: map grid dimensions, tile size/centre, height step, attribute count, invalid coordinate
enum_constant	GAME.EXE|OPEN.EXE	enum@map_data.h:9	KF_MAP_MESHES_PER_BANK	KF_MAP_MESHES_PER_BANK	retain	include/kf/lib/map_data.h:9	Reviewed as family: map grid dimensions, tile size/centre, height step, attribute count, invalid coordinate
enum_constant	GAME.EXE|OPEN.EXE	enum@map_data.h:9	KF_MAP_ATTRIBUTE_COUNT	KF_MAP_ATTRIBUTE_COUNT	retain	include/kf/lib/map_data.h:9	Reviewed as family: map grid dimensions, tile size/centre, height step, attribute count, invalid coordinate
enum_constant	GAME.EXE|OPEN.EXE	enum@map_data.h:9	KF_MAP_CELL_COORD_INVALID	KF_MAP_CELL_COORD_INVALID	retain	include/kf/lib/map_data.h:9	Reviewed as family: map grid dimensions, tile size/centre, height step, attribute count, invalid coordinate
enum_constant	GAME.EXE|OPEN.EXE	enum@map_data.h:150	KF_MAP_HALF_CELL_STEP_HEIGHT	KF_MAP_HALF_CELL_STEP_HEIGHT	retain	include/kf/lib/map_data.h:150	Reviewed as family: half-step height and occupancy neighbourhood/masks
enum_constant	GAME.EXE|OPEN.EXE	enum@map_data.h:150	KF_OCCUPANCY_CELL_RADIUS	KF_OCCUPANCY_CELL_RADIUS	retain	include/kf/lib/map_data.h:150	Reviewed as family: half-step height and occupancy neighbourhood/masks
enum_constant	GAME.EXE|OPEN.EXE	enum@map_data.h:150	KF_OCCUPANCY_CELL_SPAN	KF_OCCUPANCY_CELL_SPAN	retain	include/kf/lib/map_data.h:150	Reviewed as family: half-step height and occupancy neighbourhood/masks
enum_constant	GAME.EXE|OPEN.EXE	enum@map_data.h:150	KF_CELL_OCCUPANT_COUNT_MASK	KF_CELL_OCCUPANT_COUNT_MASK	retain	include/kf/lib/map_data.h:150	Reviewed as family: half-step height and occupancy neighbourhood/masks
enum_constant	GAME.EXE|OPEN.EXE	enum@map_data.h:150	KF_CELL_PRESERVED_FLAGS_MASK	KF_CELL_PRESERVED_FLAGS_MASK	retain	include/kf/lib/map_data.h:150	Reviewed as family: half-step height and occupancy neighbourhood/masks
type	GAME.EXE|OPEN.EXE	floor.h	KfFloorId	KfFloorId	retain	include/kf/lib/floor.h:7	floor numbers plus force-reload
enum_constant	GAME.EXE|OPEN.EXE	KfFloorId	KF_FLOOR_1	KF_FLOOR_1	retain	include/kf/lib/floor.h:7	Reviewed as family: floors
enum_constant	GAME.EXE|OPEN.EXE	KfFloorId	KF_FLOOR_2	KF_FLOOR_2	retain	include/kf/lib/floor.h:7	Reviewed as family: floors
enum_constant	GAME.EXE|OPEN.EXE	KfFloorId	KF_FLOOR_3	KF_FLOOR_3	retain	include/kf/lib/floor.h:7	Reviewed as family: floors
enum_constant	GAME.EXE|OPEN.EXE	KfFloorId	KF_FLOOR_4	KF_FLOOR_4	retain	include/kf/lib/floor.h:7	Reviewed as family: floors
enum_constant	GAME.EXE|OPEN.EXE	KfFloorId	KF_FLOOR_5	KF_FLOOR_5	retain	include/kf/lib/floor.h:7	Reviewed as family: floors
enum_constant	GAME.EXE|OPEN.EXE	KfFloorId	KF_FLOOR_FORCE_RELOAD	KF_FLOOR_FORCE_RELOAD	retain	include/kf/lib/floor.h:7	Reviewed as family: floors
type	GAME.EXE|OPEN.EXE	floor.h	KfMapVariant	KfMapVariant	retain	include/kf/lib/floor.h:16	map variant ids
enum_constant	GAME.EXE|OPEN.EXE	KfMapVariant	KF_MAP_VARIANT_DEFAULT	KF_MAP_VARIANT_DEFAULT	retain	include/kf/lib/floor.h:16	Reviewed as family: variants (VARIANT_2 kept unresolved)
enum_constant	GAME.EXE|OPEN.EXE	KfMapVariant	KF_FLOOR5_ENTRY_VARIANT	KF_FLOOR5_ENTRY_VARIANT	retain	include/kf/lib/floor.h:16	Reviewed as family: variants (VARIANT_2 kept unresolved)
enum_constant	GAME.EXE|OPEN.EXE	KfMapVariant	KF_FLOOR5_ALTERNATE_MUSIC_VARIANT	KF_FLOOR5_ALTERNATE_MUSIC_VARIANT	retain	include/kf/lib/floor.h:16	Reviewed as family: variants (VARIANT_2 kept unresolved)
type	GAME.EXE|OPEN.EXE	notify_types.h	KfNotificationArgument	KfNotificationArgument	retain	include/kf/lib/notify_types.h:45	promoted notification id argument
type	GAME.EXE|OPEN.EXE	notify_types.h	KfNotificationId	KfNotificationId	retain	include/kf/lib/notify_types.h:8	notification atlas cells
enum_constant	GAME.EXE|OPEN.EXE	KfNotificationId	KF_NOTIFICATION_LEVEL_UP	KF_NOTIFICATION_LEVEL_UP	retain	include/kf/lib/notify_types.h:8	Reviewed as family: notification cells decoded from the retail atlas
enum_constant	GAME.EXE|OPEN.EXE	KfNotificationId	KF_NOTIFICATION_MAGIC_LEARNED	KF_NOTIFICATION_MAGIC_LEARNED	retain	include/kf/lib/notify_types.h:8	Reviewed as family: notification cells decoded from the retail atlas
enum_constant	GAME.EXE|OPEN.EXE	KfNotificationId	KF_NOTIFICATION_LOCKED	KF_NOTIFICATION_LOCKED	retain	include/kf/lib/notify_types.h:8	Reviewed as family: notification cells decoded from the retail atlas
enum_constant	GAME.EXE|OPEN.EXE	KfNotificationId	KF_NOTIFICATION_SEALED	KF_NOTIFICATION_SEALED	retain	include/kf/lib/notify_types.h:8	Reviewed as family: notification cells decoded from the retail atlas
enum_constant	GAME.EXE|OPEN.EXE	KfNotificationId	KF_NOTIFICATION_KEY_DOES_NOT_FIT	KF_NOTIFICATION_KEY_DOES_NOT_FIT	retain	include/kf/lib/notify_types.h:8	Reviewed as family: notification cells decoded from the retail atlas
enum_constant	GAME.EXE|OPEN.EXE	KfNotificationId	KF_NOTIFICATION_NOTHING_THERE	KF_NOTIFICATION_NOTHING_THERE	retain	include/kf/lib/notify_types.h:8	Reviewed as family: notification cells decoded from the retail atlas
enum_constant	GAME.EXE|OPEN.EXE	KfNotificationId	KF_NOTIFICATION_NOTHING_INSIDE	KF_NOTIFICATION_NOTHING_INSIDE	retain	include/kf/lib/notify_types.h:8	Reviewed as family: notification cells decoded from the retail atlas
enum_constant	GAME.EXE|OPEN.EXE	KfNotificationId	KF_NOTIFICATION_DEAD	KF_NOTIFICATION_DEAD	retain	include/kf/lib/notify_types.h:8	Reviewed as family: notification cells decoded from the retail atlas
enum_constant	GAME.EXE|OPEN.EXE	KfNotificationId	KF_NOTIFICATION_BROKEN_SWORD	KF_NOTIFICATION_BROKEN_SWORD	retain	include/kf/lib/notify_types.h:8	Reviewed as family: notification cells decoded from the retail atlas
enum_constant	GAME.EXE|OPEN.EXE	KfNotificationId	KF_NOTIFICATION_OLD_BONES	KF_NOTIFICATION_OLD_BONES	retain	include/kf/lib/notify_types.h:8	Reviewed as family: notification cells decoded from the retail atlas
enum_constant	GAME.EXE|OPEN.EXE	KfNotificationId	KF_NOTIFICATION_SCHOLAR_BONES	KF_NOTIFICATION_SCHOLAR_BONES	retain	include/kf/lib/notify_types.h:8	Reviewed as family: notification cells decoded from the retail atlas
enum_constant	GAME.EXE|OPEN.EXE	KfNotificationId	KF_NOTIFICATION_HANS_CORPSE	KF_NOTIFICATION_HANS_CORPSE	retain	include/kf/lib/notify_types.h:8	Reviewed as family: notification cells decoded from the retail atlas
enum_constant	GAME.EXE|OPEN.EXE	KfNotificationId	KF_NOTIFICATION_PITFALL	KF_NOTIFICATION_PITFALL	retain	include/kf/lib/notify_types.h:8	Reviewed as family: notification cells decoded from the retail atlas
enum_constant	GAME.EXE|OPEN.EXE	KfNotificationId	KF_NOTIFICATION_HEALING_SPRING	KF_NOTIFICATION_HEALING_SPRING	retain	include/kf/lib/notify_types.h:8	Reviewed as family: notification cells decoded from the retail atlas
enum_constant	GAME.EXE|OPEN.EXE	KfNotificationId	KF_NOTIFICATION_REINHARDT_II	KF_NOTIFICATION_REINHARDT_II	retain	include/kf/lib/notify_types.h:8	Reviewed as family: notification cells decoded from the retail atlas
enum_constant	GAME.EXE|OPEN.EXE	KfNotificationId	KF_NOTIFICATION_INVISIBLE_WALL	KF_NOTIFICATION_INVISIBLE_WALL	retain	include/kf/lib/notify_types.h:8	Reviewed as family: notification cells decoded from the retail atlas
enum_constant	GAME.EXE|OPEN.EXE	KfNotificationId	KF_NOTIFICATION_CANNOT_CARRY_MORE	KF_NOTIFICATION_CANNOT_CARRY_MORE	retain	include/kf/lib/notify_types.h:8	Reviewed as family: notification cells decoded from the retail atlas
enum_constant	GAME.EXE|OPEN.EXE	KfNotificationId	KF_NOTIFICATION_HIDDEN_DOOR	KF_NOTIFICATION_HIDDEN_DOOR	retain	include/kf/lib/notify_types.h:8	Reviewed as family: notification cells decoded from the retail atlas
enum_constant	GAME.EXE|OPEN.EXE	KfNotificationId	KF_NOTIFICATION_NOTHING_HAPPENS	KF_NOTIFICATION_NOTHING_HAPPENS	retain	include/kf/lib/notify_types.h:8	Reviewed as family: notification cells decoded from the retail atlas
enum_constant	GAME.EXE|OPEN.EXE	KfNotificationId	KF_NOTIFICATION_GOLD	KF_NOTIFICATION_GOLD	retain	include/kf/lib/notify_types.h:8	Reviewed as family: notification cells decoded from the retail atlas
enum_constant	GAME.EXE|OPEN.EXE	KfNotificationId	KF_NOTIFICATION_RAITO_FAMILY_GRAVE	KF_NOTIFICATION_RAITO_FAMILY_GRAVE	retain	include/kf/lib/notify_types.h:8	Reviewed as family: notification cells decoded from the retail atlas
enum_constant	GAME.EXE|OPEN.EXE	KfNotificationId	KF_NOTIFICATION_GRAVESTONE	KF_NOTIFICATION_GRAVESTONE	retain	include/kf/lib/notify_types.h:8	Reviewed as family: notification cells decoded from the retail atlas
enum_constant	GAME.EXE|OPEN.EXE	KfNotificationId	KF_NOTIFICATION_BROKEN_SHOVEL	KF_NOTIFICATION_BROKEN_SHOVEL	retain	include/kf/lib/notify_types.h:8	Reviewed as family: notification cells decoded from the retail atlas
enum_constant	GAME.EXE|OPEN.EXE	KfNotificationId	KF_NOTIFICATION_POISON_HOLE	KF_NOTIFICATION_POISON_HOLE	retain	include/kf/lib/notify_types.h:8	Reviewed as family: notification cells decoded from the retail atlas
enum_constant	GAME.EXE|OPEN.EXE	KfNotificationId	KF_NOTIFICATION_BOTTOMLESS_PIT	KF_NOTIFICATION_BOTTOMLESS_PIT	retain	include/kf/lib/notify_types.h:8	Reviewed as family: notification cells decoded from the retail atlas
enum_constant	GAME.EXE|OPEN.EXE	KfNotificationId	KF_NOTIFICATION_WIND_SEAL	KF_NOTIFICATION_WIND_SEAL	retain	include/kf/lib/notify_types.h:8	Reviewed as family: notification cells decoded from the retail atlas
enum_constant	GAME.EXE|OPEN.EXE	KfNotificationId	KF_NOTIFICATION_FIRE_SEAL	KF_NOTIFICATION_FIRE_SEAL	retain	include/kf/lib/notify_types.h:8	Reviewed as family: notification cells decoded from the retail atlas
enum_constant	GAME.EXE|OPEN.EXE	KfNotificationId	KF_NOTIFICATION_EARTH_SEAL	KF_NOTIFICATION_EARTH_SEAL	retain	include/kf/lib/notify_types.h:8	Reviewed as family: notification cells decoded from the retail atlas
enum_constant	GAME.EXE|OPEN.EXE	KfNotificationId	KF_NOTIFICATION_WATER_SEAL	KF_NOTIFICATION_WATER_SEAL	retain	include/kf/lib/notify_types.h:8	Reviewed as family: notification cells decoded from the retail atlas
enum_constant	GAME.EXE|OPEN.EXE	KfNotificationId	KF_NOTIFICATION_RECOVERED	KF_NOTIFICATION_RECOVERED	retain	include/kf/lib/notify_types.h:8	Reviewed as family: notification cells decoded from the retail atlas
enum_constant	GAME.EXE|OPEN.EXE	KfNotificationId	KF_NOTIFICATION_PHYSICAL_POWER_INCREASED	KF_NOTIFICATION_PHYSICAL_POWER_INCREASED	retain	include/kf/lib/notify_types.h:8	Reviewed as family: notification cells decoded from the retail atlas
enum_constant	GAME.EXE|OPEN.EXE	KfNotificationId	KF_NOTIFICATION_MAGIC_POWER_INCREASED	KF_NOTIFICATION_MAGIC_POWER_INCREASED	retain	include/kf/lib/notify_types.h:8	Reviewed as family: notification cells decoded from the retail atlas
enum_constant	GAME.EXE|OPEN.EXE	KfNotificationId	KF_NOTIFICATION_NONE	KF_NOTIFICATION_NONE	retain	include/kf/lib/notify_types.h:8	Reviewed as family: notification cells decoded from the retail atlas
type	GAME.EXE|OPEN.EXE	notify_types.h	KfNotificationPhase	KfNotificationPhase	retain	include/kf/lib/notify_types.h:47	notification presentation phases
enum_constant	GAME.EXE|OPEN.EXE	KfNotificationPhase	KF_NOTIFICATION_IDLE	KF_NOTIFICATION_IDLE	retain	include/kf/lib/notify_types.h:47	Reviewed as family: presentation phases
enum_constant	GAME.EXE|OPEN.EXE	KfNotificationPhase	KF_NOTIFICATION_HOLD	KF_NOTIFICATION_HOLD	retain	include/kf/lib/notify_types.h:47	Reviewed as family: presentation phases
enum_constant	GAME.EXE|OPEN.EXE	KfNotificationPhase	KF_NOTIFICATION_ROTATE_OUT	KF_NOTIFICATION_ROTATE_OUT	retain	include/kf/lib/notify_types.h:47	Reviewed as family: presentation phases
type	GAME.EXE|OPEN.EXE	animation.h	KfAnimationClip	KfAnimationClip	retain	include/kf/lib/animation.h:11	asset-relative clip index
enum_constant	GAME.EXE|OPEN.EXE	KfAnimationClip	KF_ANIMATION_CLIP_FIRST	KF_ANIMATION_CLIP_FIRST	retain	include/kf/lib/animation.h:11	Reviewed as family: clip ordinals and NONE
enum_constant	GAME.EXE|OPEN.EXE	KfAnimationClip	KF_ANIMATION_CLIP_SECOND	KF_ANIMATION_CLIP_SECOND	retain	include/kf/lib/animation.h:11	Reviewed as family: clip ordinals and NONE
enum_constant	GAME.EXE|OPEN.EXE	KfAnimationClip	KF_ANIMATION_CLIP_THIRD	KF_ANIMATION_CLIP_THIRD	retain	include/kf/lib/animation.h:11	Reviewed as family: clip ordinals and NONE
enum_constant	GAME.EXE|OPEN.EXE	KfAnimationClip	KF_ANIMATION_CLIP_FOURTH	KF_ANIMATION_CLIP_FOURTH	retain	include/kf/lib/animation.h:11	Reviewed as family: clip ordinals and NONE
enum_constant	GAME.EXE|OPEN.EXE	KfAnimationClip	KF_ANIMATION_CLIP_NONE	KF_ANIMATION_CLIP_NONE	retain	include/kf/lib/animation.h:11	Reviewed as family: clip ordinals and NONE
type	GAME.EXE|OPEN.EXE	animation.h	KfAnimationBlendDirection	KfAnimationBlendDirection	retain	include/kf/lib/animation.h:21	keyframe blend direction
enum_constant	GAME.EXE|OPEN.EXE	KfAnimationBlendDirection	KF_ANIMATION_BLEND_FORWARD	KF_ANIMATION_BLEND_FORWARD	retain	include/kf/lib/animation.h:21	Reviewed as family: blend directions
enum_constant	GAME.EXE|OPEN.EXE	KfAnimationBlendDirection	KF_ANIMATION_BLEND_REVERSE	KF_ANIMATION_BLEND_REVERSE	retain	include/kf/lib/animation.h:21	Reviewed as family: blend directions
macro	GAME.EXE|OPEN.EXE	enum.h	KF_MODERN_TYPES	KF_MODERN_TYPES	retain	include/kf/lib/enum.h:6	selects the C++ modern-type build
macro	GAME.EXE|OPEN.EXE	enum.h	KF_ENUM_BEGIN	KF_ENUM_BEGIN	retain	include/kf/lib/enum.h:7	enum declaration opener (C++ enum class / C typedef+enum)
macro	GAME.EXE|OPEN.EXE	enum.h	KF_ENUM_END	KF_ENUM_END	retain	include/kf/lib/enum.h:8	enum declaration closer
macro	GAME.EXE|OPEN.EXE	enum.h	KF_ENUM_PROMOTED	KF_ENUM_PROMOTED	retain	include/kf/lib/enum.h:10	promoted argument type of an enum
macro	GAME.EXE|OPEN.EXE	enum.h	KF_ENUM_STORAGE	KF_ENUM_STORAGE	retain	include/kf/lib/enum.h:11	storage-width enum field
macro	GAME.EXE|OPEN.EXE	enum.h	KF_ENUM_PARAM	KF_ENUM_PARAM	retain	include/kf/lib/enum.h:12	enum parameter spelling
macro	GAME.EXE|OPEN.EXE	enum.h	KF_ENUM_COUNTER	KF_ENUM_COUNTER	retain	include/kf/lib/enum.h:16	counter operators for modern enums
macro	GAME.EXE|OPEN.EXE	enum.h	KF_ENUM_FLAGS	KF_ENUM_FLAGS	retain	include/kf/lib/enum.h:27	flag operators for modern enums
type	GAME.EXE|OPEN.EXE	enum.h	KfEnumStorage	KfEnumStorage	retain	include/kf/lib/enum.h:43	C++ storage wrapper behind KF_ENUM_STORAGE
macro	GAME.EXE|OPEN.EXE	enum.h	KF_ENUM_DECODE	KF_ENUM_DECODE	retain	include/kf/lib/enum.h:89	integer to enum conversion
macro	GAME.EXE|OPEN.EXE	enum.h	KF_ENUM_ENCODE	KF_ENUM_ENCODE	retain	include/kf/lib/enum.h:90	enum to storage integer conversion
function	GAME.EXE|OPEN.EXE	enum.h	kf_enum_decode	kf_enum_decode	retain	include/kf/lib/enum.h:70; callers: none in reconstructed source	Infrastructure helper; name exact. Body: C++ enum helper behind KF_ENUM_DECODE
function	GAME.EXE|OPEN.EXE	enum.h	kf_enum_encode	kf_enum_encode	retain	include/kf/lib/enum.h:77; callers: none in reconstructed source	Infrastructure helper; name exact. Body: C++ enum helper behind KF_ENUM_ENCODE
function	GAME.EXE	actor.c	actor_try_select_facing_action	actor_try_select_multi_hit_action	rename	sole caller actor_select_next_action passes KF_ACTOR_ACTION_MULTI_HIT_ATTACK (actor_behavior.c); body hardcodes KF_ACTOR_MULTI_HIT_FORWARD_MIN_RANGE..KF_ACTOR_MULTI_HIT_MAX_RANGE, ACTOR_MULTI_HIT_*_CHANCE_SHIFT and ACTOR_MULTI_HIT_SELECTION_ANGLE_TOLERANCE; game_semantic_actor_ai.tsv	All three selectors test facing, so "facing" did not distinguish it; its fixed range band and tolerance make it the multi-hit selector.
local	GAME.EXE	actor_behavior.c:actor_update_current_action	debris	gold_amount	rename	value is rand()*definition->gold_drop_limit>>15 and is passed to the gold-drop spawner, which stores it in link.gold_amount of object KF_ITEM_GOLD_COIN (map_object.c)	The local is a gold amount, not debris.
function	GAME.EXE	actor.c	func_8002cab4	func_8002cab4	keep-unresolved	no caller; body only calls actor_pool_find_free and discards the result (function_identities.tsv note)	No evidence for its purpose.
parameter	GAME.EXE	actor.c:actor_apply_damage	component0..component4	component0..component4	retain	actor_apply_damage pairs lanes with defenses[CUTTING,STRIKING,PIERCING,HOLY,FIRE]; player_apply_damage pairs lane 3 with magic_defense; spell effects feed magic damage into lane 3 (effect_dispatch.c)	Lane 3 means holy for weapons but magic for spells and the player defense, so per-element names would mislead; the index names are accurate.
parameter	GAME.EXE	actor.c:actor_apply_damage	hit_flags	hit_flags	retain	callers pass effect->type or KF_ACTOR_DAMAGE_CREDIT_PLAYER; masked with KF_ACTOR_DAMAGE_CREDIT_MASK	Flag byte whose high nibble selects damage credit; name is accurate.
function	GAME.EXE	actor_behavior.c	actor_try_select_action_distance_facing	actor_try_select_action_distance_facing	retain	callers pass SPECIAL_ATTACK and MELEE_ATTACK with per-definition distance scales	Generic distance-scaled selector; name describes its inputs.
function	GAME.EXE	effect_pool.c	effect_pool_spawn_typed	effect_pool_spawn_floor_deformation	rename	body always stores kind KF_EFFECT_KIND_FLOOR_DEFORMATION and type KF_EFFECT_FLOOR_DEFORM_TYPE; sole caller player_use_item (harp); game_semantic_effect_pool.tsv	"typed" did not say what it spawns; it is the floor-deformation constructor.
function	GAME.EXE	effect_update.c	effect_projectile_update_3d	effect_update_swinging_hazard	rename	only callers are the KF_EFFECT_KIND_SWINGING_HAZARD_SHORT/LONG dispatch arms with effect_swing_probe_offsets; body swings pitch with EFFECT_SWING_ANGULAR_ACCEL and rises on release (game-projectile-helpers.md, game-effect-literals.md)	It updates the pendulum hazard, not a projectile.
function	GAME.EXE	effect_update.c	effect_projectile_update_2d	effect_update_orbiting_projectile	rename	sole caller is the KF_EFFECT_KIND_ORBITING_PROJECTILE dispatch arm (EFFECT_ORBIT_RADIUS); body circles control.orbit_angle around the stored center	Names the effect kind it updates instead of a dimensionality label.
function	GAME.EXE	magic.c	effect_pool_sweep	effect_pool_update	rename	callers game main loop and the floor-5 cutscene loop; body publishes each live record and runs effect_update_dispatch, parallel to actor_pool_update and map_object_pool_update	Per-frame pool drivers share the pool_update name; owner/action columns now effect_pool/update.
function	GAME.EXE	magic.c	effect_pool_reset	effect_pool_reset	retain	marks all 48 records free; callers game.c startup and resources.c	Name correct; identity owner/action corrected to effect_pool/reset.
enum_constant	GAME.EXE	KfEffectType	KF_EFFECT_CLASS_20	KF_EFFECT_CLASS_20	keep-unresolved	set only by actor-spawned and map-object hazard effects (actor_behavior.c, map_object.c, map_object_pool.c); no decoded consumer tests bit 0x20	Value-derived name kept until a consumer is found.
function	GAME.EXE	map_object.c	map_object_spawn_actor_debris	map_object_spawn_gold_drop	rename	body stores object_id KF_ITEM_GOLD_COIN (39) and the argument in link.gold_amount; uses KF_MAP_OBJECT_GOLD_DROP_FIRST and MAP_GOLD_DROP_* constants; sole caller passes rand()*gold_drop_limit from the actor death action	It spawns the gold-coin drop, not generic debris.
parameter	GAME.EXE	map_object.c:map_object_spawn_gold_drop	source	gold_amount	rename	stored verbatim into object->link.gold_amount; identity TSV previously said effect_parameter/origin	The value is the dropped gold amount; declaration, definition and TSV now agree.
function	GAME.EXE	map_object.c	map_object_spawn_effect	map_object_spawn_drop	rename	sole caller actor death action passes KF_MAP_OBJECT_DROP_FROM_DEFINITION/PLACEMENT and a drop object id; body starts FALL_AND_TIP/FALL_AND_SPIN/BOUNCE drop actions by KF_MAP_DROP_*_ID_END bands	It spawns a dropped object; "effect" was the reserved-slot band label.
member	GAME.EXE	KfMapObjectState	effect_sequence_160	gold_drop_sequence	rename	only used by map_object_spawn_gold_drop with KF_MAP_OBJECT_GOLD_DROP_FIRST (160) and cleared in map_object_pool_clear	Named by the drop band it sequences instead of its first slot number.
member	GAME.EXE	KfMapObjectState	effect_sequence_170	definition_drop_sequence	rename	used by map_object_spawn_drop for KF_MAP_OBJECT_DEFINITION_DROP_FIRST (170)	Matches the KF_MAP_OBJECT_DEFINITION_DROP_FIRST band.
member	GAME.EXE	KfMapObjectState	effect_sequence_180	placement_drop_sequence	rename	used by map_object_spawn_drop for KF_MAP_OBJECT_PLACEMENT_DROP_FIRST (180) and the floor-5 cutscene slot acquire	Matches the KF_MAP_OBJECT_PLACEMENT_DROP_FIRST band.
function	GAME.EXE	map_object_pool.c	map_object_probe_forward	map_object_probe_door_closing	rename	only callers are the DOOR_CLOSE_FIRST branches of the hinged and lift door actions in map_object_pool_update; the lift-door arm probes at the door's own cell (no forward offset); radius MAP_DOOR_CLOSING_PROBE_RADIUS	It is the door-closing obstruction probe and does not always probe forward.
parameter	GAME.EXE	map_object.c:map_object_pool_find_interaction_from	x,z,extra_radius	point_x,point_z,radius_padding	rename	header declaration and function_identities.tsv already use point_x/point_z/radius_padding; map_object_pool_find_near_point uses the same spelling	Definition now agrees with its declaration and identity row.
local	GAME.EXE	map_object.c:map_object_pool_update	attribute	floor_steps	rename	value read from map_floor_height_grid and multiplied by KF_MAP_HEIGHT_STEP (three drop-action arms)	It is a floor-height grid value, not a cell attribute.
function	GAME.EXE	map_scripts.c	map_reveal_fade	map_floor2_event_transfer_fade	rename	sole caller map_action_script_floor2; body raises and spins events[3], sets it KF_MAP_EVENT_DISABLED and sets floors[4].script.floor5.character_arrived; game-map-dialogue-state.md calls it the transfer fade	The event is transferred away, nothing is revealed.
data	GAME.EXE	map_scripts.c	map_reveal_light_matrix	map_transfer_light_matrix	rename	only consumer map_floor2_event_transfer_fade	Follows its function's corrected name.
enum_constant	GAME.EXE	enum@map_scripts.c	MAP_REVEAL_FADE_IN_STEP,MAP_REVEAL_LIGHT_BLEND_SHIFT,MAP_REVEAL_RISE_STEP,MAP_REVEAL_YAW_STEP,MAP_REVEAL_FADE_OUT_STEP	MAP_TRANSFER_FADE_IN_STEP,MAP_TRANSFER_LIGHT_BLEND_SHIFT,MAP_TRANSFER_RISE_STEP,MAP_TRANSFER_YAW_STEP,MAP_TRANSFER_FADE_OUT_STEP	rename	used only by map_floor2_event_transfer_fade	Follow the transfer-fade name; MAP_REVEAL_LIFT (map-piece reveal in map_object.c) is unrelated and kept.
function	GAME.EXE	map_scripts.c	map_floor5_transition_cutscene	map_floor5_weapon_transform_cutscene	rename	caller map_action_script_floor5 then sets script.floor5.weapon_transformed; body clears Dragon Sword stock, swaps a spawned object from KF_ITEM_DRAGON_SWORD to KF_ITEM_MOONLIGHT_SWORD; KfMapWeaponTransformPhase/MAP_WEAPON_TRANSFORM_* already name it	"transition" was vague; the cutscene is the weapon transformation.
local	GAME.EXE	map_scripts.c:map_floor5_weapon_transform_cutscene	effect	sword	rename	KfMapObject acquired from the placement-drop band whose object_id is Dragon Sword then Moonlight Sword	The local is the sword map object, not an effect record.
local	GAME.EXE	map_scripts.c:map_interaction_dispatch	sound_x,sound_z	probe_x,probe_z	rename	both VECTOR_YAW_PROBE_XZ results feed the cell-attribute notification lookup and the event/object interaction searches; no sound use	They are the forward probe point.
member	GAME.EXE	KfMapEvent	position_x,position_z	home_x,home_z	rename	only writer map_event_pool_load (definition cell*2000+offset), only reader copies into reference_position at load; map_event_update_wander moves reference_position only	The fields hold the authored home position; reference_position is the live one.
member	GAME.EXE	KfActor	animation_id	animation_clip	rename	type KfAnimationClip; passed as clip_index to render_bind_animated_instance (entity_model_render.c); KfEffectRecord and KfMapEvent spell the same concept animation_clip	Aligns the same concept across the three live-record structs.
member	GAME.EXE	KfPlayerState	floor_height	foot_height	rename	player_update_vertical_motion integrates it by vertical_velocity toward the grid floor (local target) while stepping or falling; camera Y = it + bob - 1500; collision_query_world/player_distance_to_point use it as the player base; game-player-vertical-state.md calls it foot height	It is the player's feet Y, which differs from the floor during steps and falls.
local	GAME.EXE	player_core.c:player_update_weapon_attack	actor	actor_index	rename	s32 result of actor_pool_find_overlap compared with -1 and passed as actor_apply_damage actor_index	It is an index, not an actor pointer.
data	GAME.EXE	player_core.c	weapon_image_path_template	weapon_asset_path_template	rename	WEPON\\WEPnn.MIM loaded into player_state.weapon_asset_buffer and registered as KF_ASSET_WEAPON (player_equip_weapon); MIM files are TMD archives (map-resources.md)	The path names a model asset archive, not an image.
local	GAME.EXE	player_update.c:player_update	attachment	homing_target	rename	KfEffectHomingMode value passed as the target argument of KF_EFFECT_ARGS_HOMING (wander, actor index or shot parity)	It is the homing target selector.
data	GAME.EXE	player_update.c	player_damage_camera_offsets	player_damage_view_rotation_offsets	rename	entries copied into player_state.view_rotation_offset per damage update_state	The table holds rotation offsets, not camera position offsets.
function	GAME.EXE	lighting_presets.c	lighting_apply_weapon9_environment	lighting_apply_shadow_blade_environment	rename	sole caller player_update guards it with equipped_weapon_id == KF_ITEM_SHADOW_BLADE (item 9); SHADOW_BLADE_COLOR_BLEND constant	Names the item already named by KfObjectId instead of its number.
function	GAME.EXE	lighting_presets.c	lighting_apply_timed_player_effect	lighting_apply_illusion_staff_effect	rename	sole caller player_update runs it while player_state.illusion_staff_timer is active; the timer is set only by KF_ITEM_ILLUSION_STAFF in player_use_item	The timer is the Illusion Staff timer, not a generic player effect.
function	GAME.EXE	lighting_presets.c	lighting_apply_color_preset6	lighting_apply_blue_tint	rename	blends toward color_matrix_table[KF_GAME_COLOR_BLUE]; no decoded caller	The table index now has the KF_GAME_COLOR_BLUE name; caller-less purpose remains unknown so the name states only the effect.
function	GAME.EXE	item.c	item_menu_root	shop_menu_root	rename	sole caller menu_enter_mode(KF_MENU_MODE_SHOP, bank); draws KF_MENU_WINDOW_SHOP and dispatches KF_TRADE_BUY/KF_TRADE_SELL	It is the shop menu; "item menu" collided with the player's inventory menu.
function	GAME.EXE	item.c	item_menu_buy	shop_menu_buy	rename	called only from the shop root; KF_TRADE_BUY, item_buy_prices, shop_bank stock	Shop buy panel.
function	GAME.EXE	item.c	item_menu_sell	shop_menu_sell	rename	called only from the shop root; KF_TRADE_SELL, item_sell_prices	Shop sell panel.
local	GAME.EXE	item.c:shop_menu_buy,shop_menu_sell	index,inv	item_ids,stock	rename	index is KfObjectId[80] of listed items; inv points to an item_stock bank	Locals now say they hold item ids and a stock bank.
local	GAME.EXE	item.c:shop_menu_root	phase,action	result,trade_mode	rename	phase holds KfMenuResult; action holds KfTradeMode	Named by their types' meaning.
function	GAME.EXE	pool.c	pool_reset	animation_cache_reset	rename	clears the twelve KfAnimationCacheRecord states (KF_ANIMATION_CACHE_FREE) in game_graphics_runtime; animation-cache.md	The generic "pool" prefix collided with actor/effect/map pools; enum constants and members already call it the animation cache.
function	GAME.EXE	pool.c	pool_mark_allocated	animation_cache_mark_stale	rename	sets every non-free record to KF_ANIMATION_CACHE_STALE; render_frame calls it before revalidation (animation-cache.md)	It marks records stale, not allocated.
function	GAME.EXE	pool.c	pool_record_release	animation_cache_release	rename	frees cached_vertices and clears the owner slot of one record	Animation-cache family prefix.
function	GAME.EXE	pool.c	pool_release_all	animation_cache_release_all	rename	callers death restart, floor warp/unload, menu load; releases every non-free record	Animation-cache family prefix; "pool_release_all" read as releasing all game pools.
function	GAME.EXE	pool.c	pool_release_stale	animation_cache_release_stale	rename	render_frame releases records still KF_ANIMATION_CACHE_STALE	Animation-cache family prefix.
function	GAME.EXE	pool.c	pool_allocate	animation_cache_allocate	rename	sole caller render_bind_animated_instance	Animation-cache family prefix.
type	GAME.EXE	pool.h	KfPoolRecord	KfAnimationCacheRecord	rename	record type of the twelve-entry cache; state is KfAnimationCacheState; members referencing it are all named animation_cache	Type agrees with KF_ANIMATION_CACHE_* and the animation_cache members.
local	GAME.EXE	save_system.c:screen_show_image_until_input	pressed	released	rename	set true when PadRead(1)==0, after which a nonzero read ends the wait	The flag records that input was released, not pressed.
enum_constant	GAME.EXE	KfSaveStatus	SAVE_STATUS_09,SAVE_STATUS_10	SAVE_STATUS_09,SAVE_STATUS_10	keep-unresolved	only consumed in memory_card_check_or_format (failed) and memory_card_show_status_message (card unusable); no producer found	No producer establishes their meaning.
enum_constant	GAME.EXE	KfMapObjectOperation	KF_MAP_OBJECT_OP_03	KF_MAP_OBJECT_OP_03	keep-unresolved	only shares the lift-door arm of map_object_mark_collision_edge; no action handler	Behaviour 3 is not dispatched by map_object_pool_update.
enum_constant	GAME.EXE	KfMapVariant	KF_MAP_VARIANT_2	KF_MAP_VARIANT_2	keep-unresolved	floor-5 same-floor warps select it (player_warp_trigger_update)	Variant identity not established beyond its number.
enum_constant	GAME.EXE	enum@player_core.c	PLAYER_ATTRIBUTE_52_FATAL_HEIGHT	PLAYER_ATTRIBUTE_52_FATAL_HEIGHT	keep-unresolved	death test on KF_MAP_ATTRIBUTE_52 (game-player-vertical-state.md: environmental identity lacks evidence)	Attribute 0x52 is unresolved.
function	GAME.EXE	player_warp.c	actor_transform_definition5_to6	actor_transform_definition5_to6	retain	floor-4 POST_DEATH hook changes definition_id 5 to 6 with a fade (actor_update_current_action)	Definition ids have no evidence-backed creature names; the name states exactly what it does.
function	GAME.EXE	map_load.c	map_load_floor_wrapper	map_load_floor_wrapper	keep-unresolved	one-call wrapper; function_identities note: no distinct load-versus-reload purpose	Distinct purpose unknown.
parameter	GAME.EXE	player_death.c:player_apply_damage	component0..component4	component0..component4	retain	lanes 0..4 are defended by cutting/striking/piercing/magic/fire defense; actor side pairs lane 3 with holy	Per-lane element names differ between the actor and player formulas.
data	GAME.EXE	actor_pool.c	actor_state	actor_state	finding	actor_pool.c:14 comment "Runs awareness and the current action for every occupied actor slot." sits above DATA(actor_state) instead of actor_pool_update	Misplaced comment; not moved in this rename-only pass. Resolved: the comment now sits above actor_pool_update.
function	GAME.EXE	actor_behavior.c	actor_apply_random_movement	actor_apply_random_movement	finding	function_identities.tsv parameters say "s32 step;s16 limit" but source and actor.h declare s16 step	Identity signature width disagrees with source; type fix is out of scope here. Resolved: identity TSV now says s16 step; retail only adds/subtracts it into halfwords truncated to 16 bits.
member	GAME.EXE	KfMapEvent	unknown_0c,unknown_0d	unknown_0c,unknown_0d	finding	map_event_pool_load copies definition unknown_0b/unknown_0c into runtime unknown_0c/unknown_0d	Offset-derived names hide the proven one-to-one copy; resolve together when a consumer is found.
member	GAME.EXE	KfEffectRecord	id	id	finding	stored from the constructor id; forwarded to children and used as player_apply_damage multiplier_tenths (effect_dispatch.c)	Mixed owner/multiplier role; name kept generic until the per-kind contract is recovered (game-player-update-literal-ledger.md).
function	GAME.EXE	player_status_effect4.c	player_apply_fire_defense_boost	player_apply_fire_defense_boost	finding	player_status_effect4.c holds only player_apply_fire_defense_boost (status bit 4); pool.c holds the animation-cache family	Source/unit names are index- or generic-derived (suggest player_fire_defense.c and animation_cache.c); not renamed per scope. Resolved: units renamed to player_fire_defense.c and animation_cache.c (with include/kf/game/animation_cache.h).
member	GAME.EXE	KfGameGraphicsRuntime	pool_records	animation_cache_records	propose-other	member typed KfAnimationCacheRecord[KF_ANIMATION_CACHE_CAPACITY]; only used by the animation_cache_* family (pool.c)	Owned by the render/graphics worker; rename would match the cache family.; applied at integration
parameter	GAME.EXE	menu_enter_mode.c:menu_enter_mode	item_or_event_id	item_or_event_id	propose-other	shop mode passes a KfItemStockBank derived from the map event character id (map_scripts.c)	Parameter name could mention the shop bank role; owned by the menu worker.
parameter	GAME.EXE	actor.c:actor_pool_find_overlap	x,y,z,extra_radius	point_x,point_y,point_z,radius_padding	rename	the point is tested against each actor volume with collision_radius+padding; map_object_pool_find_near_point and map_event_pool_find_overlap already spell point_x/point_z/radius_padding; actor_distance_to_point uses point_*	Consistent spelling across the three pool overlap finders; declaration, definition, identity TSV and evidence signature updated together.
parameter	GAME.EXE	actor.c:actor_pool_apply_radial_damage	falloff	falloff_q12	rename	compared with KF_FIXED12_ONE and passed to radial_damage_attenuated_scale exactly like player_apply_radial_damage's falloff_q12	States the Q12 unit and matches the player twin.
parameter	GAME.EXE	player_death.c:player_calculate_damage_component	base_power	defender_power	rename	sole caller player_apply_damage passes player_state.physical_power*10, which is added (/5) to the player's defense threshold; in combat_calculate_damage_component base_power is the attacker's power	In the player formula the power belongs to the defender, so base_power misled readers comparing the two formulas.
parameter	GAME.EXE	effect_pool.c:effect_pool_construct	id	id	retain	stored in KfEffectRecord.id, forwarded to children, used as player damage multiplier_tenths	Mixed-role byte; see the KfEffectRecord.id finding.
parameter	GAME.EXE	map_scripts.c:map_show_screen_image	index	index	retain	caller passes object->link.fields.link_id; written as two decimal digits of the KAN image path	It is the image number within the group.
parameter	GAME.EXE	actor.c:actor_set_rotation	x,y,z	x,y,z	retain	written to rotation.angles.x/y/z	Euler lane names match the member lanes.
parameter	GAME.EXE	equipment.c:fixed6_ratio_step	value,span	value,span	retain	callers pass physical_power/magic and a record charge_rate; body (value<<6)/(span+1)+1	Generic arithmetic helper; names describe the formula roles.
