id	file	line	function	arg_index	definition	expansion_occurrence	domains	images	modes	before_line	before_function	before_name	final_name	decision	semantic_reason	reviewer
P00017	include/kf/audio.h	124	audio_play_spatial	0	0	0	SoundRef	GAME.EXE|OPEN.EXE	modern|retail	124	audio_play_spatial	sound	sound	retain	Packed sound program/tone/note input; shared GAME and OPEN parameter meaning despite different panning policies.	root
P00018	include/kf/audio.h	124	audio_play_spatial	1	0	0	VECTOR	GAME.EXE|OPEN.EXE	modern|retail	124	audio_play_spatial	position	position	retain	World position of the sound emitter used to compute listener-relative distance and bearing in both images.	root
P00022	include/kf/audio.h	127	audio_play_spatial_default_range	0	0	0	SoundRef	GAME.EXE|OPEN.EXE	modern|retail	127	audio_play_spatial_default_range	sound	sound	retain	Forwards the sound selector unchanged while supplying default spatial distances.	root
P00023	include/kf/audio.h	127	audio_play_spatial_default_range	1	0	0	VECTOR	GAME.EXE|OPEN.EXE	modern|retail	127	audio_play_spatial_default_range	position	position	retain	Forwards the sound emitter position unchanged to spatial playback.	root
P00025	include/kf/audio.h	129	audio_play_spatial_range	0	0	0	SoundRef	GAME.EXE|OPEN.EXE	modern|retail	129	audio_play_spatial_range	sound	sound	retain	Forwards the sound selector unchanged through the range wrapper in both images.	root
P00026	include/kf/audio.h	129	audio_play_spatial_range	1	0	0	VECTOR	GAME.EXE|OPEN.EXE	modern|retail	129	audio_play_spatial_range	position	position	retain	Forwards the sound emitter world position through the range wrapper in both images.	root
P00030	include/kf/audio.h	131	sound_ref_play	0	0	0	SoundRef	GAME.EXE|OPEN.EXE	modern|retail	131	sound_ref_play	sound	sound	retain	SoundRef supplies the sound identity played with the explicit volume in both images.	root
P00032	include/kf/audio.h	132	sound_ref_key_off_bank0	0	0	0	SoundRef	GAME.EXE|OPEN.EXE	modern|retail	132	sound_ref_key_off_bank0	sound	sound	retain	SoundRef selects bank-zero tone/program for key-off in both images.	root
P00033	include/kf/audio.h	134	audio_set_listener_transform	0	0	0	VECTOR	GAME.EXE|OPEN.EXE	modern|retail	134	audio_set_listener_transform	position_or_null	position_or_null	retain	Independent optional listener-position update; NULL retains the previous listener position.	root
P00034	include/kf/audio.h	134	audio_set_listener_transform	1	0	0	SVECTOR	GAME.EXE|OPEN.EXE	modern|retail	134	audio_set_listener_transform	rotation_or_null	rotation_or_null	retain	Independent optional listener-rotation update; NULL retains the previous listener rotation.	root
P00036	include/kf/audio.h	137	audio_stop_sequence	0	0	0	KfAudioStopMode	GAME.EXE|OPEN.EXE	modern|retail	137	audio_stop_sequence	mode	stop_mode	rename	Controls immediate stop versus volume fade before sequence shutdown; explicitly names the enum's policy.	root
P00055	include/kf/game_actor.h	86	operator++	0	1	0	KfActorActionProgress	GAME.EXE|OPEN.EXE	modern	86	operator++	value	value	retain	Mutable actor action-progress counter; prefix/postfix update the same operand, with postfix returning its previous value.	root
P00056	include/kf/game_actor.h	86	operator++	0	1	0	KfActorActionProgress	GAME.EXE|OPEN.EXE	modern	86	operator++	value	value	retain	Mutable actor action-progress counter; prefix/postfix update the same operand, with postfix returning its previous value.	root
P00058	include/kf/game_actor.h	86	operator--	0	1	0	KfActorActionProgress	GAME.EXE|OPEN.EXE	modern	86	operator--	value	value	retain	Mutable actor action-progress counter; prefix/postfix update the same operand, with postfix returning its previous value.	root
P00059	include/kf/game_actor.h	86	operator--	0	1	0	KfActorActionProgress	GAME.EXE|OPEN.EXE	modern	86	operator--	value	value	retain	Mutable actor action-progress counter; prefix/postfix update the same operand, with postfix returning its previous value.	root
P00061	include/kf/game_actor.h	180	operator&	0	1	0	KfActorEffectCode	GAME.EXE|OPEN.EXE	modern	180	operator&	lhs	lhs	retain	Left operand of intersection for packed actor effect-kind bits and the paired-emission flag; lhs/rhs describe operator position, not a game-object role.	root
P00062	include/kf/game_actor.h	180	operator&	1	1	0	KfActorEffectCode	GAME.EXE|OPEN.EXE	modern	180	operator&	rhs	rhs	retain	Right input operand of intersection for packed actor effect-kind bits and the paired-emission flag; lhs/rhs describe operator position, not a game-object role.	root
P00063	include/kf/game_actor.h	180	operator&=	0	1	0	KfActorEffectCode	GAME.EXE|OPEN.EXE	modern	180	operator&=	lhs	lhs	retain	Left operand and mutable destination of intersection assignment for packed actor effect-kind bits and the paired-emission flag; lhs/rhs describe operator position, not a game-object role.	root
P00064	include/kf/game_actor.h	180	operator&=	1	1	0	KfActorEffectCode	GAME.EXE|OPEN.EXE	modern	180	operator&=	rhs	rhs	retain	Right input operand of intersection assignment for packed actor effect-kind bits and the paired-emission flag; lhs/rhs describe operator position, not a game-object role.	root
P00065	include/kf/game_actor.h	180	operator^	0	1	0	KfActorEffectCode	GAME.EXE|OPEN.EXE	modern	180	operator^	lhs	lhs	retain	Left operand of exclusive-or for packed actor effect-kind bits and the paired-emission flag; lhs/rhs describe operator position, not a game-object role.	root
P00066	include/kf/game_actor.h	180	operator^	1	1	0	KfActorEffectCode	GAME.EXE|OPEN.EXE	modern	180	operator^	rhs	rhs	retain	Right input operand of exclusive-or for packed actor effect-kind bits and the paired-emission flag; lhs/rhs describe operator position, not a game-object role.	root
P00067	include/kf/game_actor.h	180	operator^=	0	1	0	KfActorEffectCode	GAME.EXE|OPEN.EXE	modern	180	operator^=	lhs	lhs	retain	Left operand and mutable destination of exclusive-or assignment for packed actor effect-kind bits and the paired-emission flag; lhs/rhs describe operator position, not a game-object role.	root
P00068	include/kf/game_actor.h	180	operator^=	1	1	0	KfActorEffectCode	GAME.EXE|OPEN.EXE	modern	180	operator^=	rhs	rhs	retain	Right input operand of exclusive-or assignment for packed actor effect-kind bits and the paired-emission flag; lhs/rhs describe operator position, not a game-object role.	root
P00069	include/kf/game_actor.h	180	operator|	0	1	0	KfActorEffectCode	GAME.EXE|OPEN.EXE	modern	180	operator|	lhs	lhs	retain	Left operand of union for packed actor effect-kind bits and the paired-emission flag; lhs/rhs describe operator position, not a game-object role.	root
P00070	include/kf/game_actor.h	180	operator|	1	1	0	KfActorEffectCode	GAME.EXE|OPEN.EXE	modern	180	operator|	rhs	rhs	retain	Right input operand of union for packed actor effect-kind bits and the paired-emission flag; lhs/rhs describe operator position, not a game-object role.	root
P00071	include/kf/game_actor.h	180	operator|=	0	1	0	KfActorEffectCode	GAME.EXE|OPEN.EXE	modern	180	operator|=	lhs	lhs	retain	Left operand and mutable destination of union assignment for packed actor effect-kind bits and the paired-emission flag; lhs/rhs describe operator position, not a game-object role.	root
P00072	include/kf/game_actor.h	180	operator|=	1	1	0	KfActorEffectCode	GAME.EXE|OPEN.EXE	modern	180	operator|=	rhs	rhs	retain	Right input operand of union assignment for packed actor effect-kind bits and the paired-emission flag; lhs/rhs describe operator position, not a game-object role.	root
P00073	include/kf/game_actor.h	180	operator~	0	1	0	KfActorEffectCode	GAME.EXE|OPEN.EXE	modern	180	operator~	value	value	retain	Unary operand whose packed actor effect-kind bits and the paired-emission flag are complemented in the opted-in storage width.	root
P00074	include/kf/game_actor.h	184	actor_effect_kind_from_payload	0	1	0	KfActorEffectCode	GAME.EXE|OPEN.EXE	modern	184	actor_effect_kind_from_payload	payload	payload	retain	The packed actor effect payload has already been masked by its caller before enum decoding.	root
P00075	include/kf/game_actor.h	341	actor_animation_crossed_phase	0	0	0	KfActor	GAME.EXE|OPEN.EXE	modern|retail	341	actor_animation_crossed_phase	actor	actor	retain	Reads this actor's current and prior animation phase to test a crossing.	root
P00077	include/kf/game_actor.h	342	actor_advance_animation_clamped	0	0	0	KfActor	GAME.EXE|OPEN.EXE	modern|retail	342	actor_advance_animation_clamped	actor	actor	retain	The supplied actor owns the animation phase advanced and clamped by this helper.	root
P00079	include/kf/game_actor.h	343	actor_advance_animation_wrapped	0	0	0	KfActor	GAME.EXE|OPEN.EXE	modern|retail	343	actor_advance_animation_wrapped	actor	actor	retain	The supplied actor owns the animation phase advanced with wrapping.	root
P00083	include/kf/game_actor.h	346	actor_bind_current	0	0	0	KfActor	GAME.EXE|OPEN.EXE	modern|retail	346	actor_bind_current	actor	actor	retain	Publishes this actor and its definition into the current actor context.	root
P00092	include/kf/game_actor.h	349	actor_apply_damage	8	0	0	KfEffectType	GAME.EXE|OPEN.EXE	modern|retail	349	actor_apply_damage	hit_flags	hit_flags	retain	Effect-type bits are masked to determine player damage credit; this is a hit-specific role of the shared flags.	root
P00093	include/kf/game_actor.h	350	actor_definitions_load	0	0	0	KfActorDefinitionTable	GAME.EXE|OPEN.EXE	modern|retail	350	actor_definitions_load	definitions	definitions	retain	Copies the complete source actor-definition table into the runtime owner.	root
P00094	include/kf/game_actor.h	351	actor_initialize	0	0	0	KfActor	GAME.EXE|OPEN.EXE	modern|retail	351	actor_initialize	actor	actor	retain	Initializes lifecycle, animation, health, rotation and occupancy of this actor.	root
P00096	include/kf/game_actor.h	354	actor_move_along_heading	0	0	0	KfActorMoveDirection	GAME.EXE|OPEN.EXE	modern|retail	354	actor_move_along_heading	direction	direction	retain	Signed forward/backward selection determines whether the computed heading vector is negated.	root
P00097	include/kf/game_actor.h	354	actor_move_along_heading	1	0	0	KfActorCollisionPolicy	GAME.EXE|OPEN.EXE	modern|retail	354	actor_move_along_heading	stop_on_collision	collision_policy	rename	Selects collision steering versus stopping; stop_on_collision sounds Boolean although the enum expresses alternative policies.	root
P00098	include/kf/game_actor.h	355	actor_move_xz_with_collision	0	0	0	KfVecXZs	GAME.EXE|OPEN.EXE	modern|retail	355	actor_move_xz_with_collision	delta	delta	retain	XZ displacement is added to the current actor position to form the candidate movement target.	root
P00099	include/kf/game_actor.h	355	actor_move_xz_with_collision	1	0	0	KfActorCollisionPolicy	GAME.EXE|OPEN.EXE	modern|retail	355	actor_move_xz_with_collision	stop_on_collision	collision_policy	rename	Same steering/stop policy forwarded from actor_move_along_heading; preserve the shared parameter name across both functions.	root
P00100	include/kf/game_actor.h	356	actor_play_sound_at_phase	0	0	0	SoundRef	GAME.EXE|OPEN.EXE	modern|retail	356	actor_play_sound_at_phase	sound	sound	retain	SoundRef identifies the sound played when the actor crosses the requested animation phase.	root
P00103	include/kf/game_actor.h	360	actor_pool_apply_radial_damage	0	0	0	VECTOR	GAME.EXE|OPEN.EXE	modern|retail	360	actor_pool_apply_radial_damage	origin	origin	retain	World-space radial-damage center; unlike an actor placement position this is the center of a query volume.	root
P00113	include/kf/game_actor.h	362	actor_pool_apply_radial_damage	10	0	0	KfEffectType	GAME.EXE|OPEN.EXE	modern|retail	362	actor_pool_apply_radial_damage	hit_flags	hit_flags	retain	Forwards hit-credit flags unchanged to actor_apply_damage for every affected actor.	root
P00116	include/kf/game_actor.h	365	actor_pool_find_target_in_cone	0	0	0	VECTOR	GAME.EXE|OPEN.EXE	modern|retail	365	actor_pool_find_target_in_cone	origin	origin	retain	World-space origin for cone distance and bearing tests across actor candidates.	root
P00126	include/kf/game_actor.h	368	actor_pool_load_placements	0	0	0	KfActorPlacement	GAME.EXE|OPEN.EXE	modern|retail	368	actor_pool_load_placements	placements	placements	retain	Walks the serialized actor-placement stream and expands records into runtime actors.	root
P00128	include/kf/game_actor.h	370	actor_pool_spawn	1	0	0	VECTOR	GAME.EXE|OPEN.EXE	modern|retail	370	actor_pool_spawn	position	position	retain	Input world position assigned to the newly allocated actor.	root
P00129	include/kf/game_actor.h	371	actor_pool_spawn	2	0	0	KfVec3s	GAME.EXE|OPEN.EXE	modern|retail	371	actor_pool_spawn	rotation	rotation	retain	Three signed components are used as the spawned actor's Euler rotation despite the general KfVec3s storage type.	root
P00130	include/kf/game_actor.h	374	actor_distance_to_point	0	0	0	KfActor	GAME.EXE|OPEN.EXE	modern|retail	374	actor_distance_to_point	actor	actor	retain	The actor supplies one collision-volume endpoint for the point-distance test.	root
P00138	include/kf/game_actor.h	378	actor_set_action	0	0	0	KfActor	GAME.EXE|OPEN.EXE	modern|retail	378	actor_set_action	actor	actor	retain	Target actor whose action and action-progress fields are updated.	root
P00139	include/kf/game_actor.h	378	actor_set_action	1	0	0	KfActorAction	GAME.EXE|OPEN.EXE	modern|retail	378	actor_set_action	action	action	retain	New action assigned directly to actor->action before initializing its progress.	root
P00140	include/kf/game_actor.h	379	actor_set_player_transform	0	0	0	VECTOR	GAME.EXE|OPEN.EXE	modern|retail	379	actor_set_player_transform	position	position_or_null	rename	NULL preserves the cached player position; match the optional-transform naming used by audio and rendering APIs.	root
P00141	include/kf/game_actor.h	379	actor_set_player_transform	1	0	0	SVECTOR	GAME.EXE|OPEN.EXE	modern|retail	379	actor_set_player_transform	rotation	rotation_or_null	rename	NULL independently preserves cached player rotation; distinguish from required spawn rotation.	root
P00142	include/kf/game_actor.h	381	actor_try_select_action_distance_facing	0	0	0	KfActorAction	GAME.EXE|OPEN.EXE	modern|retail	381	actor_try_select_action_distance_facing	action	action	retain	Candidate action returned only after distance, probability and facing checks.	root
P00146	include/kf/game_actor.h	383	actor_try_select_facing_action	0	0	0	KfActorAction	GAME.EXE|OPEN.EXE	modern|retail	383	actor_try_select_facing_action	action	action	retain	Candidate action tested against the current action and returned on the facing/probability path.	root
P00149	include/kf/game_actor.h	385	actor_try_select_ground_action	0	0	0	KfActorAction	GAME.EXE|OPEN.EXE	modern|retail	385	actor_try_select_ground_action	action	action	retain	Candidate action accepted only after grounded state and selection checks.	root
P00152	include/kf/game_actor.h	387	actor_try_select_profiled_action	0	0	0	KfActorAction	GAME.EXE|OPEN.EXE	modern|retail	387	actor_try_select_profiled_action	action	action	retain	Candidate action selected using the effect profile's distance weights.	root
P00154	include/kf/game_actor.h	387	actor_try_select_profiled_action	2	0	0	KfActorEffectCode	GAME.EXE|OPEN.EXE	modern|retail	387	actor_try_select_profiled_action	profile_index	effect_code	rename	The input still contains packed actor-effect bits and is masked before indexing actor_action_profiles; profile_index incorrectly suggests an already decoded index.	root
P00160	include/kf/game_actor.h	393	actor_update_effect_action	0	0	0	KfActorEffectSlot	GAME.EXE|OPEN.EXE	modern|retail	393	actor_update_effect_action	effect_slot	effect_slot	retain	Chooses the current definition's animation/effect parameter slot.	root
P00161	include/kf/game_actor.h	394	actor_transform_definition5_to6	0	0	0	KfActor	GAME.EXE|OPEN.EXE	modern|retail	394	actor_transform_definition5_to6	actor	actor	retain	Actor whose definition and visual transform are transitioned from definition 5 to 6.	root
P00166	include/kf/game_asset.h	31	asset_registry_set	1	0	0	KfAssetHeader	GAME.EXE|OPEN.EXE	modern|retail	31	asset_registry_set	asset	asset	retain	Asset header pointer stored in the selected asset-registry entry.	root
P00178	include/kf/game_collision.h	75	map_floor_height_at_position	0	0	0	VECTOR	GAME.EXE|OPEN.EXE	modern|retail	75	map_floor_height_at_position	position	position	retain	World-space input position selects the floor-height query location.	root
P00182	include/kf/game_effect.h	56	operator++	0	1	0	KfEffectBillboardId	GAME.EXE|OPEN.EXE	modern	56	operator++	value	value	retain	Mutable effect billboard-frame selector advanced during animation; prefix/postfix update the same operand, with postfix returning its previous value.	root
P00183	include/kf/game_effect.h	56	operator++	0	1	0	KfEffectBillboardId	GAME.EXE|OPEN.EXE	modern	56	operator++	value	value	retain	Mutable effect billboard-frame selector advanced during animation; prefix/postfix update the same operand, with postfix returning its previous value.	root
P00185	include/kf/game_effect.h	56	operator--	0	1	0	KfEffectBillboardId	GAME.EXE|OPEN.EXE	modern	56	operator--	value	value	retain	Mutable effect billboard-frame selector advanced during animation; prefix/postfix update the same operand, with postfix returning its previous value.	root
P00186	include/kf/game_effect.h	56	operator--	0	1	0	KfEffectBillboardId	GAME.EXE|OPEN.EXE	modern	56	operator--	value	value	retain	Mutable effect billboard-frame selector advanced during animation; prefix/postfix update the same operand, with postfix returning its previous value.	root
P00188	include/kf/game_effect.h	99	operator&	0	1	0	KfEffectType	GAME.EXE|OPEN.EXE	modern	99	operator&	lhs	lhs	retain	Left operand of intersection for effect target, damage-source and lifecycle flags; lhs/rhs describe operator position, not a game-object role.	root
P00189	include/kf/game_effect.h	99	operator&	1	1	0	KfEffectType	GAME.EXE|OPEN.EXE	modern	99	operator&	rhs	rhs	retain	Right input operand of intersection for effect target, damage-source and lifecycle flags; lhs/rhs describe operator position, not a game-object role.	root
P00190	include/kf/game_effect.h	99	operator&=	0	1	0	KfEffectType	GAME.EXE|OPEN.EXE	modern	99	operator&=	lhs	lhs	retain	Left operand and mutable destination of intersection assignment for effect target, damage-source and lifecycle flags; lhs/rhs describe operator position, not a game-object role.	root
P00191	include/kf/game_effect.h	99	operator&=	1	1	0	KfEffectType	GAME.EXE|OPEN.EXE	modern	99	operator&=	rhs	rhs	retain	Right input operand of intersection assignment for effect target, damage-source and lifecycle flags; lhs/rhs describe operator position, not a game-object role.	root
P00192	include/kf/game_effect.h	99	operator^	0	1	0	KfEffectType	GAME.EXE|OPEN.EXE	modern	99	operator^	lhs	lhs	retain	Left operand of exclusive-or for effect target, damage-source and lifecycle flags; lhs/rhs describe operator position, not a game-object role.	root
P00193	include/kf/game_effect.h	99	operator^	1	1	0	KfEffectType	GAME.EXE|OPEN.EXE	modern	99	operator^	rhs	rhs	retain	Right input operand of exclusive-or for effect target, damage-source and lifecycle flags; lhs/rhs describe operator position, not a game-object role.	root
P00194	include/kf/game_effect.h	99	operator^=	0	1	0	KfEffectType	GAME.EXE|OPEN.EXE	modern	99	operator^=	lhs	lhs	retain	Left operand and mutable destination of exclusive-or assignment for effect target, damage-source and lifecycle flags; lhs/rhs describe operator position, not a game-object role.	root
P00195	include/kf/game_effect.h	99	operator^=	1	1	0	KfEffectType	GAME.EXE|OPEN.EXE	modern	99	operator^=	rhs	rhs	retain	Right input operand of exclusive-or assignment for effect target, damage-source and lifecycle flags; lhs/rhs describe operator position, not a game-object role.	root
P00196	include/kf/game_effect.h	99	operator|	0	1	0	KfEffectType	GAME.EXE|OPEN.EXE	modern	99	operator|	lhs	lhs	retain	Left operand of union for effect target, damage-source and lifecycle flags; lhs/rhs describe operator position, not a game-object role.	root
P00197	include/kf/game_effect.h	99	operator|	1	1	0	KfEffectType	GAME.EXE|OPEN.EXE	modern	99	operator|	rhs	rhs	retain	Right input operand of union for effect target, damage-source and lifecycle flags; lhs/rhs describe operator position, not a game-object role.	root
P00198	include/kf/game_effect.h	99	operator|=	0	1	0	KfEffectType	GAME.EXE|OPEN.EXE	modern	99	operator|=	lhs	lhs	retain	Left operand and mutable destination of union assignment for effect target, damage-source and lifecycle flags; lhs/rhs describe operator position, not a game-object role.	root
P00199	include/kf/game_effect.h	99	operator|=	1	1	0	KfEffectType	GAME.EXE|OPEN.EXE	modern	99	operator|=	rhs	rhs	retain	Right input operand of union assignment for effect target, damage-source and lifecycle flags; lhs/rhs describe operator position, not a game-object role.	root
P00200	include/kf/game_effect.h	99	operator~	0	1	0	KfEffectType	GAME.EXE|OPEN.EXE	modern	99	operator~	value	value	retain	Unary operand whose effect target, damage-source and lifecycle flags are complemented in the opted-in storage width.	root
P00201	include/kf/game_effect.h	171	operator++	0	1	0	KfEffectPhase	GAME.EXE|OPEN.EXE	modern	171	operator++	value	value	retain	Mutable effect lifecycle phase counter; prefix/postfix update the same operand, with postfix returning its previous value.	root
P00202	include/kf/game_effect.h	171	operator++	0	1	0	KfEffectPhase	GAME.EXE|OPEN.EXE	modern	171	operator++	value	value	retain	Mutable effect lifecycle phase counter; prefix/postfix update the same operand, with postfix returning its previous value.	root
P00204	include/kf/game_effect.h	171	operator--	0	1	0	KfEffectPhase	GAME.EXE|OPEN.EXE	modern	171	operator--	value	value	retain	Mutable effect lifecycle phase counter; prefix/postfix update the same operand, with postfix returning its previous value.	root
P00205	include/kf/game_effect.h	171	operator--	0	1	0	KfEffectPhase	GAME.EXE|OPEN.EXE	modern	171	operator--	value	value	retain	Mutable effect lifecycle phase counter; prefix/postfix update the same operand, with postfix returning its previous value.	root
P00209	include/kf/game_effect.h	364	effect_pool_construct	1	0	0	KfEffectType	GAME.EXE|OPEN.EXE	modern	364	effect_pool_construct	type	type	retain	The constructor copies the combined target/class/free-state flags directly into record->type; all typed overloads agree.	root
P00210	include/kf/game_effect.h	364	effect_pool_construct	2	0	0	KfEffectKind	GAME.EXE|OPEN.EXE	modern	364	effect_pool_construct	kind	kind	retain	Behavioral effect identity is copied into record->kind and selects construction dispatch; distinct from type flags.	root
P00211	include/kf/game_effect.h	364	effect_pool_construct	3	0	0	VECTOR	GAME.EXE|OPEN.EXE	modern	364	effect_pool_construct	position	position	retain	Required initial world position copied into every constructed effect record.	root
P00212	include/kf/game_effect.h	365	effect_pool_construct	4	0	0	SVECTOR	GAME.EXE|OPEN.EXE	modern	365	effect_pool_construct	direction	direction	retain	Required direction storage copied into the effect record; concrete use depends on the selected kind, so do not rename universally to velocity or rotation.	root
P00214	include/kf/game_effect.h	367	effect_pool_construct	1	0	0	KfEffectType	GAME.EXE|OPEN.EXE	modern	367	effect_pool_construct	type	type	retain	The constructor copies the combined target/class/free-state flags directly into record->type; all typed overloads agree.	root
P00215	include/kf/game_effect.h	367	effect_pool_construct	2	0	0	KfEffectKind	GAME.EXE|OPEN.EXE	modern	367	effect_pool_construct	kind	kind	retain	Behavioral effect identity is copied into record->kind and selects construction dispatch; distinct from type flags.	root
P00216	include/kf/game_effect.h	367	effect_pool_construct	3	0	0	VECTOR	GAME.EXE|OPEN.EXE	modern	367	effect_pool_construct	position	position	retain	Required initial world position copied into every constructed effect record.	root
P00217	include/kf/game_effect.h	368	effect_pool_construct	4	0	0	SVECTOR	GAME.EXE|OPEN.EXE	modern	368	effect_pool_construct	direction	direction	retain	Required direction storage copied into the effect record; concrete use depends on the selected kind, so do not rename universally to velocity or rotation.	root
P00218	include/kf/game_effect.h	368	effect_pool_construct	5	0	0	KfEffectBranchArguments	GAME.EXE|OPEN.EXE	modern	368	effect_pool_construct	arguments	arguments	retain	Modern-only bundle validates the branch-role variadic argument; the common overload slot carries kind-specific extra arguments.	root
P00220	include/kf/game_effect.h	370	effect_pool_construct	1	0	0	KfEffectType	GAME.EXE|OPEN.EXE	modern	370	effect_pool_construct	type	type	retain	The constructor copies the combined target/class/free-state flags directly into record->type; all typed overloads agree.	root
P00221	include/kf/game_effect.h	370	effect_pool_construct	2	0	0	KfEffectKind	GAME.EXE|OPEN.EXE	modern	370	effect_pool_construct	kind	kind	retain	Behavioral effect identity is copied into record->kind and selects construction dispatch; distinct from type flags.	root
P00222	include/kf/game_effect.h	370	effect_pool_construct	3	0	0	VECTOR	GAME.EXE|OPEN.EXE	modern	370	effect_pool_construct	position	position	retain	Required initial world position copied into every constructed effect record.	root
P00223	include/kf/game_effect.h	371	effect_pool_construct	4	0	0	SVECTOR	GAME.EXE|OPEN.EXE	modern	371	effect_pool_construct	direction	direction	retain	Required direction storage copied into the effect record; concrete use depends on the selected kind, so do not rename universally to velocity or rotation.	root
P00224	include/kf/game_effect.h	371	effect_pool_construct	5	0	0	KfEffectRotationArguments	GAME.EXE|OPEN.EXE	modern	371	effect_pool_construct	arguments	arguments	retain	Modern-only bundle validates a rotation pointer in the kind-specific variadic tail.	root
P00226	include/kf/game_effect.h	373	effect_pool_construct	1	0	0	KfEffectType	GAME.EXE|OPEN.EXE	modern	373	effect_pool_construct	type	type	retain	The constructor copies the combined target/class/free-state flags directly into record->type; all typed overloads agree.	root
P00227	include/kf/game_effect.h	373	effect_pool_construct	2	0	0	KfEffectKind	GAME.EXE|OPEN.EXE	modern	373	effect_pool_construct	kind	kind	retain	Behavioral effect identity is copied into record->kind and selects construction dispatch; distinct from type flags.	root
P00228	include/kf/game_effect.h	373	effect_pool_construct	3	0	0	VECTOR	GAME.EXE|OPEN.EXE	modern	373	effect_pool_construct	position	position	retain	Required initial world position copied into every constructed effect record.	root
P00229	include/kf/game_effect.h	374	effect_pool_construct	4	0	0	SVECTOR	GAME.EXE|OPEN.EXE	modern	374	effect_pool_construct	direction	direction	retain	Required direction storage copied into the effect record; concrete use depends on the selected kind, so do not rename universally to velocity or rotation.	root
P00230	include/kf/game_effect.h	374	effect_pool_construct	5	0	0	KfEffectRotationSoundArguments	GAME.EXE|OPEN.EXE	modern	374	effect_pool_construct	arguments	arguments	retain	Modern-only bundle validates rotation and sound arguments in their retail order.	root
P00232	include/kf/game_effect.h	376	effect_pool_construct	1	0	0	KfEffectType	GAME.EXE|OPEN.EXE	modern	376	effect_pool_construct	type	type	retain	The constructor copies the combined target/class/free-state flags directly into record->type; all typed overloads agree.	root
P00233	include/kf/game_effect.h	376	effect_pool_construct	2	0	0	KfEffectKind	GAME.EXE|OPEN.EXE	modern	376	effect_pool_construct	kind	kind	retain	Behavioral effect identity is copied into record->kind and selects construction dispatch; distinct from type flags.	root
P00234	include/kf/game_effect.h	376	effect_pool_construct	3	0	0	VECTOR	GAME.EXE|OPEN.EXE	modern	376	effect_pool_construct	position	position	retain	Required initial world position copied into every constructed effect record.	root
P00235	include/kf/game_effect.h	377	effect_pool_construct	4	0	0	SVECTOR	GAME.EXE|OPEN.EXE	modern	377	effect_pool_construct	direction	direction	retain	Required direction storage copied into the effect record; concrete use depends on the selected kind, so do not rename universally to velocity or rotation.	root
P00236	include/kf/game_effect.h	377	effect_pool_construct	5	0	0	KfEffectDurationSoundArguments	GAME.EXE|OPEN.EXE	modern	377	effect_pool_construct	arguments	arguments	retain	Modern-only bundle validates duration and sound request without changing the retail variadic slots.	root
P00238	include/kf/game_effect.h	379	effect_pool_construct	1	0	0	KfEffectType	GAME.EXE|OPEN.EXE	modern	379	effect_pool_construct	type	type	retain	The constructor copies the combined target/class/free-state flags directly into record->type; all typed overloads agree.	root
P00239	include/kf/game_effect.h	379	effect_pool_construct	2	0	0	KfEffectKind	GAME.EXE|OPEN.EXE	modern	379	effect_pool_construct	kind	kind	retain	Behavioral effect identity is copied into record->kind and selects construction dispatch; distinct from type flags.	root
P00240	include/kf/game_effect.h	379	effect_pool_construct	3	0	0	VECTOR	GAME.EXE|OPEN.EXE	modern	379	effect_pool_construct	position	position	retain	Required initial world position copied into every constructed effect record.	root
P00241	include/kf/game_effect.h	380	effect_pool_construct	4	0	0	SVECTOR	GAME.EXE|OPEN.EXE	modern	380	effect_pool_construct	direction	direction	retain	Required direction storage copied into the effect record; concrete use depends on the selected kind, so do not rename universally to velocity or rotation.	root
P00242	include/kf/game_effect.h	380	effect_pool_construct	5	0	0	KfEffectScatterArguments	GAME.EXE|OPEN.EXE	modern	380	effect_pool_construct	arguments	arguments	retain	Modern-only bundle validates scatter generations, duration and scale, preserving the common extra-argument role.	root
P00244	include/kf/game_effect.h	382	effect_pool_construct	1	0	0	KfEffectType	GAME.EXE|OPEN.EXE	modern	382	effect_pool_construct	type	type	retain	The constructor copies the combined target/class/free-state flags directly into record->type; all typed overloads agree.	root
P00245	include/kf/game_effect.h	382	effect_pool_construct	2	0	0	KfEffectKind	GAME.EXE|OPEN.EXE	modern	382	effect_pool_construct	kind	kind	retain	Behavioral effect identity is copied into record->kind and selects construction dispatch; distinct from type flags.	root
P00246	include/kf/game_effect.h	382	effect_pool_construct	3	0	0	VECTOR	GAME.EXE|OPEN.EXE	modern	382	effect_pool_construct	position	position	retain	Required initial world position copied into every constructed effect record.	root
P00247	include/kf/game_effect.h	383	effect_pool_construct	4	0	0	SVECTOR	GAME.EXE|OPEN.EXE	modern	383	effect_pool_construct	direction	direction	retain	Required direction storage copied into the effect record; concrete use depends on the selected kind, so do not rename universally to velocity or rotation.	root
P00248	include/kf/game_effect.h	383	effect_pool_construct	5	0	0	KfEffectSoundArguments	GAME.EXE|OPEN.EXE	modern	383	effect_pool_construct	arguments	arguments	retain	Modern-only bundle validates the effect sound request in the variadic tail.	root
P00250	include/kf/game_effect.h	385	effect_pool_construct	1	0	0	KfEffectType	GAME.EXE|OPEN.EXE	modern	385	effect_pool_construct	type	type	retain	The constructor copies the combined target/class/free-state flags directly into record->type; all typed overloads agree.	root
P00251	include/kf/game_effect.h	385	effect_pool_construct	2	0	0	KfEffectKind	GAME.EXE|OPEN.EXE	modern	385	effect_pool_construct	kind	kind	retain	Behavioral effect identity is copied into record->kind and selects construction dispatch; distinct from type flags.	root
P00252	include/kf/game_effect.h	385	effect_pool_construct	3	0	0	VECTOR	GAME.EXE|OPEN.EXE	modern	385	effect_pool_construct	position	position	retain	Required initial world position copied into every constructed effect record.	root
P00253	include/kf/game_effect.h	386	effect_pool_construct	4	0	0	SVECTOR	GAME.EXE|OPEN.EXE	modern	386	effect_pool_construct	direction	direction	retain	Required direction storage copied into the effect record; concrete use depends on the selected kind, so do not rename universally to velocity or rotation.	root
P00254	include/kf/game_effect.h	386	effect_pool_construct	5	0	0	KfEffectHomingArguments	GAME.EXE|OPEN.EXE	modern	386	effect_pool_construct	arguments	arguments	retain	Modern-only bundle validates homing rotation, target mode and sound request.	root
P00256	include/kf/game_effect.h	388	effect_pool_construct	1	0	0	KfEffectType	GAME.EXE|OPEN.EXE	modern	388	effect_pool_construct	type	type	retain	The constructor copies the combined target/class/free-state flags directly into record->type; all typed overloads agree.	root
P00257	include/kf/game_effect.h	388	effect_pool_construct	2	0	0	KfEffectKind	GAME.EXE|OPEN.EXE	modern	388	effect_pool_construct	kind	kind	retain	Behavioral effect identity is copied into record->kind and selects construction dispatch; distinct from type flags.	root
P00258	include/kf/game_effect.h	388	effect_pool_construct	3	0	0	VECTOR	GAME.EXE|OPEN.EXE	modern	388	effect_pool_construct	position	position	retain	Required initial world position copied into every constructed effect record.	root
P00259	include/kf/game_effect.h	389	effect_pool_construct	4	0	0	SVECTOR	GAME.EXE|OPEN.EXE	modern	389	effect_pool_construct	direction	direction	retain	Required direction storage copied into the effect record; concrete use depends on the selected kind, so do not rename universally to velocity or rotation.	root
P00260	include/kf/game_effect.h	389	effect_pool_construct	5	0	0	KfEffectParentArguments	GAME.EXE|OPEN.EXE	modern	389	effect_pool_construct	arguments	arguments	retain	Modern-only bundle validates the parent effect index passed through the variadic boundary.	root
P00262	include/kf/game_effect.h	392	effect_pool_construct	1	0	0	KfEffectType	GAME.EXE|OPEN.EXE	modern|retail	392	effect_pool_construct	type	type	retain	The constructor copies the combined target/class/free-state flags directly into record->type; all typed overloads agree.	root
P00263	include/kf/game_effect.h	392	effect_pool_construct	2	0	0	KfEffectKind	GAME.EXE|OPEN.EXE	modern|retail	392	effect_pool_construct	kind	kind	retain	Behavioral effect identity is copied into record->kind and selects construction dispatch; distinct from type flags.	root
P00264	include/kf/game_effect.h	392	effect_pool_construct	3	0	0	VECTOR	GAME.EXE|OPEN.EXE	modern|retail	392	effect_pool_construct	position	position	retain	Required initial world position copied into every constructed effect record.	root
P00265	include/kf/game_effect.h	393	effect_pool_construct	4	0	0	SVECTOR	GAME.EXE|OPEN.EXE	modern|retail	393	effect_pool_construct	direction	direction	retain	Required direction storage copied into the effect record; concrete use depends on the selected kind, so do not rename universally to velocity or rotation.	root
P00272	include/kf/game_effect.h	398	effect_pool_set_current	0	0	0	KfEffectRecord	GAME.EXE|OPEN.EXE	modern|retail	398	effect_pool_set_current	record	effect	rename	Publishes the effect as current_effect and selects its magic record; cross-type review found no distinct semantic role justifying record instead of the effect name used by effect queries.	root
P00273	include/kf/game_effect.h	402	effect_magic_power	0	0	0	KfEffectRecord	GAME.EXE|OPEN.EXE	modern|retail	402	effect_magic_power	effect	effect	retain	Effect record supplies kind/type and power context for the magic-power calculation.	root
P00274	include/kf/game_effect.h	403	effect_projectile_update_3d	0	0	0	SVECTOR	GAME.EXE|OPEN.EXE	modern|retail	403	effect_projectile_update_3d	probe_offset	probe_offset	retain	Relative probe offset transformed into the projectile collision position.	root
P00275	include/kf/game_effect.h	403	effect_projectile_update_3d	1	0	0	KfEffectPhase	GAME.EXE|OPEN.EXE	modern|retail	403	effect_projectile_update_3d	phase_limit	phase_limit	retain	Terminal effect phase checked by the three-dimensional projectile update; same role as the 2D helper.	root
P00277	include/kf/game_effect.h	404	effect_projectile_update_2d	1	0	0	KfEffectPhase	GAME.EXE|OPEN.EXE	modern|retail	404	effect_projectile_update_2d	phase_limit	phase_limit	retain	Terminal effect phase checked by the two-dimensional projectile update.	root
P00281	include/kf/game_effect.h	406	effect_scatter_triple	0	0	0	KfEffectDirectionWords	GAME.EXE|OPEN.EXE	modern|retail	406	effect_scatter_triple	values	velocity	rename	Kind-10 scatter perturbs the three world-units-per-update components; caller passes local scatter velocity or effect direction storage in that velocity role.	root
P00282	include/kf/game_effect.h	407	effect_rotate_scale_offset_y	0	0	0	SVECTOR	GAME.EXE|OPEN.EXE	modern|retail	407	effect_rotate_scale_offset_y	offset	offset	retain	Input relative XZ offset, scaled and rotated around Y; its Y component is deliberately ignored.	root
P00283	include/kf/game_effect.h	407	effect_rotate_scale_offset_y	1	0	0	VECTOR	GAME.EXE|OPEN.EXE	modern|retail	407	effect_rotate_scale_offset_y	out	output	rename	ApplyMatrix writes the transformed VECTOR here; use the same output name as the other vector/matrix output helpers.	root
P00287	include/kf/game_effect.h	408	effect_spawn_ground_trail	1	0	0	KfEffectRecord	GAME.EXE|OPEN.EXE	modern|retail	408	effect_spawn_ground_trail	record	parent_effect	rename	The source effect supplies the trail pose/type and its pool index becomes the child's explicit parent index.	root
P00291	include/kf/game_effect.h	409	effect_spawn_ground_branch	1	0	0	KfEffectRecord	GAME.EXE|OPEN.EXE	modern|retail	409	effect_spawn_ground_branch	record	parent_effect	rename	The source effect supplies position, direction and type for its spawned ground branch.	root
P00293	include/kf/game_effect.h	409	effect_spawn_ground_branch	3	0	0	KfEffectGroundBranchRole	GAME.EXE|OPEN.EXE	modern|retail	409	effect_spawn_ground_branch	branch_role	branch_role	retain	Distinguishes the ground-branch emission role passed in the constructor's extra arguments.	root
P00294	include/kf/game_effect.h	410	effect_map_collision	0	0	0	VECTOR	GAME.EXE|OPEN.EXE	modern|retail	410	effect_map_collision	position	position	retain	Probe world position used to select nearby map cells for effect collision.	root
P00296	include/kf/game_equipment.h	75	weapon_records_load_and_mirror_angles	0	0	0	KfWeaponTable	GAME.EXE|OPEN.EXE	modern|retail	75	weapon_records_load_and_mirror_angles	source	source	retain	Serialized weapon table copied before runtime-only angle mirroring; agrees with armor source direction.	root
P00297	include/kf/game_equipment.h	76	armor_records_load	0	0	0	KfArmorTable	GAME.EXE|OPEN.EXE	modern|retail	76	armor_records_load	source	source	retain	Serialized armor table copied into the runtime armor-record array.	root
P00298	include/kf/game_map.h	170	operator++	0	1	0	KfMapObjectProgress	GAME.EXE|OPEN.EXE	modern	170	operator++	value	value	retain	Mutable map-object action-progress counter; prefix/postfix update the same operand, with postfix returning its previous value.	root
P00299	include/kf/game_map.h	170	operator++	0	1	0	KfMapObjectProgress	GAME.EXE|OPEN.EXE	modern	170	operator++	value	value	retain	Mutable map-object action-progress counter; prefix/postfix update the same operand, with postfix returning its previous value.	root
P00301	include/kf/game_map.h	170	operator--	0	1	0	KfMapObjectProgress	GAME.EXE|OPEN.EXE	modern	170	operator--	value	value	retain	Mutable map-object action-progress counter; prefix/postfix update the same operand, with postfix returning its previous value.	root
P00302	include/kf/game_map.h	170	operator--	0	1	0	KfMapObjectProgress	GAME.EXE|OPEN.EXE	modern	170	operator--	value	value	retain	Mutable map-object action-progress counter; prefix/postfix update the same operand, with postfix returning its previous value.	root
P00304	include/kf/game_map.h	173	map_object_toggle_progress	0	1	0	KfMapObjectProgress	GAME.EXE|OPEN.EXE	modern	173	map_object_toggle_progress	progress	progress	retain	Current progress is toggled between complementary transition states; counter domain retained.	root
P00305	include/kf/game_map.h	319	camera_path_publish_fixed	0	1	0	KfCameraPathState	GAME.EXE|OPEN.EXE	modern|retail	319	camera_path_publish_fixed	path	path	retain	Camera-path state whose current integer pose is copied to its fixed-point accumulators.	root
P00306	include/kf/game_map.h	331	camera_path_advance_pose	0	1	0	KfCameraPathState	GAME.EXE|OPEN.EXE	modern|retail	331	camera_path_advance_pose	path	path	retain	Mutable camera-path state whose fixed pose is advanced and published.	root
P00308	include/kf/game_map.h	483	camera_path_begin	0	0	0	KfCameraPathState	GAME.EXE|OPEN.EXE	modern|retail	483	camera_path_begin	path	path	retain	Destination playback state initialized from the current player camera and supplied point sequence.	root
P00309	include/kf/game_map.h	483	camera_path_begin	1	0	0	KfCameraPathPoint	GAME.EXE|OPEN.EXE	modern|retail	483	camera_path_begin	points	points	retain	Read-only path-point sequence assigned to path->points, distinct from mutable path state.	root
P00310	include/kf/game_map.h	484	camera_path_compute_segment	0	0	0	KfCameraPathState	GAME.EXE|OPEN.EXE	modern|retail	484	camera_path_compute_segment	path	path	retain	Mutable playback state updated with the next segment's deltas and remaining frames.	root
P00311	include/kf/game_map.h	485	camera_path_step	0	0	0	KfCameraPathState	GAME.EXE|OPEN.EXE	modern|retail	485	camera_path_step	path	path	retain	Mutable playback state advanced through segment completion and pose updates.	root
P00313	include/kf/game_map.h	486	map_apply_copy_region	0	0	0	KfMapCopyRegionId	GAME.EXE|OPEN.EXE	modern|retail	486	map_apply_copy_region	region_id	region_id	retain	Selects a predefined map-copy region before copying its cell data; identity is distinct from a map variant.	root
P00314	include/kf/game_map.h	497	map_event_advance_animation_blocking	0	0	0	KfMapEvent	GAME.EXE|OPEN.EXE	modern|retail	497	map_event_advance_animation_blocking	event	event	retain	Mutable event whose animation phase advances to the target while frames are rendered.	root
P00317	include/kf/game_map.h	498	map_event_distance_to_point	0	0	0	KfMapEvent	GAME.EXE|OPEN.EXE	modern|retail	498	map_event_distance_to_point	event	event	retain	Event reference position supplies one endpoint of the bounded distance calculation.	root
P00324	include/kf/game_map.h	500	map_event_pool_find_target_in_cone	0	0	0	VECTOR	GAME.EXE|OPEN.EXE	modern|retail	500	map_event_pool_find_target_in_cone	origin	origin	retain	World-space center of the cone query across map events; agrees with actor cone and radial queries.	root
P00329	include/kf/game_map.h	501	map_event_pool_load	0	0	0	KfMapEventDefinition	GAME.EXE|OPEN.EXE	modern|retail	501	map_event_pool_load	definitions	definitions	retain	Serialized definition stream expands into runtime event instances; source and instance roles differ.	root
P00330	include/kf/game_map.h	503	map_event_refresh_dialogue_stage	0	0	0	KfMapEvent	GAME.EXE|OPEN.EXE	modern|retail	503	map_event_refresh_dialogue_stage	event	event	retain	Event dialogue stage and page are updated from player progress and the event stage limit.	root
P00331	include/kf/game_map.h	504	map_event_set_current	0	0	0	KfMapEvent	GAME.EXE|OPEN.EXE	modern|retail	504	map_event_set_current	event	event	retain	Event instance published as the current event context.	root
P00332	include/kf/game_map.h	507	map_interaction_dispatch	0	0	0	VECTOR	GAME.EXE|OPEN.EXE	modern|retail	507	map_interaction_dispatch	position	position	retain	Player interaction world position centers actor/event/object searches.	root
P00333	include/kf/game_map.h	507	map_interaction_dispatch	1	0	0	SVECTOR	GAME.EXE|OPEN.EXE	modern|retail	507	map_interaction_dispatch	rotation	rotation	retain	Player view rotation supplies the facing angle for interaction cone searches.	root
P00334	include/kf/game_map.h	510	map_object_definitions_load	0	0	0	KfMapObjectDefinitionTable	GAME.EXE|OPEN.EXE	modern|retail	510	map_object_definitions_load	definitions	definitions	retain	Complete map-object definition table copied into its runtime owner; matches actor definitions loader.	root
P00335	include/kf/game_map.h	511	map_object_distance_to_point	0	0	0	KfMapObject	GAME.EXE|OPEN.EXE	modern|retail	511	map_object_distance_to_point	object	object	retain	Object instance supplies its position for bounded point distance.	root
P00342	include/kf/game_map.h	513	map_object_mark_collision_edge	0	0	0	KfMapObject	GAME.EXE|OPEN.EXE	modern|retail	513	map_object_mark_collision_edge	object	object	retain	Object pose and definition select the occupied edge cells to update.	root
P00343	include/kf/game_map.h	513	map_object_mark_collision_edge	1	0	0	KfMapCellKind	GAME.EXE|OPEN.EXE	modern|retail	513	map_object_mark_collision_edge	value	cell_kind	rename	Value stored into collision-grid cells is a map-cell kind; generic value conceals the encoded domain.	root
P00353	include/kf/game_map.h	519	map_object_pool_load	0	0	0	KfMapObjectPlacement	GAME.EXE|OPEN.EXE	modern|retail	519	map_object_pool_load	placements	placements	retain	Serialized placement stream expanded into runtime map objects until its terminator.	root
P00355	include/kf/game_map.h	522	map_object_probe_forward	0	0	0	KfMapObject	GAME.EXE|OPEN.EXE	modern|retail	522	map_object_probe_forward	object	object	retain	Object position and definition select the forward collision probe.	root
P00358	include/kf/game_map.h	523	map_object_spawn_actor_debris	1	0	0	VECTOR	GAME.EXE|OPEN.EXE	modern|retail	523	map_object_spawn_actor_debris	position	position	retain	World-space center from which dropped actor gold is scattered.	root
P00360	include/kf/game_map.h	524	map_object_spawn_effect	0	0	0	KfMapObjectDropSource	GAME.EXE|OPEN.EXE	modern|retail	524	map_object_spawn_effect	kind	drop_source	rename	Selects placement-drop versus definition-drop pool; this is provenance rather than effect behavior kind.	root
P00361	include/kf/game_map.h	524	map_object_spawn_effect	1	0	0	KfObjectId	GAME.EXE|OPEN.EXE	modern|retail	524	map_object_spawn_effect	object_id	object_id	retain	Object identity installed in the acquired map-object instance and used to choose drop animation.	root
P00362	include/kf/game_map.h	524	map_object_spawn_effect	2	0	0	VECTOR	GAME.EXE|OPEN.EXE	modern|retail	524	map_object_spawn_effect	position	position	retain	Input world position copied into spawned object with the explicit Y offset.	root
P00364	include/kf/game_map.h	525	map_object_start_action_if_idle	0	0	0	KfMapObject	GAME.EXE|OPEN.EXE	modern|retail	525	map_object_start_action_if_idle	object	object	retain	Mutable target object whose idle action and progress are initialized.	root
P00365	include/kf/game_map.h	525	map_object_start_action_if_idle	1	0	0	KfMapObjectOperation	GAME.EXE|OPEN.EXE	modern|retail	525	map_object_start_action_if_idle	action	action	retain	Operation assigned specifically to object->action; behavior_type elsewhere is a valid different role of the same operation domain.	root
P00370	include/kf/game_map.h	528	map_resource_path_set_floor	0	0	0	KfFloorId	GAME.EXE|OPEN.EXE	modern|retail	528	map_resource_path_set_floor	floor	floor	retain	Floor identity encoded into resource path; not a generic numeric path digit.	root
P00371	include/kf/game_map.h	529	map_resources_load	0	0	0	KfFloorId	GAME.EXE|OPEN.EXE	modern|retail	529	map_resources_load	floor	floor	retain	Floor whose resource path and texture setup are loaded; same selector passed to path helper.	root
P00372	include/kf/game_map.h	529	map_resources_load	1	0	0	KfMapVariant	GAME.EXE|OPEN.EXE	modern|retail	529	map_resources_load	map_variant	map_variant	retain	Map variant selects default archive versus alternate assets; align header and warp callers and avoid Boolean use_variant wording.	root
P00389	include/kf/game_math.h	95	angle_to_forward_xz	1	0	0	KfVecXZs	GAME.EXE|OPEN.EXE	modern|retail	95	angle_to_forward_xz	direction	direction	retain	Output signed XZ forward direction derived from the supplied angle.	root
P00397	include/kf/game_math.h	100	matrix_interpolate	0	0	0	MATRIX	GAME.EXE|OPEN.EXE	modern|retail	100	matrix_interpolate	from	from	retain	Starting nine-coefficient matrix; input only; shared/matrix_lerp.c:19,25-28 reads from->m as signed baseline values; translation words are not visited.	graphics
P00398	include/kf/game_math.h	100	matrix_interpolate	1	0	0	MATRIX	GAME.EXE|OPEN.EXE	modern|retail	100	matrix_interpolate	to	to	retain	Ending nine-coefficient matrix; input only; shared/matrix_lerp.c:20,26-28 reads to->m for signed coefficient deltas; distinct from writable output.	graphics
P00399	include/kf/game_math.h	100	matrix_interpolate	2	0	0	MATRIX	GAME.EXE|OPEN.EXE	modern|retail	100	matrix_interpolate	output	output	retain	Writable nine-coefficient blend destination; shared/matrix_lerp.c:21-29 writes output->m for KF_MATRIX_ROTATION_ELEMENTS entries; MATRIX translation is untouched.	graphics
P00402	include/kf/game_math.h	101	matrix_set_rotation_x	1	0	0	MATRIX	GAME.EXE|OPEN.EXE	modern|retail	101	matrix_set_rotation_x	matrix	matrix	retain	Matrix whose rotation coefficients are replaced with an X-axis rotation; GAME matrix_rotation.c:75-83 and OPEN:16-24 write m[3][3] only; SDK MATRIX translation survives.	graphics
P00404	include/kf/game_math.h	102	matrix_set_rotation_y	1	0	0	MATRIX	GAME.EXE|OPEN.EXE	modern|retail	102	matrix_set_rotation_y	matrix	matrix	retain	Matrix whose rotation coefficients are replaced with a Y-axis rotation; GAME matrix_rotation.c:92-100 and OPEN:33-41 write cosine/sine XZ entries and identity Y; translation survives.	graphics
P00406	include/kf/game_math.h	103	matrix_set_rotation_z	1	0	0	MATRIX	GAME.EXE|OPEN.EXE	modern|retail	103	matrix_set_rotation_z	matrix	matrix	retain	Matrix whose rotation coefficients are replaced with a Z-axis rotation; GAME matrix_rotation.c:109-117 and OPEN:50-58 write XY cosine/sine and identity Z; translation survives.	graphics
P00407	include/kf/game_math.h	105	matrix_set_rotation_yxz	0	0	0	KfEulerAngles	GAME.EXE|OPEN.EXE	modern|retail	105	matrix_set_rotation_yxz	angles	angles	retain	Input Euler XYZ angle triplet composed in YXZ order; Both image implementations read angles.z/x/y into Z/X/Y rotation constructors and multiply the temporary matrices.	graphics
P00408	include/kf/game_math.h	105	matrix_set_rotation_yxz	1	0	0	MATRIX	GAME.EXE|OPEN.EXE	modern|retail	105	matrix_set_rotation_yxz	matrix	matrix	retain	Destination rotation matrix composed through SDK matrix operations; Both image implementations build X into matrix then multiply Z and Y temporaries through MulMatrix/MulMatrix2.	graphics
P00409	include/kf/game_math.h	107	pitch_yaw_to_forward_vector	0	0	0	KfEulerAngles	GAME.EXE|OPEN.EXE	modern|retail	107	pitch_yaw_to_forward_vector	angles	angles	retain	Input Euler pitch and yaw derive the forward vector; roll storage is not used by this operation.	root
P00410	include/kf/game_math.h	107	pitch_yaw_to_forward_vector	1	0	0	SVECTOR	GAME.EXE|OPEN.EXE	modern|retail	107	pitch_yaw_to_forward_vector	direction	direction	retain	Output forward direction, distinct from an input rotation despite identical SDK vector layout.	root
P00412	include/kf/game_math.h	108	vector2s_scale_shift11	1	0	0	KfVecXZs	GAME.EXE|OPEN.EXE	modern|retail	108	vector2s_scale_shift11	vector	vector	retain	XZ vector scaled in place; neither separate source nor output pointer exists.	root
P00415	include/kf/game_math.h	111	vector3i_add_xz	0	0	0	VECTOR	GAME.EXE|OPEN.EXE	modern|retail	111	vector3i_add_xz	vector	destination	rename	Vector receives an XZ delta in place; align header with definition and distinguish delta input.	root
P00416	include/kf/game_math.h	111	vector3i_add_xz	1	0	0	KfVecXZs	GAME.EXE|OPEN.EXE	modern|retail	111	vector3i_add_xz	delta	delta	retain	XZ displacement added to destination X/Z; no Y component is applied.	root
P00418	include/kf/game_math.h	112	vector3s_scale_shift12	1	0	0	SVECTOR	GAME.EXE|OPEN.EXE	modern|retail	112	vector3s_scale_shift12	vector	vector	retain	Three-component signed vector scaled in place in GAME and OPEN.	root
P00423	include/kf/game_menu.h	130	menu_confirm_result_from_choice	0	1	0	KfMenuConfirmChoice	GAME.EXE|OPEN.EXE	modern|retail	130	menu_confirm_result_from_choice	choice	choice	retain	Chosen accept/decline footer option; include/kf/game_menu.h:130 negates encoded choice; menu_runtime.c:1730,1818 pass selected footer choice.	menu
P00425	include/kf/game_menu.h	146	KfMenuSelection<Value>	0	1	0	KfMenuResult	GAME.EXE|OPEN.EXE	modern	146	KfMenuSelection<Value>	result	result	retain	Control result encoded in mixed value/control selection; include/kf/game_menu.h:148 stores encoded result; sibling Value constructor intentionally represents a different domain.	menu
P00429	include/kf/game_menu.h	205	menu_texture_from_magic	0	1	0	KfEffectKind	GAME.EXE|OPEN.EXE	modern	205	menu_texture_from_magic	magic	magic_id	rename	Spell record ID reused as texture index; include/kf/game_menu.h:207 encodes spell ID; menu_select.c:242 and menu_panels.c:63 pass selected spell code.	menu
P00430	include/kf/game_menu.h	377	menu_list_previous	0	1	0	KfMenuList	GAME.EXE|OPEN.EXE	modern|retail	377	menu_list_previous	list	list	retain	Mutable list navigation state; include/kf/game_menu.h:358 modifies selected_index, cursor_row, scroll_offset with wrap; called by list menu navigation.	menu
P00431	include/kf/game_menu.h	397	menu_list_next	0	1	0	KfMenuList	GAME.EXE|OPEN.EXE	modern|retail	397	menu_list_next	list	list	retain	Mutable list navigation state; include/kf/game_menu.h:377 advances selected_index/cursor/scroll and wraps; mirrors previous helper.	menu
P00432	include/kf/game_menu.h	447	item_menu_root	0	0	0	KfItemStockBank	GAME.EXE|OPEN.EXE	modern|retail	447	item_menu_root	shop_id	shop_bank	rename	Shop stock bank forwarded to buy and sell panels; item.c:170,173 forwards bank to item_menu_buy/sell; menu_enter_mode.c:50 receives shop bank from map_scripts.c:524 character-to-bank conversion.	menu
P00433	include/kf/game_menu.h	448	item_pickup_confirm	0	0	0	KfObjectId	GAME.EXE|OPEN.EXE	modern|retail	448	item_pickup_confirm	item_id	item_id	retain	Inventory object offered for pickup; item.c:460 indexes player stock by item_id then loads model and name; menu_enter_mode pickup branch forwards picked object ID.	menu
P00434	include/kf/game_menu.h	452	menu_blit_sprite	0	0	0	MenuSpriteDef	GAME.EXE|OPEN.EXE	modern|retail	452	menu_blit_sprite	sprite	sprite	retain	Single sprite texture/size descriptor; menu_runtime.c:2118 reads sprite tpage/clut/UV/extents; calls pass selection_cursor and option descriptors, distinct from font-atlas role.	menu
P00435	include/kf/game_menu.h	452	menu_blit_sprite	1	0	0	MenuPoint	GAME.EXE|OPEN.EXE	modern|retail	452	menu_blit_sprite	position	position	retain	Screen anchor for sprite placement; menu_runtime.c:2120 subtracts fixed x/y offsets from position coordinates; calls pass label.position.	menu
P00436	include/kf/game_menu.h	454	menu_blit_sprite_translucent	0	0	0	MenuSpriteDef	GAME.EXE|OPEN.EXE	modern|retail	454	menu_blit_sprite_translucent	sprite	sprite	retain	Single translucent sprite descriptor; menu_runtime.c:2101 reads descriptor tpage/clut/UV/extents then enables semi-transparency; mirrors opaque blitter role.	menu
P00437	include/kf/game_menu.h	454	menu_blit_sprite_translucent	1	0	0	MenuPoint	GAME.EXE|OPEN.EXE	modern|retail	454	menu_blit_sprite_translucent	position	position	retain	Screen anchor for sprite placement; menu_runtime.c:2103 offsets anchor x/y; same coordinate role as opaque blitter.	menu
P00438	include/kf/game_menu.h	457	menu_draw_dialog_frame	0	0	0	KfSaveSlotSummary	GAME.EXE|OPEN.EXE	modern|retail	457	menu_draw_dialog_frame	summaries	summaries	retain	Optional array of save-slot summaries; menu_runtime.c:1524 definition rows disagrees with game_menu.h summaries; loop reads rows[i].experience/current_floor/HP/MP; save/load callers pass summaries arrays.	menu
P00439	include/kf/game_menu.h	457	menu_draw_dialog_frame	1	0	0	KfSaveSlotOverlay	GAME.EXE|OPEN.EXE	modern|retail	457	menu_draw_dialog_frame	overlay	slot_overlay	rename	Save-slot background omission selector; menu_runtime.c:1531-1557 chooses which save-slot quads to enqueue; explicit slot scope distinguishes this from program overlay mode.	menu
P00440	include/kf/game_menu.h	459	menu_draw_item_detail	0	0	0	KfObjectId	GAME.EXE|OPEN.EXE	modern|retail	459	menu_draw_item_detail	item_id	item_id	retain	Inventory item whose model/name/price are drawn; menu_runtime.c:1427-1456 uses item ID for name and price-row indexing; buy/sell callers pass selected inventory code.	menu
P00441	include/kf/game_menu.h	459	menu_draw_item_detail	1	0	0	KfItemStockBank	GAME.EXE|OPEN.EXE	modern|retail	459	menu_draw_item_detail	shop_id	shop_bank	rename	Shop bank encoding mapped to price column; menu_runtime.c:1453,1456 subtract FIRST_SHOP; matches item_menu_buy/sell bank domain even though this renderer does not itself index stock.	menu
P00442	include/kf/game_menu.h	459	menu_draw_item_detail	2	0	0	KfTradeMode	GAME.EXE|OPEN.EXE	modern|retail	459	menu_draw_item_detail	price_mode	price_mode	retain	Buy versus sell price selection; menu_runtime.c:1451 branches BUY to item_buy_prices else item_sell_prices; role is price selection, not trade execution.	menu
P00443	include/kf/game_menu.h	460	menu_draw_item_name_frame	0	0	0	KfObjectId	GAME.EXE|OPEN.EXE	modern|retail	460	menu_draw_item_name_frame	item_id	item_id	retain	Picked item whose model/name are drawn; menu_runtime.c:2046 uses item_name_rows[item_id]; item_pickup_confirm passes the inventory object under confirmation.	menu
P00444	include/kf/game_menu.h	462	menu_draw_number	0	0	0	MenuSpriteDef	GAME.EXE|OPEN.EXE	modern|retail	462	menu_draw_number	font	font	retain	Numeric glyph font-atlas descriptor; menu_runtime.c:2187 parameter atlas copied immediately into local font; declaration says font; calls use menu_assets.number_atlas; same font role as menu_draw_string.	menu
P00445	include/kf/game_menu.h	462	menu_draw_number	1	0	0	MenuGlyphString	GAME.EXE|OPEN.EXE	modern|retail	462	menu_draw_number	string	string	retain	Positioned numeric glyph stream; menu_runtime.c:2190 copies to label and consumes glyph codes/position; declaration matches; semantic subtype of generic glyph string.	menu
P00446	include/kf/game_menu.h	464	menu_draw_string	0	0	0	MenuSpriteDef	GAME.EXE|OPEN.EXE	modern|retail	464	menu_draw_string	font	font	retain	Text glyph font-atlas descriptor; menu_runtime.c:2154 forwards to glyph builder and uses glyph-sized extents; calls use menu_assets.glyph_atlas; differs legitimately from sprite role.	menu
P00447	include/kf/game_menu.h	464	menu_draw_string	1	0	0	MenuGlyphString	GAME.EXE|OPEN.EXE	modern|retail	464	menu_draw_string	string	string	retain	Positioned textual glyph stream; menu_runtime.c:2149 iterates string glyphs and uses string origin; same role as numeric renderer except atlas encoding.	menu
P00448	include/kf/game_menu.h	469	menu_draw_two_option	0	0	0	MenuGlyphString	GAME.EXE|OPEN.EXE	modern|retail	469	menu_draw_two_option	option0	accept_label	rename	Accept-action label; menu_runtime.c:2014 maps KF_MENU_CHOICE_ACCEPT to option0; item_pickup_confirm passes accept_label; prompt passes yes label and list-interact action label.	menu
P00449	include/kf/game_menu.h	469	menu_draw_two_option	1	0	0	MenuGlyphString	GAME.EXE|OPEN.EXE	modern|retail	469	menu_draw_two_option	option1	decline_label	rename	Decline-action label; menu_runtime.c:2017 maps non-accept selection to option1; pickup passes decline_label; prompt/list pass no or cancel label.	menu
P00450	include/kf/game_menu.h	470	menu_draw_two_option	2	0	0	KfMenuConfirmChoice	GAME.EXE|OPEN.EXE	modern|retail	470	menu_draw_two_option	selected	selected_choice	rename	Currently selected accept/decline choice; menu_runtime.c:2013 chooses cursor location using ACCEPT; explicit selected role differs from helper choice that merely converts a supplied choice.	menu
P00451	include/kf/game_menu.h	470	menu_draw_two_option	3	0	0	KfMenuConfirmState	GAME.EXE|OPEN.EXE	modern|retail	470	menu_draw_two_option	highlight	confirmation	rename	Whether selected choice is confirmed; menu_runtime.c:2019 checks REQUESTED before applying confirmed highlight; same domain and rendering role as menu_draw_window confirmation, not selected row.	menu
P00452	include/kf/game_menu.h	471	menu_draw_window	0	0	0	KfMenuWindowKind	GAME.EXE|OPEN.EXE	modern|retail	471	menu_draw_window	kind	window_kind	rename	Window layout-bank selector; menu_runtime.c:1846 indexes menu_window_layouts[kind] and excludes CONFIG backdrop; distinguish from confirmation-text kind.	menu
P00455	include/kf/game_menu.h	471	menu_draw_window	3	0	0	KfMenuConfirmState	GAME.EXE|OPEN.EXE	modern|retail	471	menu_draw_window	confirmation	confirmation	retain	Whether selected row uses confirmed background; menu_runtime.c:1857 requires REQUESTED to use row_confirmed_background; selected row remains separate integer highlight parameter.	menu
P00458	include/kf/game_menu.h	474	menu_format_number	2	0	0	KfFormatPaddingMode	GAME.EXE|OPEN.EXE	modern|retail	474	menu_format_number	pad_zero	padding_mode	rename	Leading decimal glyph padding style; menu_runtime.c:2312 selects blank glyph for SPACES else zero; enum selects padding policy, not a boolean named after one option.	menu
P00460	include/kf/game_menu.h	477	menu_enter_mode	0	0	0	KfMenuMode	GAME.EXE|OPEN.EXE	modern	477	menu_enter_mode	mode	menu_mode	rename	Menu dispatch mode and vararg contract; menu_enter_mode.c:29 switches ROOT/PICKUP/SHOP; va_start uses mode; all public overload declarations represent same dispatcher.	menu
P00461	include/kf/game_menu.h	478	menu_enter_mode	0	0	0	KfMenuMode	GAME.EXE|OPEN.EXE	modern	478	menu_enter_mode	mode	menu_mode	rename	Menu dispatch mode and vararg contract; menu_enter_mode.c:29 switches ROOT/PICKUP/SHOP; va_start uses mode; all public overload declarations represent same dispatcher.	menu
P00462	include/kf/game_menu.h	478	menu_enter_mode	1	0	0	KfObjectId	GAME.EXE|OPEN.EXE	modern	478	menu_enter_mode	item	item_id	rename	Picked inventory object ID; game_menu.h:478 item overload corresponds to menu_enter_mode.c:35 local item_id and item_pickup_confirm(item_id).	menu
P00463	include/kf/game_menu.h	479	menu_enter_mode	0	0	0	KfMenuMode	GAME.EXE|OPEN.EXE	modern	479	menu_enter_mode	mode	menu_mode	rename	Menu dispatch mode and vararg contract; menu_enter_mode.c:29 switches ROOT/PICKUP/SHOP; va_start uses mode; all public overload declarations represent same dispatcher.	menu
P00464	include/kf/game_menu.h	479	menu_enter_mode	1	0	0	KfItemStockBank	GAME.EXE|OPEN.EXE	modern	479	menu_enter_mode	shop	shop_bank	rename	Shop stock bank passed to trading hub; game_menu.h:479 corresponds to dispatcher shop_id forwarded into item_menu_root; map_scripts.c:524 converts character ID to stock bank.	menu
P00465	include/kf/game_menu.h	481	menu_enter_mode	0	0	0	KfMenuMode	GAME.EXE|OPEN.EXE	modern|retail	481	menu_enter_mode	mode	menu_mode	rename	Menu dispatch mode and vararg contract; menu_enter_mode.c:29 switches ROOT/PICKUP/SHOP; va_start uses mode; all public overload declarations represent same dispatcher.	menu
P00466	include/kf/game_menu.h	483	menu_equip_select	0	0	0	KfEquipmentMenuCategory	GAME.EXE|OPEN.EXE	modern|retail	483	menu_equip_select	category	equipment_category	rename	Equipment category determining item span and title; menu_select.c:48 switch determines inventory range; :97 selects EQUIPMENT window title row with same category.	menu
P00467	include/kf/game_menu.h	485	menu_item_model_preview	0	0	0	KfObjectId	GAME.EXE|OPEN.EXE	modern|retail	485	menu_item_model_preview	item_id	item_id	retain	Inventory item selected for model/name preview; menu_runtime.c:1329 gates object-none sentinel and draws item name; equipment/use/drop callers pass inventory object code.	menu
P00468	include/kf/game_menu.h	486	menu_list_init	0	0	0	KfMenuList	GAME.EXE|OPEN.EXE	modern|retail	486	menu_list_init	list	list	retain	List state being initialized; menu_runtime.c:2290-2302 writes title, geometry, count and navigation fields; same object role as navigation/render helpers.	menu
P00469	include/kf/game_menu.h	486	menu_list_init	1	0	0	KfMenuWindowKind	GAME.EXE|OPEN.EXE	modern|retail	486	menu_list_init	kind	window_kind	rename	Source window layout for copied title row; menu_runtime.c:2293 copies window_layouts[kind].rows[row] glyphs; same bank selector as window renderer, although title-source role is narrower.	menu
P00471	include/kf/game_menu.h	489	menu_list_interact	0	0	0	KfMenuList	GAME.EXE|OPEN.EXE	modern	489	menu_list_interact	list	list	retain	List displayed beneath confirmation prompt; menu_runtime.c:1693,1708,1743 passes untouched state to menu_list_render; const view legitimately differs from mutable init/navigation.	menu
P00472	include/kf/game_menu.h	489	menu_list_interact	1	0	0	KfMenuConfirmKind	GAME.EXE|OPEN.EXE	modern	489	menu_list_interact	kind	confirm_kind	rename	Action selecting accept and decline text; menu_runtime.c:1649-1678 branches USE/DROP/YES_NO/BUY/SELL to glyph strings; differs from KfMenuWindowKind layout selector.	menu
P00473	include/kf/game_menu.h	489	menu_list_interact	2	0	0	KfMenuPreviewMode	GAME.EXE|OPEN.EXE	modern	489	menu_list_interact	preview_mode	preview_mode	retain	Preview renderer selection; menu_runtime.c:1685 selects model/detail/magic-icon branch; enum and role align.	menu
P00474	include/kf/game_menu.h	490	menu_list_interact	3	0	0	KfObjectId	GAME.EXE|OPEN.EXE	modern	490	menu_list_interact	item_id	item_id	retain	Previewed inventory item ID; game_menu.h:490 modern object overload; model and detail branches decode fourth argument as KfObjectId.	menu
P00475	include/kf/game_menu.h	490	menu_list_interact	4	0	0	KfItemStockBank	GAME.EXE|OPEN.EXE	modern	490	menu_list_interact	shop_id	shop_bank	rename	Optional shop bank consumed by item-detail preview; menu_runtime.c:1688 forwards to menu_draw_item_detail; item preview callers pass PLAYER placeholder where bank is unused, so document optional role rather than imply always valid shop.	menu
P00476	include/kf/game_menu.h	490	menu_list_interact	5	0	0	KfTradeMode	GAME.EXE|OPEN.EXE	modern	490	menu_list_interact	price_mode	price_mode	retain	Optional buy/sell price selection for detail preview; menu_runtime.c:1688 forwards only in ITEM_DETAIL branch; other preview modes ignore it, matching draw_item_detail price-specific role.	menu
P00477	include/kf/game_menu.h	492	menu_list_interact	0	0	0	KfMenuList	GAME.EXE|OPEN.EXE	modern	492	menu_list_interact	list	list	retain	List displayed beneath confirmation prompt; menu_runtime.c:1693,1708,1743 passes untouched state to menu_list_render; const view legitimately differs from mutable init/navigation.	menu
P00478	include/kf/game_menu.h	492	menu_list_interact	1	0	0	KfMenuConfirmKind	GAME.EXE|OPEN.EXE	modern	492	menu_list_interact	kind	confirm_kind	rename	Action selecting accept and decline text; menu_runtime.c:1649-1678 branches USE/DROP/YES_NO/BUY/SELL to glyph strings; differs from KfMenuWindowKind layout selector.	menu
P00479	include/kf/game_menu.h	492	menu_list_interact	2	0	0	KfMenuPreviewMode	GAME.EXE|OPEN.EXE	modern	492	menu_list_interact	preview_mode	preview_mode	retain	Preview renderer selection; menu_runtime.c:1685 selects model/detail/magic-icon branch; enum and role align.	menu
P00480	include/kf/game_menu.h	493	menu_list_interact	3	0	0	KfEffectKind	GAME.EXE|OPEN.EXE	modern	493	menu_list_interact	magic_id	magic_id	retain	Previewed spell ID or no-magic sentinel; game_menu.h:493 modern spell overload; magic callers in menu_select.c:252 and menu_panels.c:72 pass spell codes and MAGIC_ICON mode.	menu
P00481	include/kf/game_menu.h	493	menu_list_interact	4	0	0	KfItemStockBank	GAME.EXE|OPEN.EXE	modern	493	menu_list_interact	shop_id	shop_bank	rename	Optional shop bank consumed by item-detail preview; menu_runtime.c:1688 forwards to menu_draw_item_detail; item preview callers pass PLAYER placeholder where bank is unused, so document optional role rather than imply always valid shop.	menu
P00482	include/kf/game_menu.h	493	menu_list_interact	5	0	0	KfTradeMode	GAME.EXE|OPEN.EXE	modern	493	menu_list_interact	price_mode	price_mode	retain	Optional buy/sell price selection for detail preview; menu_runtime.c:1688 forwards only in ITEM_DETAIL branch; other preview modes ignore it, matching draw_item_detail price-specific role.	menu
P00483	include/kf/game_menu.h	496	menu_list_interact	0	0	0	KfMenuList	GAME.EXE|OPEN.EXE	retail	496	menu_list_interact	list	list	retain	List displayed beneath confirmation prompt; menu_runtime.c:1693,1708,1743 passes untouched state to menu_list_render; const view legitimately differs from mutable init/navigation.	menu
P00489	include/kf/game_menu.h	499	menu_list_render	0	0	0	KfMenuList	GAME.EXE|OPEN.EXE	modern|retail	499	menu_list_render	list	list	retain	Scrollable list read for rendering; menu_runtime.c:1913 reads glyph_rows/quantities then geometry/cursor; same list object as init/navigation but const consumer.	menu
P00490	include/kf/game_menu.h	500	menu_load_item_model	0	0	0	KfObjectId	GAME.EXE|OPEN.EXE	modern|retail	500	menu_load_item_model	id	item_id	rename	Inventory object ID indexing model file table; menu_runtime.c:2333 compares OBJECT_NONE then cd_file_load_table_entry(asset,id); callers pass inventory code, aligns model preview/name APIs.	menu
P00491	include/kf/game_menu.h	501	menu_load_item_texture	0	0	0	KfMenuTextureId	GAME.EXE|OPEN.EXE	modern|retail	501	menu_load_item_texture	id	texture_id	rename	Menu artwork resource index; menu_runtime.c:2361 compares MENU_TEXTURE_NONE then adds one for TIM/Mddd path; callers include spell artwork and card messages, so item_id would be too narrow.	menu
P00492	include/kf/game_menu.h	505	menu_map_viewer	0	0	0	KfObjectId	GAME.EXE|OPEN.EXE	modern|retail	505	menu_map_viewer	item_code	item_id	rename	Map item ID choosing map-artwork set; menu_map_viewer.c:37 compares KF_ITEM_WATCHMAN_MAP; menu.c:268 passes selected inventory code, same item ID domain as other menu APIs.	menu
P00493	include/kf/game_menu.h	507	menu_play_input_sound	0	0	0	KfMenuSoundCue	GAME.EXE|OPEN.EXE	modern|retail	507	menu_play_input_sound	cue	cue	retain	UI action feedback cue;  save_system.c:165 selects cursor/confirm/cancel sound program/note; callers in OPEN and GAME use the same feedback roles.	menu
P00494	include/kf/game_menu.h	516	menu_two_option_prompt	0	0	0	KfMenuWindowKind	GAME.EXE|OPEN.EXE	modern|retail	516	menu_two_option_prompt	kind	window_kind	rename	Background window layout selector; menu_runtime.c:1778 compares SAVE/LOAD then forwards to menu_draw_window; same layout domain as draw/init, not footer confirm-kind.	menu
P00497	include/kf/game_menu.h	517	menu_two_option_prompt	3	0	0	KfSaveSlotSummary	GAME.EXE|OPEN.EXE	modern|retail	517	menu_two_option_prompt	summaries	summaries	retain	Optional save-slot summaries for dialog frame; menu_runtime.c:1798,1827 forwards unchanged into menu_draw_dialog_frame; save/load callers provide catalog and non-save callers NULL.	menu
P00498	include/kf/game_menu.h	518	talk_show_dialogue_page	0	0	0	KfFloorId	GAME.EXE|OPEN.EXE	modern|retail	518	talk_show_dialogue_page	floor	floor	retain	Floor ID encoded into dialogue image path;  save_system.c:869 writes floor to path digit; map_scripts.c:407,423,438,456 pass current_floor. Cross-domain review: retain floor consistently with resource and warp floor selectors.	menu
P00500	include/kf/game_menu.h	518	talk_show_dialogue_page	2	0	0	KfCharacterId	GAME.EXE|OPEN.EXE	modern|retail	518	talk_show_dialogue_page	character_id	character_id	retain	Speaker/event character ID in dialogue path;  save_system.c:866-871 uses tens/ones in directory and filename; callers pass event.character_id.	menu
P00502	include/kf/game_player.h	81	operator++	0	1	0	KfPlayerUpdateState	GAME.EXE|OPEN.EXE	modern	81	operator++	value	value	retain	Mutable player damage/death frame-state counter; prefix/postfix update the same operand, with postfix returning its previous value.	root
P00503	include/kf/game_player.h	81	operator++	0	1	0	KfPlayerUpdateState	GAME.EXE|OPEN.EXE	modern	81	operator++	value	value	retain	Mutable player damage/death frame-state counter; prefix/postfix update the same operand, with postfix returning its previous value.	root
P00505	include/kf/game_player.h	81	operator--	0	1	0	KfPlayerUpdateState	GAME.EXE|OPEN.EXE	modern	81	operator--	value	value	retain	Mutable player damage/death frame-state counter; prefix/postfix update the same operand, with postfix returning its previous value.	root
P00506	include/kf/game_player.h	81	operator--	0	1	0	KfPlayerUpdateState	GAME.EXE|OPEN.EXE	modern	81	operator--	value	value	retain	Mutable player damage/death frame-state counter; prefix/postfix update the same operand, with postfix returning its previous value.	root
P00514	include/kf/game_player.h	309	player_apply_damage	3	0	0	KfPlayerStatusFlags	GAME.EXE|OPEN.EXE	modern|retail	309	player_apply_damage	status_effect_flags	status_effect_flags	retain	Incoming curse, darkness, poison and slow flags update player status/timers; shared field role.	root
P00519	include/kf/game_player.h	313	player_apply_radial_damage	0	0	0	VECTOR	GAME.EXE|OPEN.EXE	modern|retail	313	player_apply_radial_damage	origin	origin	retain	World-space radial-damage center; matches the actor radial query parameter.	root
P00533	include/kf/game_player.h	318	player_death_apply_visual_fade	0	0	0	MATRIX	GAME.EXE|OPEN.EXE	modern|retail	318	player_death_apply_visual_fade	color_from	color_from	retain	Starting color matrix for death fade; explicit color distinguishes this from the fade's light/position state.	root
P00540	include/kf/game_player.h	327	player_distance_to_point_in_cone	0	0	0	VECTOR	GAME.EXE|OPEN.EXE	modern|retail	327	player_distance_to_point_in_cone	point	point	retain	Candidate world-space point tested against the player's implicit cone origin.	root
P00544	include/kf/game_player.h	329	player_equip_weapon	0	0	0	KfObjectId	GAME.EXE|OPEN.EXE	modern|retail	329	player_equip_weapon	weapon_id	weapon_id	retain	Inventory object in weapon-equipping role; narrower role than generic item_id is intentional.	root
P00547	include/kf/game_player.h	337	player_select_magic	0	0	0	KfEffectKind	GAME.EXE|OPEN.EXE	modern|retail	337	player_select_magic	magic_id	magic_id	retain	Selected spell identity indexes magic records; same numeric domain as effects but spell-selection role.	root
P00548	include/kf/game_player.h	338	player_set_equipment_slot	0	0	0	KfObjectId	GAME.EXE|OPEN.EXE	modern|retail	338	player_set_equipment_slot	item_id	item_id	retain	Inventory item assigned to the selected equipment slot; weapon is only one slot case.	root
P00549	include/kf/game_player.h	338	player_set_equipment_slot	1	0	0	KfEquipmentSlot	GAME.EXE|OPEN.EXE	modern|retail	338	player_set_equipment_slot	slot	slot	retain	Destination equipment slot selects the corresponding equipped item field.	root
P00550	include/kf/game_player.h	341	player_use_item	0	0	0	KfObjectId	GAME.EXE|OPEN.EXE	modern|retail	341	player_use_item	item_id	item_id	retain	Inventory item whose gameplay use is dispatched; player_use_item.c:77 switches key/staff/seal/herb IDs and accesses item stock; caller uses selected inventory object.	menu
P00551	include/kf/game_player.h	344	player_update_transform_snapshot	0	0	0	VECTOR	GAME.EXE|OPEN.EXE	modern|retail	344	player_update_transform_snapshot	position_out	position_out	retain	Required output snapshot of player camera position; no input/null-retention behavior.	root
P00552	include/kf/game_player.h	344	player_update_transform_snapshot	1	0	0	SVECTOR	GAME.EXE|OPEN.EXE	modern|retail	344	player_update_transform_snapshot	rotation_out	rotation_out	retain	Required output camera rotation with view offset added; matches paired snapshot output.	root
P00553	include/kf/game_player.h	349	player_warp_change_floor	0	0	0	KfFloorId	GAME.EXE|OPEN.EXE	modern|retail	349	player_warp_change_floor	floor	floor	retain	Destination floor for a cross-floor warp, forwarded to resource loading.	root
P00554	include/kf/game_player.h	349	player_warp_change_floor	1	0	0	KfMapVariant	GAME.EXE|OPEN.EXE	modern|retail	349	player_warp_change_floor	variant	map_variant	rename	Destination map variant stored in player state and passed to loading; align map_resources_load.	root
P00555	include/kf/game_player.h	350	player_warp_shimmer	0	0	0	KfWarpShimmerMode	GAME.EXE|OPEN.EXE	modern|retail	350	player_warp_shimmer	mode	shimmer_mode	rename	Grow/shrink/removal policy of the player's warp shimmer, distinct from OPEN cylinder transition modes.	root
P00556	include/kf/game_player.h	350	player_warp_shimmer	1	0	0	VECTOR	GAME.EXE|OPEN.EXE	modern|retail	350	player_warp_shimmer	position	position	retain	Required world position used to construct shimmer effects; supplied player position is one caller role.	root
P00557	include/kf/game_player.h	351	player_warp_shimmer_at_player	0	0	0	KfWarpShimmerMode	GAME.EXE|OPEN.EXE	modern|retail	351	player_warp_shimmer_at_player	mode	shimmer_mode	rename	Passes shimmer policy unchanged while supplying the player's position; agree with underlying helper.	root
P00558	include/kf/game_player.h	352	player_warp_same_floor	0	0	0	KfMapVariant	GAME.EXE|OPEN.EXE	modern|retail	352	player_warp_same_floor	variant	map_variant	rename	Destination variant for a same-floor warp; same domain role as cross-floor warp.	root
P00561	include/kf/game_render.h	154	display_show_system_screen	0	0	0	KfSystemScreen	GAME.EXE|OPEN.EXE	modern|retail	154	display_show_error_screen	stage	screen	rename	System-screen resource selector, not progress through a stage; GAME render.c:87 encodes the value into the TIM path digit; CD callers pass SEARCH_FAILED/READ_FAILED and game.c passes NO_MEMORY_CARD.	graphics
P00562	include/kf/game_render.h	155	effect5_texture_cache_prepare	0	0	0	KfFloorId	GAME.EXE|OPEN.EXE	modern|retail	155	effect5_texture_cache_prepare	floor	floor	retain	Floor identity gating floor-five texture-page and CLUT setup; GAME render.c:139 checks exactly KF_FLOOR_5 before assigning three texture pages and CLUT entries.	graphics
P00567	include/kf/game_render.h	161	lighting_set_active_color_matrix	0	0	0	KfGameColorPreset	GAME.EXE|OPEN.EXE	modern|retail	161	lighting_set_active_color_matrix	preset	preset	retain	GAME color-matrix-table selector; GAME render.c:133 encodes this preset as color_matrix_table index passed to SetColorMatrix; OPEN has a separate enum/table.	graphics
P00568	include/kf/game_render.h	163	lighting_set_color_matrix	0	0	0	MATRIX	GAME.EXE|OPEN.EXE	modern|retail	163	lighting_set_color_matrix	from	from	retain	Start endpoint for interpolated GTE color matrix; shared/matrix_lerp.c:41 interpolates from/to into a local MATRIX then SetColorMatrix publishes it.	graphics
P00569	include/kf/game_render.h	163	lighting_set_color_matrix	1	0	0	MATRIX	GAME.EXE|OPEN.EXE	modern|retail	163	lighting_set_color_matrix	to	to	retain	End endpoint for interpolated GTE color matrix; shared/matrix_lerp.c:41-42 preserves endpoint order when interpolating and publishing color coefficients.	graphics
P00572	include/kf/game_render.h	167	render_actor	0	0	0	KfActor	GAME.EXE|OPEN.EXE	modern|retail	167	render_actor	actor	actor	retain	Actor instance whose pose, definition and animation cache drive drawing; GAME entity_model_render.c:37-56 reads actor pose/definition and passes actor.animation_cache,animation_id,animation_phase to cache binding.	graphics
P00573	include/kf/game_render.h	168	render_actor_sprite	0	0	0	KfEffectRecord	GAME.EXE|OPEN.EXE	modern|retail	168	render_actor_sprite	sprite	sprite	retain	Renderable effect instance, with billboard or animated-model representation; GAME entity_render.c:115-148 reads this effect's transform/render IDs; NONE animation selects billboard while a clip selects model vertices. sprite is a visual role, not a KfSpriteQuad identity claim.	graphics
P00574	include/kf/game_render.h	170	render_floor_item	0	0	0	KfFloorItem	GAME.EXE|OPEN.EXE	modern|retail	170	render_floor_item	item	item	retain	Floor-item instance supplying world position, facing and animation state; Both image bodies read position/facing, select a floor-sprite frame, enqueue it, then call floor_item_advance_frame(item).	graphics
P00578	include/kf/game_render.h	174	render_enqueue_sprite	0	0	0	KfSpriteQuad	GAME.EXE|OPEN.EXE	modern|retail	174	render_enqueue_sprite	sprite	sprite	retain	Sprite geometry and UV descriptor projected into an FT4 packet; Both image bodies build four corners from sprite.x/y/w/h and packet UV spans from sprite.u/v; SDK packet storage is a different local object.	graphics
P00580	include/kf/game_render.h	174	render_enqueue_sprite	2	0	0	KfSpriteDepthCueMode	GAME.EXE|OPEN.EXE	modern|retail	174	render_enqueue_sprite	depth_cue_mode	depth_cue_mode	retain	Policy selecting normal versus boosted GTE depth-cue factor; GAME render_enqueuers.c:808 and OPEN render_sprite.c:49 compare BOOSTED and add half the factor before NormalColorDpq.	graphics
P00583	include/kf/game_render.h	178	render_frame	0	0	0	VECTOR	GAME.EXE|OPEN.EXE	modern|retail	178	render_frame	position_or_null	position_or_null	retain	Optional replacement view position for the full GAME frame; GAME render_frame.c:49 forwards directly to render_set_view_transform; gameplay passes player snapshots and fades/cutscenes pass NULL to retain view.	graphics
P00584	include/kf/game_render.h	178	render_frame	1	0	0	SVECTOR	GAME.EXE|OPEN.EXE	modern|retail	178	render_frame	rotation_or_null	rotation_or_null	retain	Optional replacement view rotation for the full GAME frame; GAME render_frame.c:49 forwards directly; renderer independently guards the rotation pointer and reuses stored rotation when NULL.	graphics
P00585	include/kf/game_render.h	179	render_hud_gauges	0	0	0	KfHudSprite	GAME.EXE|OPEN.EXE	modern|retail	179	render_hud_gauges	table	table	retain	Start of the HUD sprite table, not one gauge record; GAME geometry_render.c:158-167 walks entries until END and draws only VISIBLE rows; table distinguishes collection from entry pointer.	graphics
P00588	include/kf/game_render.h	182	render_map_cell	2	0	0	KfCellVisibility	GAME.EXE|OPEN.EXE	modern|retail	182	render_map_cell	cell	visibility	rename	Near/distant visibility class selecting a mesh bank for the coordinate; GAME render_map_cells.c:78 and OPEN:27 use the value only to add KF_MAP_MESHES_PER_BANK for DISTANT; row/col already identify the cell.	graphics
P00589	include/kf/game_render.h	184	render_map_event	0	0	0	KfMapEvent	GAME.EXE|OPEN.EXE	modern|retail	184	render_map_event	event	event	retain	Map-event instance with reference transform, model and animation cache; GAME map_event_render.c:33-46 reads event.reference_position,rotation,model_index and animation fields before enqueueing model zero.	graphics
P00590	include/kf/game_render.h	185	render_map_object	0	0	0	KfMapObject	GAME.EXE|OPEN.EXE	modern|retail	185	render_map_object	object	object	retain	Map-object instance whose pose and definition behavior select model/depth; GAME entity_model_render.c:87-116 reads object position/rotation/object_id and definition behavior for lift/hinged depth bias.	graphics
P00591	include/kf/game_render.h	186	render_screen_sprite	0	0	0	KfSpriteQuad	GAME.EXE|OPEN.EXE	modern|retail	186	render_screen_sprite	sprite	sprite	retain	Screen-space rectangle/UV descriptor copied directly into a packet; GAME render_sprite.c:21-30 uses sprite geometry and UV without GTE projection; same descriptor role as projected enqueue but distinct transform path.	graphics
P00592	include/kf/game_render.h	188	render_set_view_transform	0	0	0	VECTOR	GAME.EXE|OPEN.EXE	modern|retail	188	render_set_view_transform	position_or_null	position_or_null	retain	Optional replacement stored view position and derived view-cell coordinates; GAME render.c:320-324 and OPEN:70-74 guard position!=NULL before copying and recomputing cells; NULL preserves them.	graphics
P00593	include/kf/game_render.h	188	render_set_view_transform	1	0	0	SVECTOR	GAME.EXE|OPEN.EXE	modern|retail	188	render_set_view_transform	rotation_or_null	rotation_or_null	retain	Optional replacement stored view rotation used to rebuild view/pitch matrices; GAME render.c:325-332 and OPEN:75-82 guard rotation!=NULL then rebuild matrices from stored rotation; position and rotation nullability are independent.	graphics
P00595	include/kf/game_render.h	191	sprite_add_ft4	0	0	0	KfScreenRect	GAME.EXE|OPEN.EXE	modern|retail	191	sprite_add_ft4	position	rectangle	rename	Full destination rectangle including width and height; GAME sprite_add_ft4.c:15 and OPEN:14 pass x,y,w,h to setXYWH independently of the separate texture-coordinate descriptor.	graphics
P00599	include/kf/game_render.h	191	sprite_add_ft4	4	0	0	CVECTOR	GAME.EXE|OPEN.EXE	modern|retail	191	sprite_add_ft4	color	color	retain	Uniform RGB modulation for the textured flat quad; Both image implementations pass color.r/g/b to setRGB0 after setting texcoords,tpage and clut.	graphics
P00604	include/kf/game_save.h	151	memory_card_check_or_format	0	0	0	KfCardFormatConfirmation	GAME.EXE|OPEN.EXE	modern|retail	151	memory_card_check_or_format	confirmation	format_confirmation	rename	Format authorization state checked on IO-end path;  save_system.c:274 branches UNCONFIRMED to confirmation-required result; menu_save_panel passes CONFIRMED. Explicit format scope distinguishes menu-button confirmation.	menu
P00605	include/kf/game_save.h	155	save_system_read_catalog	0	0	0	KfSaveSlotSummary	GAME.EXE|OPEN.EXE	modern|retail	155	save_system_read_catalog	summaries	summaries	retain	Output array of summaries indexed by logical slot;  save_system.c:143 clears output and :153 copies directory entries into summaries[slot-FIRST]; save/load callers pass array displayed by dialog-frame API.	menu
P00606	include/kf/game_save.h	156	save_system_read_slot	0	0	0	KfSaveSlotId	GAME.EXE|OPEN.EXE	modern|retail	156	save_system_read_slot	slot_id	slot_id	retain	Logical on-card slot ID to load;  save_system.c:562 forwards to save_file_read_slot; menu caller converts cursor+FIRST, distinct from zero-based row index.	menu
P00607	include/kf/game_save.h	157	save_system_write_slot	0	0	0	KfSaveSlotId	GAME.EXE|OPEN.EXE	modern|retail	157	save_system_write_slot	slot_id	slot_id	retain	Logical on-card slot ID to save;  save_system.c:339 forwards to save_file_write_slot; save menu converts cursor+FIRST.	menu
P00608	include/kf/item.h	183	operator&	0	1	0	KfFloorItemAppearance	GAME.EXE|OPEN.EXE	modern	183	operator&	lhs	lhs	retain	Left input to appearance-bit intersection; item.h:183 expands enum.h:32 AND of lhs and rhs encodings; conventional left operand differs from right.	menu
P00609	include/kf/item.h	183	operator&	1	1	0	KfFloorItemAppearance	GAME.EXE|OPEN.EXE	modern	183	operator&	rhs	rhs	retain	Right input to appearance-bit intersection; item.h:183 expands enum.h:32 AND of lhs and rhs; right-hand mask/value operand.	menu
P00610	include/kf/item.h	183	operator&=	0	1	0	KfFloorItemAppearance	GAME.EXE|OPEN.EXE	modern	183	operator&=	lhs	lhs	retain	Mutable target of appearance-bit intersection; item.h:183 expands enum.h:38 assigns lhs = lhs & rhs and returns lhs; reference target role.	menu
P00611	include/kf/item.h	183	operator&=	1	1	0	KfFloorItemAppearance	GAME.EXE|OPEN.EXE	modern	183	operator&=	rhs	rhs	retain	Right input to appearance-bit intersection assignment; item.h:183 expands enum.h:38 uses rhs as value/mask without mutating it.	menu
P00612	include/kf/item.h	183	operator^	0	1	0	KfFloorItemAppearance	GAME.EXE|OPEN.EXE	modern	183	operator^	lhs	lhs	retain	Left input to appearance-bit exclusive union; item.h:183 expands enum.h:34 XOR of encoded lhs and rhs; left operand role.	menu
P00613	include/kf/item.h	183	operator^	1	1	0	KfFloorItemAppearance	GAME.EXE|OPEN.EXE	modern	183	operator^	rhs	rhs	retain	Right input to appearance-bit exclusive union; item.h:183 expands enum.h:34 XOR of encoded lhs and rhs; right operand role.	menu
P00614	include/kf/item.h	183	operator^=	0	1	0	KfFloorItemAppearance	GAME.EXE|OPEN.EXE	modern	183	operator^=	lhs	lhs	retain	Mutable target of appearance-bit exclusive union; item.h:183 expands enum.h:39 assigns lhs = lhs ^ rhs and returns lhs; mutable target role.	menu
P00615	include/kf/item.h	183	operator^=	1	1	0	KfFloorItemAppearance	GAME.EXE|OPEN.EXE	modern	183	operator^=	rhs	rhs	retain	Right input to appearance-bit exclusive union assignment; item.h:183 expands enum.h:39 reads rhs without modifying it; incoming toggle bits.	menu
P00616	include/kf/item.h	183	operator|	0	1	0	KfFloorItemAppearance	GAME.EXE|OPEN.EXE	modern	183	operator|	lhs	lhs	retain	Left input to appearance-bit union; item.h:183 expands enum.h:30 OR of encoded lhs and rhs; left operand role.	menu
P00617	include/kf/item.h	183	operator|	1	1	0	KfFloorItemAppearance	GAME.EXE|OPEN.EXE	modern	183	operator|	rhs	rhs	retain	Right input to appearance-bit union; item.h:183 expands enum.h:30 OR of encoded lhs and rhs; right operand role.	menu
P00618	include/kf/item.h	183	operator|=	0	1	0	KfFloorItemAppearance	GAME.EXE|OPEN.EXE	modern	183	operator|=	lhs	lhs	retain	Mutable target of appearance-bit union; item.h:183 expands enum.h:37 assigns lhs = lhs | rhs and returns lhs; mutable target role.	menu
P00619	include/kf/item.h	183	operator|=	1	1	0	KfFloorItemAppearance	GAME.EXE|OPEN.EXE	modern	183	operator|=	rhs	rhs	retain	Right input to appearance-bit union assignment; item.h:183 expands enum.h:37 reads rhs without modifying it; incoming bits to combine.	menu
P00620	include/kf/item.h	183	operator~	0	1	0	KfFloorItemAppearance	GAME.EXE|OPEN.EXE	modern	183	operator~	value	value	retain	Single appearance value whose bits are complemented; item.h:183 expands enum.h:36 complements encoded value; unary role has no left/right distinction.	menu
P00621	include/kf/item.h	186	floor_item_appearance	0	1	0	KfFloorItemFacing	GAME.EXE|OPEN.EXE	modern	186	floor_item_appearance	facing	facing	retain	Packed high-nibble facing component; item.h:189 ORs encoded facing with masked frame count; role contrasts with combined appearance helper input.	menu
P00623	include/kf/item.h	191	floor_item_facing	0	1	0	KfFloorItemAppearance	GAME.EXE|OPEN.EXE	modern	191	floor_item_facing	appearance	appearance	retain	Combined packed facing/frame-count byte; item.h:194 masks high nibble; GAME/OPEN entity renderer pass item.facing_and_frame_count.	menu
P00624	include/kf/item.h	233	floor_item_advance_frame	0	1	0	KfFloorItem	GAME.EXE|OPEN.EXE	modern|retail	233	floor_item_advance_frame	item	item	retain	Mutable runtime floor-item animation state; item.h:238-244 advances and wraps animation_frame using appearance frame count; both entity renderers pass their current floor item.	menu
P00625	include/kf/item.h	249	item_load_floor_placements	0	0	0	KfFloorItemPlacement	GAME.EXE|OPEN.EXE	modern|retail	249	item_load_floor_placements	placements	placements	retain	Sentinel-terminated serialized placement sequence; item.c:56 scans until FLOOR_ITEM_END and :65-83 expands each record into runtime floor_items; plural distinguishes sequence from one runtime item.	menu
P00626	include/kf/magic.h	83	magic_load_records	0	0	0	KfMagicTable	GAME.EXE|OPEN.EXE	modern|retail	83	magic_load_records	table	table	retain	Whole serialized magic table is copied into magic_records; table distinguishes the aggregate from individual spell records.	root
P00630	include/kf/memory.h	40	memory_set_allocation_mode	0	0	0	KfMemoryAllocationMode	GAME.EXE|OPEN.EXE	modern|retail	40	memory_set_allocation_mode	mode	allocation_mode	rename	Selects arena creation, rebasing or heap allocation policy; not a Boolean switch.	root
P00632	include/kf/notify.h	44	notify_enqueue	0	0	0	KfNotificationId	GAME.EXE|OPEN.EXE	modern|retail	44	notify_enqueue	message_id	message_id	retain	Identifies the notification message queued for later drawing.	root
P00633	include/kf/open_camera_path.h	9	opening_camera_path_begin	0	0	0	KfCameraPathPoint	OPEN.EXE	modern|retail	9	opening_camera_path_begin	points	points	retain	Read-only camera point sequence used to initialize opening camera playback.	root
P00635	include/kf/open_controller.h	11	opening_run	0	0	0	KfOverlayMode	OPEN.EXE	modern|retail	11	opening_run	overlay_mode	overlay_mode	retain	Complete intro/ending flow selector transported from PSX into OPEN; shared name with display setup.	root
P00638	include/kf/open_opening_render.h	10	opening_render_frame	0	0	0	VECTOR	OPEN.EXE	modern|retail	10	opening_render_frame	position	position_or_null	rename	Optional replacement view position; NULL reuses stored position; OPEN opening_render.c:12 forwards to render_set_view_transform; cylinder animator calls NULL,NULL and view setter independently guards position.	graphics
P00639	include/kf/open_opening_render.h	10	opening_render_frame	1	0	0	SVECTOR	OPEN.EXE	modern|retail	10	opening_render_frame	rotation	rotation_or_null	rename	Optional replacement view rotation; NULL reuses stored rotation; OPEN opening_render.c:12 forwards to render_set_view_transform; render.c:75 guards rotation independently of position.	graphics
P00640	include/kf/open_opening_render.h	12	sprite_add_g4	0	0	0	KfScreenRect	OPEN.EXE	modern|retail	12	sprite_add_g4	position	rectangle	rename	Full destination rectangle shared by four independently colored vertices; OPEN opening_render.c:27 passes x,y,w,h to setXYWH, then publishes one CVECTOR to each vertex.	graphics
P00641	include/kf/open_opening_render.h	12	sprite_add_g4	1	0	0	CVECTOR	OPEN.EXE	modern|retail	12	sprite_add_g4	color0	color0	retain	RGB for SDK quad vertex zero; OPEN opening_render.c:28 passes color0 channels to setRGB0; numeric suffix identifies a concrete SDK vertex ordinal.	graphics
P00642	include/kf/open_opening_render.h	12	sprite_add_g4	2	0	0	CVECTOR	OPEN.EXE	modern|retail	12	sprite_add_g4	color1	color1	retain	RGB for SDK quad vertex one; OPEN opening_render.c:29 passes color1 channels to setRGB1; distinct role from color0 despite same type.	graphics
P00643	include/kf/open_opening_render.h	13	sprite_add_g4	3	0	0	CVECTOR	OPEN.EXE	modern|retail	13	sprite_add_g4	color2	color2	retain	RGB for SDK quad vertex two; OPEN opening_render.c:30 passes color2 channels to setRGB2; distinct role from color1 despite same type.	graphics
P00644	include/kf/open_opening_render.h	13	sprite_add_g4	4	0	0	CVECTOR	OPEN.EXE	modern|retail	13	sprite_add_g4	color3	color3	retain	RGB for SDK quad vertex three; OPEN opening_render.c:31 passes color3 channels to setRGB3; retains authored gradient ordering.	graphics
P00645	include/kf/open_opening_render.h	14	opening_entity_render	0	0	0	KfOpeningEntity	OPEN.EXE	modern|retail	14	opening_entity_render	entity	entity	retain	Mutable opening entity instance supplying transform, model and optional yaw update; OPEN entity_render.c:44-100 reads position/rotation/scale/object_id and advances yaw only for the rotating crystal identities.	graphics
P00647	include/kf/open_opening_scenes.h	36	opening_cylinder_transition	0	0	0	KfOpeningCylinderTransitionMode	OPEN.EXE	modern|retail	36	opening_cylinder_transition	transition_mode	transition_mode	retain	Cylinder transition grow/shrink and removal policy; enclosing type/function now identify the cylinder consistently.	root
P00648	include/kf/open_opening_scenes.h	36	opening_cylinder_transition	1	0	0	VECTOR	OPEN.EXE	modern|retail	36	opening_cylinder_transition	position	position	retain	Required world position of the cylinder instances; unlike view-transform setters NULL is unsupported.	root
P00649	include/kf/open_render.h	105	display_initialize	0	0	0	KfOverlayMode	OPEN.EXE	modern|retail	105	display_initialize	overlay_mode	overlay_mode	retain	Transported intro/ending selection controlling display setup; OPEN opening_run passes the same selector at retail0x80015718; render_init.c chooses reset/output paths and controller also dispatches scenes.	graphics
P00650	include/kf/open_render.h	106	lighting_set_active_color_matrix	0	0	0	KfOpenColorPreset	OPEN.EXE	modern|retail	106	lighting_set_active_color_matrix	preset	preset	retain	OPEN color-matrix-table selector; OPEN render_init.c:50 encodes this preset as color_matrix_table index passed to SetColorMatrix; GAME has a separate enum/table.	graphics
P00651	include/kf/open_render.h	108	matrix_interpolate	0	0	0	MATRIX	OPEN.EXE	modern|retail	108	matrix_interpolate	from	from	retain	Starting nine-coefficient matrix; input only; shared/matrix_lerp.c:19,25-28 reads from->m as signed baseline values; translation words are not visited.	graphics
P00652	include/kf/open_render.h	108	matrix_interpolate	1	0	0	MATRIX	OPEN.EXE	modern|retail	108	matrix_interpolate	to	to	retain	Ending nine-coefficient matrix; input only; shared/matrix_lerp.c:20,26-28 reads to->m for signed coefficient deltas; distinct from writable output.	graphics
P00653	include/kf/open_render.h	108	matrix_interpolate	2	0	0	MATRIX	OPEN.EXE	modern|retail	108	matrix_interpolate	output	output	retain	Writable nine-coefficient blend destination; shared/matrix_lerp.c:21-29 writes output->m for KF_MATRIX_ROTATION_ELEMENTS entries; MATRIX translation is untouched.	graphics
P00655	include/kf/open_render.h	110	lighting_set_color_matrix	0	0	0	MATRIX	OPEN.EXE	modern|retail	110	lighting_set_color_matrix	from	from	retain	Start endpoint for interpolated GTE color matrix; shared/matrix_lerp.c:41 interpolates from/to into a local MATRIX then SetColorMatrix publishes it.	graphics
P00656	include/kf/open_render.h	110	lighting_set_color_matrix	1	0	0	MATRIX	OPEN.EXE	modern|retail	110	lighting_set_color_matrix	to	to	retain	End endpoint for interpolated GTE color matrix; shared/matrix_lerp.c:41-42 preserves endpoint order when interpolating and publishing color coefficients.	graphics
P00658	include/kf/open_render.h	112	lighting_set_light_matrix	0	0	0	MATRIX	OPEN.EXE	modern|retail	112	lighting_set_light_matrix	from	from	retain	Start endpoint for interpolated GTE light matrix; shared/matrix_lerp.c:54 interpolates from/to before SetLightMatrix; translation is outside the interpolation.	graphics
P00659	include/kf/open_render.h	112	lighting_set_light_matrix	1	0	0	MATRIX	OPEN.EXE	modern|retail	112	lighting_set_light_matrix	to	to	retain	End endpoint for interpolated GTE light matrix; shared/matrix_lerp.c:54-55 preserves endpoint order when interpolating and publishing light coefficients.	graphics
P00665	include/kf/open_render.h	116	color_lerp_cvector	0	0	0	CVECTOR	OPEN.EXE	modern|retail	116	color_lerp_cvector	from	from	retain	RGB interpolation start endpoint; input only; OPEN matrix.c:32-34 reads from channels as the baseline and subtraction origin.	graphics
P00666	include/kf/open_render.h	116	color_lerp_cvector	1	0	0	CVECTOR	OPEN.EXE	modern|retail	116	color_lerp_cvector	to	to	retain	RGB interpolation end endpoint; input only; OPEN matrix.c:32-34 subtracts from channels from to channels before Q12 blending.	graphics
P00667	include/kf/open_render.h	116	color_lerp_cvector	2	0	0	CVECTOR	OPEN.EXE	modern|retail	116	color_lerp_cvector	output	output	retain	Writable RGB blend result; CVECTOR code byte unchanged; OPEN matrix.c:32-34 stores only output r/g/b; source endpoints are const.	graphics
P00673	include/kf/open_render.h	123	sprite_add_f4	0	0	0	KfScreenRect	OPEN.EXE	modern|retail	123	sprite_add_f4	position	rectangle	rename	Full destination rectangle including width and height; OPEN sprite_add_ft4.c:31 passes x,y,w,h to setXYWH; this is broader than a position vector.	graphics
P00674	include/kf/open_render.h	123	sprite_add_f4	1	0	0	CVECTOR	OPEN.EXE	modern|retail	123	sprite_add_f4	color	color	retain	Uniform RGB applied to the untextured flat quad; OPEN sprite_add_ft4.c:32 supplies color.r/g/b to setRGB0; no interpolation or per-vertex color selection occurs.	graphics
P00676	include/kf/open_render.h	124	sprite_add_ft4	0	0	0	KfScreenRect	OPEN.EXE	modern|retail	124	sprite_add_ft4	position	rectangle	rename	Full destination rectangle including width and height; GAME sprite_add_ft4.c:15 and OPEN:14 pass x,y,w,h to setXYWH independently of the separate texture-coordinate descriptor.	graphics
P00680	include/kf/open_render.h	125	sprite_add_ft4	4	0	0	CVECTOR	OPEN.EXE	modern|retail	125	sprite_add_ft4	color	color	retain	Uniform RGB modulation for the textured flat quad; Both image implementations pass color.r/g/b to setRGB0 after setting texcoords,tpage and clut.	graphics
P00682	include/kf/open_render.h	128	render_set_view_transform	0	0	0	VECTOR	OPEN.EXE	modern|retail	128	render_set_view_transform	position	position_or_null	rename	Optional replacement stored view position and derived view-cell coordinates; GAME render.c:320-324 and OPEN:70-74 guard position!=NULL before copying and recomputing cells; NULL preserves them.	graphics
P00683	include/kf/open_render.h	128	render_set_view_transform	1	0	0	SVECTOR	OPEN.EXE	modern|retail	128	render_set_view_transform	rotation	rotation_or_null	rename	Optional replacement stored view rotation used to rebuild view/pitch matrices; GAME render.c:325-332 and OPEN:75-82 guard rotation!=NULL then rebuild matrices from stored rotation; position and rotation nullability are independent.	graphics
P00692	include/kf/open_render.h	135	render_enqueue_sprite	0	0	0	KfSpriteQuad	OPEN.EXE	modern|retail	135	render_enqueue_sprite	sprite	sprite	retain	Sprite geometry and UV descriptor projected into an FT4 packet; Both image bodies build four corners from sprite.x/y/w/h and packet UV spans from sprite.u/v; SDK packet storage is a different local object.	graphics
P00694	include/kf/open_render.h	135	render_enqueue_sprite	2	0	0	KfSpriteDepthCueMode	OPEN.EXE	modern|retail	135	render_enqueue_sprite	depth_cue_mode	depth_cue_mode	retain	Policy selecting normal versus boosted GTE depth-cue factor; GAME render_enqueuers.c:808 and OPEN render_sprite.c:49 compare BOOSTED and add half the factor before NormalColorDpq.	graphics
P00695	include/kf/open_render.h	136	render_floor_item	0	0	0	KfFloorItem	OPEN.EXE	modern|retail	136	render_floor_item	item	item	retain	Floor-item instance supplying world position, facing and animation state; Both image bodies read position/facing, select a floor-sprite frame, enqueue it, then call floor_item_advance_frame(item).	graphics
P00698	include/kf/open_render.h	137	render_map_cell	2	0	0	KfCellVisibility	OPEN.EXE	modern|retail	137	render_map_cell	cell	visibility	rename	Near/distant visibility class selecting a mesh bank for the coordinate; GAME render_map_cells.c:78 and OPEN:27 use the value only to add KF_MAP_MESHES_PER_BANK for DISTANT; row/col already identify the cell.	graphics
P00700	include/kf/open_resources.h	59	opening_entity_find_by_object_id	0	0	0	KfOpeningEntity	OPEN.EXE	modern|retail	59	opening_entity_find_by_object_id	entities	entities	retain	Start of a sentinel-terminated entity sequence to search; OPEN opening_entity_pool.c:31-38 advances a local entity pointer until FREE, comparing each object's ID.	graphics
P00701	include/kf/open_resources.h	59	opening_entity_find_by_object_id	1	0	0	KfOpeningModelId	OPEN.EXE	modern|retail	59	opening_entity_find_by_object_id	object_id	object_id	retain	Searched value of the entity object's model-ID field; OPEN opening_entity_pool.c:35 compares entity.object_id with this value; name aligns the field and helper operation while enum identifies OPEN resource domain.	graphics
P00702	include/kf/open_resources.h	61	opening_entity_pool_load_placements	0	0	0	KfMapObjectPlacement	OPEN.EXE	modern|retail	61	opening_entity_pool_load_placements	placements	placements	retain	Start of serialized placement records used to populate the entity pool; OPEN opening_entity_pool.c:49-82 reads tile/local coordinates,yaw,object_id; pointer advances only until the placement terminator.	graphics
P00704	include/kf/open_scene0.h	10	opening_scene0_render_frame	0	0	0	VECTOR	OPEN.EXE	modern|retail	10	opening_scene0_render_frame	position	position_or_null	rename	Optional replacement view position forwarded by the scene-zero frame wrapper; OPEN opening_scene0_render.c:9 passes through unmodified to the shared optional-pose API; only extra map/item rendering differs from opening_render_frame.	graphics
P00705	include/kf/open_scene0.h	10	opening_scene0_render_frame	1	0	0	SVECTOR	OPEN.EXE	modern|retail	10	opening_scene0_render_frame	rotation	rotation_or_null	rename	Optional replacement view rotation forwarded by the scene-zero frame wrapper; OPEN opening_scene0_render.c:9 passes through unmodified to the shared optional-pose API; no local dereference narrows that contract.	graphics
P00706	include/kf/player_status.h	17	operator&	0	1	0	KfPlayerStatusFlags	GAME.EXE|OPEN.EXE	modern	17	operator&	lhs	lhs	retain	Left operand of intersection for player curse, darkness, poison and slow flags; lhs/rhs describe operator position, not a game-object role.	root
P00707	include/kf/player_status.h	17	operator&	1	1	0	KfPlayerStatusFlags	GAME.EXE|OPEN.EXE	modern	17	operator&	rhs	rhs	retain	Right input operand of intersection for player curse, darkness, poison and slow flags; lhs/rhs describe operator position, not a game-object role.	root
P00708	include/kf/player_status.h	17	operator&=	0	1	0	KfPlayerStatusFlags	GAME.EXE|OPEN.EXE	modern	17	operator&=	lhs	lhs	retain	Left operand and mutable destination of intersection assignment for player curse, darkness, poison and slow flags; lhs/rhs describe operator position, not a game-object role.	root
P00709	include/kf/player_status.h	17	operator&=	1	1	0	KfPlayerStatusFlags	GAME.EXE|OPEN.EXE	modern	17	operator&=	rhs	rhs	retain	Right input operand of intersection assignment for player curse, darkness, poison and slow flags; lhs/rhs describe operator position, not a game-object role.	root
P00710	include/kf/player_status.h	17	operator^	0	1	0	KfPlayerStatusFlags	GAME.EXE|OPEN.EXE	modern	17	operator^	lhs	lhs	retain	Left operand of exclusive-or for player curse, darkness, poison and slow flags; lhs/rhs describe operator position, not a game-object role.	root
P00711	include/kf/player_status.h	17	operator^	1	1	0	KfPlayerStatusFlags	GAME.EXE|OPEN.EXE	modern	17	operator^	rhs	rhs	retain	Right input operand of exclusive-or for player curse, darkness, poison and slow flags; lhs/rhs describe operator position, not a game-object role.	root
P00712	include/kf/player_status.h	17	operator^=	0	1	0	KfPlayerStatusFlags	GAME.EXE|OPEN.EXE	modern	17	operator^=	lhs	lhs	retain	Left operand and mutable destination of exclusive-or assignment for player curse, darkness, poison and slow flags; lhs/rhs describe operator position, not a game-object role.	root
P00713	include/kf/player_status.h	17	operator^=	1	1	0	KfPlayerStatusFlags	GAME.EXE|OPEN.EXE	modern	17	operator^=	rhs	rhs	retain	Right input operand of exclusive-or assignment for player curse, darkness, poison and slow flags; lhs/rhs describe operator position, not a game-object role.	root
P00714	include/kf/player_status.h	17	operator|	0	1	0	KfPlayerStatusFlags	GAME.EXE|OPEN.EXE	modern	17	operator|	lhs	lhs	retain	Left operand of union for player curse, darkness, poison and slow flags; lhs/rhs describe operator position, not a game-object role.	root
P00715	include/kf/player_status.h	17	operator|	1	1	0	KfPlayerStatusFlags	GAME.EXE|OPEN.EXE	modern	17	operator|	rhs	rhs	retain	Right input operand of union for player curse, darkness, poison and slow flags; lhs/rhs describe operator position, not a game-object role.	root
P00716	include/kf/player_status.h	17	operator|=	0	1	0	KfPlayerStatusFlags	GAME.EXE|OPEN.EXE	modern	17	operator|=	lhs	lhs	retain	Left operand and mutable destination of union assignment for player curse, darkness, poison and slow flags; lhs/rhs describe operator position, not a game-object role.	root
P00717	include/kf/player_status.h	17	operator|=	1	1	0	KfPlayerStatusFlags	GAME.EXE|OPEN.EXE	modern	17	operator|=	rhs	rhs	retain	Right input operand of union assignment for player curse, darkness, poison and slow flags; lhs/rhs describe operator position, not a game-object role.	root
P00718	include/kf/player_status.h	17	operator~	0	1	0	KfPlayerStatusFlags	GAME.EXE|OPEN.EXE	modern	17	operator~	value	value	retain	Unary operand whose player curse, darkness, poison and slow flags are complemented in the opted-in storage width.	root
P00719	include/kf/pool.h	39	render_bind_animated_instance	0	0	0	KfPoolRecord	GAME.EXE|OPEN.EXE	modern|retail	39	render_bind_animated_instance	owner_slot	owner_slot	retain	Pointer to the owner's cache pointer, updated after allocation; GAME pool.c:73 dereferences owner_slot;105 stores its address into record.owner_slot;113 publishes newly allocated record back to *owner_slot.	graphics
P00721	include/kf/pool.h	39	render_bind_animated_instance	2	0	0	KfAnimationClip	GAME.EXE|OPEN.EXE	modern|retail	39	render_bind_animated_instance	clip_index	clip_index	retain	Animation clip selector indexing the chosen asset's clip table; GAME pool.c:123 indexes clip_table with the encoded value;150/174 compare and cache record.clip_index; it is not an actor action-animation slot.	graphics
P00724	include/kf/pool.h	43	pool_record_release	0	0	0	KfPoolRecord	GAME.EXE|OPEN.EXE	modern|retail	43	pool_record_release	record	record	retain	Allocated animation-pool record being released, including its owner pointer; not an effect record.	root
P00725	include/kf/render_types.h	37	display_next_buffer	0	1	0	KfDisplayBuffer	GAME.EXE|OPEN.EXE	modern	37	display_next_buffer	current	current	retain	Current buffer selector from which the alternate is computed; include/kf/render_types.h:39 compares with FIRST; SECOND and UNINITIALIZED select FIRST under retail equality semantics.	graphics
P00730	include/kf/tmd.h	42	operator&	0	1	0	KfTmdMode	GAME.EXE|OPEN.EXE	modern	42	operator&	lhs	lhs	retain	Left operand of intersection for TMD primitive packet mode flags; lhs/rhs describe operator position, not a game-object role.	root
P00731	include/kf/tmd.h	42	operator&	1	1	0	KfTmdMode	GAME.EXE|OPEN.EXE	modern	42	operator&	rhs	rhs	retain	Right input operand of intersection for TMD primitive packet mode flags; lhs/rhs describe operator position, not a game-object role.	root
P00732	include/kf/tmd.h	42	operator&=	0	1	0	KfTmdMode	GAME.EXE|OPEN.EXE	modern	42	operator&=	lhs	lhs	retain	Left operand and mutable destination of intersection assignment for TMD primitive packet mode flags; lhs/rhs describe operator position, not a game-object role.	root
P00733	include/kf/tmd.h	42	operator&=	1	1	0	KfTmdMode	GAME.EXE|OPEN.EXE	modern	42	operator&=	rhs	rhs	retain	Right input operand of intersection assignment for TMD primitive packet mode flags; lhs/rhs describe operator position, not a game-object role.	root
P00734	include/kf/tmd.h	42	operator^	0	1	0	KfTmdMode	GAME.EXE|OPEN.EXE	modern	42	operator^	lhs	lhs	retain	Left operand of exclusive-or for TMD primitive packet mode flags; lhs/rhs describe operator position, not a game-object role.	root
P00735	include/kf/tmd.h	42	operator^	1	1	0	KfTmdMode	GAME.EXE|OPEN.EXE	modern	42	operator^	rhs	rhs	retain	Right input operand of exclusive-or for TMD primitive packet mode flags; lhs/rhs describe operator position, not a game-object role.	root
P00736	include/kf/tmd.h	42	operator^=	0	1	0	KfTmdMode	GAME.EXE|OPEN.EXE	modern	42	operator^=	lhs	lhs	retain	Left operand and mutable destination of exclusive-or assignment for TMD primitive packet mode flags; lhs/rhs describe operator position, not a game-object role.	root
P00737	include/kf/tmd.h	42	operator^=	1	1	0	KfTmdMode	GAME.EXE|OPEN.EXE	modern	42	operator^=	rhs	rhs	retain	Right input operand of exclusive-or assignment for TMD primitive packet mode flags; lhs/rhs describe operator position, not a game-object role.	root
P00738	include/kf/tmd.h	42	operator|	0	1	0	KfTmdMode	GAME.EXE|OPEN.EXE	modern	42	operator|	lhs	lhs	retain	Left operand of union for TMD primitive packet mode flags; lhs/rhs describe operator position, not a game-object role.	root
P00739	include/kf/tmd.h	42	operator|	1	1	0	KfTmdMode	GAME.EXE|OPEN.EXE	modern	42	operator|	rhs	rhs	retain	Right input operand of union for TMD primitive packet mode flags; lhs/rhs describe operator position, not a game-object role.	root
P00740	include/kf/tmd.h	42	operator|=	0	1	0	KfTmdMode	GAME.EXE|OPEN.EXE	modern	42	operator|=	lhs	lhs	retain	Left operand and mutable destination of union assignment for TMD primitive packet mode flags; lhs/rhs describe operator position, not a game-object role.	root
P00741	include/kf/tmd.h	42	operator|=	1	1	0	KfTmdMode	GAME.EXE|OPEN.EXE	modern	42	operator|=	rhs	rhs	retain	Right input operand of union assignment for TMD primitive packet mode flags; lhs/rhs describe operator position, not a game-object role.	root
P00742	include/kf/tmd.h	42	operator~	0	1	0	KfTmdMode	GAME.EXE|OPEN.EXE	modern	42	operator~	value	value	retain	Unary operand whose TMD primitive packet mode flags are complemented in the opted-in storage width.	root
P00747	include/kf/tmd.h	280	tmd_register	0	0	0	KfTmdSlot	GAME.EXE|OPEN.EXE	modern|retail	280	tmd_register	slot	slot	retain	Registry slot that receives and selects the supplied TMD asset; GAME render.c:450 and OPEN:203 store tmd into slots[encoded slot] and current_asset before preparing primitive indices.	graphics
P00748	include/kf/tmd.h	280	tmd_register	1	0	0	KfTmdHeader	GAME.EXE|OPEN.EXE	modern|retail	280	tmd_register	tmd	tmd	retain	Root header of the TMD asset installed into the registry; Both implementations publish this pointer as current_asset and then mutate its prepared primitive indices through the current asset.	graphics
P00749	include/kf/tmd.h	281	tmd_release_last_allocation	0	0	0	KfTmdSlot	GAME.EXE|OPEN.EXE	modern|retail	281	tmd_release_last_allocation	slot	slot	retain	Preserved slot-domain ABI argument ignored by the stack-allocation release body; GAME render.c:455-458 and OPEN:208-211 do not read slot; both unconditionally call memory_release_last without indexing or clearing TMD slots. Retain the API domain name while recording that the current bodies ignore it.	graphics
P00750	include/kf/tmd.h	282	tmd_select	0	0	0	KfTmdSlot	GAME.EXE|OPEN.EXE	modern|retail	282	tmd_select	slot	slot	retain	Registered TMD slot selected as the current asset; GAME render.c:291 and OPEN:41 load slots[encoded slot] into current_asset.	graphics
P00752	include/kf/tmd.h	284	tmd_set_current_vertices	0	0	0	KfPackedSVector	GAME.EXE|OPEN.EXE	modern|retail	284	tmd_set_current_vertices	vertices	vertices	retain	Pointer to the packed vertex sequence selected for subsequent TMD projection; GAME render.c:303 and OPEN:53 publish vertices into current_tmd_vertices; no copy, allocation or transformation occurs here.	graphics
P00753	src/game/actor.c	115	actor_set_player_transform	0	1	0	VECTOR	GAME.EXE	modern|retail	115	actor_set_player_transform	position	position_or_null	rename	NULL preserves the cached player position; match the optional-transform naming used by audio and rendering APIs.	root
P00754	src/game/actor.c	116	actor_set_player_transform	1	1	0	SVECTOR	GAME.EXE	modern|retail	116	actor_set_player_transform	rotation	rotation_or_null	rename	NULL independently preserves cached player rotation; distinguish from required spawn rotation.	root
P00755	src/game/actor.c	127	actor_update_cell_from_position	0	1	0	KfActor	GAME.EXE	modern|retail	127	actor_update_cell_from_position	actor	actor	retain	Actor position is divided into map-cell coordinates stored on that same actor.	root
P00756	src/game/actor.c	134	actor_set_position	0	1	0	KfActor	GAME.EXE	modern|retail	134	actor_set_position	actor	actor	retain	Target actor whose position and cell coordinates are updated together.	root
P00757	src/game/actor.c	134	actor_set_position	1	1	0	VECTOR	GAME.EXE	modern|retail	134	actor_set_position	position	position	retain	Required world position copied into actor coordinates and used to derive map cells.	root
P00758	src/game/actor.c	145	actor_set_rotation	0	1	0	KfActor	GAME.EXE	modern|retail	145	actor_set_rotation	actor	actor	retain	Target actor whose Euler components are assigned from the scalar inputs.	root
P00762	src/game/actor.c	156	actor_initialize	0	1	0	KfActor	GAME.EXE	modern|retail	156	actor_initialize	actor	actor	retain	Initializes lifecycle, animation, health, rotation and occupancy of this actor.	root
P00763	src/game/actor.c	177	actor_initialize_at_home	0	1	0	KfActor	GAME.EXE	modern|retail	177	actor_initialize_at_home	actor	actor	retain	Reads the actor's home placement and initializes that same actor at its derived world position.	root
P00765	src/game/actor.c	220	actor_set_action	0	1	0	KfActor	GAME.EXE	modern|retail	220	actor_set_action	actor	actor	retain	Target actor whose action and action-progress fields are updated.	root
P00766	src/game/actor.c	220	actor_set_action	1	1	0	KfActorAction	GAME.EXE	modern|retail	220	actor_set_action	action	action	retain	New action assigned directly to actor->action before initializing its progress.	root
P00768	src/game/actor.c	229	actor_pool_spawn	1	1	0	VECTOR	GAME.EXE	modern|retail	229	actor_pool_spawn	position	position	retain	Input world position assigned to the newly allocated actor.	root
P00769	src/game/actor.c	230	actor_pool_spawn	2	1	0	KfVec3s	GAME.EXE	modern|retail	230	actor_pool_spawn	rotation	rotation	retain	Three signed components are used as the spawned actor's Euler rotation despite the general KfVec3s storage type.	root
P00782	src/game/actor.c	303	actor_apply_damage	8	1	0	KfEffectType	GAME.EXE	modern|retail	303	actor_apply_damage	hit_flags	hit_flags	retain	Effect-type bits are masked to determine player damage credit; this is a hit-specific role of the shared flags.	root
P00783	src/game/actor.c	382	actor_pool_apply_radial_damage	0	1	0	VECTOR	GAME.EXE	modern|retail	382	actor_pool_apply_radial_damage	origin	origin	retain	World-space radial-damage center; unlike an actor placement position this is the center of a query volume.	root
P00793	src/game/actor.c	392	actor_pool_apply_radial_damage	10	1	0	KfEffectType	GAME.EXE	modern|retail	392	actor_pool_apply_radial_damage	hit_flags	hit_flags	retain	Forwards hit-credit flags unchanged to actor_apply_damage for every affected actor.	root
P00798	src/game/actor.c	489	actor_pool_find_target_in_cone	0	1	0	VECTOR	GAME.EXE	modern|retail	489	actor_pool_find_target_in_cone	origin	origin	retain	World-space origin for cone distance and bearing tests across actor candidates.	root
P00803	src/game/actor.c	537	actor_distance_to_point	0	1	0	KfActor	GAME.EXE	modern|retail	537	actor_distance_to_point	actor	actor	retain	The actor supplies one collision-volume endpoint for the point-distance test.	root
P00815	src/game/actor.c	617	actor_bind_current	0	1	0	KfActor	GAME.EXE	modern|retail	617	actor_bind_current	actor	actor	retain	Publishes this actor and its definition into the current actor context.	root
P00816	src/game/actor.c	629	actor_advance_animation_wrapped	0	1	0	KfActor	GAME.EXE	modern|retail	629	actor_advance_animation_wrapped	actor	actor	retain	The supplied actor owns the animation phase advanced with wrapping.	root
P00818	src/game/actor.c	640	actor_advance_animation_clamped	0	1	0	KfActor	GAME.EXE	modern|retail	640	actor_advance_animation_clamped	actor	actor	retain	The supplied actor owns the animation phase advanced and clamped by this helper.	root
P00820	src/game/actor.c	659	actor_animation_crossed_phase	0	1	0	KfActor	GAME.EXE	modern|retail	659	actor_animation_crossed_phase	actor	actor	retain	Reads this actor's current and prior animation phase to test a crossing.	root
P00822	src/game/actor.c	666	actor_play_sound_at_phase	0	1	0	SoundRef	GAME.EXE	modern|retail	666	actor_play_sound_at_phase	sound	sound	retain	SoundRef identifies the sound played when the actor crosses the requested animation phase.	root
P00824	src/game/actor.c	684	actor_try_select_action_distance_facing	0	1	0	KfActorAction	GAME.EXE	modern|retail	684	actor_try_select_action_distance_facing	action	action	retain	Candidate action returned only after distance, probability and facing checks.	root
P00828	src/game/actor.c	724	actor_try_select_ground_action	0	1	0	KfActorAction	GAME.EXE	modern|retail	724	actor_try_select_ground_action	action	action	retain	Candidate action accepted only after grounded state and selection checks.	root
P00831	src/game/actor.c	767	actor_try_select_facing_action	0	1	0	KfActorAction	GAME.EXE	modern|retail	767	actor_try_select_facing_action	action	action	retain	Candidate action tested against the current action and returned on the facing/probability path.	root
P00834	src/game/actor.c	796	actor_try_select_profiled_action	0	1	0	KfActorAction	GAME.EXE	modern|retail	796	actor_try_select_profiled_action	action	action	retain	Candidate action selected using the effect profile's distance weights.	root
P00836	src/game/actor.c	796	actor_try_select_profiled_action	2	1	0	KfActorEffectCode	GAME.EXE	modern|retail	796	actor_try_select_profiled_action	profile_index	effect_code	rename	The input still contains packed actor-effect bits and is masked before indexing actor_action_profiles; profile_index incorrectly suggests an already decoded index.	root
P00838	src/game/actor_behavior.c	111	actor_player_distance	0	1	0	KfActor	GAME.EXE	modern|retail	111	actor_player_distance	actor	actor	retain	The actor is the source of the bounded actor-to-player distance calculation.	root
P00841	src/game/actor_behavior.c	342	actor_move_xz_with_collision	0	1	0	KfVecXZs	GAME.EXE	modern|retail	342	actor_move_xz_with_collision	delta	delta	retain	XZ displacement is added to the current actor position to form the candidate movement target.	root
P00842	src/game/actor_behavior.c	342	actor_move_xz_with_collision	1	1	0	KfActorCollisionPolicy	GAME.EXE	modern|retail	342	actor_move_xz_with_collision	stop_on_collision	collision_policy	rename	Same steering/stop policy forwarded from actor_move_along_heading; preserve the shared parameter name across both functions.	root
P00843	src/game/actor_behavior.c	449	actor_move_along_heading	0	1	0	KfActorMoveDirection	GAME.EXE	modern|retail	449	actor_move_along_heading	direction	direction	retain	Signed forward/backward selection determines whether the computed heading vector is negated.	root
P00844	src/game/actor_behavior.c	449	actor_move_along_heading	1	1	0	KfActorCollisionPolicy	GAME.EXE	modern|retail	449	actor_move_along_heading	stop_on_collision	collision_policy	rename	Selects collision steering versus stopping; stop_on_collision sounds Boolean although the enum expresses alternative policies.	root
P00845	src/game/actor_behavior.c	478	actor_spawn_action_effect	0	1	0	KfActorEffectCode	GAME.EXE	modern|retail	478	actor_spawn_action_effect	effect_code	effect_code	retain	Packed kind plus paired-emission bit; caller's effect code is masked in place before constructing effects.	root
P00846	src/game/actor_behavior.c	478	actor_spawn_action_effect	1	1	0	KfActorEffectSlot	GAME.EXE	modern|retail	478	actor_spawn_action_effect	effect_slot	effect_slot	retain	Selects the actor definition's attachment-offset slot, distinct from the effect kind/code.	root
P00847	src/game/actor_behavior.c	666	actor_update_effect_action	0	1	0	KfActorEffectSlot	GAME.EXE	modern|retail	666	actor_update_effect_action	effect_slot	effect_slot	retain	Chooses the current definition's animation/effect parameter slot.	root
P00850	src/game/actor_pool.c	41	actor_pool_load_placements	0	1	0	KfActorPlacement	GAME.EXE	modern|retail	41	actor_pool_load_placements	placements	placements	retain	Walks the serialized actor-placement stream and expands records into runtime actors.	root
P00851	src/game/actor_pool.c	90	actor_definitions_load	0	1	0	KfActorDefinitionTable	GAME.EXE	modern|retail	90	actor_definitions_load	definitions	definitions	retain	Copies the complete source actor-definition table into the runtime owner.	root
P00855	src/game/asset_registry.c	29	asset_registry_set	1	1	0	KfAssetHeader	GAME.EXE	modern|retail	29	asset_registry_set	asset	asset	retain	Asset header pointer stored in the selected asset-registry entry.	root
P00861	src/game/audio.c	140	audio_play_spatial	0	1	0	SoundRef	GAME.EXE	modern|retail	140	audio_play_spatial	sound	sound	retain	Packed sound program/tone/note input; shared GAME and OPEN parameter meaning despite different panning policies.	root
P00862	src/game/audio.c	141	audio_play_spatial	1	1	0	VECTOR	GAME.EXE	modern|retail	141	audio_play_spatial	position	position	retain	World position of the sound emitter used to compute listener-relative distance and bearing in both images.	root
P00866	src/game/audio.c	206	audio_play_spatial_default_range	0	1	0	SoundRef	GAME.EXE	modern|retail	206	audio_play_spatial_default_range	sound	sound	retain	Forwards the sound selector unchanged while supplying default spatial distances.	root
P00867	src/game/audio.c	207	audio_play_spatial_default_range	1	1	0	VECTOR	GAME.EXE	modern|retail	207	audio_play_spatial_default_range	position	position	retain	Forwards the sound emitter position unchanged to spatial playback.	root
P00869	src/game/audio.c	216	audio_play_spatial_range	0	1	0	SoundRef	GAME.EXE	modern|retail	216	audio_play_spatial_range	sound	sound	retain	Forwards the sound selector unchanged through the range wrapper in both images.	root
P00870	src/game/audio.c	217	audio_play_spatial_range	1	1	0	VECTOR	GAME.EXE	modern|retail	217	audio_play_spatial_range	position	position	retain	Forwards the sound emitter world position through the range wrapper in both images.	root
P00874	src/game/audio.c	231	sound_ref_key_off_bank0	0	1	0	SoundRef	GAME.EXE	modern|retail	231	sound_ref_key_off_bank0	sound	sound	retain	SoundRef selects bank-zero tone/program for key-off in both images.	root
P00875	src/game/audio.c	239	audio_set_listener_transform	0	1	0	VECTOR	GAME.EXE	modern|retail	239	audio_set_listener_transform	position_or_null	position_or_null	retain	Independent optional listener-position update; NULL retains the previous listener position.	root
P00876	src/game/audio.c	240	audio_set_listener_transform	1	1	0	SVECTOR	GAME.EXE	modern|retail	240	audio_set_listener_transform	rotation_or_null	rotation_or_null	retain	Independent optional listener-rotation update; NULL retains the previous listener rotation.	root
P00877	src/game/audio.c	251	sound_ref_play	0	1	0	SoundRef	GAME.EXE	modern|retail	251	sound_ref_play	sound	sound	retain	SoundRef supplies the sound identity played with the explicit volume in both images.	root
P00887	src/game/camera_path.c	14	camera_path_compute_segment	0	1	0	KfCameraPathState	GAME.EXE	modern|retail	14	camera_path_compute_segment	path	path	retain	Mutable playback state updated with the next segment's deltas and remaining frames.	root
P00888	src/game/camera_path.c	47	camera_path_begin	0	1	0	KfCameraPathState	GAME.EXE	modern|retail	47	camera_path_begin	path	path	retain	Destination playback state initialized from the current player camera and supplied point sequence.	root
P00889	src/game/camera_path.c	47	camera_path_begin	1	1	0	KfCameraPathPoint	GAME.EXE	modern|retail	47	camera_path_begin	points	points	retain	Read-only path-point sequence assigned to path->points, distinct from mutable path state.	root
P00890	src/game/camera_path.c	58	camera_path_step	0	1	0	KfCameraPathState	GAME.EXE	modern|retail	58	camera_path_step	path	path	retain	Mutable playback state advanced through segment completion and pose updates.	root
P00907	src/game/collision_grid.c	40	map_floor_height_at_position	0	1	0	VECTOR	GAME.EXE	modern|retail	40	map_floor_height_at_position	position	position	retain	World-space input position selects the floor-height query location.	root
P00923	src/game/effect_map_collision.c	23	effect_collision_in_cell	0	1	0	VECTOR	GAME.EXE	modern|retail	23	effect_collision_in_cell	position	position	retain	Effect probe world position tested against the selected cell's shape and height.	root
P00928	src/game/effect_map_collision.c	24	effect_collision_in_cell	5	1	0	KfEffectRecord	GAME.EXE	modern|retail	24	effect_collision_in_cell	effect	effect	retain	Current effect supplies the collision-record state for the cell probe.	root
P00929	src/game/effect_map_collision.c	160	effect_map_collision	0	1	0	VECTOR	GAME.EXE	modern|retail	160	effect_map_collision	position	position	retain	Probe world position used to select nearby map cells for effect collision.	root
P00932	src/game/effect_pool.c	42	effect_pool_construct	1	1	0	KfEffectType	GAME.EXE	modern|retail	42	effect_pool_construct	type	type	retain	The constructor copies the combined target/class/free-state flags directly into record->type; all typed overloads agree.	root
P00933	src/game/effect_pool.c	42	effect_pool_construct	2	1	0	KfEffectKind	GAME.EXE	modern|retail	42	effect_pool_construct	kind	kind	retain	Behavioral effect identity is copied into record->kind and selects construction dispatch; distinct from type flags.	root
P00934	src/game/effect_pool.c	42	effect_pool_construct	3	1	0	VECTOR	GAME.EXE	modern|retail	42	effect_pool_construct	position	position	retain	Required initial world position copied into every constructed effect record.	root
P00935	src/game/effect_pool.c	43	effect_pool_construct	4	1	0	SVECTOR	GAME.EXE	modern|retail	43	effect_pool_construct	direction	direction	retain	Required direction storage copied into the effect record; concrete use depends on the selected kind, so do not rename universally to velocity or rotation.	root
P00942	src/game/effect_pool.c	403	effect_pool_set_current	0	1	0	KfEffectRecord	GAME.EXE	modern|retail	403	effect_pool_set_current	record	effect	rename	Publishes the effect as current_effect and selects its magic record; cross-type review found no distinct semantic role justifying record instead of the effect name used by effect queries.	root
P00943	src/game/effect_update.c	39	effect_magic_power	0	1	0	KfEffectRecord	GAME.EXE	modern|retail	39	effect_magic_power	effect	effect	retain	Effect record supplies kind/type and power context for the magic-power calculation.	root
P00944	src/game/effect_update.c	48	effect_projectile_update_3d	0	1	0	SVECTOR	GAME.EXE	modern|retail	48	effect_projectile_update_3d	probe_offset	probe_offset	retain	Relative probe offset transformed into the projectile collision position.	root
P00945	src/game/effect_update.c	48	effect_projectile_update_3d	1	1	0	KfEffectPhase	GAME.EXE	modern|retail	48	effect_projectile_update_3d	phase_limit	phase_limit	retain	Terminal effect phase checked by the three-dimensional projectile update; same role as the 2D helper.	root
P00947	src/game/effect_update.c	117	effect_projectile_update_2d	1	1	0	KfEffectPhase	GAME.EXE	modern|retail	117	effect_projectile_update_2d	phase_limit	phase_limit	retain	Terminal effect phase checked by the two-dimensional projectile update.	root
P00951	src/game/effect_update.c	214	effect_scatter_triple	0	1	0	KfEffectDirectionWords	GAME.EXE	modern|retail	214	effect_scatter_triple	values	velocity	rename	Kind-10 scatter perturbs the three world-units-per-update components; caller passes local scatter velocity or effect direction storage in that velocity role.	root
P00952	src/game/effect_update.c	234	effect_rotate_scale_offset_y	0	1	0	SVECTOR	GAME.EXE	modern|retail	234	effect_rotate_scale_offset_y	offset	offset	retain	Input relative XZ offset, scaled and rotated around Y; its Y component is deliberately ignored.	root
P00953	src/game/effect_update.c	234	effect_rotate_scale_offset_y	1	1	0	VECTOR	GAME.EXE	modern|retail	234	effect_rotate_scale_offset_y	out	output	rename	ApplyMatrix writes the transformed VECTOR here; use the same output name as the other vector/matrix output helpers.	root
P00957	src/game/effect_update.c	250	effect_spawn_ground_trail	1	1	0	KfEffectRecord	GAME.EXE	modern|retail	250	effect_spawn_ground_trail	record	parent_effect	rename	The source effect supplies the trail pose/type and its pool index becomes the child's explicit parent index.	root
P00961	src/game/effect_update.c	265	effect_spawn_ground_branch	1	1	0	KfEffectRecord	GAME.EXE	modern|retail	265	effect_spawn_ground_branch	record	parent_effect	rename	The source effect supplies position, direction and type for its spawned ground branch.	root
P00963	src/game/effect_update.c	265	effect_spawn_ground_branch	3	1	0	KfEffectGroundBranchRole	GAME.EXE	modern|retail	265	effect_spawn_ground_branch	branch_role	branch_role	retain	Distinguishes the ground-branch emission role passed in the constructor's extra arguments.	root
P00964	src/game/entity_model_render.c	23	render_actor	0	1	0	KfActor	GAME.EXE	modern|retail	23	render_actor	actor	actor	retain	Actor instance whose pose, definition and animation cache drive drawing; GAME entity_model_render.c:37-56 reads actor pose/definition and passes actor.animation_cache,animation_id,animation_phase to cache binding.	graphics
P00965	src/game/entity_model_render.c	74	render_map_object	0	1	0	KfMapObject	GAME.EXE	modern|retail	74	render_map_object	object	object	retain	Map-object instance whose pose and definition behavior select model/depth; GAME entity_model_render.c:87-116 reads object position/rotation/object_id and definition behavior for lift/hinged depth bias.	graphics
P00966	src/game/entity_render.c	64	render_floor_item	0	1	0	KfFloorItem	GAME.EXE	modern|retail	64	render_floor_item	item	item	retain	Floor-item instance supplying world position, facing and animation state; Both image bodies read position/facing, select a floor-sprite frame, enqueue it, then call floor_item_advance_frame(item).	graphics
P00967	src/game/entity_render.c	106	render_actor_sprite	0	1	0	KfEffectRecord	GAME.EXE	modern|retail	106	render_actor_sprite	sprite	sprite	retain	Renderable effect instance, with billboard or animated-model representation; GAME entity_render.c:115-148 reads this effect's transform/render IDs; NONE animation selects billboard while a clip selects model vertices. sprite is a visual role, not a KfSpriteQuad identity claim.	graphics
P00968	src/game/equipment.c	12	weapon_records_load_and_mirror_angles	0	1	0	KfWeaponTable	GAME.EXE	modern|retail	12	weapon_records_load_and_mirror_angles	source	source	retain	Serialized weapon table copied before runtime-only angle mirroring; agrees with armor source direction.	root
P00969	src/game/equipment.c	32	armor_records_load	0	1	0	KfArmorTable	GAME.EXE	modern|retail	32	armor_records_load	source	source	retain	Serialized armor table copied into the runtime armor-record array.	root
P00972	src/game/geometry_render.c	154	render_hud_gauges	0	1	0	KfHudSprite	GAME.EXE	modern|retail	154	render_hud_gauges	table	table	retain	Start of the HUD sprite table, not one gauge record; GAME geometry_render.c:158-167 walks entries until END and draws only VISIBLE rows; table distinguishes collection from entry pointer.	graphics
P00973	src/game/geometry_render.c	198	notify_enqueue	0	1	0	KfNotificationId	GAME.EXE	modern|retail	198	notify_enqueue	message_id	message_id	retain	Identifies the notification message queued for later drawing.	root
P00974	src/game/geometry_render.c	220	notification_digit_set_v	0	1	0	KfSpriteQuad	GAME.EXE	modern|retail	220	notification_digit_set_v	sprite	sprite	retain	Mutable sprite descriptor whose texture V selects a digit row; GAME geometry_render.c:222 stores digit*NOTIFICATION_DIGIT_ROW_HEIGHT into sprite.v only; geometry/other UV fields are not changed.	graphics
P00976	src/game/item.c	14	item_menu_buy	0	0	0	KfItemStockBank	GAME.EXE	modern|retail	14	item_menu_buy	shop_id	shop_bank	rename	Shop bank selecting stock and buying price column; item.c:239 indexes item_stock[shop_id]; :309 and :330 subtract FIRST_SHOP for price-table column.	menu
P00977	src/game/item.c	15	item_menu_sell	0	0	0	KfItemStockBank	GAME.EXE	modern|retail	15	item_menu_sell	shop_id	shop_bank	rename	Trading shop bank selecting selling price column; item.c:358 reads player quantities independently; :440 uses shop_id minus FIRST_SHOP as sell-price column.	menu
P00978	src/game/item.c	49	item_load_floor_placements	0	1	0	KfFloorItemPlacement	GAME.EXE	modern|retail	49	item_load_floor_placements	placements	placements	retain	Sentinel-terminated serialized placement sequence; item.c:56 scans until FLOOR_ITEM_END and :65-83 expands each record into runtime floor_items; plural distinguishes sequence from one runtime item.	menu
P00979	src/game/item.c	137	item_menu_root	0	1	0	KfItemStockBank	GAME.EXE	modern|retail	137	item_menu_root	shop_id	shop_bank	rename	Shop stock bank forwarded to buy and sell panels; item.c:170,173 forwards bank to item_menu_buy/sell; menu_enter_mode.c:50 receives shop bank from map_scripts.c:524 character-to-bank conversion.	menu
P00980	src/game/item.c	220	item_menu_buy	0	1	0	KfItemStockBank	GAME.EXE	modern|retail	220	item_menu_buy	shop_id	shop_bank	rename	Shop bank selecting stock and buying price column; item.c:239 indexes item_stock[shop_id]; :309 and :330 subtract FIRST_SHOP for price-table column.	menu
P00981	src/game/item.c	341	item_menu_sell	0	1	0	KfItemStockBank	GAME.EXE	modern|retail	341	item_menu_sell	shop_id	shop_bank	rename	Trading shop bank selecting selling price column; item.c:358 reads player quantities independently; :440 uses shop_id minus FIRST_SHOP as sell-price column.	menu
P00982	src/game/item.c	449	item_pickup_confirm	0	1	0	KfObjectId	GAME.EXE	modern|retail	449	item_pickup_confirm	item_id	item_id	retain	Inventory object offered for pickup; item.c:460 indexes player stock by item_id then loads model and name; menu_enter_mode pickup branch forwards picked object ID.	menu
P00983	src/game/lighting.c	13	lighting_transition_color_matrix	0	1	0	MATRIX	GAME.EXE	modern|retail	13	lighting_transition_color_matrix	from	from	retain	Persistent starting color matrix for the complete multi-frame blend; GAME lighting.c:18 passes from,to through increasing blend values and calls render_frame(NULL,NULL) each step.	graphics
P00984	src/game/lighting.c	13	lighting_transition_color_matrix	1	1	0	MATRIX	GAME.EXE	modern|retail	13	lighting_transition_color_matrix	to	to	retain	Persistent destination color matrix for the complete multi-frame blend; GAME lighting.c:18-22 advances Q12 blend through unity; caller-provided endpoint stays fixed across frames.	graphics
P00988	src/game/lighting.c	26	color_matrix_set_rgb	3	1	0	MATRIX	GAME.EXE	modern|retail	26	color_matrix_set_rgb	matrix	matrix	retain	Color-matrix destination whose three rows receive RGB values; GAME lighting.c:28-36 stores red/green/blue across m[0]/m[1]/m[2]; translation fields are untouched.	graphics
P00989	src/game/lighting_presets.c	10	lighting_blend_current_color	0	1	0	MATRIX	GAME.EXE	modern|retail	10	lighting_blend_current_color	target	target	retain	Requested color-matrix endpoint when source is implicit current GTE state; GAME lighting_presets.c:14-15 ReadColorMatrix captures current then passes current,target,amount to the interpolating setter.	graphics
P00991	src/game/magic.c	34	magic_load_records	0	1	0	KfMagicTable	GAME.EXE	modern|retail	34	magic_load_records	table	table	retain	Whole serialized magic table is copied into magic_records; table distinguishes the aggregate from individual spell records.	root
P00996	src/game/main.c	21	main	1	1	0	KfOverlayArguments	GAME.EXE	modern|retail	21	main	entry_args	entry_args	retain	Overlay entry argument block transported by PSX loader; both GAME and OPEN read their startup fields from it.	root
P00997	src/game/map_event.c	10	map_event_set_current	0	1	0	KfMapEvent	GAME.EXE	modern|retail	10	map_event_set_current	event	event	retain	Event instance published as the current event context.	root
P00998	src/game/map_event.c	16	map_event_refresh_dialogue_stage	0	1	0	KfMapEvent	GAME.EXE	modern|retail	16	map_event_refresh_dialogue_stage	event	event	retain	Event dialogue stage and page are updated from player progress and the event stage limit.	root
P00999	src/game/map_event.c	34	map_event_advance_animation_blocking	0	1	0	KfMapEvent	GAME.EXE	modern|retail	34	map_event_advance_animation_blocking	event	event	retain	Mutable event whose animation phase advances to the target while frames are rendered.	root
P01002	src/game/map_event.c	46	map_event_pool_load	0	1	0	KfMapEventDefinition	GAME.EXE	modern|retail	46	map_event_pool_load	definitions	definitions	retain	Serialized definition stream expands into runtime event instances; source and instance roles differ.	root
P01003	src/game/map_event.c	98	map_event_distance_to_point	0	1	0	KfMapEvent	GAME.EXE	modern|retail	98	map_event_distance_to_point	event	event	retain	Event reference position supplies one endpoint of the bounded distance calculation.	root
P01007	src/game/map_event.c	121	map_event_pool_find_target_in_cone	0	1	0	VECTOR	GAME.EXE	modern|retail	121	map_event_pool_find_target_in_cone	origin	origin	retain	World-space center of the cone query across map events; agrees with actor cone and radial queries.	root
P01015	src/game/map_event_render.c	21	render_map_event	0	1	0	KfMapEvent	GAME.EXE	modern|retail	21	render_map_event	event	event	retain	Map-event instance with reference transform, model and animation cache; GAME map_event_render.c:33-46 reads event.reference_position,rotation,model_index and animation fields before enqueueing model zero.	graphics
P01020	src/game/map_object.c	118	map_object_start_action_if_idle	0	1	0	KfMapObject	GAME.EXE	modern|retail	118	map_object_start_action_if_idle	object	object	retain	Mutable target object whose idle action and progress are initialized.	root
P01021	src/game/map_object.c	118	map_object_start_action_if_idle	1	1	0	KfMapObjectOperation	GAME.EXE	modern|retail	118	map_object_start_action_if_idle	action	action	retain	Operation assigned specifically to object->action; behavior_type elsewhere is a valid different role of the same operation domain.	root
P01025	src/game/map_object.c	156	map_object_spawn_effect	0	1	0	KfMapObjectDropSource	GAME.EXE	modern|retail	156	map_object_spawn_effect	kind	drop_source	rename	Selects placement-drop versus definition-drop pool; this is provenance rather than effect behavior kind.	root
P01026	src/game/map_object.c	156	map_object_spawn_effect	1	1	0	KfObjectId	GAME.EXE	modern|retail	156	map_object_spawn_effect	object_id	object_id	retain	Object identity installed in the acquired map-object instance and used to choose drop animation.	root
P01027	src/game/map_object.c	156	map_object_spawn_effect	2	1	0	VECTOR	GAME.EXE	modern|retail	156	map_object_spawn_effect	position	position	retain	Input world position copied into spawned object with the explicit Y offset.	root
P01030	src/game/map_object.c	193	map_object_spawn_actor_debris	1	1	0	VECTOR	GAME.EXE	modern|retail	193	map_object_spawn_actor_debris	position	position	retain	World-space center from which dropped actor gold is scattered.	root
P01034	src/game/map_object_pool.c	37	map_apply_copy_region	0	1	0	KfMapCopyRegionId	GAME.EXE	modern|retail	37	map_apply_copy_region	region_id	region_id	retain	Selects a predefined map-copy region before copying its cell data; identity is distinct from a map variant.	root
P01035	src/game/map_object_pool.c	76	map_object_mark_collision_edge	0	1	0	KfMapObject	GAME.EXE	modern|retail	76	map_object_mark_collision_edge	object	object	retain	Object pose and definition select the occupied edge cells to update.	root
P01036	src/game/map_object_pool.c	76	map_object_mark_collision_edge	1	1	0	KfMapCellKind	GAME.EXE	modern|retail	76	map_object_mark_collision_edge	value	cell_kind	rename	Value stored into collision-grid cells is a map-cell kind; generic value conceals the encoded domain.	root
P01038	src/game/map_object_pool.c	129	map_object_probe_forward	0	1	0	KfMapObject	GAME.EXE	modern|retail	129	map_object_probe_forward	object	object	retain	Object position and definition select the forward collision probe.	root
P01040	src/game/map_object_pool.c	189	map_object_definitions_load	0	1	0	KfMapObjectDefinitionTable	GAME.EXE	modern|retail	189	map_object_definitions_load	definitions	definitions	retain	Complete map-object definition table copied into its runtime owner; matches actor definitions loader.	root
P01041	src/game/map_object_pool.c	207	map_object_pool_load	0	1	0	KfMapObjectPlacement	GAME.EXE	modern|retail	207	map_object_pool_load	placements	placements	retain	Serialized placement stream expanded into runtime map objects until its terminator.	root
P01042	src/game/map_object_pool.c	319	map_object_distance_to_point	0	1	0	KfMapObject	GAME.EXE	modern|retail	319	map_object_distance_to_point	object	object	retain	Object instance supplies its position for bounded point distance.	root
P01051	src/game/map_scripts.c	398	map_event_interact	0	1	0	KfMapEvent	GAME.EXE	modern|retail	398	map_event_interact	event	event	retain	Interacted map event supplies character, behavior and dialogue state for dispatch.	root
P01052	src/game/map_scripts.c	466	map_show_screen_image	0	1	0	KfMapImageGroup	GAME.EXE	modern|retail	466	map_show_screen_image	group	group	retain	Selects the screen-image resource group, with image number passed separately.	root
P01054	src/game/map_scripts.c	478	map_interaction_dispatch	0	1	0	VECTOR	GAME.EXE	modern|retail	478	map_interaction_dispatch	position	position	retain	Player interaction world position centers actor/event/object searches.	root
P01055	src/game/map_scripts.c	478	map_interaction_dispatch	1	1	0	SVECTOR	GAME.EXE	modern|retail	478	map_interaction_dispatch	rotation	rotation	retain	Player view rotation supplies the facing angle for interaction cone searches.	root
P01064	src/game/matrix_rotation.c	63	angle_to_forward_xz	1	1	0	KfVecXZs	GAME.EXE	modern|retail	63	angle_to_forward_xz	direction	direction	retain	Output signed XZ forward direction derived from the supplied angle.	root
P01066	src/game/matrix_rotation.c	70	matrix_set_rotation_x	1	1	0	MATRIX	GAME.EXE	modern|retail	70	matrix_set_rotation_x	matrix	matrix	retain	Matrix whose rotation coefficients are replaced with an X-axis rotation; GAME matrix_rotation.c:75-83 and OPEN:16-24 write m[3][3] only; SDK MATRIX translation survives.	graphics
P01068	src/game/matrix_rotation.c	87	matrix_set_rotation_y	1	1	0	MATRIX	GAME.EXE	modern|retail	87	matrix_set_rotation_y	matrix	matrix	retain	Matrix whose rotation coefficients are replaced with a Y-axis rotation; GAME matrix_rotation.c:92-100 and OPEN:33-41 write cosine/sine XZ entries and identity Y; translation survives.	graphics
P01070	src/game/matrix_rotation.c	104	matrix_set_rotation_z	1	1	0	MATRIX	GAME.EXE	modern|retail	104	matrix_set_rotation_z	matrix	matrix	retain	Matrix whose rotation coefficients are replaced with a Z-axis rotation; GAME matrix_rotation.c:109-117 and OPEN:50-58 write XY cosine/sine and identity Z; translation survives.	graphics
P01071	src/game/matrix_rotation.c	121	matrix_set_rotation_yxz	0	1	0	KfEulerAngles	GAME.EXE	modern|retail	121	matrix_set_rotation_yxz	angles	angles	retain	Input Euler XYZ angle triplet composed in YXZ order; Both image implementations read angles.z/x/y into Z/X/Y rotation constructors and multiply the temporary matrices.	graphics
P01072	src/game/matrix_rotation.c	121	matrix_set_rotation_yxz	1	1	0	MATRIX	GAME.EXE	modern|retail	121	matrix_set_rotation_yxz	matrix	matrix	retain	Destination rotation matrix composed through SDK matrix operations; Both image implementations build X into matrix then multiply Z and Y temporaries through MulMatrix/MulMatrix2.	graphics
P01073	src/game/matrix_rotation.c	137	pitch_yaw_to_forward_vector	0	1	0	KfEulerAngles	GAME.EXE	modern|retail	137	pitch_yaw_to_forward_vector	angles	angles	retain	Input Euler pitch and yaw derive the forward vector; roll storage is not used by this operation.	root
P01074	src/game/matrix_rotation.c	137	pitch_yaw_to_forward_vector	1	1	0	SVECTOR	GAME.EXE	modern|retail	137	pitch_yaw_to_forward_vector	direction	direction	retain	Output forward direction, distinct from an input rotation despite identical SDK vector layout.	root
P01076	src/game/matrix_rotation.c	155	vector2s_scale_shift11	1	1	0	KfVecXZs	GAME.EXE	modern|retail	155	vector2s_scale_shift11	vector	vector	retain	XZ vector scaled in place; neither separate source nor output pointer exists.	root
P01078	src/game/matrix_rotation.c	165	vector3s_scale_shift12	1	1	0	SVECTOR	GAME.EXE	modern|retail	165	vector3s_scale_shift12	vector	vector	retain	Three-component signed vector scaled in place in GAME and OPEN.	root
P01083	src/game/matrix_rotation.c	198	vector3i_add_xz	0	1	0	VECTOR	GAME.EXE	modern|retail	198	vector3i_add_xz	destination	destination	retain	Vector receives an XZ delta in place; align header with definition and distinguish delta input.	root
P01084	src/game/matrix_rotation.c	198	vector3i_add_xz	1	1	0	KfVecXZs	GAME.EXE	modern|retail	198	vector3i_add_xz	delta	delta	retain	XZ displacement added to destination X/Z; no Y component is applied.	root
P01095	src/game/memory.c	51	memory_set_allocation_mode	0	1	0	KfMemoryAllocationMode	GAME.EXE|OPEN.EXE	modern|retail	51	memory_set_allocation_mode	mode	allocation_mode	rename	Selects arena creation, rebasing or heap allocation policy; not a Boolean switch.	root
P01097	src/game/menu_enter_mode.c	22	menu_enter_mode	0	1	0	KfMenuMode	GAME.EXE	modern|retail	22	menu_enter_mode	mode	menu_mode	rename	Menu dispatch mode and vararg contract; menu_enter_mode.c:29 switches ROOT/PICKUP/SHOP; va_start uses mode; all public overload declarations represent same dispatcher.	menu
P01098	src/game/menu_map_viewer.c	27	menu_map_viewer	0	1	0	KfObjectId	GAME.EXE	modern|retail	27	menu_map_viewer	item_code	item_id	rename	Map item ID choosing map-artwork set; menu_map_viewer.c:37 compares KF_ITEM_WATCHMAN_MAP; menu.c:268 passes selected inventory code, same item ID domain as other menu APIs.	menu
P01099	src/game/menu_runtime.c	28	menu_preview_light_source	0	1	0	MATRIX	GAME.EXE	modern|retail	28	menu_preview_light_source	light	light_source	rename	Output light-source direction matrix; menu_runtime.c:30-38 initializes directional-light matrix; preview callers pass lsrc or light_source then SetLightMatrix; translation fields intentionally untouched.	menu
P01102	src/game/menu_runtime.c	58	menu_status_draw_backdrop_quad	2	1	0	KfBoolStorage	GAME.EXE	modern|retail	58	menu_status_draw_backdrop_quad	flip_x	flip_x	retain	Horizontal texture reflection flag; menu_runtime.c:70,77 adjusts U origin and UV width sign; same bool type as flip_y but distinct axis.	menu
P01103	src/game/menu_runtime.c	58	menu_status_draw_backdrop_quad	3	1	0	KfBoolStorage	GAME.EXE	modern|retail	58	menu_status_draw_backdrop_quad	flip_y	flip_y	retain	Vertical texture reflection flag; menu_runtime.c:73,78 adjusts V origin and UV height sign; distinct axis from flip_x.	menu
P01105	src/game/menu_runtime.c	605	menu_config_panel_draw	0	0	0	MenuGlyphString	GAME.EXE	modern|retail	605	menu_config_panel_draw	option_a	on_label	rename	Positioned ON label copied and advanced per row; menu_runtime.c:631 caller positions at CONFIG_OPTION_ON_X; :733 callee highlights option_a when state ON; by-value mutation preserves caller origin.	menu
P01106	src/game/menu_runtime.c	605	menu_config_panel_draw	1	0	0	MenuGlyphString	GAME.EXE	modern|retail	605	menu_config_panel_draw	option_b	off_label	rename	Positioned OFF label copied and advanced per row; menu_runtime.c:636 caller positions at CONFIG_OPTION_OFF_X; :738 callee highlights b for non-ON; same struct has deliberately different semantic role.	menu
P01107	src/game/menu_runtime.c	605	menu_config_panel_draw	2	0	0	KfPlayerOption	GAME.EXE	modern|retail	605	menu_config_panel_draw	values	option_states	rename	Array of four working config option states; menu_runtime.c:731 states=values; :732 loop consumes four flags; caller supplies effects/music/gauges/compass states in row order.	menu
P01108	src/game/menu_runtime.c	725	menu_config_panel_draw	0	1	0	MenuGlyphString	GAME.EXE	modern|retail	725	menu_config_panel_draw	option_a	on_label	rename	Positioned ON label copied and advanced per row; menu_runtime.c:631 caller positions at CONFIG_OPTION_ON_X; :733 callee highlights option_a when state ON; by-value mutation preserves caller origin.	menu
P01109	src/game/menu_runtime.c	725	menu_config_panel_draw	1	1	0	MenuGlyphString	GAME.EXE	modern|retail	725	menu_config_panel_draw	option_b	off_label	rename	Positioned OFF label copied and advanced per row; menu_runtime.c:636 caller positions at CONFIG_OPTION_OFF_X; :738 callee highlights b for non-ON; same struct has deliberately different semantic role.	menu
P01110	src/game/menu_runtime.c	725	menu_config_panel_draw	2	1	0	KfPlayerOption	GAME.EXE	modern|retail	725	menu_config_panel_draw	values	option_states	rename	Array of four working config option states; menu_runtime.c:731 states=values; :732 loop consumes four flags; caller supplies effects/music/gauges/compass states in row order.	menu
P01111	src/game/menu_runtime.c	1329	menu_item_model_preview	0	1	0	KfObjectId	GAME.EXE	modern|retail	1329	menu_item_model_preview	item_id	item_id	retain	Inventory item selected for model/name preview; menu_runtime.c:1329 gates object-none sentinel and draws item name; equipment/use/drop callers pass inventory object code.	menu
P01112	src/game/menu_runtime.c	1404	menu_draw_item_detail	0	1	0	KfObjectId	GAME.EXE	modern|retail	1404	menu_draw_item_detail	item_id	item_id	retain	Inventory item whose model/name/price are drawn; menu_runtime.c:1427-1456 uses item ID for name and price-row indexing; buy/sell callers pass selected inventory code.	menu
P01113	src/game/menu_runtime.c	1404	menu_draw_item_detail	1	1	0	KfItemStockBank	GAME.EXE	modern|retail	1404	menu_draw_item_detail	shop_id	shop_bank	rename	Shop bank encoding mapped to price column; menu_runtime.c:1453,1456 subtract FIRST_SHOP; matches item_menu_buy/sell bank domain even though this renderer does not itself index stock.	menu
P01114	src/game/menu_runtime.c	1404	menu_draw_item_detail	2	1	0	KfTradeMode	GAME.EXE	modern|retail	1404	menu_draw_item_detail	price_mode	price_mode	retain	Buy versus sell price selection; menu_runtime.c:1451 branches BUY to item_buy_prices else item_sell_prices; role is price selection, not trade execution.	menu
P01115	src/game/menu_runtime.c	1524	menu_draw_dialog_frame	0	1	0	KfSaveSlotSummary	GAME.EXE	modern|retail	1524	menu_draw_dialog_frame	rows	summaries	rename	Optional array of save-slot summaries; menu_runtime.c:1524 definition rows disagrees with game_menu.h summaries; loop reads rows[i].experience/current_floor/HP/MP; save/load callers pass summaries arrays.	menu
P01116	src/game/menu_runtime.c	1524	menu_draw_dialog_frame	1	1	0	KfSaveSlotOverlay	GAME.EXE	modern|retail	1524	menu_draw_dialog_frame	overlay	slot_overlay	rename	Save-slot background omission selector; menu_runtime.c:1531-1557 chooses which save-slot quads to enqueue; explicit slot scope distinguishes this from program overlay mode.	menu
P01117	src/game/menu_runtime.c	1625	menu_list_interact	0	1	0	KfMenuList	GAME.EXE	modern|retail	1625	menu_list_interact	list	list	retain	List displayed beneath confirmation prompt; menu_runtime.c:1693,1708,1743 passes untouched state to menu_list_render; const view legitimately differs from mutable init/navigation.	menu
P01118	src/game/menu_runtime.c	1625	menu_list_interact	1	1	0	KfMenuConfirmKind	GAME.EXE	modern|retail	1625	menu_list_interact	kind	confirm_kind	rename	Action selecting accept and decline text; menu_runtime.c:1649-1678 branches USE/DROP/YES_NO/BUY/SELL to glyph strings; differs from KfMenuWindowKind layout selector.	menu
P01119	src/game/menu_runtime.c	1625	menu_list_interact	2	1	0	KfMenuPreviewMode	GAME.EXE	modern|retail	1625	menu_list_interact	preview_mode	preview_mode	retain	Preview renderer selection; menu_runtime.c:1685 selects model/detail/magic-icon branch; enum and role align.	menu
P01121	src/game/menu_runtime.c	1626	menu_list_interact	4	1	0	KfItemStockBank	GAME.EXE	modern|retail	1626	menu_list_interact	shop_id	shop_bank	rename	Optional shop bank consumed by item-detail preview; menu_runtime.c:1688 forwards to menu_draw_item_detail; item preview callers pass PLAYER placeholder where bank is unused, so document optional role rather than imply always valid shop.	menu
P01122	src/game/menu_runtime.c	1626	menu_list_interact	5	1	0	KfTradeMode	GAME.EXE	modern|retail	1626	menu_list_interact	price_mode	price_mode	retain	Optional buy/sell price selection for detail preview; menu_runtime.c:1688 forwards only in ITEM_DETAIL branch; other preview modes ignore it, matching draw_item_detail price-specific role.	menu
P01123	src/game/menu_runtime.c	1763	menu_two_option_prompt	0	1	0	KfMenuWindowKind	GAME.EXE	modern|retail	1763	menu_two_option_prompt	kind	window_kind	rename	Background window layout selector; menu_runtime.c:1778 compares SAVE/LOAD then forwards to menu_draw_window; same layout domain as draw/init, not footer confirm-kind.	menu
P01126	src/game/menu_runtime.c	1764	menu_two_option_prompt	3	1	0	KfSaveSlotSummary	GAME.EXE	modern|retail	1764	menu_two_option_prompt	summaries	summaries	retain	Optional save-slot summaries for dialog frame; menu_runtime.c:1798,1827 forwards unchanged into menu_draw_dialog_frame; save/load callers provide catalog and non-save callers NULL.	menu
P01127	src/game/menu_runtime.c	1841	menu_draw_window	0	1	0	KfMenuWindowKind	GAME.EXE	modern|retail	1841	menu_draw_window	kind	window_kind	rename	Window layout-bank selector; menu_runtime.c:1846 indexes menu_window_layouts[kind] and excludes CONFIG backdrop; distinguish from confirmation-text kind.	menu
P01130	src/game/menu_runtime.c	1841	menu_draw_window	3	1	0	KfMenuConfirmState	GAME.EXE	modern|retail	1841	menu_draw_window	confirmation	confirmation	retain	Whether selected row uses confirmed background; menu_runtime.c:1857 requires REQUESTED to use row_confirmed_background; selected row remains separate integer highlight parameter.	menu
P01131	src/game/menu_runtime.c	1900	menu_list_render	0	1	0	KfMenuList	GAME.EXE	modern|retail	1900	menu_list_render	list	list	retain	Scrollable list read for rendering; menu_runtime.c:1913 reads glyph_rows/quantities then geometry/cursor; same list object as init/navigation but const consumer.	menu
P01132	src/game/menu_runtime.c	2010	menu_draw_two_option	0	1	0	MenuGlyphString	GAME.EXE	modern|retail	2010	menu_draw_two_option	option0	accept_label	rename	Accept-action label; menu_runtime.c:2014 maps KF_MENU_CHOICE_ACCEPT to option0; item_pickup_confirm passes accept_label; prompt passes yes label and list-interact action label.	menu
P01133	src/game/menu_runtime.c	2010	menu_draw_two_option	1	1	0	MenuGlyphString	GAME.EXE	modern|retail	2010	menu_draw_two_option	option1	decline_label	rename	Decline-action label; menu_runtime.c:2017 maps non-accept selection to option1; pickup passes decline_label; prompt/list pass no or cancel label.	menu
P01134	src/game/menu_runtime.c	2011	menu_draw_two_option	2	1	0	KfMenuConfirmChoice	GAME.EXE	modern|retail	2011	menu_draw_two_option	selected	selected_choice	rename	Currently selected accept/decline choice; menu_runtime.c:2013 chooses cursor location using ACCEPT; explicit selected role differs from helper choice that merely converts a supplied choice.	menu
P01135	src/game/menu_runtime.c	2011	menu_draw_two_option	3	1	0	KfMenuConfirmState	GAME.EXE	modern|retail	2011	menu_draw_two_option	highlight	confirmation	rename	Whether selected choice is confirmed; menu_runtime.c:2019 checks REQUESTED before applying confirmed highlight; same domain and rendering role as menu_draw_window confirmation, not selected row.	menu
P01136	src/game/menu_runtime.c	2046	menu_draw_item_name_frame	0	1	0	KfObjectId	GAME.EXE	modern|retail	2046	menu_draw_item_name_frame	item_id	item_id	retain	Picked item whose model/name are drawn; menu_runtime.c:2046 uses item_name_rows[item_id]; item_pickup_confirm passes the inventory object under confirmation.	menu
P01137	src/game/menu_runtime.c	2098	menu_blit_sprite_translucent	0	1	0	MenuSpriteDef	GAME.EXE	modern|retail	2098	menu_blit_sprite_translucent	sprite	sprite	retain	Single translucent sprite descriptor; menu_runtime.c:2101 reads descriptor tpage/clut/UV/extents then enables semi-transparency; mirrors opaque blitter role.	menu
P01138	src/game/menu_runtime.c	2098	menu_blit_sprite_translucent	1	1	0	MenuPoint	GAME.EXE	modern|retail	2098	menu_blit_sprite_translucent	position	position	retain	Screen anchor for sprite placement; menu_runtime.c:2103 offsets anchor x/y; same coordinate role as opaque blitter.	menu
P01139	src/game/menu_runtime.c	2116	menu_blit_sprite	0	1	0	MenuSpriteDef	GAME.EXE	modern|retail	2116	menu_blit_sprite	sprite	sprite	retain	Single sprite texture/size descriptor; menu_runtime.c:2118 reads sprite tpage/clut/UV/extents; calls pass selection_cursor and option descriptors, distinct from font-atlas role.	menu
P01140	src/game/menu_runtime.c	2116	menu_blit_sprite	1	1	0	MenuPoint	GAME.EXE	modern|retail	2116	menu_blit_sprite	position	position	retain	Screen anchor for sprite placement; menu_runtime.c:2120 subtracts fixed x/y offsets from position coordinates; calls pass label.position.	menu
P01141	src/game/menu_runtime.c	2133	menu_begin_text_glyph	0	1	0	MenuSpriteDef	GAME.EXE	modern|retail	2133	menu_begin_text_glyph	font	font	retain	Font atlas descriptor for current glyph; menu_runtime.c:2136 assigns tpage/clut and dimensions; menu_draw_string forwards same font descriptor.	menu
P01142	src/game/menu_runtime.c	2133	menu_begin_text_glyph	1	1	0	MenuGlyphString	GAME.EXE	modern|retail	2133	menu_begin_text_glyph	string	string	retain	Origin-bearing string for current glyph; menu_runtime.c:2138 adds x_offset to string.position; menu_draw_string forwards same stream.	menu
P01144	src/game/menu_runtime.c	2144	menu_draw_string	0	1	0	MenuSpriteDef	GAME.EXE	modern|retail	2144	menu_draw_string	font	font	retain	Text glyph font-atlas descriptor; menu_runtime.c:2154 forwards to glyph builder and uses glyph-sized extents; calls use menu_assets.glyph_atlas; differs legitimately from sprite role.	menu
P01145	src/game/menu_runtime.c	2144	menu_draw_string	1	1	0	MenuGlyphString	GAME.EXE	modern|retail	2144	menu_draw_string	string	string	retain	Positioned textual glyph stream; menu_runtime.c:2149 iterates string glyphs and uses string origin; same role as numeric renderer except atlas encoding.	menu
P01146	src/game/menu_runtime.c	2187	menu_draw_number	0	1	0	MenuSpriteDef	GAME.EXE	modern|retail	2187	menu_draw_number	atlas	font	rename	Numeric glyph font-atlas descriptor; menu_runtime.c:2187 parameter atlas copied immediately into local font; declaration says font; calls use menu_assets.number_atlas; same font role as menu_draw_string.	menu
P01147	src/game/menu_runtime.c	2187	menu_draw_number	1	1	0	MenuGlyphString	GAME.EXE	modern|retail	2187	menu_draw_number	string	string	retain	Positioned numeric glyph stream; menu_runtime.c:2190 copies to label and consumes glyph codes/position; declaration matches; semantic subtype of generic glyph string.	menu
P01149	src/game/menu_runtime.c	2286	menu_list_init	0	1	0	KfMenuList	GAME.EXE	modern|retail	2286	menu_list_init	list	list	retain	List state being initialized; menu_runtime.c:2290-2302 writes title, geometry, count and navigation fields; same object role as navigation/render helpers.	menu
P01150	src/game/menu_runtime.c	2286	menu_list_init	1	1	0	KfMenuWindowKind	GAME.EXE	modern|retail	2286	menu_list_init	kind	window_kind	rename	Source window layout for copied title row; menu_runtime.c:2293 copies window_layouts[kind].rows[row] glyphs; same bank selector as window renderer, although title-source role is narrower.	menu
P01154	src/game/menu_runtime.c	2307	menu_format_number	2	1	0	KfFormatPaddingMode	GAME.EXE	modern|retail	2307	menu_format_number	pad_zero	padding_mode	rename	Leading decimal glyph padding style; menu_runtime.c:2312 selects blank glyph for SPACES else zero; enum selects padding policy, not a boolean named after one option.	menu
P01156	src/game/menu_runtime.c	2328	menu_load_item_model	0	1	0	KfObjectId	GAME.EXE	modern|retail	2328	menu_load_item_model	id	item_id	rename	Inventory object ID indexing model file table; menu_runtime.c:2333 compares OBJECT_NONE then cd_file_load_table_entry(asset,id); callers pass inventory code, aligns model preview/name APIs.	menu
P01157	src/game/menu_runtime.c	2355	menu_load_item_texture	0	1	0	KfMenuTextureId	GAME.EXE	modern|retail	2355	menu_load_item_texture	id	texture_id	rename	Menu artwork resource index; menu_runtime.c:2361 compares MENU_TEXTURE_NONE then adds one for TIM/Mddd path; callers include spell artwork and card messages, so item_id would be too narrow.	menu
P01158	src/game/menu_select.c	27	menu_equip_select	0	1	0	KfEquipmentMenuCategory	GAME.EXE	modern|retail	27	menu_equip_select	category	equipment_category	rename	Equipment category determining item span and title; menu_select.c:48 switch determines inventory range; :97 selects EQUIPMENT window title row with same category.	menu
P01159	src/game/player_core.c	68	player_set_equipment_slot	0	1	0	KfObjectId	GAME.EXE	modern|retail	68	player_set_equipment_slot	item_id	item_id	retain	Inventory item assigned to the selected equipment slot; weapon is only one slot case.	root
P01160	src/game/player_core.c	68	player_set_equipment_slot	1	1	0	KfEquipmentSlot	GAME.EXE	modern|retail	68	player_set_equipment_slot	slot	slot	retain	Destination equipment slot selects the corresponding equipped item field.	root
P01161	src/game/player_core.c	124	player_equip_weapon	0	1	0	KfObjectId	GAME.EXE	modern|retail	124	player_equip_weapon	weapon_id	weapon_id	retain	Inventory object in weapon-equipping role; narrower role than generic item_id is intentional.	root
P01162	src/game/player_core.c	280	player_distance_to_point_in_cone	0	1	0	VECTOR	GAME.EXE	modern|retail	280	player_distance_to_point_in_cone	point	point	retain	Candidate world-space point tested against the player's implicit cone origin.	root
P01173	src/game/player_core.c	616	player_update_transform_snapshot	0	1	0	VECTOR	GAME.EXE	modern|retail	616	player_update_transform_snapshot	position_out	position_out	retain	Required output snapshot of player camera position; no input/null-retention behavior.	root
P01174	src/game/player_core.c	616	player_update_transform_snapshot	1	1	0	SVECTOR	GAME.EXE	modern|retail	616	player_update_transform_snapshot	rotation_out	rotation_out	retain	Required output camera rotation with view offset added; matches paired snapshot output.	root
P01184	src/game/player_death.c	507	player_apply_damage	3	1	0	KfPlayerStatusFlags	GAME.EXE	modern|retail	507	player_apply_damage	status_effect_flags	status_effect_flags	retain	Incoming curse, darkness, poison and slow flags update player status/timers; shared field role.	root
P01189	src/game/player_death.c	580	player_apply_radial_damage	0	1	0	VECTOR	GAME.EXE	modern|retail	580	player_apply_radial_damage	origin	origin	retain	World-space radial-damage center; matches the actor radial query parameter.	root
P01200	src/game/player_death.c	610	player_select_magic	0	1	0	KfEffectKind	GAME.EXE	modern|retail	610	player_select_magic	magic_id	magic_id	retain	Selected spell identity indexes magic records; same numeric domain as effects but spell-selection role.	root
P01201	src/game/player_death_fade.c	23	player_death_apply_visual_fade	0	1	0	MATRIX	GAME.EXE	modern|retail	23	player_death_apply_visual_fade	color_from	color_from	retain	Starting color matrix for death fade; explicit color distinguishes this from the fade's light/position state.	root
P01203	src/game/player_use_item.c	33	actor_show_info_image	0	1	0	KfActor	GAME.EXE	modern|retail	33	actor_show_info_image	actor	actor	retain	Actor whose definition selects enemy image; player_use_item.c:38-39 reads actor.definition_id for image filename; mirror item path passes probed actor.	menu
P01204	src/game/player_use_item.c	44	map_event_show_person_image	0	1	0	KfMapEvent	GAME.EXE	modern|retail	44	map_event_show_person_image	event	event	retain	Map event whose character selects person image; player_use_item.c:48-49 reads event.character_id for image filename; mirror item path passes probed person event.	menu
P01205	src/game/player_use_item.c	60	player_use_item	0	1	0	KfObjectId	GAME.EXE	modern|retail	60	player_use_item	item_id	item_id	retain	Inventory item whose gameplay use is dispatched; player_use_item.c:77 switches key/staff/seal/herb IDs and accesses item stock; caller uses selected inventory object.	menu
P01206	src/game/player_warp.c	29	player_warp_shimmer	0	1	0	KfWarpShimmerMode	GAME.EXE	modern|retail	29	player_warp_shimmer	mode	shimmer_mode	rename	Grow/shrink/removal policy of the player's warp shimmer, distinct from OPEN cylinder transition modes.	root
P01207	src/game/player_warp.c	29	player_warp_shimmer	1	1	0	VECTOR	GAME.EXE	modern|retail	29	player_warp_shimmer	position	position	retain	Required world position used to construct shimmer effects; supplied player position is one caller role.	root
P01208	src/game/player_warp.c	108	player_warp_change_floor	0	1	0	KfFloorId	GAME.EXE	modern|retail	108	player_warp_change_floor	floor	floor	retain	Destination floor for a cross-floor warp, forwarded to resource loading.	root
P01209	src/game/player_warp.c	108	player_warp_change_floor	1	1	0	KfMapVariant	GAME.EXE	modern|retail	108	player_warp_change_floor	variant	map_variant	rename	Destination map variant stored in player state and passed to loading; align map_resources_load.	root
P01210	src/game/player_warp.c	133	player_warp_same_floor	0	1	0	KfMapVariant	GAME.EXE	modern|retail	133	player_warp_same_floor	variant	map_variant	rename	Destination variant for a same-floor warp; same domain role as cross-floor warp.	root
P01213	src/game/player_warp.c	258	actor_transform_definition5_to6	0	1	0	KfActor	GAME.EXE	modern|retail	258	actor_transform_definition5_to6	actor	actor	retain	Actor whose definition and visual transform are transitioned from definition 5 to 6.	root
P01214	src/game/player_warp_shimmer_at_player.c	5	player_warp_shimmer_at_player	0	1	0	KfWarpShimmerMode	GAME.EXE	modern|retail	5	player_warp_shimmer_at_player	mode	shimmer_mode	rename	Passes shimmer policy unchanged while supplying the player's position; agree with underlying helper.	root
P01215	src/game/pool.c	57	copy_vertices	0	1	0	KfPackedSVector	GAME.EXE	modern|retail	57	copy_vertices	output	output	retain	Destination packed-vertex array overwritten by complete two-word vertex copies.	root
P01216	src/game/pool.c	57	copy_vertices	1	1	0	KfPackedSVector	GAME.EXE	modern|retail	57	copy_vertices	input	input	retain	Read-only packed-vertex source for the same copy operation; distinct from output by data direction.	root
P01218	src/game/pool.c	70	render_bind_animated_instance	0	1	0	KfPoolRecord	GAME.EXE	modern|retail	70	render_bind_animated_instance	owner_slot	owner_slot	retain	Pointer to the owner's cache pointer, updated after allocation; GAME pool.c:73 dereferences owner_slot;105 stores its address into record.owner_slot;113 publishes newly allocated record back to *owner_slot.	graphics
P01220	src/game/pool.c	70	render_bind_animated_instance	2	1	0	KfAnimationClip	GAME.EXE	modern|retail	70	render_bind_animated_instance	clip_index	clip_index	retain	Animation clip selector indexing the chosen asset's clip table; GAME pool.c:123 indexes clip_table with the encoded value;150/174 compare and cache record.clip_index; it is not an actor action-animation slot.	graphics
P01223	src/game/pool.c	224	pool_record_release	0	1	0	KfPoolRecord	GAME.EXE	modern|retail	224	pool_record_release	record	record	retain	Allocated animation-pool record being released, including its owner pointer; not an effect record.	root
P01224	src/game/render.c	62	display_show_system_screen	0	1	0	KfSystemScreen	GAME.EXE	modern|retail	65	display_show_error_screen	stage	screen	rename	System-screen resource selector, not progress through a stage; GAME render.c:87 encodes the value into the TIM path digit; CD callers pass SEARCH_FAILED/READ_FAILED and game.c passes NO_MEMORY_CARD.	graphics
P01225	src/game/render.c	128	lighting_set_active_color_matrix	0	1	0	KfGameColorPreset	GAME.EXE	modern|retail	131	lighting_set_active_color_matrix	preset	preset	retain	GAME color-matrix-table selector; GAME render.c:133 encodes this preset as color_matrix_table index passed to SetColorMatrix; OPEN has a separate enum/table.	graphics
P01226	src/game/render.c	134	effect5_texture_cache_prepare	0	1	0	KfFloorId	GAME.EXE	modern|retail	137	effect5_texture_cache_prepare	floor	floor	retain	Floor identity gating floor-five texture-page and CLUT setup; GAME render.c:139 checks exactly KF_FLOOR_5 before assigning three texture pages and CLUT entries.	graphics
P01227	src/game/render.c	286	tmd_select	0	1	0	KfTmdSlot	GAME.EXE	modern|retail	289	tmd_select	slot	slot	retain	Registered TMD slot selected as the current asset; GAME render.c:291 and OPEN:41 load slots[encoded slot] into current_asset.	graphics
P01229	src/game/render.c	298	tmd_set_current_vertices	0	1	0	KfPackedSVector	GAME.EXE	modern|retail	301	tmd_set_current_vertices	vertices	vertices	retain	Pointer to the packed vertex sequence selected for subsequent TMD projection; GAME render.c:303 and OPEN:53 publish vertices into current_tmd_vertices; no copy, allocation or transformation occurs here.	graphics
P01231	src/game/render.c	313	render_set_view_transform	0	1	0	VECTOR	GAME.EXE	modern|retail	316	render_set_view_transform	position	position_or_null	rename	Optional replacement stored view position and derived view-cell coordinates; GAME render.c:320-324 and OPEN:70-74 guard position!=NULL before copying and recomputing cells; NULL preserves them.	graphics
P01232	src/game/render.c	313	render_set_view_transform	1	1	0	SVECTOR	GAME.EXE	modern|retail	316	render_set_view_transform	rotation	rotation_or_null	rename	Optional replacement stored view rotation used to rebuild view/pitch matrices; GAME render.c:325-332 and OPEN:75-82 guard rotation!=NULL then rebuild matrices from stored rotation; position and rotation nullability are independent.	graphics
P01233	src/game/render.c	445	tmd_register	0	1	0	KfTmdSlot	GAME.EXE	modern|retail	448	tmd_register	slot	slot	retain	Registry slot that receives and selects the supplied TMD asset; GAME render.c:450 and OPEN:203 store tmd into slots[encoded slot] and current_asset before preparing primitive indices.	graphics
P01234	src/game/render.c	445	tmd_register	1	1	0	KfTmdHeader	GAME.EXE	modern|retail	448	tmd_register	tmd	tmd	retain	Root header of the TMD asset installed into the registry; Both implementations publish this pointer as current_asset and then mutate its prepared primitive indices through the current asset.	graphics
P01235	src/game/render.c	452	tmd_release_last_allocation	0	1	0	KfTmdSlot	GAME.EXE	modern|retail	455	tmd_release_last_allocation	slot	slot	retain	Preserved slot-domain ABI argument ignored by the stack-allocation release body; GAME render.c:455-458 and OPEN:208-211 do not read slot; both unconditionally call memory_release_last without indexing or clearing TMD slots. Retain the API domain name while recording that the current bodies ignore it.	graphics
P01245	src/game/render_enqueuers.c	766	render_enqueue_sprite	0	1	0	KfSpriteQuad	GAME.EXE	modern|retail	766	render_enqueue_sprite	sprite	sprite	retain	Sprite geometry and UV descriptor projected into an FT4 packet; Both image bodies build four corners from sprite.x/y/w/h and packet UV spans from sprite.u/v; SDK packet storage is a different local object.	graphics
P01247	src/game/render_enqueuers.c	766	render_enqueue_sprite	2	1	0	KfSpriteDepthCueMode	GAME.EXE	modern|retail	766	render_enqueue_sprite	depth_cue_mode	depth_cue_mode	retain	Policy selecting normal versus boosted GTE depth-cue factor; GAME render_enqueuers.c:808 and OPEN render_sprite.c:49 compare BOOSTED and add half the factor before NormalColorDpq.	graphics
P01248	src/game/render_frame.c	40	render_frame	0	1	0	VECTOR	GAME.EXE	modern|retail	40	render_frame	position	position_or_null	rename	Optional replacement view position for the full GAME frame; GAME render_frame.c:49 forwards directly to render_set_view_transform; gameplay passes player snapshots and fades/cutscenes pass NULL to retain view.	graphics
P01249	src/game/render_frame.c	40	render_frame	1	1	0	SVECTOR	GAME.EXE	modern|retail	40	render_frame	rotation	rotation_or_null	rename	Optional replacement view rotation for the full GAME frame; GAME render_frame.c:49 forwards directly; renderer independently guards the rotation pointer and reuses stored rotation when NULL.	graphics
P01252	src/game/render_map_cells.c	44	render_map_cell	2	1	0	KfCellVisibility	GAME.EXE	modern|retail	44	render_map_cell	cell	visibility	rename	Near/distant visibility class selecting a mesh bank for the coordinate; GAME render_map_cells.c:78 and OPEN:27 use the value only to add KF_MAP_MESHES_PER_BANK for DISTANT; row/col already identify the cell.	graphics
P01253	src/game/render_sprite.c	11	render_screen_sprite	0	1	0	KfSpriteQuad	GAME.EXE	modern|retail	11	render_screen_sprite	sprite	sprite	retain	Screen-space rectangle/UV descriptor copied directly into a packet; GAME render_sprite.c:21-30 uses sprite geometry and UV without GTE projection; same descriptor role as projected enqueue but distinct transform path.	graphics
P01255	src/game/resources.c	101	map_resource_path_set_floor	0	1	0	KfFloorId	GAME.EXE	modern|retail	101	map_resource_path_set_floor	floor	floor	retain	Floor identity encoded into resource path; not a generic numeric path digit.	root
P01260	src/game/resources.c	166	map_resources_load	0	1	0	KfFloorId	GAME.EXE	modern|retail	166	map_resources_load	floor	floor	retain	Floor whose resource path and texture setup are loaded; same selector passed to path helper.	root
P01261	src/game/resources.c	166	map_resources_load	1	1	0	KfMapVariant	GAME.EXE	modern|retail	166	map_resources_load	use_variant	map_variant	rename	Map variant selects default archive versus alternate assets; align header and warp callers and avoid Boolean use_variant wording.	root
P01262	src/game/save_system.c	99	save_file_write_slot	0	0	0	KfSaveSlotId	GAME.EXE	modern|retail	99	save_file_write_slot	slot_id	slot_id	retain	Logical directory slot tag assigned to new payload;  save_system.c write loop finds/replaces matching directory tag and writes slot_id; caller is system wrapper with same domain.	menu
P01263	src/game/save_system.c	102	save_file_read_slot	0	0	0	KfSaveSlotId	GAME.EXE	modern|retail	102	save_file_read_slot	slot_id	slot_id	retain	Logical directory slot tag locating payload;  save_system.c:603 compares directory.slot_ids[index] == slot_id before locating file payload.	menu
P01264	src/game/save_system.c	104	memory_card_show_status_message	0	0	0	KfSaveStatus	GAME.EXE	modern|retail	104	memory_card_show_status_message	status	status	retain	Card/save status translated to message artwork;  save_system.c:721 switch maps status domain to message index; all read/write/format wrappers forward actual card/save status.	menu
P01267	src/game/save_system.c	136	save_system_read_catalog	0	1	0	KfSaveSlotSummary	GAME.EXE	modern|retail	136	save_system_read_catalog	summaries	summaries	retain	Output array of summaries indexed by logical slot;  save_system.c:143 clears output and :153 copies directory entries into summaries[slot-FIRST]; save/load callers pass array displayed by dialog-frame API.	menu
P01268	src/game/save_system.c	161	menu_play_input_sound	0	1	0	KfMenuSoundCue	GAME.EXE	modern|retail	161	menu_play_input_sound	cue	cue	retain	UI action feedback cue;  save_system.c:165 selects cursor/confirm/cancel sound program/note; callers in OPEN and GAME use the same feedback roles.	menu
P01269	src/game/save_system.c	262	memory_card_check_or_format	0	1	0	KfCardFormatConfirmation	GAME.EXE	modern|retail	262	memory_card_check_or_format	confirmation	format_confirmation	rename	Format authorization state checked on IO-end path;  save_system.c:274 branches UNCONFIRMED to confirmation-required result; menu_save_panel passes CONFIRMED. Explicit format scope distinguishes menu-button confirmation.	menu
P01270	src/game/save_system.c	326	save_system_write_slot	0	1	0	KfSaveSlotId	GAME.EXE	modern|retail	326	save_system_write_slot	slot_id	slot_id	retain	Logical on-card slot ID to save;  save_system.c:339 forwards to save_file_write_slot; save menu converts cursor+FIRST.	menu
P01271	src/game/save_system.c	365	save_file_write_slot	0	1	0	KfSaveSlotId	GAME.EXE	modern|retail	365	save_file_write_slot	slot_id	slot_id	retain	Logical directory slot tag assigned to new payload;  save_system.c write loop finds/replaces matching directory tag and writes slot_id; caller is system wrapper with same domain.	menu
P01272	src/game/save_system.c	548	save_system_read_slot	0	1	0	KfSaveSlotId	GAME.EXE	modern|retail	548	save_system_read_slot	slot_id	slot_id	retain	Logical on-card slot ID to load;  save_system.c:562 forwards to save_file_read_slot; menu caller converts cursor+FIRST, distinct from zero-based row index.	menu
P01273	src/game/save_system.c	584	save_file_read_slot	0	1	0	KfSaveSlotId	GAME.EXE	modern|retail	584	save_file_read_slot	slot_id	slot_id	retain	Logical directory slot tag locating payload;  save_system.c:603 compares directory.slot_ids[index] == slot_id before locating file payload.	menu
P01274	src/game/save_system.c	715	memory_card_show_status_message	0	1	0	KfSaveStatus	GAME.EXE	modern|retail	715	memory_card_show_status_message	status	status	retain	Card/save status translated to message artwork;  save_system.c:721 switch maps status domain to message index; all read/write/format wrappers forward actual card/save status.	menu
P01277	src/game/save_system.c	862	talk_show_dialogue_page	0	1	0	KfFloorId	GAME.EXE	modern|retail	862	talk_show_dialogue_page	floor	floor	retain	Floor ID encoded into dialogue image path;  save_system.c:869 writes floor to path digit; map_scripts.c:407,423,438,456 pass current_floor. Cross-domain review: retain floor consistently with resource and warp floor selectors.	menu
P01279	src/game/save_system.c	862	talk_show_dialogue_page	2	1	0	KfCharacterId	GAME.EXE	modern|retail	862	talk_show_dialogue_page	character_id	character_id	retain	Speaker/event character ID in dialogue path;  save_system.c:866-871 uses tens/ones in directory and filename; callers pass event.character_id.	menu
P01281	src/game/sprite_add_ft4.c	6	sprite_add_ft4	0	1	0	KfScreenRect	GAME.EXE	modern|retail	6	sprite_add_ft4	position	rectangle	rename	Full destination rectangle including width and height; GAME sprite_add_ft4.c:15 and OPEN:14 pass x,y,w,h to setXYWH independently of the separate texture-coordinate descriptor.	graphics
P01285	src/game/sprite_add_ft4.c	7	sprite_add_ft4	4	1	0	CVECTOR	GAME.EXE	modern|retail	7	sprite_add_ft4	color	color	retain	Uniform RGB modulation for the textured flat quad; Both image implementations pass color.r/g/b to setRGB0 after setting texcoords,tpage and clut.	graphics
P01292	src/open/audio.c	97	audio_stop_sequence	0	1	0	KfAudioStopMode	OPEN.EXE	modern|retail	97	audio_stop_sequence	mode	stop_mode	rename	Controls immediate stop versus volume fade before sequence shutdown; explicitly names the enum's policy.	root
P01299	src/open/audio_spatial.c	14	audio_play_spatial	0	1	0	SoundRef	OPEN.EXE	modern|retail	14	audio_play_spatial	sound	sound	retain	Packed sound program/tone/note input; shared GAME and OPEN parameter meaning despite different panning policies.	root
P01300	src/open/audio_spatial.c	15	audio_play_spatial	1	1	0	VECTOR	OPEN.EXE	modern|retail	15	audio_play_spatial	position	position	retain	World position of the sound emitter used to compute listener-relative distance and bearing in both images.	root
P01304	src/open/audio_spatial.c	64	audio_play_spatial_default_range	0	1	0	SoundRef	OPEN.EXE	modern|retail	64	audio_play_spatial_default_range	sound	sound	retain	Forwards the sound selector unchanged while supplying default spatial distances.	root
P01305	src/open/audio_spatial.c	65	audio_play_spatial_default_range	1	1	0	VECTOR	OPEN.EXE	modern|retail	65	audio_play_spatial_default_range	position	position	retain	Forwards the sound emitter position unchanged to spatial playback.	root
P01307	src/open/audio_spatial.c	74	audio_play_spatial_range	0	1	0	SoundRef	OPEN.EXE	modern|retail	74	audio_play_spatial_range	sound	sound	retain	Forwards the sound selector unchanged through the range wrapper in both images.	root
P01308	src/open/audio_spatial.c	75	audio_play_spatial_range	1	1	0	VECTOR	OPEN.EXE	modern|retail	75	audio_play_spatial_range	position	position	retain	Forwards the sound emitter world position through the range wrapper in both images.	root
P01312	src/open/audio_spatial.c	89	sound_ref_key_off_bank0	0	1	0	SoundRef	OPEN.EXE	modern|retail	89	sound_ref_key_off_bank0	sound	sound	retain	SoundRef selects bank-zero tone/program for key-off in both images.	root
P01313	src/open/audio_spatial.c	97	audio_set_listener_transform	0	1	0	VECTOR	OPEN.EXE	modern|retail	97	audio_set_listener_transform	position_or_null	position_or_null	retain	Independent optional listener-position update; NULL retains the previous listener position.	root
P01314	src/open/audio_spatial.c	98	audio_set_listener_transform	1	1	0	SVECTOR	OPEN.EXE	modern|retail	98	audio_set_listener_transform	rotation_or_null	rotation_or_null	retain	Independent optional listener-rotation update; NULL retains the previous listener rotation.	root
P01315	src/open/camera_path.c	48	opening_camera_path_begin	0	1	0	KfCameraPathPoint	OPEN.EXE	modern|retail	48	opening_camera_path_begin	points	points	retain	Read-only camera point sequence used to initialize opening camera playback.	root
P01318	src/open/entity_render.c	32	opening_entity_render	0	1	0	KfOpeningEntity	OPEN.EXE	modern|retail	32	opening_entity_render	entity	entity	retain	Mutable opening entity instance supplying transform, model and optional yaw update; OPEN entity_render.c:44-100 reads position/rotation/scale/object_id and advances yaw only for the rotating crystal identities.	graphics
P01319	src/open/entity_render.c	104	render_floor_item	0	1	0	KfFloorItem	OPEN.EXE	modern|retail	104	render_floor_item	item	item	retain	Floor-item instance supplying world position, facing and animation state; Both image bodies read position/facing, select a floor-sprite frame, enqueue it, then call floor_item_advance_frame(item).	graphics
P01330	src/open/item.c	8	item_load_floor_placements	0	1	0	KfFloorItemPlacement	OPEN.EXE	modern|retail	8	item_load_floor_placements	placements	placements	retain	Sentinel-terminated serialized placement sequence; item.c:56 scans until FLOOR_ITEM_END and :65-83 expands each record into runtime floor_items; plural distinguishes sequence from one runtime item.	menu
P01335	src/open/main.c	18	main	1	1	0	KfOverlayArguments	OPEN.EXE	modern|retail	18	main	entry_args	entry_args	retain	Overlay entry argument block transported by PSX loader; both GAME and OPEN read their startup fields from it.	root
P01340	src/open/matrix.c	27	color_lerp_cvector	0	1	0	CVECTOR	OPEN.EXE	modern|retail	27	color_lerp_cvector	from	from	retain	RGB interpolation start endpoint; input only; OPEN matrix.c:32-34 reads from channels as the baseline and subtraction origin.	graphics
P01341	src/open/matrix.c	28	color_lerp_cvector	1	1	0	CVECTOR	OPEN.EXE	modern|retail	28	color_lerp_cvector	to	to	retain	RGB interpolation end endpoint; input only; OPEN matrix.c:32-34 subtracts from channels from to channels before Q12 blending.	graphics
P01342	src/open/matrix.c	29	color_lerp_cvector	2	1	0	CVECTOR	OPEN.EXE	modern|retail	29	color_lerp_cvector	output	output	retain	Writable RGB blend result; CVECTOR code byte unchanged; OPEN matrix.c:32-34 stores only output r/g/b; source endpoints are const.	graphics
P01348	src/open/matrix_rotation.c	11	matrix_set_rotation_x	1	1	0	MATRIX	OPEN.EXE	modern|retail	11	matrix_set_rotation_x	matrix	matrix	retain	Matrix whose rotation coefficients are replaced with an X-axis rotation; GAME matrix_rotation.c:75-83 and OPEN:16-24 write m[3][3] only; SDK MATRIX translation survives.	graphics
P01350	src/open/matrix_rotation.c	28	matrix_set_rotation_y	1	1	0	MATRIX	OPEN.EXE	modern|retail	28	matrix_set_rotation_y	matrix	matrix	retain	Matrix whose rotation coefficients are replaced with a Y-axis rotation; GAME matrix_rotation.c:92-100 and OPEN:33-41 write cosine/sine XZ entries and identity Y; translation survives.	graphics
P01352	src/open/matrix_rotation.c	45	matrix_set_rotation_z	1	1	0	MATRIX	OPEN.EXE	modern|retail	45	matrix_set_rotation_z	matrix	matrix	retain	Matrix whose rotation coefficients are replaced with a Z-axis rotation; GAME matrix_rotation.c:109-117 and OPEN:50-58 write XY cosine/sine and identity Z; translation survives.	graphics
P01353	src/open/matrix_rotation.c	62	matrix_set_rotation_yxz	0	1	0	KfEulerAngles	OPEN.EXE	modern|retail	62	matrix_set_rotation_yxz	angles	angles	retain	Input Euler XYZ angle triplet composed in YXZ order; Both image implementations read angles.z/x/y into Z/X/Y rotation constructors and multiply the temporary matrices.	graphics
P01354	src/open/matrix_rotation.c	62	matrix_set_rotation_yxz	1	1	0	MATRIX	OPEN.EXE	modern|retail	62	matrix_set_rotation_yxz	matrix	matrix	retain	Destination rotation matrix composed through SDK matrix operations; Both image implementations build X into matrix then multiply Z and Y temporaries through MulMatrix/MulMatrix2.	graphics
P01355	src/open/matrix_rotation.c	74	debug_dump_matrix	0	1	0	MATRIX	OPEN.EXE	modern|retail	74	debug_dump_matrix	matrix	matrix	retain	Debug output reads each matrix coefficient; no source/destination transform role.	root
P01356	src/open/matrix_rotation.c	87	pitch_yaw_to_forward_vector	0	1	0	KfEulerAngles	OPEN.EXE	modern|retail	87	pitch_yaw_to_forward_vector	angles	angles	retain	Input Euler pitch and yaw derive the forward vector; roll storage is not used by this operation.	root
P01357	src/open/matrix_rotation.c	87	pitch_yaw_to_forward_vector	1	1	0	SVECTOR	OPEN.EXE	modern|retail	87	pitch_yaw_to_forward_vector	direction	direction	retain	Output forward direction, distinct from an input rotation despite identical SDK vector layout.	root
P01358	src/open/opening_controller.c	23	opening_run	0	1	0	KfOverlayMode	OPEN.EXE	modern|retail	23	opening_run	overlay_mode	overlay_mode	retain	Complete intro/ending flow selector transported from PSX into OPEN; shared name with display setup.	root
P01359	src/open/opening_entity_pool.c	29	opening_entity_find_by_object_id	0	1	0	KfOpeningEntity	OPEN.EXE	modern|retail	29	opening_entity_find_by_object_id	entities	entities	retain	Start of a sentinel-terminated entity sequence to search; OPEN opening_entity_pool.c:31-38 advances a local entity pointer until FREE, comparing each object's ID.	graphics
P01360	src/open/opening_entity_pool.c	29	opening_entity_find_by_object_id	1	1	0	KfOpeningModelId	OPEN.EXE	modern|retail	29	opening_entity_find_by_object_id	object_id	object_id	retain	Searched value of the entity object's model-ID field; OPEN opening_entity_pool.c:35 compares entity.object_id with this value; name aligns the field and helper operation while enum identifies OPEN resource domain.	graphics
P01361	src/open/opening_entity_pool.c	46	opening_entity_pool_load_placements	0	1	0	KfMapObjectPlacement	OPEN.EXE	modern|retail	46	opening_entity_pool_load_placements	placements	placements	retain	Start of serialized placement records used to populate the entity pool; OPEN opening_entity_pool.c:49-82 reads tile/local coordinates,yaw,object_id; pointer advances only until the placement terminator.	graphics
P01365	src/open/opening_render.c	10	opening_render_frame	0	1	0	VECTOR	OPEN.EXE	modern|retail	10	opening_render_frame	position	position_or_null	rename	Optional replacement view position; NULL reuses stored position; OPEN opening_render.c:12 forwards to render_set_view_transform; cylinder animator calls NULL,NULL and view setter independently guards position.	graphics
P01366	src/open/opening_render.c	10	opening_render_frame	1	1	0	SVECTOR	OPEN.EXE	modern|retail	10	opening_render_frame	rotation	rotation_or_null	rename	Optional replacement view rotation; NULL reuses stored rotation; OPEN opening_render.c:12 forwards to render_set_view_transform; render.c:75 guards rotation independently of position.	graphics
P01367	src/open/opening_render.c	20	sprite_add_g4	0	1	0	KfScreenRect	OPEN.EXE	modern|retail	20	sprite_add_g4	position	rectangle	rename	Full destination rectangle shared by four independently colored vertices; OPEN opening_render.c:27 passes x,y,w,h to setXYWH, then publishes one CVECTOR to each vertex.	graphics
P01368	src/open/opening_render.c	20	sprite_add_g4	1	1	0	CVECTOR	OPEN.EXE	modern|retail	20	sprite_add_g4	color0	color0	retain	RGB for SDK quad vertex zero; OPEN opening_render.c:28 passes color0 channels to setRGB0; numeric suffix identifies a concrete SDK vertex ordinal.	graphics
P01369	src/open/opening_render.c	20	sprite_add_g4	2	1	0	CVECTOR	OPEN.EXE	modern|retail	20	sprite_add_g4	color1	color1	retain	RGB for SDK quad vertex one; OPEN opening_render.c:29 passes color1 channels to setRGB1; distinct role from color0 despite same type.	graphics
P01370	src/open/opening_render.c	21	sprite_add_g4	3	1	0	CVECTOR	OPEN.EXE	modern|retail	21	sprite_add_g4	color2	color2	retain	RGB for SDK quad vertex two; OPEN opening_render.c:30 passes color2 channels to setRGB2; distinct role from color1 despite same type.	graphics
P01371	src/open/opening_render.c	21	sprite_add_g4	4	1	0	CVECTOR	OPEN.EXE	modern|retail	21	sprite_add_g4	color3	color3	retain	RGB for SDK quad vertex three; OPEN opening_render.c:31 passes color3 channels to setRGB3; retains authored gradient ordering.	graphics
P01372	src/open/opening_scene0_render.c	7	opening_scene0_render_frame	0	1	0	VECTOR	OPEN.EXE	modern|retail	7	opening_scene0_render_frame	position	position_or_null	rename	Optional replacement view position forwarded by the scene-zero frame wrapper; OPEN opening_scene0_render.c:9 passes through unmodified to the shared optional-pose API; only extra map/item rendering differs from opening_render_frame.	graphics
P01373	src/open/opening_scene0_render.c	7	opening_scene0_render_frame	1	1	0	SVECTOR	OPEN.EXE	modern|retail	7	opening_scene0_render_frame	rotation	rotation_or_null	rename	Optional replacement view rotation forwarded by the scene-zero frame wrapper; OPEN opening_scene0_render.c:9 passes through unmodified to the shared optional-pose API; no local dereference narrows that contract.	graphics
P01375	src/open/opening_scenes.c	325	opening_cylinder_transition	0	1	0	KfOpeningCylinderTransitionMode	OPEN.EXE	modern|retail	325	opening_cylinder_transition	transition_mode	transition_mode	retain	Cylinder transition grow/shrink and removal policy; enclosing type/function now identify the cylinder consistently.	root
P01376	src/open/opening_scenes.c	325	opening_cylinder_transition	1	1	0	VECTOR	OPEN.EXE	modern|retail	325	opening_cylinder_transition	position	position	retain	Required world position of the cylinder instances; unlike view-transform setters NULL is unsupported.	root
P01377	src/open/render.c	39	tmd_select	0	1	0	KfTmdSlot	OPEN.EXE	modern|retail	39	tmd_select	slot	slot	retain	Registered TMD slot selected as the current asset; GAME render.c:291 and OPEN:41 load slots[encoded slot] into current_asset.	graphics
P01379	src/open/render.c	51	tmd_set_current_vertices	0	1	0	KfPackedSVector	OPEN.EXE	modern|retail	51	tmd_set_current_vertices	vertices	vertices	retain	Pointer to the packed vertex sequence selected for subsequent TMD projection; GAME render.c:303 and OPEN:53 publish vertices into current_tmd_vertices; no copy, allocation or transformation occurs here.	graphics
P01381	src/open/render.c	66	render_set_view_transform	0	1	0	VECTOR	OPEN.EXE	modern|retail	66	render_set_view_transform	position	position_or_null	rename	Optional replacement stored view position and derived view-cell coordinates; GAME render.c:320-324 and OPEN:70-74 guard position!=NULL before copying and recomputing cells; NULL preserves them.	graphics
P01382	src/open/render.c	66	render_set_view_transform	1	1	0	SVECTOR	OPEN.EXE	modern|retail	66	render_set_view_transform	rotation	rotation_or_null	rename	Optional replacement stored view rotation used to rebuild view/pitch matrices; GAME render.c:325-332 and OPEN:75-82 guard rotation!=NULL then rebuild matrices from stored rotation; position and rotation nullability are independent.	graphics
P01383	src/open/render.c	201	tmd_register	0	1	0	KfTmdSlot	OPEN.EXE	modern|retail	201	tmd_register	slot	slot	retain	Registry slot that receives and selects the supplied TMD asset; GAME render.c:450 and OPEN:203 store tmd into slots[encoded slot] and current_asset before preparing primitive indices.	graphics
P01384	src/open/render.c	201	tmd_register	1	1	0	KfTmdHeader	OPEN.EXE	modern|retail	201	tmd_register	tmd	tmd	retain	Root header of the TMD asset installed into the registry; Both implementations publish this pointer as current_asset and then mutate its prepared primitive indices through the current asset.	graphics
P01385	src/open/render.c	208	tmd_release_last_allocation	0	1	0	KfTmdSlot	OPEN.EXE	modern|retail	208	tmd_release_last_allocation	slot	slot	retain	Preserved slot-domain ABI argument ignored by the stack-allocation release body; GAME render.c:455-458 and OPEN:208-211 do not read slot; both unconditionally call memory_release_last without indexing or clearing TMD slots. Retain the API domain name while recording that the current bodies ignore it.	graphics
P01391	src/open/render_init.c	48	lighting_set_active_color_matrix	0	1	0	KfOpenColorPreset	OPEN.EXE	modern|retail	48	lighting_set_active_color_matrix	preset	preset	retain	OPEN color-matrix-table selector; OPEN render_init.c:50 encodes this preset as color_matrix_table index passed to SetColorMatrix; GAME has a separate enum/table.	graphics
P01392	src/open/render_init.c	110	display_initialize	0	1	0	KfOverlayMode	OPEN.EXE	modern|retail	110	display_initialize	overlay_mode	overlay_mode	retain	Transported intro/ending selection controlling display setup; OPEN opening_run passes the same selector at retail0x80015718; render_init.c chooses reset/output paths and controller also dispatches scenes.	graphics
P01397	src/open/render_map_cells.c	10	render_map_cell	2	1	0	KfCellVisibility	OPEN.EXE	modern|retail	10	render_map_cell	cell	visibility	rename	Near/distant visibility class selecting a mesh bank for the coordinate; GAME render_map_cells.c:78 and OPEN:27 use the value only to add KF_MAP_MESHES_PER_BANK for DISTANT; row/col already identify the cell.	graphics
P01398	src/open/render_sprite.c	11	render_enqueue_sprite	0	1	0	KfSpriteQuad	OPEN.EXE	modern|retail	11	render_enqueue_sprite	sprite	sprite	retain	Sprite geometry and UV descriptor projected into an FT4 packet; Both image bodies build four corners from sprite.x/y/w/h and packet UV spans from sprite.u/v; SDK packet storage is a different local object.	graphics
P01400	src/open/render_sprite.c	11	render_enqueue_sprite	2	1	0	KfSpriteDepthCueMode	OPEN.EXE	modern|retail	11	render_enqueue_sprite	depth_cue_mode	depth_cue_mode	retain	Policy selecting normal versus boosted GTE depth-cue factor; GAME render_enqueuers.c:808 and OPEN render_sprite.c:49 compare BOOSTED and add half the factor before NormalColorDpq.	graphics
P01413	src/open/sound_ref.c	6	sound_ref_play	0	1	0	SoundRef	OPEN.EXE	modern|retail	6	sound_ref_play	sound	sound	retain	SoundRef supplies the sound identity played with the explicit volume in both images.	root
P01415	src/open/sprite_add_ft4.c	5	sprite_add_ft4	0	1	0	KfScreenRect	OPEN.EXE	modern|retail	5	sprite_add_ft4	position	rectangle	rename	Full destination rectangle including width and height; GAME sprite_add_ft4.c:15 and OPEN:14 pass x,y,w,h to setXYWH independently of the separate texture-coordinate descriptor.	graphics
P01419	src/open/sprite_add_ft4.c	6	sprite_add_ft4	4	1	0	CVECTOR	OPEN.EXE	modern|retail	6	sprite_add_ft4	color	color	retain	Uniform RGB modulation for the textured flat quad; Both image implementations pass color.r/g/b to setRGB0 after setting texcoords,tpage and clut.	graphics
P01421	src/open/sprite_add_ft4.c	25	sprite_add_f4	0	1	0	KfScreenRect	OPEN.EXE	modern|retail	25	sprite_add_f4	position	rectangle	rename	Full destination rectangle including width and height; OPEN sprite_add_ft4.c:31 passes x,y,w,h to setXYWH; this is broader than a position vector.	graphics
P01422	src/open/sprite_add_ft4.c	25	sprite_add_f4	1	1	0	CVECTOR	OPEN.EXE	modern|retail	25	sprite_add_f4	color	color	retain	Uniform RGB applied to the untextured flat quad; OPEN sprite_add_ft4.c:32 supplies color.r/g/b to setRGB0; no interpolation or per-vertex color selection occurs.	graphics
P01425	src/open/vector_math.c	6	vector3s_scale_shift12	1	1	0	SVECTOR	OPEN.EXE	modern|retail	6	vector3s_scale_shift12	vector	vector	retain	Three-component signed vector scaled in place in GAME and OPEN.	root
P01433	src/shared/matrix_lerp.c	14	matrix_interpolate	0	1	0	MATRIX	GAME.EXE|OPEN.EXE	modern|retail	14	matrix_interpolate	from	from	retain	Starting nine-coefficient matrix; input only; shared/matrix_lerp.c:19,25-28 reads from->m as signed baseline values; translation words are not visited.	graphics
P01434	src/shared/matrix_lerp.c	15	matrix_interpolate	1	1	0	MATRIX	GAME.EXE|OPEN.EXE	modern|retail	15	matrix_interpolate	to	to	retain	Ending nine-coefficient matrix; input only; shared/matrix_lerp.c:20,26-28 reads to->m for signed coefficient deltas; distinct from writable output.	graphics
P01435	src/shared/matrix_lerp.c	16	matrix_interpolate	2	1	0	MATRIX	GAME.EXE|OPEN.EXE	modern|retail	16	matrix_interpolate	output	output	retain	Writable nine-coefficient blend destination; shared/matrix_lerp.c:21-29 writes output->m for KF_MATRIX_ROTATION_ELEMENTS entries; MATRIX translation is untouched.	graphics
P01437	src/shared/matrix_lerp.c	35	lighting_set_color_matrix	0	1	0	MATRIX	GAME.EXE|OPEN.EXE	modern|retail	35	lighting_set_color_matrix	from	from	retain	Start endpoint for interpolated GTE color matrix; shared/matrix_lerp.c:41 interpolates from/to into a local MATRIX then SetColorMatrix publishes it.	graphics
P01438	src/shared/matrix_lerp.c	36	lighting_set_color_matrix	1	1	0	MATRIX	GAME.EXE|OPEN.EXE	modern|retail	36	lighting_set_color_matrix	to	to	retain	End endpoint for interpolated GTE color matrix; shared/matrix_lerp.c:41-42 preserves endpoint order when interpolating and publishing color coefficients.	graphics
P01440	src/shared/matrix_lerp.c	48	lighting_set_light_matrix	0	1	0	MATRIX	GAME.EXE|OPEN.EXE	modern|retail	48	lighting_set_light_matrix	from	from	retain	Start endpoint for interpolated GTE light matrix; shared/matrix_lerp.c:54 interpolates from/to before SetLightMatrix; translation is outside the interpolation.	graphics
P01441	src/shared/matrix_lerp.c	49	lighting_set_light_matrix	1	1	0	MATRIX	GAME.EXE|OPEN.EXE	modern|retail	49	lighting_set_light_matrix	to	to	retain	End endpoint for interpolated GTE light matrix; shared/matrix_lerp.c:54-55 preserves endpoint order when interpolating and publishing light coefficients.	graphics
P01479	vendor/include/psyq/kernel.h	70	Load	1	0	0	EXEC	GAME.EXE|OPEN.EXE|PSX.EXE	modern|retail	70	Load	header	header	retain	SDK Load writes the executable header subsequently passed to Exec.	root
P01480	vendor/include/psyq/kernel.h	71	Exec	0	0	0	EXEC	GAME.EXE|OPEN.EXE|PSX.EXE	modern|retail	71	Exec	header	header	retain	SDK Exec consumes the loaded executable header; authentic SDK boundary name.	root
P01499	vendor/include/psyq/sdk.h	22	SetPolyGT3	0	0	0	POLY_GT3	GAME.EXE|OPEN.EXE	modern|retail	22	SetPolyGT3	primitive	primitive	retain	SDK wrapper initializes the supplied POLY_GT3 primitive packet.	root
