# GAME/OPEN source audit against master 6f96b76874dd; see docs/patterns/shared-game-open-code.md.
image	va	name	counterpart_image	counterpart	original_source	source	unit	verdict	reason
GAME.EXE	0x80014268	repeat_store_word	OPEN.EXE	repeat_store_word	src/game/main.c	src/shared/repeat_store_word.inc	game.main	consolidated	One implementation with per-image bindings; original TU, profile, data owners, and instruction behavior retained.
GAME.EXE	0x8001428c	main	OPEN.EXE	main	src/game/main.c	src/game/main.c	game.main	distinct-behavior	Different initialization sequence, entry contract, and next-overlay result.
GAME.EXE	0x80014314	sprite_add_ft4	OPEN.EXE	sprite_add_ft4	src/game/sprite_add_ft4.c	src/shared/sprite_add_ft4.inc	game.sprite_add_ft4	consolidated	One implementation with per-image bindings; original TU, profile, data owners, and instruction behavior retained.
GAME.EXE	0x800144d4	display_play_transition	OPEN.EXE	opening_fade_in	src/game/display_play_transition.c	src/game/display_play_transition.c	game.display_play_transition	distinct-analogue	Scene fade versus gameplay display transition with different frame rendering and state.
GAME.EXE	0x80014674	player_warp_shimmer_at_player			src/game/player_warp_shimmer_at_player.c	src/game/player_warp_shimmer_at_player.c	game.player_warp_shimmer_at_player	image-specific	GAME gameplay/state implementation with no equivalent OPEN body in the complete source comparison.
GAME.EXE	0x800146b8	game_main_loop			src/game/game.c	src/game/game.c	game.game	image-specific	GAME gameplay/state implementation with no equivalent OPEN body in the complete source comparison.
GAME.EXE	0x8001499c	game_shutdown			src/game/game.c	src/game/game.c	game.game	image-specific	GAME gameplay/state implementation with no equivalent OPEN body in the complete source comparison.
GAME.EXE	0x800149d4	frame_pacer_vsync_callback			src/game/game.c	src/game/game.c	game.game	image-specific	GAME gameplay/state implementation with no equivalent OPEN body in the complete source comparison.
GAME.EXE	0x800149f4	frame_pacer_wait			src/game/game.c	src/game/game.c	game.game	image-specific	GAME gameplay/state implementation with no equivalent OPEN body in the complete source comparison.
GAME.EXE	0x80014a64	angle_approach			src/game/matrix_rotation.c	src/shared/matrix_rotation.c	game.matrix_rotation	shared-single-image	Reusable math, color, projection, sprite, or diagnostic helper; absence from the other linked image does not imply image-specific ownership.
GAME.EXE	0x80014b2c	angle_to_forward_xz			src/game/matrix_rotation.c	src/shared/matrix_rotation.c	game.matrix_rotation	shared-single-image	Reusable math, color, projection, sprite, or diagnostic helper; absence from the other linked image does not imply image-specific ownership.
GAME.EXE	0x80014b7c	matrix_set_rotation_x	OPEN.EXE	matrix_set_rotation_x	src/game/matrix_rotation.c	src/shared/matrix_rotation.inc	game.matrix_rotation	consolidated	One implementation with per-image bindings; original TU, profile, data owners, and instruction behavior retained.
GAME.EXE	0x80014bec	matrix_set_rotation_y	OPEN.EXE	matrix_set_rotation_y	src/game/matrix_rotation.c	src/shared/matrix_rotation.inc	game.matrix_rotation	consolidated	One implementation with per-image bindings; original TU, profile, data owners, and instruction behavior retained.
GAME.EXE	0x80014c5c	matrix_set_rotation_z	OPEN.EXE	matrix_set_rotation_z	src/game/matrix_rotation.c	src/shared/matrix_rotation.inc	game.matrix_rotation	consolidated	One implementation with per-image bindings; original TU, profile, data owners, and instruction behavior retained.
GAME.EXE	0x80014ccc	matrix_set_rotation_yxz	OPEN.EXE	matrix_set_rotation_yxz	src/game/matrix_rotation.c	src/shared/matrix_rotation.inc	game.matrix_rotation	consolidated	One implementation with per-image bindings; original TU, profile, data owners, and instruction behavior retained.
GAME.EXE	0x80014d34	pitch_yaw_to_forward_vector	OPEN.EXE	pitch_yaw_to_forward_vector	src/game/matrix_rotation.c	src/shared/pitch_yaw_to_forward_vector.inc	game.matrix_rotation	consolidated	One implementation with per-image bindings; original TU, profile, data owners, and instruction behavior retained.
GAME.EXE	0x80014e08	vector2s_scale_shift11			src/game/matrix_rotation.c	src/shared/matrix_rotation.c	game.matrix_rotation	shared-single-image	Reusable math, color, projection, sprite, or diagnostic helper; absence from the other linked image does not imply image-specific ownership.
GAME.EXE	0x80014e48	vector3s_scale_shift12	OPEN.EXE	vector3s_scale_shift12	src/game/matrix_rotation.c	src/shared/vector3s_scale_shift12.inc	game.matrix_rotation	consolidated	One implementation with per-image bindings; original TU, profile, data owners, and instruction behavior retained.
GAME.EXE	0x80014ea4	vector2s_scale_shift12			src/game/matrix_rotation.c	src/shared/matrix_rotation.c	game.matrix_rotation	shared-single-image	Reusable math, color, projection, sprite, or diagnostic helper; absence from the other linked image does not imply image-specific ownership.
GAME.EXE	0x80014ee4	vector3s_scale_shift12_alt	OPEN.EXE	vector3s_scale_shift12_alt	src/game/matrix_rotation.c	src/shared/vector3s_scale_shift12_alt.inc	game.matrix_rotation	consolidated	One implementation with per-image bindings; original TU, profile, data owners, and instruction behavior retained.
GAME.EXE	0x80014f40	vector3i_add_xz			src/game/matrix_rotation.c	src/shared/matrix_rotation.c	game.matrix_rotation	shared-single-image	Reusable math, color, projection, sprite, or diagnostic helper; absence from the other linked image does not imply image-specific ownership.
GAME.EXE	0x80014f6c	angle_within_tolerance	OPEN.EXE	angle_within_tolerance	src/game/matrix_rotation.c	src/shared/angle_within_tolerance.inc	game.matrix_rotation	consolidated	One implementation with per-image bindings; original TU, profile, data owners, and instruction behavior retained.
GAME.EXE	0x80014fa8	angle_mod_delta_le_half_turn	OPEN.EXE	angle_mod_delta_le_half_turn	src/game/matrix_rotation.c	src/shared/angle_mod_delta.inc	game.matrix_rotation	consolidated	One implementation with per-image bindings; original TU, profile, data owners, and instruction behavior retained.
GAME.EXE	0x80014fb8	vector_xz_to_angle	OPEN.EXE	vector_xz_to_angle	src/game/matrix_rotation.c	src/shared/vector_xz_to_angle.inc	game.matrix_rotation	consolidated	One implementation with per-image bindings; original TU, profile, data owners, and instruction behavior retained.
GAME.EXE	0x80015068	fixed_vector2_length	OPEN.EXE	fixed_vector2_length	src/game/matrix_rotation.c	src/shared/fixed_vector2_length.inc	game.matrix_rotation	consolidated	One implementation with per-image bindings; original TU, profile, data owners, and instruction behavior retained.
GAME.EXE	0x800150a8	weapon_records_load_and_mirror_angles			src/game/equipment.c	src/game/equipment.c	game.equipment	image-specific	GAME gameplay/state implementation with no equivalent OPEN body in the complete source comparison.
GAME.EXE	0x800150fc	armor_records_load			src/game/equipment.c	src/game/equipment.c	game.equipment	image-specific	GAME gameplay/state implementation with no equivalent OPEN body in the complete source comparison.
GAME.EXE	0x80015128	fixed6_ratio_step			src/game/equipment.c	src/game/equipment.c	game.equipment	image-specific	GAME gameplay/state implementation with no equivalent OPEN body in the complete source comparison.
GAME.EXE	0x80015164	player_death_begin			src/game/player_death.c	src/game/player_death.c	game.player_death	image-specific	GAME gameplay/state implementation with no equivalent OPEN body in the complete source comparison.
GAME.EXE	0x800151cc	game_state_initialize			src/game/player_death.c	src/game/player_death.c	game.player_death	image-specific	GAME gameplay/state implementation with no equivalent OPEN body in the complete source comparison.
GAME.EXE	0x800154b0	player_death_restart			src/game/player_death.c	src/game/player_death.c	game.player_death	image-specific	GAME gameplay/state implementation with no equivalent OPEN body in the complete source comparison.
GAME.EXE	0x8001564c	player_adjust_hp			src/game/player_death.c	src/game/player_death.c	game.player_death	image-specific	GAME gameplay/state implementation with no equivalent OPEN body in the complete source comparison.
GAME.EXE	0x800156bc	player_adjust_mp			src/game/player_death.c	src/game/player_death.c	game.player_death	image-specific	GAME gameplay/state implementation with no equivalent OPEN body in the complete source comparison.
GAME.EXE	0x80015714	player_recalculate_combat_stats			src/game/player_death.c	src/game/player_death.c	game.player_death	image-specific	GAME gameplay/state implementation with no equivalent OPEN body in the complete source comparison.
GAME.EXE	0x80015f28	player_increment_physical_power_training			src/game/player_death.c	src/game/player_death.c	game.player_death	image-specific	GAME gameplay/state implementation with no equivalent OPEN body in the complete source comparison.
GAME.EXE	0x80015fc0	player_increment_magic_training			src/game/player_death.c	src/game/player_death.c	game.player_death	image-specific	GAME gameplay/state implementation with no equivalent OPEN body in the complete source comparison.
GAME.EXE	0x80016058	player_add_experience			src/game/player_death.c	src/game/player_death.c	game.player_death	image-specific	GAME gameplay/state implementation with no equivalent OPEN body in the complete source comparison.
GAME.EXE	0x8001627c	player_calculate_damage_component			src/game/player_death.c	src/game/player_death.c	game.player_death	image-specific	GAME gameplay/state implementation with no equivalent OPEN body in the complete source comparison.
GAME.EXE	0x80016324	player_apply_damage			src/game/player_death.c	src/game/player_death.c	game.player_death	image-specific	GAME gameplay/state implementation with no equivalent OPEN body in the complete source comparison.
GAME.EXE	0x800166b4	player_apply_radial_damage			src/game/player_death.c	src/game/player_death.c	game.player_death	image-specific	GAME gameplay/state implementation with no equivalent OPEN body in the complete source comparison.
GAME.EXE	0x800167e4	player_select_magic			src/game/player_death.c	src/game/player_death.c	game.player_death	image-specific	GAME gameplay/state implementation with no equivalent OPEN body in the complete source comparison.
GAME.EXE	0x80016848	player_set_equipment_slot			src/game/player_core.c	src/game/player_core.c	game.player_core	image-specific	GAME gameplay/state implementation with no equivalent OPEN body in the complete source comparison.
GAME.EXE	0x80016a30	player_equip_weapon			src/game/player_core.c	src/game/player_core.c	game.player_core	image-specific	GAME gameplay/state implementation with no equivalent OPEN body in the complete source comparison.
GAME.EXE	0x80016b24	player_begin_weapon_attack			src/game/player_core.c	src/game/player_core.c	game.player_core	image-specific	GAME gameplay/state implementation with no equivalent OPEN body in the complete source comparison.
GAME.EXE	0x80016bc0	player_update_weapon_attack			src/game/player_core.c	src/game/player_core.c	game.player_core	image-specific	GAME gameplay/state implementation with no equivalent OPEN body in the complete source comparison.
GAME.EXE	0x80016e24	game_initialize_session			src/game/player_core.c	src/game/player_core.c	game.player_core	image-specific	GAME gameplay/state implementation with no equivalent OPEN body in the complete source comparison.
GAME.EXE	0x80016eb8	player_clear_motion			src/game/player_core.c	src/game/player_core.c	game.player_core	image-specific	GAME gameplay/state implementation with no equivalent OPEN body in the complete source comparison.
GAME.EXE	0x80016ee8	player_sync_position_to_map			src/game/player_core.c	src/game/player_core.c	game.player_core	image-specific	GAME gameplay/state implementation with no equivalent OPEN body in the complete source comparison.
GAME.EXE	0x80017040	player_distance_to_point_in_cone			src/game/player_core.c	src/game/player_core.c	game.player_core	image-specific	GAME gameplay/state implementation with no equivalent OPEN body in the complete source comparison.
GAME.EXE	0x80017108	player_distance_to_point			src/game/player_core.c	src/game/player_core.c	game.player_core	image-specific	GAME gameplay/state implementation with no equivalent OPEN body in the complete source comparison.
GAME.EXE	0x800171fc	player_move_horizontal			src/game/player_core.c	src/game/player_core.c	game.player_core	image-specific	GAME gameplay/state implementation with no equivalent OPEN body in the complete source comparison.
GAME.EXE	0x80017a24	player_update_view_bob			src/game/player_core.c	src/game/player_core.c	game.player_core	image-specific	GAME gameplay/state implementation with no equivalent OPEN body in the complete source comparison.
GAME.EXE	0x80017a80	player_update_vertical_motion			src/game/player_core.c	src/game/player_core.c	game.player_core	image-specific	GAME gameplay/state implementation with no equivalent OPEN body in the complete source comparison.
GAME.EXE	0x80017cf8	player_warp_to_floor_entry			src/game/player_core.c	src/game/player_core.c	game.player_core	image-specific	GAME gameplay/state implementation with no equivalent OPEN body in the complete source comparison.
GAME.EXE	0x80017e3c	player_update_transform_snapshot			src/game/player_core.c	src/game/player_core.c	game.player_core	image-specific	GAME gameplay/state implementation with no equivalent OPEN body in the complete source comparison.
GAME.EXE	0x80017edc	actor_show_info_image			src/game/player_use_item.c	src/game/player_use_item.c	game.player_use_item	image-specific	GAME gameplay/state implementation with no equivalent OPEN body in the complete source comparison.
GAME.EXE	0x80017fa4	map_event_show_person_image			src/game/player_use_item.c	src/game/player_use_item.c	game.player_use_item	image-specific	GAME gameplay/state implementation with no equivalent OPEN body in the complete source comparison.
GAME.EXE	0x80018054	player_use_item			src/game/player_use_item.c	src/game/player_use_item.c	game.player_use_item	image-specific	GAME gameplay/state implementation with no equivalent OPEN body in the complete source comparison.
GAME.EXE	0x800184b0	player_death_apply_visual_fade			src/game/player_death_fade.c	src/game/player_death_fade.c	game.player_death_fade	image-specific	GAME gameplay/state implementation with no equivalent OPEN body in the complete source comparison.
GAME.EXE	0x80018540	player_death_update			src/game/player_death_fade.c	src/game/player_death_fade.c	game.player_death_fade	image-specific	GAME gameplay/state implementation with no equivalent OPEN body in the complete source comparison.
GAME.EXE	0x800186c4	player_death_update_reverse_fade			src/game/player_death_fade.c	src/game/player_death_fade.c	game.player_death_fade	image-specific	GAME gameplay/state implementation with no equivalent OPEN body in the complete source comparison.
GAME.EXE	0x800187a4	lighting_apply_weapon9_environment			src/game/lighting_presets.c	src/game/lighting_presets.c	game.lighting_presets	image-specific	GAME gameplay/state implementation with no equivalent OPEN body in the complete source comparison.
GAME.EXE	0x800187f0	lighting_apply_timed_player_effect			src/game/lighting_presets.c	src/game/lighting_presets.c	game.lighting_presets	image-specific	GAME gameplay/state implementation with no equivalent OPEN body in the complete source comparison.
GAME.EXE	0x80018824	lighting_apply_color_preset6			src/game/lighting_presets.c	src/game/lighting_presets.c	game.lighting_presets	image-specific	GAME gameplay/state implementation with no equivalent OPEN body in the complete source comparison.
GAME.EXE	0x80018858	player_apply_fire_defense_boost			src/game/player_status_effect4.c	src/game/player_status_effect4.c	game.player_status_effect4	image-specific	GAME gameplay/state implementation with no equivalent OPEN body in the complete source comparison.
GAME.EXE	0x80018880	player_update			src/game/player_update.c	src/game/player_update.c	game.player_update	image-specific	GAME gameplay/state implementation with no equivalent OPEN body in the complete source comparison.
GAME.EXE	0x8001a29c	map_floor_height_for_cell_position			src/game/collision_grid.c	src/game/collision_grid.c	game.collision_grid	image-specific	GAME gameplay/state implementation with no equivalent OPEN body in the complete source comparison.
GAME.EXE	0x8001a44c	map_floor_height_at_position			src/game/collision_grid.c	src/game/collision_grid.c	game.collision_grid	image-specific	GAME gameplay/state implementation with no equivalent OPEN body in the complete source comparison.
GAME.EXE	0x8001a4e8	collision_adjust_cell_occupancy			src/game/collision_grid.c	src/game/collision_grid.c	game.collision_grid	image-specific	GAME gameplay/state implementation with no equivalent OPEN body in the complete source comparison.
GAME.EXE	0x8001a5ac	collision_query_world			src/game/collision.c	src/game/collision.c	game.collision	image-specific	GAME gameplay/state implementation with no equivalent OPEN body in the complete source comparison.
GAME.EXE	0x8001aab0	memory_malloc_checked	OPEN.EXE	memory_malloc_checked	src/game/memory.c	src/shared/memory.c	game.memory	already-shared	Existing common allocator implementation relocated from game to shared.
GAME.EXE	0x8001aae8	memory_allocation_reset	OPEN.EXE	memory_allocation_reset	src/game/memory.c	src/shared/memory.c	game.memory	already-shared	Existing common allocator implementation relocated from game to shared.
GAME.EXE	0x8001ab08	memory_set_allocation_mode	OPEN.EXE	memory_set_allocation_mode	src/game/memory.c	src/shared/memory.c	game.memory	already-shared	Existing common allocator implementation relocated from game to shared.
GAME.EXE	0x8001abb0	memory_capture_system_heap_start	OPEN.EXE	memory_capture_system_heap_start	src/game/memory.c	src/shared/memory.c	game.memory	already-shared	Existing common allocator implementation relocated from game to shared.
GAME.EXE	0x8001abd0	memory_reset_system_heap	OPEN.EXE	memory_reset_system_heap	src/game/memory.c	src/shared/memory.c	game.memory	already-shared	Existing common allocator implementation relocated from game to shared.
GAME.EXE	0x8001ac0c	memory_allocate	OPEN.EXE	memory_allocate	src/game/memory.c	src/shared/memory.c	game.memory	already-shared	Existing common allocator implementation relocated from game to shared.
GAME.EXE	0x8001ac8c	memory_release_last	OPEN.EXE	memory_release_last	src/game/memory.c	src/shared/memory.c	game.memory	already-shared	Existing common allocator implementation relocated from game to shared.
GAME.EXE	0x8001acf0	cd_file_load_allocated	OPEN.EXE	cd_file_load_allocated	src/game/cd_file.c	src/game/cd_file.c	game.cd_file	distinct-behavior	GAME owns error-screen and loaded-status handling; OPEN retries/returns differently.
GAME.EXE	0x8001ae60	cd_file_load_table_entry			src/game/cd_file.c	src/game/cd_file.c	game.cd_file	image-specific	GAME gameplay/state implementation with no equivalent OPEN body in the complete source comparison.
GAME.EXE	0x8001af9c	cd_file_load_into	OPEN.EXE	cd_file_load_into	src/game/cd_file.c	src/game/cd_file.c	game.cd_file	distinct-behavior	GAME owns error-screen and loaded-status handling; OPEN retries/returns differently.
GAME.EXE	0x8001b100	tim_upload_images	OPEN.EXE	tim_upload_images	src/game/resources.c	src/shared/tim_upload_images.inc	game.resources	consolidated	One implementation with per-image bindings; original TU, profile, data owners, and instruction behavior retained.
GAME.EXE	0x8001b180	common_resources_load			src/game/resources.c	src/game/resources.c	game.resources	image-specific	GAME gameplay/state implementation with no equivalent OPEN body in the complete source comparison.
GAME.EXE	0x8001b390	map_resource_path_set_floor			src/game/resources.c	src/game/resources.c	game.resources	image-specific	GAME gameplay/state implementation with no equivalent OPEN body in the complete source comparison.
GAME.EXE	0x8001b3a4	map_resource_load_file			src/game/resources.c	src/game/resources.c	game.resources	image-specific	GAME gameplay/state implementation with no equivalent OPEN body in the complete source comparison.
GAME.EXE	0x8001b3e4	map_resource_copy_words	OPEN.EXE	resource_stream_copy_words	src/game/resources.c	src/shared/resource_copy_words.inc	game.resources	shared-body-distinct-signatures	One word-copy loop; retain GAME u32 and OPEN s32 counts and curated entry-point names.
GAME.EXE	0x8001b414	map_variant_assets_load			src/game/resources.c	src/game/resources.c	game.resources	image-specific	GAME gameplay/state implementation with no equivalent OPEN body in the complete source comparison.
GAME.EXE	0x8001b49c	audio_play_current_map_sequence			src/game/resources.c	src/game/resources.c	game.resources	image-specific	GAME gameplay/state implementation with no equivalent OPEN body in the complete source comparison.
GAME.EXE	0x8001b558	map_resources_load	OPEN.EXE	opening_resources_load_scene0	src/game/resources.c	src/game/resources.c	game.resources	distinct-analogue	Different scene/map resource sets, grid ownership, and loading sequence.
GAME.EXE	0x8001b7b0	display_show_system_screen			src/game/render.c	src/game/render.c	game.render	image-specific	GAME gameplay/state implementation with no equivalent OPEN body in the complete source comparison.
GAME.EXE	0x8001bab8	lighting_set_active_color_matrix	OPEN.EXE	lighting_set_active_color_matrix	src/game/render.c	src/shared/lighting_color.inc	game.render	consolidated	One implementation with per-image bindings; original TU, profile, data owners, and instruction behavior retained.
GAME.EXE	0x8001bae4	effect5_texture_cache_prepare			src/game/render.c	src/game/render.c	game.render	image-specific	GAME gameplay/state implementation with no equivalent OPEN body in the complete source comparison.
GAME.EXE	0x8001bb94	display_initialize	OPEN.EXE	display_initialize	src/game/render.c	src/game/render.c	game.render	distinct-behavior	OPEN has ending-mode reset/interlace/display-mask branches and a different signature.
GAME.EXE	0x8001bce0	render_initialize	OPEN.EXE	render_initialize	src/game/render.c	src/game/render.c	game.render	distinct-behavior	Different scene tables, buffer allocation, palette pools, and initialization extents.
GAME.EXE	0x8001bfb8	display_begin_frame	OPEN.EXE	display_begin_frame	src/game/render.c	src/shared/display_frame.inc	game.render	consolidated	One implementation with per-image bindings; original TU, profile, data owners, and instruction behavior retained.
GAME.EXE	0x8001c050	display_present_frame	OPEN.EXE	display_present_frame	src/game/render.c	src/shared/display_frame.inc	game.render	consolidated	One implementation with per-image bindings; original TU, profile, data owners, and instruction behavior retained.
GAME.EXE	0x8001c0e8	tmd_select	OPEN.EXE	tmd_select	src/game/render.c	src/shared/tmd.inc	game.render	consolidated	One implementation with per-image bindings; original TU, profile, data owners, and instruction behavior retained.
GAME.EXE	0x8001c114	tmd_get_object	OPEN.EXE	tmd_get_object	src/game/render.c	src/shared/tmd.inc	game.render	consolidated	One implementation with per-image bindings; original TU, profile, data owners, and instruction behavior retained.
GAME.EXE	0x8001c138	tmd_set_current_vertices	OPEN.EXE	tmd_set_current_vertices	src/game/render.c	src/shared/tmd.inc	game.render	consolidated	One implementation with per-image bindings; original TU, profile, data owners, and instruction behavior retained.
GAME.EXE	0x8001c148	tmd_select_object_vertices	OPEN.EXE	tmd_select_object_vertices	src/game/render.c	src/shared/tmd.inc	game.render	consolidated	One implementation with per-image bindings; original TU, profile, data owners, and instruction behavior retained.
GAME.EXE	0x8001c184	render_set_view_transform	OPEN.EXE	render_set_view_transform	src/game/render.c	src/shared/tmd.inc	game.render	consolidated	One implementation with per-image bindings; original TU, profile, data owners, and instruction behavior retained.
GAME.EXE	0x8001c2b0	tmd_prepare_primitive_indices	OPEN.EXE	tmd_prepare_primitive_indices	src/game/render.c	src/shared/tmd.inc	game.render	consolidated	One implementation with per-image bindings; original TU, profile, data owners, and instruction behavior retained.
GAME.EXE	0x8001c5b0	tmd_register	OPEN.EXE	tmd_register	src/game/render.c	src/shared/tmd.inc	game.render	consolidated	One implementation with per-image bindings; original TU, profile, data owners, and instruction behavior retained.
GAME.EXE	0x8001c5ec	tmd_release_last_allocation	OPEN.EXE	tmd_release_last_allocation	src/game/render.c	src/shared/tmd.inc	game.render	consolidated	One implementation with per-image bindings; original TU, profile, data owners, and instruction behavior retained.
GAME.EXE	0x8001c60c	tmd_project_vertices	OPEN.EXE	tmd_project_vertices	src/game/render.c	src/game/render.c	game.render	distinct-behavior	OPEN checks capacity and uses a runtime perspective shift; GAME uses a fixed shift.
GAME.EXE	0x8001c6a8	tmd_project_vertices_shift	OPEN.EXE	tmd_project_vertices_shift	src/game/render.c	src/shared/tmd_transform.inc	game.render	consolidated	One implementation with per-image bindings; original TU, profile, data owners, and instruction behavior retained.
GAME.EXE	0x8001c754	tmd_transform_vertices	OPEN.EXE	tmd_transform_vertices	src/game/render.c	src/shared/tmd_transform.inc	game.render	consolidated	One implementation with per-image bindings; original TU, profile, data owners, and instruction behavior retained.
GAME.EXE	0x8001c7f8	render_enqueue_tmd	OPEN.EXE	render_enqueue_tmd	src/game/render_enqueuers.c	src/game/render_enqueuers.c	game.render_enqueue	distinct-behavior	Different primitive allocation and polygon emission paths; preserve both bodies.
GAME.EXE	0x8001d730	render_enqueue_model			src/game/render_enqueuers.c	src/game/render_enqueuers.c	game.render_enqueue	image-specific	GAME gameplay/state implementation with no equivalent OPEN body in the complete source comparison.
GAME.EXE	0x8001de18	render_enqueue_map	OPEN.EXE	render_enqueue_map	src/game/render_enqueuers.c	src/game/render_enqueuers.c	game.render_enqueue	distinct-behavior	Different primitive allocation and emission paths; preserve both bodies.
GAME.EXE	0x8001e230	render_enqueue_sprite	OPEN.EXE	render_enqueue_sprite	src/game/render_enqueuers.c	src/game/render_enqueuers.c	game.render_enqueue	distinct-behavior	Different allocation failure path and material owners; preserve both bodies.
GAME.EXE	0x8001e480	render_screen_sprite			src/game/render_sprite.c	src/game/render_sprite.c	game.render_sprite	image-specific	GAME gameplay/state implementation with no equivalent OPEN body in the complete source comparison.
GAME.EXE	0x8001e5ec	render_map_cell	OPEN.EXE	render_map_cell	src/game/render_map_cells.c	src/game/render_map_cells.c	game.render_map_cells	distinct-behavior	GAME applies illusion-staff mesh remapping; OPEN does not. Visibility parameter promotions also differ.
GAME.EXE	0x8001e83c	render_map_cells	OPEN.EXE	opening_render_map_cells	src/game/render_map_cells.c	src/game/render_map_cells.c	game.render_map_cells	distinct-analogue	OPEN selects an authored scene/yaw window; GAME supports gameplay window selection and a fixed window.
GAME.EXE	0x8001e9a4	render_actor			src/game/entity_model_render.c	src/game/entity_model_render.c	game.entity_model_render	image-specific	GAME gameplay/state implementation with no equivalent OPEN body in the complete source comparison.
GAME.EXE	0x8001ebb8	render_map_object	OPEN.EXE	opening_entity_render	src/game/entity_model_render.c	src/game/entity_model_render.c	game.entity_model_render	distinct-analogue	Different entity record types and scene/gameplay rendering decisions.
GAME.EXE	0x8001ed38	menu_render_item_model			src/game/entity_model_render.c	src/game/entity_model_render.c	game.entity_model_render	image-specific	GAME gameplay/state implementation with no equivalent OPEN body in the complete source comparison.
GAME.EXE	0x8001ed90	render_floor_item	OPEN.EXE	render_floor_item	src/game/entity_render.c	src/shared/floor_item_render.inc	game.entity_render	consolidated	One implementation with per-image bindings; original TU, profile, data owners, and instruction behavior retained.
GAME.EXE	0x8001eedc	render_actor_sprite			src/game/entity_render.c	src/game/entity_render.c	game.entity_render	image-specific	GAME gameplay/state implementation with no equivalent OPEN body in the complete source comparison.
GAME.EXE	0x8001f0c4	render_map_event			src/game/map_event_render.c	src/game/map_event_render.c	game.map_event_render	image-specific	GAME gameplay/state implementation with no equivalent OPEN body in the complete source comparison.
GAME.EXE	0x8001f218	render_entities			src/game/render_scene.c	src/game/render_scene.c	game.render_scene	image-specific	GAME gameplay/state implementation with no equivalent OPEN body in the complete source comparison.
GAME.EXE	0x8001f798	render_weapon			src/game/geometry_render.c	src/game/geometry_render.c	game.geometry_render	image-specific	GAME gameplay/state implementation with no equivalent OPEN body in the complete source comparison.
GAME.EXE	0x8001f8b0	render_effect_sprites			src/game/geometry_render.c	src/game/geometry_render.c	game.geometry_render	image-specific	GAME gameplay/state implementation with no equivalent OPEN body in the complete source comparison.
GAME.EXE	0x8001f9d4	render_hud_gauges			src/game/geometry_render.c	src/game/geometry_render.c	game.geometry_render	image-specific	GAME gameplay/state implementation with no equivalent OPEN body in the complete source comparison.
GAME.EXE	0x8001fa44	notify_enqueue			src/game/geometry_render.c	src/game/geometry_render.c	game.geometry_render	image-specific	GAME gameplay/state implementation with no equivalent OPEN body in the complete source comparison.
GAME.EXE	0x8001fae4	notification_digit_set_v			src/game/geometry_render.c	src/game/geometry_render.c	game.geometry_render	image-specific	GAME gameplay/state implementation with no equivalent OPEN body in the complete source comparison.
GAME.EXE	0x8001fafc	notify_effect_update			src/game/geometry_render.c	src/game/geometry_render.c	game.geometry_render	image-specific	GAME gameplay/state implementation with no equivalent OPEN body in the complete source comparison.
GAME.EXE	0x8001fdc8	display_flip_buffer_index			src/game/geometry_render.c	src/game/geometry_render.c	game.geometry_render	image-specific	GAME gameplay/state implementation with no equivalent OPEN body in the complete source comparison.
GAME.EXE	0x8001fde4	render_frame			src/game/render_frame.c	src/game/render_frame.c	game.render_frame	image-specific	GAME gameplay/state implementation with no equivalent OPEN body in the complete source comparison.
GAME.EXE	0x800202fc	matrix_interpolate	OPEN.EXE	matrix_interpolate	src/shared/matrix_lerp.c	src/shared/matrix_lerp.c	game.matrix_lerp	already-shared	Existing common implementation retained.
GAME.EXE	0x80020364	lighting_set_color_matrix	OPEN.EXE	lighting_set_color_matrix	src/shared/matrix_lerp.c	src/shared/matrix_lerp.c	game.matrix_lerp	already-shared	Existing common implementation retained.
GAME.EXE	0x80020390	lighting_set_light_matrix	OPEN.EXE	lighting_set_light_matrix	src/shared/matrix_lerp.c	src/shared/matrix_lerp.c	game.matrix_lerp	already-shared	Existing common implementation retained.
GAME.EXE	0x800203bc	fog_interpolate_near	OPEN.EXE	fog_interpolate_near	src/game/matrix.c	src/shared/fog.inc	game.matrix	consolidated	One implementation with per-image bindings; original TU, profile, data owners, and instruction behavior retained.
GAME.EXE	0x80020400	fog_set_near	OPEN.EXE	fog_set_near	src/game/matrix.c	src/shared/fog.inc	game.matrix	consolidated	One implementation with per-image bindings; original TU, profile, data owners, and instruction behavior retained.
GAME.EXE	0x80020428	color_lerp_rgb555	OPEN.EXE	color_lerp_rgb555	src/game/color_lerp_rgb555.c	src/shared/color_lerp_rgb555.inc	game.color_lerp_rgb555	consolidated	One implementation with per-image bindings; original TU, profile, data owners, and instruction behavior retained.
GAME.EXE	0x800204c0	asset_registry_load_tmd_archive			src/game/asset_registry.c	src/game/asset_registry.c	game.asset_registry	image-specific	GAME gameplay/state implementation with no equivalent OPEN body in the complete source comparison.
GAME.EXE	0x8002055c	asset_registry_set			src/game/asset_registry.c	src/game/asset_registry.c	game.asset_registry	image-specific	GAME gameplay/state implementation with no equivalent OPEN body in the complete source comparison.
GAME.EXE	0x8002059c	asset_registry_select			src/game/asset_registry.c	src/game/asset_registry.c	game.asset_registry	image-specific	GAME gameplay/state implementation with no equivalent OPEN body in the complete source comparison.
GAME.EXE	0x800205d4	render_bind_animated_instance			src/game/pool.c	src/game/pool.c	game.pool	image-specific	GAME gameplay/state implementation with no equivalent OPEN body in the complete source comparison.
GAME.EXE	0x80020978	pool_reset			src/game/pool.c	src/game/pool.c	game.pool	image-specific	GAME gameplay/state implementation with no equivalent OPEN body in the complete source comparison.
GAME.EXE	0x800209a8	pool_mark_allocated			src/game/pool.c	src/game/pool.c	game.pool	image-specific	GAME gameplay/state implementation with no equivalent OPEN body in the complete source comparison.
GAME.EXE	0x800209e4	pool_record_release			src/game/pool.c	src/game/pool.c	game.pool	image-specific	GAME gameplay/state implementation with no equivalent OPEN body in the complete source comparison.
GAME.EXE	0x80020a2c	pool_release_all			src/game/pool.c	src/game/pool.c	game.pool	image-specific	GAME gameplay/state implementation with no equivalent OPEN body in the complete source comparison.
GAME.EXE	0x80020a98	pool_release_stale			src/game/pool.c	src/game/pool.c	game.pool	image-specific	GAME gameplay/state implementation with no equivalent OPEN body in the complete source comparison.
GAME.EXE	0x80020b04	pool_allocate			src/game/pool.c	src/game/pool.c	game.pool	image-specific	GAME gameplay/state implementation with no equivalent OPEN body in the complete source comparison.
GAME.EXE	0x80020b4c	item_load_floor_placements	OPEN.EXE	item_load_floor_placements	src/game/item.c	src/shared/floor_item_load.inc	game.item	consolidated	One implementation with per-image bindings; original TU, profile, data owners, and instruction behavior retained.
GAME.EXE	0x80020cfc	item_load_database			src/game/item.c	src/game/item.c	game.item	image-specific	GAME gameplay/state implementation with no equivalent OPEN body in the complete source comparison.
GAME.EXE	0x800212d8	item_menu_root			src/game/item.c	src/game/item.c	game.item	image-specific	GAME gameplay/state implementation with no equivalent OPEN body in the complete source comparison.
GAME.EXE	0x80021538	item_menu_buy			src/game/item.c	src/game/item.c	game.item	image-specific	GAME gameplay/state implementation with no equivalent OPEN body in the complete source comparison.
GAME.EXE	0x80021afc	item_menu_sell			src/game/item.c	src/game/item.c	game.item	image-specific	GAME gameplay/state implementation with no equivalent OPEN body in the complete source comparison.
GAME.EXE	0x80021ffc	item_pickup_confirm			src/game/item.c	src/game/item.c	game.item	image-specific	GAME gameplay/state implementation with no equivalent OPEN body in the complete source comparison.
GAME.EXE	0x800222b4	menu_save_confirm			src/game/menu.c	src/game/menu.c	game.menu	image-specific	GAME gameplay/state implementation with no equivalent OPEN body in the complete source comparison.
GAME.EXE	0x80022348	menu_root			src/game/menu.c	src/game/menu.c	game.menu	image-specific	GAME gameplay/state implementation with no equivalent OPEN body in the complete source comparison.
GAME.EXE	0x80022608	menu_use_item_panel			src/game/menu.c	src/game/menu.c	game.menu	image-specific	GAME gameplay/state implementation with no equivalent OPEN body in the complete source comparison.
GAME.EXE	0x80022d7c	menu_map_viewer			src/game/menu_map_viewer.c	src/game/menu_map_viewer.c	game.menu_map_viewer	image-specific	GAME gameplay/state implementation with no equivalent OPEN body in the complete source comparison.
GAME.EXE	0x8002317c	menu_magic_panel			src/game/menu_panels.c	src/game/menu_panels.c	game.menu_panels	image-specific	GAME gameplay/state implementation with no equivalent OPEN body in the complete source comparison.
GAME.EXE	0x800236ac	menu_option_root			src/game/menu_panels.c	src/game/menu_panels.c	game.menu_panels	image-specific	GAME gameplay/state implementation with no equivalent OPEN body in the complete source comparison.
GAME.EXE	0x800238d8	menu_equip_select			src/game/menu_select.c	src/game/menu_select.c	game.menu_select	image-specific	GAME gameplay/state implementation with no equivalent OPEN body in the complete source comparison.
GAME.EXE	0x80023e9c	menu_spell_select			src/game/menu_select.c	src/game/menu_select.c	game.menu_select	image-specific	GAME gameplay/state implementation with no equivalent OPEN body in the complete source comparison.
GAME.EXE	0x8002430c	menu_status_panel			src/game/menu_runtime.c	src/game/menu_runtime.c	game.menu_runtime	image-specific	GAME gameplay/state implementation with no equivalent OPEN body in the complete source comparison.
GAME.EXE	0x800249a8	menu_drop_item			src/game/menu_runtime.c	src/game/menu_runtime.c	game.menu_runtime	image-specific	GAME gameplay/state implementation with no equivalent OPEN body in the complete source comparison.
GAME.EXE	0x80024e64	menu_save_load_hub			src/game/menu_runtime.c	src/game/menu_runtime.c	game.menu_runtime	image-specific	GAME gameplay/state implementation with no equivalent OPEN body in the complete source comparison.
GAME.EXE	0x800250c4	menu_save_panel			src/game/menu_runtime.c	src/game/menu_runtime.c	game.menu_runtime	image-specific	GAME gameplay/state implementation with no equivalent OPEN body in the complete source comparison.
GAME.EXE	0x8002552c	menu_load_panel			src/game/menu_runtime.c	src/game/menu_runtime.c	game.menu_runtime	image-specific	GAME gameplay/state implementation with no equivalent OPEN body in the complete source comparison.
GAME.EXE	0x8002589c	menu_config_panel			src/game/menu_runtime.c	src/game/menu_runtime.c	game.menu_runtime	image-specific	GAME gameplay/state implementation with no equivalent OPEN body in the complete source comparison.
GAME.EXE	0x80025da0	menu_config_panel_draw			src/game/menu_runtime.c	src/game/menu_runtime.c	game.menu_runtime	image-specific	GAME gameplay/state implementation with no equivalent OPEN body in the complete source comparison.
GAME.EXE	0x80025f38	menu_draw_stats_header			src/game/menu_runtime.c	src/game/menu_runtime.c	game.menu_runtime	image-specific	GAME gameplay/state implementation with no equivalent OPEN body in the complete source comparison.
GAME.EXE	0x800264d8	menu_draw_status_details			src/game/menu_runtime.c	src/game/menu_runtime.c	game.menu_runtime	image-specific	GAME gameplay/state implementation with no equivalent OPEN body in the complete source comparison.
GAME.EXE	0x8002718c	menu_draw_name_list			src/game/menu_runtime.c	src/game/menu_runtime.c	game.menu_runtime	image-specific	GAME gameplay/state implementation with no equivalent OPEN body in the complete source comparison.
GAME.EXE	0x800279c4	menu_item_model_preview			src/game/menu_runtime.c	src/game/menu_runtime.c	game.menu_runtime	image-specific	GAME gameplay/state implementation with no equivalent OPEN body in the complete source comparison.
GAME.EXE	0x80027b7c	menu_draw_item_detail			src/game/menu_runtime.c	src/game/menu_runtime.c	game.menu_runtime	image-specific	GAME gameplay/state implementation with no equivalent OPEN body in the complete source comparison.
GAME.EXE	0x80027e58	menu_add_marker_quad			src/game/menu_runtime.c	src/game/menu_runtime.c	game.menu_runtime	image-specific	GAME gameplay/state implementation with no equivalent OPEN body in the complete source comparison.
GAME.EXE	0x80027ea0	menu_add_frame_quad			src/game/menu_runtime.c	src/game/menu_runtime.c	game.menu_runtime	image-specific	GAME gameplay/state implementation with no equivalent OPEN body in the complete source comparison.
GAME.EXE	0x80027ee4	menu_draw_dialog_frame			src/game/menu_runtime.c	src/game/menu_runtime.c	game.menu_runtime	image-specific	GAME gameplay/state implementation with no equivalent OPEN body in the complete source comparison.
GAME.EXE	0x80028380	menu_list_interact			src/game/menu_runtime.c	src/game/menu_runtime.c	game.menu_runtime	image-specific	GAME gameplay/state implementation with no equivalent OPEN body in the complete source comparison.
GAME.EXE	0x800286d4	menu_two_option_prompt			src/game/menu_runtime.c	src/game/menu_runtime.c	game.menu_runtime	image-specific	GAME gameplay/state implementation with no equivalent OPEN body in the complete source comparison.
GAME.EXE	0x80028914	menu_draw_window			src/game/menu_runtime.c	src/game/menu_runtime.c	game.menu_runtime	image-specific	GAME gameplay/state implementation with no equivalent OPEN body in the complete source comparison.
GAME.EXE	0x80028a70	menu_list_render			src/game/menu_runtime.c	src/game/menu_runtime.c	game.menu_runtime	image-specific	GAME gameplay/state implementation with no equivalent OPEN body in the complete source comparison.
GAME.EXE	0x800291ec	menu_draw_two_option			src/game/menu_runtime.c	src/game/menu_runtime.c	game.menu_runtime	image-specific	GAME gameplay/state implementation with no equivalent OPEN body in the complete source comparison.
GAME.EXE	0x800292f8	menu_draw_item_name_frame			src/game/menu_runtime.c	src/game/menu_runtime.c	game.menu_runtime	image-specific	GAME gameplay/state implementation with no equivalent OPEN body in the complete source comparison.
GAME.EXE	0x80029ab0	menu_blit_sprite_translucent			src/game/menu_runtime.c	src/game/menu_runtime.c	game.menu_runtime	image-specific	GAME gameplay/state implementation with no equivalent OPEN body in the complete source comparison.
GAME.EXE	0x80029c50	menu_blit_sprite			src/game/menu_runtime.c	src/game/menu_runtime.c	game.menu_runtime	image-specific	GAME gameplay/state implementation with no equivalent OPEN body in the complete source comparison.
GAME.EXE	0x80029de0	menu_draw_string			src/game/menu_runtime.c	src/game/menu_runtime.c	game.menu_runtime	image-specific	GAME gameplay/state implementation with no equivalent OPEN body in the complete source comparison.
GAME.EXE	0x8002a310	menu_draw_number			src/game/menu_runtime.c	src/game/menu_runtime.c	game.menu_runtime	image-specific	GAME gameplay/state implementation with no equivalent OPEN body in the complete source comparison.
GAME.EXE	0x8002a510	menu_draw_window_backdrop			src/game/menu_runtime.c	src/game/menu_runtime.c	game.menu_runtime	image-specific	GAME gameplay/state implementation with no equivalent OPEN body in the complete source comparison.
GAME.EXE	0x8002abb4	menu_frame_begin			src/game/menu_runtime.c	src/game/menu_runtime.c	game.menu_runtime	image-specific	GAME gameplay/state implementation with no equivalent OPEN body in the complete source comparison.
GAME.EXE	0x8002ac34	menu_present_frame			src/game/menu_runtime.c	src/game/menu_runtime.c	game.menu_runtime	image-specific	GAME gameplay/state implementation with no equivalent OPEN body in the complete source comparison.
GAME.EXE	0x8002accc	primitive_buffer_begin_poly_ft4			src/game/menu_runtime.c	src/game/menu_runtime.c	game.menu_runtime	image-specific	GAME gameplay/state implementation with no equivalent OPEN body in the complete source comparison.
GAME.EXE	0x8002ad1c	primitive_buffer_commit_poly_ft4			src/game/menu_runtime.c	src/game/menu_runtime.c	game.menu_runtime	image-specific	GAME gameplay/state implementation with no equivalent OPEN body in the complete source comparison.
GAME.EXE	0x8002ad6c	menu_list_init			src/game/menu_runtime.c	src/game/menu_runtime.c	game.menu_runtime	image-specific	GAME gameplay/state implementation with no equivalent OPEN body in the complete source comparison.
GAME.EXE	0x8002adf8	menu_format_number			src/game/menu_runtime.c	src/game/menu_runtime.c	game.menu_runtime	image-specific	GAME gameplay/state implementation with no equivalent OPEN body in the complete source comparison.
GAME.EXE	0x8002aea4	menu_load_item_model			src/game/menu_runtime.c	src/game/menu_runtime.c	game.menu_runtime	image-specific	GAME gameplay/state implementation with no equivalent OPEN body in the complete source comparison.
GAME.EXE	0x8002af0c	menu_release_item_model			src/game/menu_runtime.c	src/game/menu_runtime.c	game.menu_runtime	image-specific	GAME gameplay/state implementation with no equivalent OPEN body in the complete source comparison.
GAME.EXE	0x8002af48	menu_load_item_texture			src/game/menu_runtime.c	src/game/menu_runtime.c	game.menu_runtime	image-specific	GAME gameplay/state implementation with no equivalent OPEN body in the complete source comparison.
GAME.EXE	0x8002b078	save_system_read_catalog			src/game/save_system.c	src/game/save_system.c	game.save_system	image-specific	GAME gameplay/state implementation with no equivalent OPEN body in the complete source comparison.
GAME.EXE	0x8002b150	menu_play_input_sound			src/game/save_system.c	src/game/save_system.c	game.save_system	image-specific	GAME gameplay/state implementation with no equivalent OPEN body in the complete source comparison.
GAME.EXE	0x8002b1d4	memory_card_initialize			src/game/save_system.c	src/game/save_system.c	game.save_system	image-specific	GAME gameplay/state implementation with no equivalent OPEN body in the complete source comparison.
GAME.EXE	0x8002b2d4	memory_card_shutdown_events			src/game/save_system.c	src/game/save_system.c	game.save_system	image-specific	GAME gameplay/state implementation with no equivalent OPEN body in the complete source comparison.
GAME.EXE	0x8002b334	memory_card_begin_status_check			src/game/save_system.c	src/game/save_system.c	game.save_system	image-specific	GAME gameplay/state implementation with no equivalent OPEN body in the complete source comparison.
GAME.EXE	0x8002b36c	memory_card_clear_events			src/game/save_system.c	src/game/save_system.c	game.save_system	image-specific	GAME gameplay/state implementation with no equivalent OPEN body in the complete source comparison.
GAME.EXE	0x8002b3c4	memory_card_wait_event			src/game/save_system.c	src/game/save_system.c	game.save_system	image-specific	GAME gameplay/state implementation with no equivalent OPEN body in the complete source comparison.
GAME.EXE	0x8002b480	memory_card_undeliver_events			src/game/save_system.c	src/game/save_system.c	game.save_system	image-specific	GAME gameplay/state implementation with no equivalent OPEN body in the complete source comparison.
GAME.EXE	0x8002b4d8	memory_card_check_or_format			src/game/save_system.c	src/game/save_system.c	game.save_system	image-specific	GAME gameplay/state implementation with no equivalent OPEN body in the complete source comparison.
GAME.EXE	0x8002b5d0	memory_card_format			src/game/save_system.c	src/game/save_system.c	game.save_system	image-specific	GAME gameplay/state implementation with no equivalent OPEN body in the complete source comparison.
GAME.EXE	0x8002b648	save_system_write_slot			src/game/save_system.c	src/game/save_system.c	game.save_system	image-specific	GAME gameplay/state implementation with no equivalent OPEN body in the complete source comparison.
GAME.EXE	0x8002b73c	save_file_write_slot			src/game/save_system.c	src/game/save_system.c	game.save_system	image-specific	GAME gameplay/state implementation with no equivalent OPEN body in the complete source comparison.
GAME.EXE	0x8002bc30	save_system_read_header			src/game/save_system.c	src/game/save_system.c	game.save_system	image-specific	GAME gameplay/state implementation with no equivalent OPEN body in the complete source comparison.
GAME.EXE	0x8002bd08	save_file_read_header			src/game/save_system.c	src/game/save_system.c	game.save_system	image-specific	GAME gameplay/state implementation with no equivalent OPEN body in the complete source comparison.
GAME.EXE	0x8002bde4	save_system_read_slot			src/game/save_system.c	src/game/save_system.c	game.save_system	image-specific	GAME gameplay/state implementation with no equivalent OPEN body in the complete source comparison.
GAME.EXE	0x8002beb0	save_file_read_slot			src/game/save_system.c	src/game/save_system.c	game.save_system	image-specific	GAME gameplay/state implementation with no equivalent OPEN body in the complete source comparison.
GAME.EXE	0x8002c27c	save_workspace_allocate			src/game/save_system.c	src/game/save_system.c	game.save_system	image-specific	GAME gameplay/state implementation with no equivalent OPEN body in the complete source comparison.
GAME.EXE	0x8002c2e4	save_workspace_release			src/game/save_system.c	src/game/save_system.c	game.save_system	image-specific	GAME gameplay/state implementation with no equivalent OPEN body in the complete source comparison.
GAME.EXE	0x8002c304	save_file_initialize_buffers			src/game/save_system.c	src/game/save_system.c	game.save_system	image-specific	GAME gameplay/state implementation with no equivalent OPEN body in the complete source comparison.
GAME.EXE	0x8002c510	memory_card_show_status_message			src/game/save_system.c	src/game/save_system.c	game.save_system	image-specific	GAME gameplay/state implementation with no equivalent OPEN body in the complete source comparison.
GAME.EXE	0x8002c5e0	menu_load_message_image			src/game/save_system.c	src/game/save_system.c	game.save_system	image-specific	GAME gameplay/state implementation with no equivalent OPEN body in the complete source comparison.
GAME.EXE	0x8002c70c	save_file_cleanup_temporary			src/game/save_system.c	src/game/save_system.c	game.save_system	image-specific	GAME gameplay/state implementation with no equivalent OPEN body in the complete source comparison.
GAME.EXE	0x8002c794	screen_show_image_until_input			src/game/save_system.c	src/game/save_system.c	game.save_system	image-specific	GAME gameplay/state implementation with no equivalent OPEN body in the complete source comparison.
GAME.EXE	0x8002c9d4	talk_show_dialogue_page			src/game/save_system.c	src/game/save_system.c	game.save_system	image-specific	GAME gameplay/state implementation with no equivalent OPEN body in the complete source comparison.
GAME.EXE	0x8002ca78	actor_pool_find_free			src/game/actor.c	src/game/actor.c	game.actor	image-specific	GAME gameplay/state implementation with no equivalent OPEN body in the complete source comparison.
GAME.EXE	0x8002cab4	func_8002cab4			src/game/actor.c	src/game/actor.c	game.actor	image-specific	GAME gameplay/state implementation with no equivalent OPEN body in the complete source comparison.
GAME.EXE	0x8002cad4	actor_set_player_transform			src/game/actor.c	src/game/actor.c	game.actor	image-specific	GAME gameplay/state implementation with no equivalent OPEN body in the complete source comparison.
GAME.EXE	0x8002cb44	actor_update_cell_from_position			src/game/actor.c	src/game/actor.c	game.actor	image-specific	GAME gameplay/state implementation with no equivalent OPEN body in the complete source comparison.
GAME.EXE	0x8002cbb8	actor_set_position			src/game/actor.c	src/game/actor.c	game.actor	image-specific	GAME gameplay/state implementation with no equivalent OPEN body in the complete source comparison.
GAME.EXE	0x8002cc54	actor_set_rotation			src/game/actor.c	src/game/actor.c	game.actor	image-specific	GAME gameplay/state implementation with no equivalent OPEN body in the complete source comparison.
GAME.EXE	0x8002cc64	actor_initialize			src/game/actor.c	src/game/actor.c	game.actor	image-specific	GAME gameplay/state implementation with no equivalent OPEN body in the complete source comparison.
GAME.EXE	0x8002cd28	actor_initialize_current			src/game/actor.c	src/game/actor.c	game.actor	image-specific	GAME gameplay/state implementation with no equivalent OPEN body in the complete source comparison.
GAME.EXE	0x8002cdcc	actor_initialize_slot			src/game/actor.c	src/game/actor.c	game.actor	image-specific	GAME gameplay/state implementation with no equivalent OPEN body in the complete source comparison.
GAME.EXE	0x8002ce88	actor_pool_clear			src/game/actor.c	src/game/actor.c	game.actor	image-specific	GAME gameplay/state implementation with no equivalent OPEN body in the complete source comparison.
GAME.EXE	0x8002cec8	actor_set_action			src/game/actor.c	src/game/actor.c	game.actor	image-specific	GAME gameplay/state implementation with no equivalent OPEN body in the complete source comparison.
GAME.EXE	0x8002ced4	actor_pool_spawn			src/game/actor.c	src/game/actor.c	game.actor	image-specific	GAME gameplay/state implementation with no equivalent OPEN body in the complete source comparison.
GAME.EXE	0x8002cf84	actor_pool_begin_death_by_definition			src/game/actor.c	src/game/actor.c	game.actor	image-specific	GAME gameplay/state implementation with no equivalent OPEN body in the complete source comparison.
GAME.EXE	0x8002d078	combat_calculate_damage_component			src/game/actor.c	src/game/actor.c	game.actor	image-specific	GAME gameplay/state implementation with no equivalent OPEN body in the complete source comparison.
GAME.EXE	0x8002d120	actor_apply_damage			src/game/actor.c	src/game/actor.c	game.actor	image-specific	GAME gameplay/state implementation with no equivalent OPEN body in the complete source comparison.
GAME.EXE	0x8002d4a8	actor_pool_apply_radial_damage			src/game/actor.c	src/game/actor.c	game.actor	image-specific	GAME gameplay/state implementation with no equivalent OPEN body in the complete source comparison.
GAME.EXE	0x8002d6a0	actor_try_attack_player			src/game/actor.c	src/game/actor.c	game.actor	image-specific	GAME gameplay/state implementation with no equivalent OPEN body in the complete source comparison.
GAME.EXE	0x8002d7f8	actor_pool_find_target_in_cone			src/game/actor.c	src/game/actor.c	game.actor	image-specific	GAME gameplay/state implementation with no equivalent OPEN body in the complete source comparison.
GAME.EXE	0x8002d97c	actor_distance_to_point			src/game/actor.c	src/game/actor.c	game.actor	image-specific	GAME gameplay/state implementation with no equivalent OPEN body in the complete source comparison.
GAME.EXE	0x8002da6c	actor_pool_find_overlap			src/game/actor.c	src/game/actor.c	game.actor	image-specific	GAME gameplay/state implementation with no equivalent OPEN body in the complete source comparison.
GAME.EXE	0x8002dbb0	actor_bind_current			src/game/actor.c	src/game/actor.c	game.actor	image-specific	GAME gameplay/state implementation with no equivalent OPEN body in the complete source comparison.
GAME.EXE	0x8002dc3c	actor_advance_animation_wrapped			src/game/actor.c	src/game/actor.c	game.actor	image-specific	GAME gameplay/state implementation with no equivalent OPEN body in the complete source comparison.
GAME.EXE	0x8002dc70	actor_advance_animation_clamped			src/game/actor.c	src/game/actor.c	game.actor	image-specific	GAME gameplay/state implementation with no equivalent OPEN body in the complete source comparison.
GAME.EXE	0x8002dccc	actor_animation_crossed_phase			src/game/actor.c	src/game/actor.c	game.actor	image-specific	GAME gameplay/state implementation with no equivalent OPEN body in the complete source comparison.
GAME.EXE	0x8002dcfc	actor_play_sound_at_phase			src/game/actor.c	src/game/actor.c	game.actor	image-specific	GAME gameplay/state implementation with no equivalent OPEN body in the complete source comparison.
GAME.EXE	0x8002dd94	actor_try_select_action_distance_facing			src/game/actor.c	src/game/actor.c	game.actor	image-specific	GAME gameplay/state implementation with no equivalent OPEN body in the complete source comparison.
GAME.EXE	0x8002deb4	actor_try_select_ground_action			src/game/actor.c	src/game/actor.c	game.actor	image-specific	GAME gameplay/state implementation with no equivalent OPEN body in the complete source comparison.
GAME.EXE	0x8002e018	actor_try_select_facing_action			src/game/actor.c	src/game/actor.c	game.actor	image-specific	GAME gameplay/state implementation with no equivalent OPEN body in the complete source comparison.
GAME.EXE	0x8002e0f0	actor_try_select_profiled_action			src/game/actor.c	src/game/actor.c	game.actor	image-specific	GAME gameplay/state implementation with no equivalent OPEN body in the complete source comparison.
GAME.EXE	0x8002e2e8	actor_select_next_action			src/game/actor_behavior.c	src/game/actor_behavior.c	game.actor_behavior	image-specific	GAME gameplay/state implementation with no equivalent OPEN body in the complete source comparison.
GAME.EXE	0x8002e6a8	actor_update_awareness			src/game/actor_behavior.c	src/game/actor_behavior.c	game.actor_behavior	image-specific	GAME gameplay/state implementation with no equivalent OPEN body in the complete source comparison.
GAME.EXE	0x8002e954	actor_move_xz_with_collision			src/game/actor_behavior.c	src/game/actor_behavior.c	game.actor_behavior	image-specific	GAME gameplay/state implementation with no equivalent OPEN body in the complete source comparison.
GAME.EXE	0x8002ed00	actor_move_along_heading			src/game/actor_behavior.c	src/game/actor_behavior.c	game.actor_behavior	image-specific	GAME gameplay/state implementation with no equivalent OPEN body in the complete source comparison.
GAME.EXE	0x8002edd4	actor_spawn_action_effect			src/game/actor_behavior.c	src/game/actor_behavior.c	game.actor_behavior	image-specific	GAME gameplay/state implementation with no equivalent OPEN body in the complete source comparison.
GAME.EXE	0x8002f228	actor_prepare_charge_toward_player			src/game/actor_behavior.c	src/game/actor_behavior.c	game.actor_behavior	image-specific	GAME gameplay/state implementation with no equivalent OPEN body in the complete source comparison.
GAME.EXE	0x8002f31c	actor_apply_horizontal_movement			src/game/actor_behavior.c	src/game/actor_behavior.c	game.actor_behavior	image-specific	GAME gameplay/state implementation with no equivalent OPEN body in the complete source comparison.
GAME.EXE	0x8002f468	actor_update_effect_action			src/game/actor_behavior.c	src/game/actor_behavior.c	game.actor_behavior	image-specific	GAME gameplay/state implementation with no equivalent OPEN body in the complete source comparison.
GAME.EXE	0x8002f558	actor_apply_random_movement			src/game/actor_behavior.c	src/game/actor_behavior.c	game.actor_behavior	image-specific	GAME gameplay/state implementation with no equivalent OPEN body in the complete source comparison.
GAME.EXE	0x8002f8cc	actor_update_boss_death_sequence			src/game/actor_behavior.c	src/game/actor_behavior.c	game.actor_behavior	image-specific	GAME gameplay/state implementation with no equivalent OPEN body in the complete source comparison.
GAME.EXE	0x8002fa88	actor_update_current_action			src/game/actor_behavior.c	src/game/actor_behavior.c	game.actor_behavior	image-specific	GAME gameplay/state implementation with no equivalent OPEN body in the complete source comparison.
GAME.EXE	0x80030818	actor_pool_update			src/game/actor_pool.c	src/game/actor_pool.c	game.actor_pool	image-specific	GAME gameplay/state implementation with no equivalent OPEN body in the complete source comparison.
GAME.EXE	0x800308c0	actor_pool_load_placements			src/game/actor_pool.c	src/game/actor_pool.c	game.actor_pool	image-specific	GAME gameplay/state implementation with no equivalent OPEN body in the complete source comparison.
GAME.EXE	0x80030a6c	actor_definitions_load			src/game/actor_pool.c	src/game/actor_pool.c	game.actor_pool	image-specific	GAME gameplay/state implementation with no equivalent OPEN body in the complete source comparison.
GAME.EXE	0x80030a98	map_apply_copy_region			src/game/map_object_pool.c	src/game/map_object_pool.c	game.map_object_pool	image-specific	GAME gameplay/state implementation with no equivalent OPEN body in the complete source comparison.
GAME.EXE	0x80030c7c	map_object_mark_collision_edge			src/game/map_object_pool.c	src/game/map_object_pool.c	game.map_object_pool	image-specific	GAME gameplay/state implementation with no equivalent OPEN body in the complete source comparison.
GAME.EXE	0x80030eb8	map_object_probe_forward			src/game/map_object_pool.c	src/game/map_object_pool.c	game.map_object_pool	image-specific	GAME gameplay/state implementation with no equivalent OPEN body in the complete source comparison.
GAME.EXE	0x80030f7c	map_object_pool_clear	OPEN.EXE	opening_entity_pool_reset	src/game/map_object_pool.c	src/game/map_object_pool.c	game.map_object_pool	distinct-analogue	Different pool record layouts and lifetime/state reset contracts.
GAME.EXE	0x80030fdc	map_object_definitions_load			src/game/map_object_pool.c	src/game/map_object_pool.c	game.map_object_pool	image-specific	GAME gameplay/state implementation with no equivalent OPEN body in the complete source comparison.
GAME.EXE	0x80031008	map_object_pool_load	OPEN.EXE	opening_entity_pool_load_placements	src/game/map_object_pool.c	src/game/map_object_pool.c	game.map_object_pool	distinct-analogue	Different placement record consumers and entity lifetime initialization.
GAME.EXE	0x80031450	map_object_distance_to_point			src/game/map_object_pool.c	src/game/map_object_pool.c	game.map_object_pool	image-specific	GAME gameplay/state implementation with no equivalent OPEN body in the complete source comparison.
GAME.EXE	0x800314f8	map_object_pool_find_near_point			src/game/map_object_pool.c	src/game/map_object_pool.c	game.map_object_pool	image-specific	GAME gameplay/state implementation with no equivalent OPEN body in the complete source comparison.
GAME.EXE	0x800315c4	map_object_pool_find_interaction_from			src/game/map_object.c	src/game/map_object.c	game.map_object	image-specific	GAME gameplay/state implementation with no equivalent OPEN body in the complete source comparison.
GAME.EXE	0x80031784	map_object_start_action_if_idle			src/game/map_object.c	src/game/map_object.c	game.map_object	image-specific	GAME gameplay/state implementation with no equivalent OPEN body in the complete source comparison.
GAME.EXE	0x800317a4	map_object_effect_pool_acquire			src/game/map_object.c	src/game/map_object.c	game.map_object	image-specific	GAME gameplay/state implementation with no equivalent OPEN body in the complete source comparison.
GAME.EXE	0x80031834	map_object_spawn_effect			src/game/map_object.c	src/game/map_object.c	game.map_object	image-specific	GAME gameplay/state implementation with no equivalent OPEN body in the complete source comparison.
GAME.EXE	0x800319c8	map_object_spawn_actor_debris			src/game/map_object.c	src/game/map_object.c	game.map_object	image-specific	GAME gameplay/state implementation with no equivalent OPEN body in the complete source comparison.
GAME.EXE	0x80031b54	map_object_pool_trigger_link			src/game/map_object.c	src/game/map_object.c	game.map_object	image-specific	GAME gameplay/state implementation with no equivalent OPEN body in the complete source comparison.
GAME.EXE	0x80031c44	map_object_pool_clear_link			src/game/map_object.c	src/game/map_object.c	game.map_object	image-specific	GAME gameplay/state implementation with no equivalent OPEN body in the complete source comparison.
GAME.EXE	0x80031cc8	map_object_pool_update			src/game/map_object.c	src/game/map_object.c	game.map_object	image-specific	GAME gameplay/state implementation with no equivalent OPEN body in the complete source comparison.
GAME.EXE	0x800328e0	audio_initialize	OPEN.EXE	audio_initialize	src/game/audio.c	src/game/audio.c	game.audio	distinct-behavior	Different reverb, volumes, buffer allocation, and initialized state.
GAME.EXE	0x80032984	audio_load_vab	OPEN.EXE	audio_load_vab	src/game/audio.c	src/game/audio.c	game.audio	distinct-behavior	Different fade/stop/error handling; OPEN waits 100 frames after loading.
GAME.EXE	0x80032a4c	audio_play_map_sequence	OPEN.EXE	audio_play_sequence_file	src/game/audio.c	src/game/audio.c	game.audio	distinct-analogue	OPEN takes a sequence asset directly; GAME chooses and manages map audio state.
GAME.EXE	0x80032b5c	audio_stop_sequence_fade			src/game/audio.c	src/game/audio.c	game.audio	image-specific	GAME gameplay/state implementation with no equivalent OPEN body in the complete source comparison.
GAME.EXE	0x80032bdc	audio_stop_sequence_master_fade	OPEN.EXE	audio_stop_sequence	src/game/audio.c	src/game/audio.c	game.audio	distinct-analogue	Related fade loop but different volume/state and sequence lifecycle.
GAME.EXE	0x80032c78	audio_shutdown	OPEN.EXE	audio_shutdown	src/game/audio.c	src/shared/audio_shutdown.inc	game.audio	consolidated	One implementation with per-image bindings; original TU, profile, data owners, and instruction behavior retained.
GAME.EXE	0x80032cb0	audio_close_vab	OPEN.EXE	audio_close_vab	src/game/audio.c	src/game/audio.c	game.audio	distinct-behavior	OPEN checks for a loaded bank; GAME closes unconditionally.
GAME.EXE	0x80032cf0	audio_play_spatial	OPEN.EXE	audio_play_spatial	src/game/audio.c	src/game/audio.c	game.audio	distinct-behavior	Different attenuation, pan, clamp, and tone-selection behavior.
GAME.EXE	0x80032fb8	audio_play_spatial_default_range	OPEN.EXE	audio_play_spatial_default_range	src/game/audio.c	src/shared/audio_spatial_helpers.inc	game.audio	consolidated	One implementation with per-image bindings; original TU, profile, data owners, and instruction behavior retained.
GAME.EXE	0x80032fe8	audio_play_spatial_range	OPEN.EXE	audio_play_spatial_range	src/game/audio.c	src/shared/audio_spatial_helpers.inc	game.audio	consolidated	One implementation with per-image bindings; original TU, profile, data owners, and instruction behavior retained.
GAME.EXE	0x80033014	sound_ref_key_off_bank0	OPEN.EXE	sound_ref_key_off_bank0	src/game/audio.c	src/shared/audio_spatial_helpers.inc	game.audio	consolidated	One implementation with per-image bindings; original TU, profile, data owners, and instruction behavior retained.
GAME.EXE	0x8003303c	audio_set_listener_transform	OPEN.EXE	audio_set_listener_transform	src/game/audio.c	src/shared/audio_spatial_helpers.inc	game.audio	consolidated	One implementation with per-image bindings; original TU, profile, data owners, and instruction behavior retained.
GAME.EXE	0x800330ac	sound_ref_play	OPEN.EXE	sound_ref_play	src/game/audio.c	src/shared/sound_ref.inc	game.audio	consolidated	One implementation with per-image bindings; original TU, profile, data owners, and instruction behavior retained.
GAME.EXE	0x800330f4	audio_play_voice	OPEN.EXE	audio_play_voice	src/game/audio.c	src/game/audio.c	game.audio	distinct-behavior	GAME checks the player audio-effects enable gate; OPEN has no such gate.
GAME.EXE	0x8003329c	angle_shortest_delta	OPEN.EXE	angle_shortest_delta	src/game/audio.c	src/shared/angle_shortest_delta.inc	game.audio	consolidated	One implementation with per-image bindings; original TU, profile, data owners, and instruction behavior retained.
GAME.EXE	0x800332e4	camera_path_compute_segment	OPEN.EXE	opening_camera_path_compute_segment	src/game/camera_path.c	src/game/camera_path.c	game.camera_path	distinct-analogue	OPEN advances the index before selecting its point; GAME selects then advances. State ownership and signatures differ.
GAME.EXE	0x800335c0	camera_path_begin	OPEN.EXE	opening_camera_path_begin	src/game/camera_path.c	src/game/camera_path.c	game.camera_path	distinct-analogue	OPEN starts from the authored first point; GAME starts from the player camera.
GAME.EXE	0x80033680	camera_path_step	OPEN.EXE	opening_camera_path_step	src/game/camera_path.c	src/game/camera_path.c	game.camera_path	distinct-analogue	Different camera-path state owners and segment callees; common advance/publish operations already live in game_map.h.
GAME.EXE	0x8003379c	map_event_set_current			src/game/map_event.c	src/game/map_event.c	game.map_event	image-specific	GAME gameplay/state implementation with no equivalent OPEN body in the complete source comparison.
GAME.EXE	0x800337ac	map_event_refresh_dialogue_stage			src/game/map_event.c	src/game/map_event.c	game.map_event	image-specific	GAME gameplay/state implementation with no equivalent OPEN body in the complete source comparison.
GAME.EXE	0x80033820	map_event_advance_animation_blocking			src/game/map_event.c	src/game/map_event.c	game.map_event	image-specific	GAME gameplay/state implementation with no equivalent OPEN body in the complete source comparison.
GAME.EXE	0x800338b8	map_event_pool_load			src/game/map_event.c	src/game/map_event.c	game.map_event	image-specific	GAME gameplay/state implementation with no equivalent OPEN body in the complete source comparison.
GAME.EXE	0x80033ae4	map_event_distance_to_point			src/game/map_event.c	src/game/map_event.c	game.map_event	image-specific	GAME gameplay/state implementation with no equivalent OPEN body in the complete source comparison.
GAME.EXE	0x80033b8c	map_event_pool_find_target_in_cone			src/game/map_event.c	src/game/map_event.c	game.map_event	image-specific	GAME gameplay/state implementation with no equivalent OPEN body in the complete source comparison.
GAME.EXE	0x80033cd0	map_event_pool_find_overlap			src/game/map_event.c	src/game/map_event.c	game.map_event	image-specific	GAME gameplay/state implementation with no equivalent OPEN body in the complete source comparison.
GAME.EXE	0x80033d80	lighting_transition_color_matrix			src/game/lighting.c	src/game/lighting.c	game.lighting	image-specific	GAME gameplay/state implementation with no equivalent OPEN body in the complete source comparison.
GAME.EXE	0x80033de8	color_matrix_set_rgb			src/game/lighting.c	src/game/lighting.c	game.lighting	image-specific	GAME gameplay/state implementation with no equivalent OPEN body in the complete source comparison.
GAME.EXE	0x80033e10	player_restore_vitals_with_color_cycle			src/game/lighting.c	src/game/lighting.c	game.lighting	image-specific	GAME gameplay/state implementation with no equivalent OPEN body in the complete source comparison.
GAME.EXE	0x80033ee4	actor_pool_find_at_tile			src/game/map_scripts.c	src/game/map_scripts.c	game.map_scripts	image-specific	GAME gameplay/state implementation with no equivalent OPEN body in the complete source comparison.
GAME.EXE	0x80033f64	map_ambient_script_floor1			src/game/map_scripts.c	src/game/map_scripts.c	game.map_scripts	image-specific	GAME gameplay/state implementation with no equivalent OPEN body in the complete source comparison.
GAME.EXE	0x800341ec	map_ambient_script_floor2			src/game/map_scripts.c	src/game/map_scripts.c	game.map_scripts	image-specific	GAME gameplay/state implementation with no equivalent OPEN body in the complete source comparison.
GAME.EXE	0x8003425c	map_ambient_script_floor3			src/game/map_scripts.c	src/game/map_scripts.c	game.map_scripts	image-specific	GAME gameplay/state implementation with no equivalent OPEN body in the complete source comparison.
GAME.EXE	0x800342e4	map_ambient_script_floor4			src/game/map_scripts.c	src/game/map_scripts.c	game.map_scripts	image-specific	GAME gameplay/state implementation with no equivalent OPEN body in the complete source comparison.
GAME.EXE	0x800342ec	map_ambient_script_floor5			src/game/map_scripts.c	src/game/map_scripts.c	game.map_scripts	image-specific	GAME gameplay/state implementation with no equivalent OPEN body in the complete source comparison.
GAME.EXE	0x800343e0	map_action_script_floor1			src/game/map_scripts.c	src/game/map_scripts.c	game.map_scripts	image-specific	GAME gameplay/state implementation with no equivalent OPEN body in the complete source comparison.
GAME.EXE	0x80034438	map_reveal_fade			src/game/map_scripts.c	src/game/map_scripts.c	game.map_scripts	image-specific	GAME gameplay/state implementation with no equivalent OPEN body in the complete source comparison.
GAME.EXE	0x800345bc	map_action_script_floor2			src/game/map_scripts.c	src/game/map_scripts.c	game.map_scripts	image-specific	GAME gameplay/state implementation with no equivalent OPEN body in the complete source comparison.
GAME.EXE	0x80034610	map_action_script_floor3			src/game/map_scripts.c	src/game/map_scripts.c	game.map_scripts	image-specific	GAME gameplay/state implementation with no equivalent OPEN body in the complete source comparison.
GAME.EXE	0x800346a0	map_action_script_floor4			src/game/map_scripts.c	src/game/map_scripts.c	game.map_scripts	image-specific	GAME gameplay/state implementation with no equivalent OPEN body in the complete source comparison.
GAME.EXE	0x800346a8	map_floor5_transition_cutscene			src/game/map_scripts.c	src/game/map_scripts.c	game.map_scripts	image-specific	GAME gameplay/state implementation with no equivalent OPEN body in the complete source comparison.
GAME.EXE	0x80034a34	map_action_script_floor5			src/game/map_scripts.c	src/game/map_scripts.c	game.map_scripts	image-specific	GAME gameplay/state implementation with no equivalent OPEN body in the complete source comparison.
GAME.EXE	0x80034a80	map_event_interact			src/game/map_scripts.c	src/game/map_scripts.c	game.map_scripts	image-specific	GAME gameplay/state implementation with no equivalent OPEN body in the complete source comparison.
GAME.EXE	0x80034d54	map_show_screen_image			src/game/map_scripts.c	src/game/map_scripts.c	game.map_scripts	image-specific	GAME gameplay/state implementation with no equivalent OPEN body in the complete source comparison.
GAME.EXE	0x80034de4	map_interaction_dispatch			src/game/map_scripts.c	src/game/map_scripts.c	game.map_scripts	image-specific	GAME gameplay/state implementation with no equivalent OPEN body in the complete source comparison.
GAME.EXE	0x800356e8	map_event_timers_reset			src/game/map_events.c	src/game/map_events.c	game.map_events	image-specific	GAME gameplay/state implementation with no equivalent OPEN body in the complete source comparison.
GAME.EXE	0x80035708	map_event_update_wander			src/game/map_events.c	src/game/map_events.c	game.map_events	image-specific	GAME gameplay/state implementation with no equivalent OPEN body in the complete source comparison.
GAME.EXE	0x800358e0	map_event_update_animation_loop			src/game/map_events.c	src/game/map_events.c	game.map_events	image-specific	GAME gameplay/state implementation with no equivalent OPEN body in the complete source comparison.
GAME.EXE	0x8003596c	map_event_pool_update			src/game/map_events.c	src/game/map_events.c	game.map_events	image-specific	GAME gameplay/state implementation with no equivalent OPEN body in the complete source comparison.
GAME.EXE	0x80035b5c	map_world_state_persist			src/game/map_events.c	src/game/map_events.c	game.map_events	image-specific	GAME gameplay/state implementation with no equivalent OPEN body in the complete source comparison.
GAME.EXE	0x80035e14	map_unload_floor			src/game/map_events.c	src/game/map_events.c	game.map_events	image-specific	GAME gameplay/state implementation with no equivalent OPEN body in the complete source comparison.
GAME.EXE	0x80035e44	map_restore_floor_state			src/game/map_load.c	src/game/map_load.c	game.map_load	image-specific	GAME gameplay/state implementation with no equivalent OPEN body in the complete source comparison.
GAME.EXE	0x800364e0	map_refresh_dialogue_stages			src/game/map_load.c	src/game/map_load.c	game.map_load	image-specific	GAME gameplay/state implementation with no equivalent OPEN body in the complete source comparison.
GAME.EXE	0x80036554	map_load_floor			src/game/map_load.c	src/game/map_load.c	game.map_load	image-specific	GAME gameplay/state implementation with no equivalent OPEN body in the complete source comparison.
GAME.EXE	0x800365f8	map_load_floor_wrapper			src/game/map_load.c	src/game/map_load.c	game.map_load	image-specific	GAME gameplay/state implementation with no equivalent OPEN body in the complete source comparison.
GAME.EXE	0x80036618	player_warp_shimmer			src/game/player_warp.c	src/game/player_warp.c	game.player_warp	image-specific	GAME gameplay/state implementation with no equivalent OPEN body in the complete source comparison.
GAME.EXE	0x80036850	player_warp_change_floor			src/game/player_warp.c	src/game/player_warp.c	game.player_warp	image-specific	GAME gameplay/state implementation with no equivalent OPEN body in the complete source comparison.
GAME.EXE	0x800369ac	player_warp_same_floor			src/game/player_warp.c	src/game/player_warp.c	game.player_warp	image-specific	GAME gameplay/state implementation with no equivalent OPEN body in the complete source comparison.
GAME.EXE	0x80036af0	player_warp_trigger_update			src/game/player_warp.c	src/game/player_warp.c	game.player_warp	image-specific	GAME gameplay/state implementation with no equivalent OPEN body in the complete source comparison.
GAME.EXE	0x80036d3c	actor_transform_definition5_to6			src/game/player_warp.c	src/game/player_warp.c	game.player_warp	image-specific	GAME gameplay/state implementation with no equivalent OPEN body in the complete source comparison.
GAME.EXE	0x80036e30	func_80036e30			src/game/menu_enter_mode.c	src/game/menu_enter_mode.c	game.menu_enter_mode	image-specific	GAME gameplay/state implementation with no equivalent OPEN body in the complete source comparison.
GAME.EXE	0x80036e38	menu_enter_mode			src/game/menu_enter_mode.c	src/game/menu_enter_mode.c	game.menu_enter_mode	image-specific	GAME gameplay/state implementation with no equivalent OPEN body in the complete source comparison.
GAME.EXE	0x80036f00	effect_pool_find_free			src/game/effect_pool.c	src/game/effect_pool.c	game.effect_pool	image-specific	GAME gameplay/state implementation with no equivalent OPEN body in the complete source comparison.
GAME.EXE	0x80036f44	effect_pool_construct			src/game/effect_pool.c	src/game/effect_pool.c	game.effect_pool	image-specific	GAME gameplay/state implementation with no equivalent OPEN body in the complete source comparison.
GAME.EXE	0x80037770	effect_pool_spawn_typed			src/game/effect_pool.c	src/game/effect_pool.c	game.effect_pool	image-specific	GAME gameplay/state implementation with no equivalent OPEN body in the complete source comparison.
GAME.EXE	0x8003781c	effect_pool_set_current			src/game/effect_pool.c	src/game/effect_pool.c	game.effect_pool	image-specific	GAME gameplay/state implementation with no equivalent OPEN body in the complete source comparison.
GAME.EXE	0x80037850	effect_map_collision			src/game/effect_map_collision.c	src/game/effect_map_collision.c	game.effect_map_collision	image-specific	GAME gameplay/state implementation with no equivalent OPEN body in the complete source comparison.
GAME.EXE	0x80037fbc	effect_magic_power			src/game/effect_update.c	src/game/effect_update.c	game.effect_update	image-specific	GAME gameplay/state implementation with no equivalent OPEN body in the complete source comparison.
GAME.EXE	0x80037fe0	effect_projectile_update_3d			src/game/effect_update.c	src/game/effect_update.c	game.effect_update	image-specific	GAME gameplay/state implementation with no equivalent OPEN body in the complete source comparison.
GAME.EXE	0x80038298	effect_projectile_update_2d			src/game/effect_update.c	src/game/effect_update.c	game.effect_update	image-specific	GAME gameplay/state implementation with no equivalent OPEN body in the complete source comparison.
GAME.EXE	0x800384f8	effect_floor_deform_line			src/game/effect_update.c	src/game/effect_update.c	game.effect_update	image-specific	GAME gameplay/state implementation with no equivalent OPEN body in the complete source comparison.
GAME.EXE	0x800386c4	effect_scatter_triple			src/game/effect_update.c	src/game/effect_update.c	game.effect_update	image-specific	GAME gameplay/state implementation with no equivalent OPEN body in the complete source comparison.
GAME.EXE	0x8003872c	effect_rotate_scale_offset_y			src/game/effect_update.c	src/game/effect_update.c	game.effect_update	image-specific	GAME gameplay/state implementation with no equivalent OPEN body in the complete source comparison.
GAME.EXE	0x800387bc	effect_spawn_ground_trail			src/game/effect_update.c	src/game/effect_update.c	game.effect_update	image-specific	GAME gameplay/state implementation with no equivalent OPEN body in the complete source comparison.
GAME.EXE	0x800388b4	effect_spawn_ground_branch			src/game/effect_update.c	src/game/effect_update.c	game.effect_update	image-specific	GAME gameplay/state implementation with no equivalent OPEN body in the complete source comparison.
GAME.EXE	0x80038a38	effect_update_dispatch			src/game/effect_dispatch.c	src/game/effect_dispatch.c	game.effect_dispatch	image-specific	GAME gameplay/state implementation with no equivalent OPEN body in the complete source comparison.
GAME.EXE	0x8003a244	effect_pool_reset			src/game/magic.c	src/game/magic.c	game.magic	image-specific	GAME gameplay/state implementation with no equivalent OPEN body in the complete source comparison.
GAME.EXE	0x8003a274	magic_load_records			src/game/magic.c	src/game/magic.c	game.magic	image-specific	GAME gameplay/state implementation with no equivalent OPEN body in the complete source comparison.
GAME.EXE	0x8003a2a0	magic_cast			src/game/magic.c	src/game/magic.c	game.magic	image-specific	GAME gameplay/state implementation with no equivalent OPEN body in the complete source comparison.
GAME.EXE	0x8003a760	effect_pool_sweep			src/game/magic.c	src/game/magic.c	game.magic	image-specific	GAME gameplay/state implementation with no equivalent OPEN body in the complete source comparison.
GAME.EXE	0x8003a7dc	debug_stop			src/game/debug_text.c	src/game/debug_text.c	game.debug_text	image-specific	GAME gameplay/state implementation with no equivalent OPEN body in the complete source comparison.
GAME.EXE	0x8003a81c	format_int_dec	OPEN.EXE	format_int_dec	src/game/debug_text.c	src/shared/format.inc	game.debug_text	consolidated	One implementation with per-image bindings; original TU, profile, data owners, and instruction behavior retained.
GAME.EXE	0x8003a8fc	format_int_hex	OPEN.EXE	format_int_hex	src/game/debug_text.c	src/shared/format.inc	game.debug_text	consolidated	One implementation with per-image bindings; original TU, profile, data owners, and instruction behavior retained.
GAME.EXE	0x8003a988	format_pad_left	OPEN.EXE	format_pad_left	src/game/debug_text.c	src/shared/format.inc	game.debug_text	consolidated	One implementation with per-image bindings; original TU, profile, data owners, and instruction behavior retained.
GAME.EXE	0x8003a9f4	format_vsprintf	OPEN.EXE	format_vsprintf	src/game/debug_text.c	src/shared/format.inc	game.debug_text	consolidated	One implementation with per-image bindings; original TU, profile, data owners, and instruction behavior retained.
GAME.EXE	0x8003ac34	debug_printf_sink	OPEN.EXE	debug_printf_sink	src/game/debug_text.c	src/shared/debug_sink.inc	game.debug_text	consolidated	One implementation with per-image bindings; original TU, profile, data owners, and instruction behavior retained.
GAME.EXE	0x8003ac4c	func_8003ac4c			src/game/debug_text.c	src/game/debug_text.c	game.debug_text	image-specific	GAME gameplay/state implementation with no equivalent OPEN body in the complete source comparison.
OPEN.EXE	0x80013734	repeat_store_word	GAME.EXE	repeat_store_word	src/open/main.c	src/shared/repeat_store_word.inc	open.main	consolidated	One implementation with per-image bindings; original TU, profile, data owners, and instruction behavior retained.
OPEN.EXE	0x80013758	main	GAME.EXE	main	src/open/main.c	src/open/main.c	open.main	distinct-behavior	Different initialization sequence, entry contract, and next-overlay result.
OPEN.EXE	0x800137c4	opening_render_frame			src/open/opening_render.c	src/open/opening_render.c	open.opening_render	image-specific	OPEN scene/controller/resource implementation with no equivalent GAME body in the complete source comparison.
OPEN.EXE	0x80013804	sprite_add_g4			src/open/opening_render.c	src/open/opening_render.c	open.opening_render	image-specific	Ending gradient helper fixes the ordering-table depth to the ending scene layer; retained with its scene owner.
OPEN.EXE	0x8001399c	sprite_add_ft4	GAME.EXE	sprite_add_ft4	src/open/sprite_add_ft4.c	src/shared/sprite_add_ft4.inc	open.sprite_add_ft4	consolidated	One implementation with per-image bindings; original TU, profile, data owners, and instruction behavior retained.
OPEN.EXE	0x80013b5c	sprite_add_f4			src/open/sprite_add_ft4.c	src/shared/sprite_add_f4.inc	open.sprite_add_ft4	shared-single-image	Reusable math, color, projection, sprite, or diagnostic helper; absence from the other linked image does not imply image-specific ownership.
OPEN.EXE	0x80013c70	opening_poll_input			src/open/opening_helpers.c	src/open/opening_helpers.c	open.opening_helpers	image-specific	OPEN scene/controller/resource implementation with no equivalent GAME body in the complete source comparison.
OPEN.EXE	0x80013cac	angle_shortest_delta	GAME.EXE	angle_shortest_delta	src/open/opening_helpers.c	src/shared/angle_shortest_delta.inc	open.opening_helpers	consolidated	One implementation with per-image bindings; original TU, profile, data owners, and instruction behavior retained.
OPEN.EXE	0x80013cf4	opening_camera_path_compute_segment	GAME.EXE	camera_path_compute_segment	src/open/camera_path.c	src/open/camera_path.c	open.camera_path	distinct-analogue	OPEN advances the index before selecting its point; GAME selects then advances. State ownership and signatures differ.
OPEN.EXE	0x80014004	opening_camera_path_begin	GAME.EXE	camera_path_begin	src/open/camera_path.c	src/open/camera_path.c	open.camera_path	distinct-analogue	OPEN starts from the authored first point; GAME starts from the player camera.
OPEN.EXE	0x80014100	opening_camera_path_step	GAME.EXE	camera_path_step	src/open/camera_path.c	src/open/camera_path.c	open.camera_path	distinct-analogue	Different camera-path state owners and segment callees; common advance/publish operations already live in game_map.h.
OPEN.EXE	0x80014268	opening_scene0_run			src/open/opening_scenes.c	src/open/opening_scenes.c	open.opening_scenes	image-specific	OPEN scene/controller/resource implementation with no equivalent GAME body in the complete source comparison.
OPEN.EXE	0x800143dc	opening_scene1_draw_fade			src/open/opening_scenes.c	src/open/opening_scenes.c	open.opening_scenes	image-specific	OPEN scene/controller/resource implementation with no equivalent GAME body in the complete source comparison.
OPEN.EXE	0x8001455c	opening_scene1_run			src/open/opening_scenes.c	src/open/opening_scenes.c	open.opening_scenes	image-specific	OPEN scene/controller/resource implementation with no equivalent GAME body in the complete source comparison.
OPEN.EXE	0x80014608	opening_cylinder_transition			src/open/opening_scenes.c	src/open/opening_scenes.c	open.opening_scenes	image-specific	OPEN scene/controller/resource implementation with no equivalent GAME body in the complete source comparison.
OPEN.EXE	0x80014804	opening_scene3_run			src/open/opening_scenes.c	src/open/opening_scenes.c	open.opening_scenes	image-specific	OPEN scene/controller/resource implementation with no equivalent GAME body in the complete source comparison.
OPEN.EXE	0x80014b34	opening_ending_scene_run			src/open/opening_scenes.c	src/open/opening_scenes.c	open.opening_scenes	image-specific	OPEN scene/controller/resource implementation with no equivalent GAME body in the complete source comparison.
OPEN.EXE	0x80014e28	opening_ending_scroll_run			src/open/opening_scenes.c	src/open/opening_scenes.c	open.opening_scenes	image-specific	OPEN scene/controller/resource implementation with no equivalent GAME body in the complete source comparison.
OPEN.EXE	0x800155c0	opening_fade_in	GAME.EXE	display_play_transition	src/open/opening_fade.c	src/open/opening_fade.c	open.opening_fade	distinct-analogue	Scene fade versus gameplay display transition with different frame rendering and state.
OPEN.EXE	0x800156bc	opening_run			src/open/opening_controller.c	src/open/opening_controller.c	open.opening_controller	image-specific	OPEN scene/controller/resource implementation with no equivalent GAME body in the complete source comparison.
OPEN.EXE	0x800158d0	matrix_set_rotation_x	GAME.EXE	matrix_set_rotation_x	src/open/matrix_rotation.c	src/shared/matrix_rotation.inc	open.matrix_rotation	consolidated	One implementation with per-image bindings; original TU, profile, data owners, and instruction behavior retained.
OPEN.EXE	0x80015940	matrix_set_rotation_y	GAME.EXE	matrix_set_rotation_y	src/open/matrix_rotation.c	src/shared/matrix_rotation.inc	open.matrix_rotation	consolidated	One implementation with per-image bindings; original TU, profile, data owners, and instruction behavior retained.
OPEN.EXE	0x800159b0	matrix_set_rotation_z	GAME.EXE	matrix_set_rotation_z	src/open/matrix_rotation.c	src/shared/matrix_rotation.inc	open.matrix_rotation	consolidated	One implementation with per-image bindings; original TU, profile, data owners, and instruction behavior retained.
OPEN.EXE	0x80015a20	matrix_set_rotation_yxz	GAME.EXE	matrix_set_rotation_yxz	src/open/matrix_rotation.c	src/shared/matrix_rotation.inc	open.matrix_rotation	consolidated	One implementation with per-image bindings; original TU, profile, data owners, and instruction behavior retained.
OPEN.EXE	0x80015a88	debug_dump_matrix			src/open/matrix_rotation.c	src/shared/debug_matrix.inc	open.matrix_rotation	shared-single-image	Reusable math, color, projection, sprite, or diagnostic helper; absence from the other linked image does not imply image-specific ownership.
OPEN.EXE	0x80015b0c	pitch_yaw_to_forward_vector	GAME.EXE	pitch_yaw_to_forward_vector	src/open/matrix_rotation.c	src/shared/pitch_yaw_to_forward_vector.inc	open.matrix_rotation	consolidated	One implementation with per-image bindings; original TU, profile, data owners, and instruction behavior retained.
OPEN.EXE	0x80015be0	vector3s_scale_shift12	GAME.EXE	vector3s_scale_shift12	src/open/vector_math.c	src/shared/vector3s_scale_shift12.inc	open.vector_math	consolidated	One implementation with per-image bindings; original TU, profile, data owners, and instruction behavior retained.
OPEN.EXE	0x80015c3c	vector3s_scale_shift12_alt	GAME.EXE	vector3s_scale_shift12_alt	src/open/vector_math.c	src/shared/vector3s_scale_shift12_alt.inc	open.vector_math	consolidated	One implementation with per-image bindings; original TU, profile, data owners, and instruction behavior retained.
OPEN.EXE	0x80015c98	angle_within_tolerance	GAME.EXE	angle_within_tolerance	src/open/vector_math.c	src/shared/angle_within_tolerance.inc	open.vector_math	consolidated	One implementation with per-image bindings; original TU, profile, data owners, and instruction behavior retained.
OPEN.EXE	0x80015cd4	angle_mod_delta_le_half_turn	GAME.EXE	angle_mod_delta_le_half_turn	src/open/angle_mod_delta.c	src/shared/angle_mod_delta.inc	open.angle_mod_delta	consolidated	One implementation with per-image bindings; original TU, profile, data owners, and instruction behavior retained.
OPEN.EXE	0x80015ce4	vector_xz_to_angle	GAME.EXE	vector_xz_to_angle	src/open/vector_xz_to_angle.c	src/shared/vector_xz_to_angle.inc	open.vector_xz_to_angle	consolidated	One implementation with per-image bindings; original TU, profile, data owners, and instruction behavior retained.
OPEN.EXE	0x80015d94	fixed_vector2_length	GAME.EXE	fixed_vector2_length	src/open/fixed_vector2_length.c	src/shared/fixed_vector2_length.inc	open.fixed_vector2_length	consolidated	One implementation with per-image bindings; original TU, profile, data owners, and instruction behavior retained.
OPEN.EXE	0x80015dd4	memory_malloc_checked	GAME.EXE	memory_malloc_checked	src/game/memory.c	src/shared/memory.c	open.memory	already-shared	Existing common allocator implementation relocated from game to shared.
OPEN.EXE	0x80015e0c	memory_allocation_reset	GAME.EXE	memory_allocation_reset	src/game/memory.c	src/shared/memory.c	open.memory	already-shared	Existing common allocator implementation relocated from game to shared.
OPEN.EXE	0x80015e2c	memory_set_allocation_mode	GAME.EXE	memory_set_allocation_mode	src/game/memory.c	src/shared/memory.c	open.memory	already-shared	Existing common allocator implementation relocated from game to shared.
OPEN.EXE	0x80015ed4	memory_capture_system_heap_start	GAME.EXE	memory_capture_system_heap_start	src/game/memory.c	src/shared/memory.c	open.memory	already-shared	Existing common allocator implementation relocated from game to shared.
OPEN.EXE	0x80015ef4	memory_reset_system_heap	GAME.EXE	memory_reset_system_heap	src/game/memory.c	src/shared/memory.c	open.memory	already-shared	Existing common allocator implementation relocated from game to shared.
OPEN.EXE	0x80015f30	memory_allocate	GAME.EXE	memory_allocate	src/game/memory.c	src/shared/memory.c	open.memory	already-shared	Existing common allocator implementation relocated from game to shared.
OPEN.EXE	0x80015fb0	memory_release_last	GAME.EXE	memory_release_last	src/game/memory.c	src/shared/memory.c	open.memory	already-shared	Existing common allocator implementation relocated from game to shared.
OPEN.EXE	0x80016014	cd_file_load_allocated	GAME.EXE	cd_file_load_allocated	src/open/resources.c	src/open/resources.c	open.resources	distinct-behavior	GAME owns error-screen and loaded-status handling; OPEN retries/returns differently.
OPEN.EXE	0x8001615c	cd_file_load_into	GAME.EXE	cd_file_load_into	src/open/resources.c	src/open/resources.c	open.resources	distinct-behavior	GAME owns error-screen and loaded-status handling; OPEN retries/returns differently.
OPEN.EXE	0x80016298	tim_upload_images	GAME.EXE	tim_upload_images	src/open/resources.c	src/shared/tim_upload_images.inc	open.resources	consolidated	One implementation with per-image bindings; original TU, profile, data owners, and instruction behavior retained.
OPEN.EXE	0x80016318	resource_stream_copy_words	GAME.EXE	map_resource_copy_words	src/open/resources.c	src/shared/resource_copy_words.inc	open.resources	shared-body-distinct-signatures	One word-copy loop; retain GAME u32 and OPEN s32 counts and curated entry-point names.
OPEN.EXE	0x80016348	opening_resources_load_scene0	GAME.EXE	map_resources_load	src/open/resources.c	src/open/resources.c	open.resources	distinct-analogue	Different scene/map resource sets, grid ownership, and loading sequence.
OPEN.EXE	0x80016510	opening_resources_load_scene1			src/open/resources.c	src/open/resources.c	open.resources	image-specific	OPEN scene/controller/resource implementation with no equivalent GAME body in the complete source comparison.
OPEN.EXE	0x800165c4	opening_resources_load_scene3			src/open/resources.c	src/open/resources.c	open.resources	image-specific	OPEN scene/controller/resource implementation with no equivalent GAME body in the complete source comparison.
OPEN.EXE	0x800166b4	opening_resources_load_ending			src/open/resources.c	src/open/resources.c	open.resources	image-specific	OPEN scene/controller/resource implementation with no equivalent GAME body in the complete source comparison.
OPEN.EXE	0x800167e8	opening_resources_load_ending_entities			src/open/resources.c	src/open/resources.c	open.resources	image-specific	OPEN scene/controller/resource implementation with no equivalent GAME body in the complete source comparison.
OPEN.EXE	0x80016840	opening_resources_load_ending_sequence			src/open/resources.c	src/open/resources.c	open.resources	image-specific	OPEN scene/controller/resource implementation with no equivalent GAME body in the complete source comparison.
OPEN.EXE	0x800168dc	lighting_set_active_color_matrix	GAME.EXE	lighting_set_active_color_matrix	src/open/render_init.c	src/shared/lighting_color.inc	open.render_init	consolidated	One implementation with per-image bindings; original TU, profile, data owners, and instruction behavior retained.
OPEN.EXE	0x80016908	render_initialize	GAME.EXE	render_initialize	src/open/render_init.c	src/open/render_init.c	open.render_init	distinct-behavior	Different scene tables, buffer allocation, palette pools, and initialization extents.
OPEN.EXE	0x80016adc	display_initialize	GAME.EXE	display_initialize	src/open/render_init.c	src/open/render_init.c	open.render_init	distinct-behavior	OPEN has ending-mode reset/interlace/display-mask branches and a different signature.
OPEN.EXE	0x80016cb4	primitive_buffer_allocate			src/open/render_init.c	src/open/render_init.c	open.render_init	image-specific	OPEN-only checked allocator with its diagnostic infinite loop and allocation counter; GAME performs different inline checks.
OPEN.EXE	0x80016d38	display_begin_frame	GAME.EXE	display_begin_frame	src/open/render.c	src/shared/display_frame.inc	open.render	consolidated	One implementation with per-image bindings; original TU, profile, data owners, and instruction behavior retained.
OPEN.EXE	0x80016dd0	display_present_frame	GAME.EXE	display_present_frame	src/open/render.c	src/shared/display_frame.inc	open.render	consolidated	One implementation with per-image bindings; original TU, profile, data owners, and instruction behavior retained.
OPEN.EXE	0x80016e68	tmd_select	GAME.EXE	tmd_select	src/open/render.c	src/shared/tmd.inc	open.render	consolidated	One implementation with per-image bindings; original TU, profile, data owners, and instruction behavior retained.
OPEN.EXE	0x80016e94	tmd_get_object	GAME.EXE	tmd_get_object	src/open/render.c	src/shared/tmd.inc	open.render	consolidated	One implementation with per-image bindings; original TU, profile, data owners, and instruction behavior retained.
OPEN.EXE	0x80016eb8	tmd_set_current_vertices	GAME.EXE	tmd_set_current_vertices	src/open/render.c	src/shared/tmd.inc	open.render	consolidated	One implementation with per-image bindings; original TU, profile, data owners, and instruction behavior retained.
OPEN.EXE	0x80016ec8	tmd_select_object_vertices	GAME.EXE	tmd_select_object_vertices	src/open/render.c	src/shared/tmd.inc	open.render	consolidated	One implementation with per-image bindings; original TU, profile, data owners, and instruction behavior retained.
OPEN.EXE	0x80016f04	render_set_view_transform	GAME.EXE	render_set_view_transform	src/open/render.c	src/shared/tmd.inc	open.render	consolidated	One implementation with per-image bindings; original TU, profile, data owners, and instruction behavior retained.
OPEN.EXE	0x80017030	tmd_prepare_primitive_indices	GAME.EXE	tmd_prepare_primitive_indices	src/open/render.c	src/shared/tmd.inc	open.render	consolidated	One implementation with per-image bindings; original TU, profile, data owners, and instruction behavior retained.
OPEN.EXE	0x80017330	tmd_register	GAME.EXE	tmd_register	src/open/render.c	src/shared/tmd.inc	open.render	consolidated	One implementation with per-image bindings; original TU, profile, data owners, and instruction behavior retained.
OPEN.EXE	0x8001736c	tmd_release_last_allocation	GAME.EXE	tmd_release_last_allocation	src/open/render.c	src/shared/tmd.inc	open.render	consolidated	One implementation with per-image bindings; original TU, profile, data owners, and instruction behavior retained.
OPEN.EXE	0x8001738c	tmd_project_vertices	GAME.EXE	tmd_project_vertices	src/open/render.c	src/open/render.c	open.render	distinct-behavior	OPEN checks capacity and uses a runtime perspective shift; GAME uses a fixed shift.
OPEN.EXE	0x80017458	tmd_project_vertices_perspective_right			src/open/render.c	src/shared/tmd_perspective_right.inc	open.render	shared-single-image	Reusable math, color, projection, sprite, or diagnostic helper; absence from the other linked image does not imply image-specific ownership.
OPEN.EXE	0x800174fc	tmd_project_vertices_shift	GAME.EXE	tmd_project_vertices_shift	src/open/render.c	src/shared/tmd_transform.inc	open.render	consolidated	One implementation with per-image bindings; original TU, profile, data owners, and instruction behavior retained.
OPEN.EXE	0x800175a8	tmd_transform_vertices	GAME.EXE	tmd_transform_vertices	src/open/render.c	src/shared/tmd_transform.inc	open.render	consolidated	One implementation with per-image bindings; original TU, profile, data owners, and instruction behavior retained.
OPEN.EXE	0x8001764c	render_enqueue_tmd	GAME.EXE	render_enqueue_tmd	src/open/render_tmd.c	src/open/render_tmd.c	open.render_tmd	distinct-behavior	Different primitive allocation and polygon emission paths; preserve both bodies.
OPEN.EXE	0x80018344	render_enqueue_unlit_triangles			src/open/render_unlit.c	src/open/render_unlit.c	open.render_unlit	image-specific	OPEN unlit emission variant depends on its checked allocator and scene primitive policy.
OPEN.EXE	0x800185e8	render_enqueue_map	GAME.EXE	render_enqueue_map	src/open/render_map.c	src/open/render_map.c	open.render_map	distinct-behavior	Different primitive allocation and emission paths; preserve both bodies.
OPEN.EXE	0x800189a0	render_enqueue_sprite	GAME.EXE	render_enqueue_sprite	src/open/render_sprite.c	src/open/render_sprite.c	open.render_sprite	distinct-behavior	Different allocation failure path and material owners; preserve both bodies.
OPEN.EXE	0x80018bbc	render_map_cell	GAME.EXE	render_map_cell	src/open/render_map_cells.c	src/open/render_map_cells.c	open.render_map_cells	distinct-behavior	GAME applies illusion-staff mesh remapping; OPEN does not. Visibility parameter promotions also differ.
OPEN.EXE	0x80018d8c	opening_render_map_cells	GAME.EXE	render_map_cells	src/open/render_map_cells.c	src/open/render_map_cells.c	open.render_map_cells	distinct-analogue	OPEN selects an authored scene/yaw window; GAME supports gameplay window selection and a fixed window.
OPEN.EXE	0x80018ecc	opening_entity_render	GAME.EXE	render_map_object	src/open/entity_render.c	src/open/entity_render.c	open.entity_render	distinct-analogue	Different entity record types and scene/gameplay rendering decisions.
OPEN.EXE	0x800190f4	render_floor_item	GAME.EXE	render_floor_item	src/open/entity_render.c	src/shared/floor_item_render.inc	open.entity_render	consolidated	One implementation with per-image bindings; original TU, profile, data owners, and instruction behavior retained.
OPEN.EXE	0x80019240	opening_render_entities_and_items			src/open/entity_render.c	src/open/entity_render.c	open.entity_render	image-specific	OPEN scene/controller/resource implementation with no equivalent GAME body in the complete source comparison.
OPEN.EXE	0x800194d8	opening_scene0_render_frame			src/open/opening_scene0_render.c	src/open/opening_scene0_render.c	open.opening_scene0_render	image-specific	OPEN scene/controller/resource implementation with no equivalent GAME body in the complete source comparison.
OPEN.EXE	0x80019520	opening_render_entities			src/open/opening_render_entities.c	src/open/opening_render_entities.c	open.opening_render_entities	image-specific	OPEN scene/controller/resource implementation with no equivalent GAME body in the complete source comparison.
OPEN.EXE	0x80019598	matrix_interpolate	GAME.EXE	matrix_interpolate	src/shared/matrix_lerp.c	src/shared/matrix_lerp.c	open.matrix_lerp	already-shared	Existing common implementation retained.
OPEN.EXE	0x80019600	lighting_set_color_matrix	GAME.EXE	lighting_set_color_matrix	src/shared/matrix_lerp.c	src/shared/matrix_lerp.c	open.matrix_lerp	already-shared	Existing common implementation retained.
OPEN.EXE	0x8001962c	lighting_set_light_matrix	GAME.EXE	lighting_set_light_matrix	src/shared/matrix_lerp.c	src/shared/matrix_lerp.c	open.matrix_lerp	already-shared	Existing common implementation retained.
OPEN.EXE	0x80019658	fog_interpolate_near	GAME.EXE	fog_interpolate_near	src/open/matrix.c	src/shared/fog.inc	open.matrix	consolidated	One implementation with per-image bindings; original TU, profile, data owners, and instruction behavior retained.
OPEN.EXE	0x8001969c	fog_set_near	GAME.EXE	fog_set_near	src/open/matrix.c	src/shared/fog.inc	open.matrix	consolidated	One implementation with per-image bindings; original TU, profile, data owners, and instruction behavior retained.
OPEN.EXE	0x800196c4	color_lerp_cvector			src/open/matrix.c	src/shared/color_lerp_cvector.inc	open.matrix	shared-single-image	Reusable math, color, projection, sprite, or diagnostic helper; absence from the other linked image does not imply image-specific ownership.
OPEN.EXE	0x8001974c	color_lerp_rgb555	GAME.EXE	color_lerp_rgb555	src/open/matrix.c	src/shared/color_lerp_rgb555.inc	open.matrix	consolidated	One implementation with per-image bindings; original TU, profile, data owners, and instruction behavior retained.
OPEN.EXE	0x800197e4	item_load_floor_placements	GAME.EXE	item_load_floor_placements	src/open/item.c	src/shared/floor_item_load.inc	open.item	consolidated	One implementation with per-image bindings; original TU, profile, data owners, and instruction behavior retained.
OPEN.EXE	0x80019994	opening_entity_pool_reset	GAME.EXE	map_object_pool_clear	src/open/opening_entity_pool.c	src/open/opening_entity_pool.c	open.opening_entity_pool	distinct-analogue	Different pool record layouts and lifetime/state reset contracts.
OPEN.EXE	0x800199e0	opening_entity_find_by_object_id			src/open/opening_entity_pool.c	src/open/opening_entity_pool.c	open.opening_entity_pool	image-specific	OPEN scene/controller/resource implementation with no equivalent GAME body in the complete source comparison.
OPEN.EXE	0x80019a24	opening_entity_pool_load_placements	GAME.EXE	map_object_pool_load	src/open/opening_entity_pool.c	src/open/opening_entity_pool.c	open.opening_entity_pool	distinct-analogue	Different placement record consumers and entity lifetime initialization.
OPEN.EXE	0x80019ba4	audio_initialize	GAME.EXE	audio_initialize	src/open/audio.c	src/open/audio.c	open.audio	distinct-behavior	Different reverb, volumes, buffer allocation, and initialized state.
OPEN.EXE	0x80019c5c	audio_load_vab	GAME.EXE	audio_load_vab	src/open/audio.c	src/open/audio.c	open.audio	distinct-behavior	Different fade/stop/error handling; OPEN waits 100 frames after loading.
OPEN.EXE	0x80019d50	audio_play_sequence_file	GAME.EXE	audio_play_map_sequence	src/open/audio.c	src/open/audio.c	open.audio	distinct-analogue	OPEN takes a sequence asset directly; GAME chooses and manages map audio state.
OPEN.EXE	0x80019e24	audio_stop_sequence	GAME.EXE	audio_stop_sequence_master_fade	src/open/audio.c	src/open/audio.c	open.audio	distinct-analogue	Related fade loop but different volume/state and sequence lifecycle.
OPEN.EXE	0x80019ec0	audio_shutdown	GAME.EXE	audio_shutdown	src/open/audio.c	src/shared/audio_shutdown.inc	open.audio	consolidated	One implementation with per-image bindings; original TU, profile, data owners, and instruction behavior retained.
OPEN.EXE	0x80019ef8	audio_close_vab	GAME.EXE	audio_close_vab	src/open/audio.c	src/open/audio.c	open.audio	distinct-behavior	OPEN checks for a loaded bank; GAME closes unconditionally.
OPEN.EXE	0x80019f44	audio_play_spatial	GAME.EXE	audio_play_spatial	src/open/audio_spatial.c	src/open/audio_spatial.c	open.audio_spatial	distinct-behavior	Different attenuation, pan, clamp, and tone-selection behavior.
OPEN.EXE	0x8001a12c	audio_play_spatial_default_range	GAME.EXE	audio_play_spatial_default_range	src/open/audio_spatial.c	src/shared/audio_spatial_helpers.inc	open.audio_spatial	consolidated	One implementation with per-image bindings; original TU, profile, data owners, and instruction behavior retained.
OPEN.EXE	0x8001a15c	audio_play_spatial_range	GAME.EXE	audio_play_spatial_range	src/open/audio_spatial.c	src/shared/audio_spatial_helpers.inc	open.audio_spatial	consolidated	One implementation with per-image bindings; original TU, profile, data owners, and instruction behavior retained.
OPEN.EXE	0x8001a188	sound_ref_key_off_bank0	GAME.EXE	sound_ref_key_off_bank0	src/open/audio_spatial.c	src/shared/audio_spatial_helpers.inc	open.audio_spatial	consolidated	One implementation with per-image bindings; original TU, profile, data owners, and instruction behavior retained.
OPEN.EXE	0x8001a1b0	audio_set_listener_transform	GAME.EXE	audio_set_listener_transform	src/open/audio_spatial.c	src/shared/audio_spatial_helpers.inc	open.audio_spatial	consolidated	One implementation with per-image bindings; original TU, profile, data owners, and instruction behavior retained.
OPEN.EXE	0x8001a220	sound_ref_play	GAME.EXE	sound_ref_play	src/open/sound_ref.c	src/shared/sound_ref.inc	open.sound_ref	consolidated	One implementation with per-image bindings; original TU, profile, data owners, and instruction behavior retained.
OPEN.EXE	0x8001a268	audio_play_voice	GAME.EXE	audio_play_voice	src/open/audio_play_voice.c	src/open/audio_play_voice.c	open.audio_play_voice	distinct-behavior	GAME checks the player audio-effects enable gate; OPEN has no such gate.
OPEN.EXE	0x8001a3fc	format_int_dec	GAME.EXE	format_int_dec	src/open/format.c	src/shared/format.inc	open.format	consolidated	One implementation with per-image bindings; original TU, profile, data owners, and instruction behavior retained.
OPEN.EXE	0x8001a4dc	format_int_hex	GAME.EXE	format_int_hex	src/open/format.c	src/shared/format.inc	open.format	consolidated	One implementation with per-image bindings; original TU, profile, data owners, and instruction behavior retained.
OPEN.EXE	0x8001a568	format_pad_left	GAME.EXE	format_pad_left	src/open/format.c	src/shared/format.inc	open.format	consolidated	One implementation with per-image bindings; original TU, profile, data owners, and instruction behavior retained.
OPEN.EXE	0x8001a5d4	format_vsprintf	GAME.EXE	format_vsprintf	src/open/format.c	src/shared/format.inc	open.format	consolidated	One implementation with per-image bindings; original TU, profile, data owners, and instruction behavior retained.
OPEN.EXE	0x8001a814	debug_printf_sink	GAME.EXE	debug_printf_sink	src/open/debug.c	src/shared/debug_sink.inc	open.debug	consolidated	One implementation with per-image bindings; original TU, profile, data owners, and instruction behavior retained.
OPEN.EXE	0x8001a82c	display_adjust_vram_view			src/open/display_adjust.c	src/open/display_adjust.c	open.display_adjust	image-specific	OPEN display-adjustment/input loop; no equivalent GAME body.
